arm,n_sites,draw,fnr_budget,certified,tau,coverage,fnr_fresh,fnr_exceed,fnr_fresh_other,fnr_exceed_other,true_fnr_at_lowest_tau
shipped,208,0,0.4,False,,,,,,,0.456997
shipped,208,0,0.5,False,,,,,,,0.456997
shipped,208,0,0.55,False,,,,,,,0.456997
shipped,208,0,0.6,False,,,,,,,0.456997
positives,208,0,0.4,False,,,,,,,0.456669
positives,208,0,0.5,True,0.55,0.9858,0.456669,False,0.456997,False,0.456669
positives,208,0,0.55,True,0.55,0.9858,0.456669,False,0.456997,False,0.456669
positives,208,0,0.6,True,0.55,0.9858,0.456669,False,0.456997,False,0.456669
shipped,208,1,0.4,False,,,,,,,0.456922
shipped,208,1,0.5,False,,,,,,,0.456922
shipped,208,1,0.55,False,,,,,,,0.456922
shipped,208,1,0.6,False,,,,,,,0.456922
positives,208,1,0.4,False,,,,,,,0.454239
positives,208,1,0.5,False,,,,,,,0.454239
positives,208,1,0.55,True,0.55,0.9853,0.454239,False,0.456922,False,0.454239
positives,208,1,0.6,True,0.55,0.9853,0.454239,False,0.456922,False,0.454239
shipped,208,2,0.4,False,,,,,,,0.436699
shipped,208,2,0.5,False,,,,,,,0.436699
shipped,208,2,0.55,False,,,,,,,0.436699
shipped,208,2,0.6,False,,,,,,,0.436699
positives,208,2,0.4,False,,,,,,,0.43186
positives,208,2,0.5,True,0.55,0.9848,0.43186,False,0.436699,False,0.43186
positives,208,2,0.55,True,0.55,0.9848,0.43186,False,0.436699,False,0.43186
positives,208,2,0.6,True,0.55,0.9848,0.43186,False,0.436699,False,0.43186
shipped,208,3,0.4,False,,,,,,,0.451895
shipped,208,3,0.5,False,,,,,,,0.451895
shipped,208,3,0.55,False,,,,,,,0.451895
shipped,208,3,0.6,False,,,,,,,0.451895
positives,208,3,0.4,False,,,,,,,0.454824
positives,208,3,0.5,True,0.55,0.9853,0.454824,False,0.451895,False,0.454824
positives,208,3,0.55,True,0.55,0.9853,0.454824,False,0.451895,False,0.454824
positives,208,3,0.6,True,0.55,0.9853,0.454824,False,0.451895,False,0.454824
shipped,208,4,0.4,False,,,,,,,0.453797
shipped,208,4,0.5,False,,,,,,,0.453797
shipped,208,4,0.55,False,,,,,,,0.453797
shipped,208,4,0.6,False,,,,,,,0.453797
positives,208,4,0.4,False,,,,,,,0.455925
positives,208,4,0.5,True,0.55,0.9847,0.455925,False,0.453797,False,0.455925
positives,208,4,0.55,True,0.55,0.9847,0.455925,False,0.453797,False,0.455925
positives,208,4,0.6,True,0.55,0.9847,0.455925,False,0.453797,False,0.455925
shipped,208,5,0.4,False,,,,,,,0.447979
shipped,208,5,0.5,False,,,,,,,0.447979
shipped,208,5,0.55,False,,,,,,,0.447979
shipped,208,5,0.6,False,,,,,,,0.447979
positives,208,5,0.4,False,,,,,,,0.445366
positives,208,5,0.5,True,0.55,0.985,0.445366,False,0.447979,False,0.445366
positives,208,5,0.55,True,0.55,0.985,0.445366,False,0.447979,False,0.445366
positives,208,5,0.6,True,0.55,0.985,0.445366,False,0.447979,False,0.445366
shipped,208,6,0.4,False,,,,,,,0.460343
shipped,208,6,0.5,False,,,,,,,0.460343
shipped,208,6,0.55,False,,,,,,,0.460343
shipped,208,6,0.6,False,,,,,,,0.460343
positives,208,6,0.4,False,,,,,,,0.461574
positives,208,6,0.5,False,,,,,,,0.461574
positives,208,6,0.55,True,0.55,0.9853,0.461574,False,0.460343,False,0.461574
positives,208,6,0.6,True,0.55,0.9853,0.461574,False,0.460343,False,0.461574
shipped,208,7,0.4,False,,,,,,,0.447113
shipped,208,7,0.5,False,,,,,,,0.447113
shipped,208,7,0.55,False,,,,,,,0.447113
shipped,208,7,0.6,False,,,,,,,0.447113
positives,208,7,0.4,False,,,,,,,0.444414
positives,208,7,0.5,True,0.55,0.9844,0.444414,False,0.447113,False,0.444414
positives,208,7,0.55,True,0.55,0.9844,0.444414,False,0.447113,False,0.444414
positives,208,7,0.6,True,0.55,0.9844,0.444414,False,0.447113,False,0.444414
shipped,208,8,0.4,False,,,,,,,0.474406
shipped,208,8,0.5,False,,,,,,,0.474406
shipped,208,8,0.55,False,,,,,,,0.474406
shipped,208,8,0.6,False,,,,,,,0.474406
positives,208,8,0.4,False,,,,,,,0.476593
positives,208,8,0.5,True,0.57,0.9796,0.476345,False,0.47388,False,0.476593
positives,208,8,0.55,True,0.55,0.9854,0.476593,False,0.474406,False,0.476593
positives,208,8,0.6,True,0.55,0.9854,0.476593,False,0.474406,False,0.476593
shipped,208,9,0.4,False,,,,,,,0.455971
shipped,208,9,0.5,False,,,,,,,0.455971
shipped,208,9,0.55,False,,,,,,,0.455971
shipped,208,9,0.6,False,,,,,,,0.455971
positives,208,9,0.4,False,,,,,,,0.459561
positives,208,9,0.5,True,0.55,0.9861,0.459561,False,0.455971,False,0.459561
positives,208,9,0.55,True,0.55,0.9861,0.459561,False,0.455971,False,0.459561
positives,208,9,0.6,True,0.55,0.9861,0.459561,False,0.455971,False,0.459561
shipped,208,10,0.4,False,,,,,,,0.407441
shipped,208,10,0.5,False,,,,,,,0.407441
shipped,208,10,0.55,False,,,,,,,0.407441
shipped,208,10,0.6,True,0.55,0.984,0.407441,False,0.406718,False,0.407441
positives,208,10,0.4,False,,,,,,,0.406718
positives,208,10,0.5,True,0.55,0.984,0.406718,False,0.407441,False,0.406718
positives,208,10,0.55,True,0.55,0.984,0.406718,False,0.407441,False,0.406718
positives,208,10,0.6,True,0.55,0.984,0.406718,False,0.407441,False,0.406718
shipped,208,11,0.4,False,,,,,,,0.407835
shipped,208,11,0.5,False,,,,,,,0.407835
shipped,208,11,0.55,False,,,,,,,0.407835
shipped,208,11,0.6,True,0.55,0.9834,0.407835,False,0.402137,False,0.407835
positives,208,11,0.4,False,,,,,,,0.402137
positives,208,11,0.5,True,0.55,0.9834,0.402137,False,0.407835,False,0.402137
positives,208,11,0.55,True,0.55,0.9834,0.402137,False,0.407835,False,0.402137
positives,208,11,0.6,True,0.55,0.9834,0.402137,False,0.407835,False,0.402137
shipped,208,12,0.4,False,,,,,,,0.457623
shipped,208,12,0.5,False,,,,,,,0.457623
shipped,208,12,0.55,False,,,,,,,0.457623
shipped,208,12,0.6,False,,,,,,,0.457623
positives,208,12,0.4,False,,,,,,,0.458174
positives,208,12,0.5,True,0.55,0.9847,0.458174,False,0.457623,False,0.458174
positives,208,12,0.55,True,0.55,0.9847,0.458174,False,0.457623,False,0.458174
positives,208,12,0.6,True,0.55,0.9847,0.458174,False,0.457623,False,0.458174
shipped,208,13,0.4,False,,,,,,,0.464094
shipped,208,13,0.5,False,,,,,,,0.464094
shipped,208,13,0.55,False,,,,,,,0.464094
shipped,208,13,0.6,False,,,,,,,0.464094
positives,208,13,0.4,False,,,,,,,0.460664
positives,208,13,0.5,False,,,,,,,0.460664
positives,208,13,0.55,True,0.55,0.9859,0.460664,False,0.464094,False,0.460664
positives,208,13,0.6,True,0.55,0.9859,0.460664,False,0.464094,False,0.460664
shipped,208,14,0.4,False,,,,,,,0.454075
shipped,208,14,0.5,False,,,,,,,0.454075
shipped,208,14,0.55,False,,,,,,,0.454075
shipped,208,14,0.6,False,,,,,,,0.454075
positives,208,14,0.4,False,,,,,,,0.450992
positives,208,14,0.5,True,0.55,0.9849,0.450992,False,0.454075,False,0.450992
positives,208,14,0.55,True,0.55,0.9849,0.450992,False,0.454075,False,0.450992
positives,208,14,0.6,True,0.55,0.9849,0.450992,False,0.454075,False,0.450992
shipped,208,15,0.4,False,,,,,,,0.471008
shipped,208,15,0.5,False,,,,,,,0.471008
shipped,208,15,0.55,False,,,,,,,0.471008
shipped,208,15,0.6,False,,,,,,,0.471008
positives,208,15,0.4,False,,,,,,,0.471846
positives,208,15,0.5,True,0.55,0.9862,0.471846,False,0.471008,False,0.471846
positives,208,15,0.55,True,0.55,0.9862,0.471846,False,0.471008,False,0.471846
positives,208,15,0.6,True,0.55,0.9862,0.471846,False,0.471008,False,0.471846
shipped,208,16,0.4,False,,,,,,,0.432131
shipped,208,16,0.5,False,,,,,,,0.432131
shipped,208,16,0.55,False,,,,,,,0.432131
shipped,208,16,0.6,False,,,,,,,0.432131
positives,208,16,0.4,False,,,,,,,0.436525
positives,208,16,0.5,True,0.55,0.9847,0.436525,False,0.432131,False,0.436525
positives,208,16,0.55,True,0.55,0.9847,0.436525,False,0.432131,False,0.436525
positives,208,16,0.6,True,0.55,0.9847,0.436525,False,0.432131,False,0.436525
shipped,208,17,0.4,False,,,,,,,0.433752
shipped,208,17,0.5,False,,,,,,,0.433752
shipped,208,17,0.55,False,,,,,,,0.433752
shipped,208,17,0.6,False,,,,,,,0.433752
positives,208,17,0.4,False,,,,,,,0.436245
positives,208,17,0.5,True,0.55,0.9844,0.436245,False,0.433752,False,0.436245
positives,208,17,0.55,True,0.55,0.9844,0.436245,False,0.433752,False,0.436245
positives,208,17,0.6,True,0.55,0.9844,0.436245,False,0.433752,False,0.436245
shipped,208,18,0.4,False,,,,,,,0.449782
shipped,208,18,0.5,False,,,,,,,0.449782
shipped,208,18,0.55,False,,,,,,,0.449782
shipped,208,18,0.6,False,,,,,,,0.449782
positives,208,18,0.4,False,,,,,,,0.445887
positives,208,18,0.5,True,0.55,0.9848,0.445887,False,0.449782,False,0.445887
positives,208,18,0.55,True,0.55,0.9848,0.445887,False,0.449782,False,0.445887
positives,208,18,0.6,True,0.55,0.9848,0.445887,False,0.449782,False,0.445887
shipped,208,19,0.4,False,,,,,,,0.450484
shipped,208,19,0.5,False,,,,,,,0.450484
shipped,208,19,0.55,False,,,,,,,0.450484
shipped,208,19,0.6,False,,,,,,,0.450484
positives,208,19,0.4,False,,,,,,,0.450624
positives,208,19,0.5,True,0.57,0.9786,0.448249,False,0.44821,False,0.450624
positives,208,19,0.55,True,0.55,0.9849,0.450624,False,0.450484,False,0.450624
positives,208,19,0.6,True,0.55,0.9849,0.450624,False,0.450484,False,0.450624
shipped,208,20,0.4,False,,,,,,,0.447738
shipped,208,20,0.5,False,,,,,,,0.447738
shipped,208,20,0.55,False,,,,,,,0.447738
shipped,208,20,0.6,False,,,,,,,0.447738
positives,208,20,0.4,False,,,,,,,0.445564
positives,208,20,0.5,True,0.55,0.986,0.445564,False,0.447738,False,0.445564
positives,208,20,0.55,True,0.55,0.986,0.445564,False,0.447738,False,0.445564
positives,208,20,0.6,True,0.55,0.986,0.445564,False,0.447738,False,0.445564
shipped,208,21,0.4,False,,,,,,,0.468606
shipped,208,21,0.5,False,,,,,,,0.468606
shipped,208,21,0.55,False,,,,,,,0.468606
shipped,208,21,0.6,False,,,,,,,0.468606
positives,208,21,0.4,False,,,,,,,0.472279
positives,208,21,0.5,True,0.55,0.9856,0.472279,False,0.468606,False,0.472279
positives,208,21,0.55,True,0.55,0.9856,0.472279,False,0.468606,False,0.472279
positives,208,21,0.6,True,0.55,0.9856,0.472279,False,0.468606,False,0.472279
shipped,208,22,0.4,False,,,,,,,0.464121
shipped,208,22,0.5,False,,,,,,,0.464121
shipped,208,22,0.55,False,,,,,,,0.464121
shipped,208,22,0.6,False,,,,,,,0.464121
positives,208,22,0.4,False,,,,,,,0.46804
positives,208,22,0.5,True,0.55,0.9853,0.46804,False,0.464121,False,0.46804
positives,208,22,0.55,True,0.55,0.9853,0.46804,False,0.464121,False,0.46804
positives,208,22,0.6,True,0.55,0.9853,0.46804,False,0.464121,False,0.46804
shipped,208,23,0.4,False,,,,,,,0.433607
shipped,208,23,0.5,False,,,,,,,0.433607
shipped,208,23,0.55,False,,,,,,,0.433607
shipped,208,23,0.6,False,,,,,,,0.433607
positives,208,23,0.4,False,,,,,,,0.431852
positives,208,23,0.5,True,0.55,0.9847,0.431852,False,0.433607,False,0.431852
positives,208,23,0.55,True,0.55,0.9847,0.431852,False,0.433607,False,0.431852
positives,208,23,0.6,True,0.55,0.9847,0.431852,False,0.433607,False,0.431852
shipped,208,24,0.4,False,,,,,,,0.456355
shipped,208,24,0.5,False,,,,,,,0.456355
shipped,208,24,0.55,False,,,,,,,0.456355
shipped,208,24,0.6,False,,,,,,,0.456355
positives,208,24,0.4,False,,,,,,,0.454958
positives,208,24,0.5,True,0.55,0.9852,0.454958,False,0.456355,False,0.454958
positives,208,24,0.55,True,0.55,0.9852,0.454958,False,0.456355,False,0.454958
positives,208,24,0.6,True,0.55,0.9852,0.454958,False,0.456355,False,0.454958
shipped,208,25,0.4,False,,,,,,,0.439344
shipped,208,25,0.5,False,,,,,,,0.439344
shipped,208,25,0.55,False,,,,,,,0.439344
shipped,208,25,0.6,False,,,,,,,0.439344
positives,208,25,0.4,False,,,,,,,0.435705
positives,208,25,0.5,True,0.55,0.9843,0.435705,False,0.439344,False,0.435705
positives,208,25,0.55,True,0.55,0.9843,0.435705,False,0.439344,False,0.435705
positives,208,25,0.6,True,0.55,0.9843,0.435705,False,0.439344,False,0.435705
shipped,208,26,0.4,False,,,,,,,0.44153
shipped,208,26,0.5,False,,,,,,,0.44153
shipped,208,26,0.55,False,,,,,,,0.44153
shipped,208,26,0.6,False,,,,,,,0.44153
positives,208,26,0.4,False,,,,,,,0.439613
positives,208,26,0.5,True,0.57,0.9782,0.438955,False,0.440462,False,0.439613
positives,208,26,0.55,True,0.55,0.9845,0.439613,False,0.44153,False,0.439613
positives,208,26,0.6,True,0.55,0.9845,0.439613,False,0.44153,False,0.439613
shipped,208,27,0.4,False,,,,,,,0.427787
shipped,208,27,0.5,False,,,,,,,0.427787
shipped,208,27,0.55,False,,,,,,,0.427787
shipped,208,27,0.6,False,,,,,,,0.427787
positives,208,27,0.4,False,,,,,,,0.420409
positives,208,27,0.5,True,0.55,0.9846,0.420409,False,0.427787,False,0.420409
positives,208,27,0.55,True,0.55,0.9846,0.420409,False,0.427787,False,0.420409
positives,208,27,0.6,True,0.55,0.9846,0.420409,False,0.427787,False,0.420409
shipped,208,28,0.4,False,,,,,,,0.436692
shipped,208,28,0.5,False,,,,,,,0.436692
shipped,208,28,0.55,False,,,,,,,0.436692
shipped,208,28,0.6,False,,,,,,,0.436692
positives,208,28,0.4,False,,,,,,,0.437877
positives,208,28,0.5,True,0.55,0.984,0.437877,False,0.436692,False,0.437877
positives,208,28,0.55,True,0.55,0.984,0.437877,False,0.436692,False,0.437877
positives,208,28,0.6,True,0.55,0.984,0.437877,False,0.436692,False,0.437877
shipped,208,29,0.4,False,,,,,,,0.449694
shipped,208,29,0.5,False,,,,,,,0.449694
shipped,208,29,0.55,False,,,,,,,0.449694
shipped,208,29,0.6,False,,,,,,,0.449694
positives,208,29,0.4,False,,,,,,,0.446482
positives,208,29,0.5,True,0.55,0.9844,0.446482,False,0.449694,False,0.446482
positives,208,29,0.55,True,0.55,0.9844,0.446482,False,0.449694,False,0.446482
positives,208,29,0.6,True,0.55,0.9844,0.446482,False,0.449694,False,0.446482
shipped,208,30,0.4,False,,,,,,,0.47294
shipped,208,30,0.5,False,,,,,,,0.47294
shipped,208,30,0.55,False,,,,,,,0.47294
shipped,208,30,0.6,False,,,,,,,0.47294
positives,208,30,0.4,False,,,,,,,0.470632
positives,208,30,0.5,False,,,,,,,0.470632
positives,208,30,0.55,True,0.55,0.9856,0.470632,False,0.47294,False,0.470632
positives,208,30,0.6,True,0.55,0.9856,0.470632,False,0.47294,False,0.470632
shipped,208,31,0.4,False,,,,,,,0.475144
shipped,208,31,0.5,False,,,,,,,0.475144
shipped,208,31,0.55,False,,,,,,,0.475144
shipped,208,31,0.6,False,,,,,,,0.475144
positives,208,31,0.4,False,,,,,,,0.473425
positives,208,31,0.5,False,,,,,,,0.473425
positives,208,31,0.55,True,0.55,0.9855,0.473425,False,0.475144,False,0.473425
positives,208,31,0.6,True,0.55,0.9855,0.473425,False,0.475144,False,0.473425
shipped,208,32,0.4,False,,,,,,,0.45067
shipped,208,32,0.5,False,,,,,,,0.45067
shipped,208,32,0.55,False,,,,,,,0.45067
shipped,208,32,0.6,True,0.55,0.9847,0.45067,False,0.447964,False,0.45067
positives,208,32,0.4,False,,,,,,,0.447964
positives,208,32,0.5,True,0.55,0.9847,0.447964,False,0.45067,False,0.447964
positives,208,32,0.55,True,0.55,0.9847,0.447964,False,0.45067,False,0.447964
positives,208,32,0.6,True,0.55,0.9847,0.447964,False,0.45067,False,0.447964
shipped,208,33,0.4,False,,,,,,,0.435544
shipped,208,33,0.5,False,,,,,,,0.435544
shipped,208,33,0.55,False,,,,,,,0.435544
shipped,208,33,0.6,False,,,,,,,0.435544
positives,208,33,0.4,False,,,,,,,0.433871
positives,208,33,0.5,True,0.55,0.984,0.433871,False,0.435544,False,0.433871
positives,208,33,0.55,True,0.55,0.984,0.433871,False,0.435544,False,0.433871
positives,208,33,0.6,True,0.55,0.984,0.433871,False,0.435544,False,0.433871
shipped,208,34,0.4,False,,,,,,,0.470908
shipped,208,34,0.5,False,,,,,,,0.470908
shipped,208,34,0.55,False,,,,,,,0.470908
shipped,208,34,0.6,False,,,,,,,0.470908
positives,208,34,0.4,False,,,,,,,0.470087
positives,208,34,0.5,False,,,,,,,0.470087
positives,208,34,0.55,True,0.55,0.9854,0.470087,False,0.470908,False,0.470087
positives,208,34,0.6,True,0.55,0.9854,0.470087,False,0.470908,False,0.470087
shipped,208,35,0.4,False,,,,,,,0.455149
shipped,208,35,0.5,False,,,,,,,0.455149
shipped,208,35,0.55,False,,,,,,,0.455149
shipped,208,35,0.6,False,,,,,,,0.455149
positives,208,35,0.4,False,,,,,,,0.451934
positives,208,35,0.5,True,0.55,0.985,0.451934,False,0.455149,False,0.451934
positives,208,35,0.55,True,0.55,0.985,0.451934,False,0.455149,False,0.451934
positives,208,35,0.6,True,0.55,0.985,0.451934,False,0.455149,False,0.451934
shipped,208,36,0.4,False,,,,,,,0.423888
shipped,208,36,0.5,False,,,,,,,0.423888
shipped,208,36,0.55,False,,,,,,,0.423888
shipped,208,36,0.6,False,,,,,,,0.423888
positives,208,36,0.4,False,,,,,,,0.419129
positives,208,36,0.5,True,0.55,0.9842,0.419129,False,0.423888,False,0.419129
positives,208,36,0.55,True,0.55,0.9842,0.419129,False,0.423888,False,0.419129
positives,208,36,0.6,True,0.55,0.9842,0.419129,False,0.423888,False,0.419129
shipped,208,37,0.4,False,,,,,,,0.447713
shipped,208,37,0.5,False,,,,,,,0.447713
shipped,208,37,0.55,False,,,,,,,0.447713
shipped,208,37,0.6,False,,,,,,,0.447713
positives,208,37,0.4,False,,,,,,,0.441613
positives,208,37,0.5,False,,,,,,,0.441613
positives,208,37,0.55,True,0.55,0.9851,0.441613,False,0.447713,False,0.441613
positives,208,37,0.6,True,0.55,0.9851,0.441613,False,0.447713,False,0.441613
shipped,208,38,0.4,False,,,,,,,0.47016
shipped,208,38,0.5,False,,,,,,,0.47016
shipped,208,38,0.55,False,,,,,,,0.47016
shipped,208,38,0.6,False,,,,,,,0.47016
positives,208,38,0.4,False,,,,,,,0.470099
positives,208,38,0.5,True,0.55,0.9854,0.470099,False,0.47016,False,0.470099
positives,208,38,0.55,True,0.55,0.9854,0.470099,False,0.47016,False,0.470099
positives,208,38,0.6,True,0.55,0.9854,0.470099,False,0.47016,False,0.470099
shipped,208,39,0.4,False,,,,,,,0.442568
shipped,208,39,0.5,False,,,,,,,0.442568
shipped,208,39,0.55,False,,,,,,,0.442568
shipped,208,39,0.6,False,,,,,,,0.442568
positives,208,39,0.4,False,,,,,,,0.445563
positives,208,39,0.5,True,0.55,0.9846,0.445563,False,0.442568,False,0.445563
positives,208,39,0.55,True,0.55,0.9846,0.445563,False,0.442568,False,0.445563
positives,208,39,0.6,True,0.55,0.9846,0.445563,False,0.442568,False,0.445563
shipped,208,40,0.4,False,,,,,,,0.463861
shipped,208,40,0.5,False,,,,,,,0.463861
shipped,208,40,0.55,False,,,,,,,0.463861
shipped,208,40,0.6,False,,,,,,,0.463861
positives,208,40,0.4,False,,,,,,,0.464574
positives,208,40,0.5,True,0.59,0.9735,0.46313,False,0.462193,False,0.464574
positives,208,40,0.55,True,0.55,0.9857,0.464574,False,0.463861,False,0.464574
positives,208,40,0.6,True,0.55,0.9857,0.464574,False,0.463861,False,0.464574
shipped,208,41,0.4,False,,,,,,,0.458371
shipped,208,41,0.5,False,,,,,,,0.458371
shipped,208,41,0.55,False,,,,,,,0.458371
shipped,208,41,0.6,False,,,,,,,0.458371
positives,208,41,0.4,False,,,,,,,0.457819
positives,208,41,0.5,True,0.55,0.986,0.457819,False,0.458371,False,0.457819
positives,208,41,0.55,True,0.55,0.986,0.457819,False,0.458371,False,0.457819
positives,208,41,0.6,True,0.55,0.986,0.457819,False,0.458371,False,0.457819
shipped,208,42,0.4,False,,,,,,,0.447092
shipped,208,42,0.5,False,,,,,,,0.447092
shipped,208,42,0.55,False,,,,,,,0.447092
shipped,208,42,0.6,False,,,,,,,0.447092
positives,208,42,0.4,False,,,,,,,0.44725
positives,208,42,0.5,True,0.55,0.9857,0.44725,False,0.447092,False,0.44725
positives,208,42,0.55,True,0.55,0.9857,0.44725,False,0.447092,False,0.44725
positives,208,42,0.6,True,0.55,0.9857,0.44725,False,0.447092,False,0.44725
shipped,208,43,0.4,False,,,,,,,0.424707
shipped,208,43,0.5,False,,,,,,,0.424707
shipped,208,43,0.55,False,,,,,,,0.424707
shipped,208,43,0.6,False,,,,,,,0.424707
positives,208,43,0.4,False,,,,,,,0.423757
positives,208,43,0.5,True,0.55,0.9836,0.423757,False,0.424707,False,0.423757
positives,208,43,0.55,True,0.55,0.9836,0.423757,False,0.424707,False,0.423757
positives,208,43,0.6,True,0.55,0.9836,0.423757,False,0.424707,False,0.423757
shipped,208,44,0.4,False,,,,,,,0.438078
shipped,208,44,0.5,False,,,,,,,0.438078
shipped,208,44,0.55,False,,,,,,,0.438078
shipped,208,44,0.6,False,,,,,,,0.438078
positives,208,44,0.4,False,,,,,,,0.438742
positives,208,44,0.5,True,0.55,0.9843,0.438742,False,0.438078,False,0.438742
positives,208,44,0.55,True,0.55,0.9843,0.438742,False,0.438078,False,0.438742
positives,208,44,0.6,True,0.55,0.9843,0.438742,False,0.438078,False,0.438742
shipped,208,45,0.4,False,,,,,,,0.42662
shipped,208,45,0.5,False,,,,,,,0.42662
shipped,208,45,0.55,False,,,,,,,0.42662
shipped,208,45,0.6,False,,,,,,,0.42662
positives,208,45,0.4,False,,,,,,,0.426054
positives,208,45,0.5,True,0.55,0.9844,0.426054,False,0.42662,False,0.426054
positives,208,45,0.55,True,0.55,0.9844,0.426054,False,0.42662,False,0.426054
positives,208,45,0.6,True,0.55,0.9844,0.426054,False,0.42662,False,0.426054
shipped,208,46,0.4,False,,,,,,,0.488215
shipped,208,46,0.5,False,,,,,,,0.488215
shipped,208,46,0.55,False,,,,,,,0.488215
shipped,208,46,0.6,False,,,,,,,0.488215
positives,208,46,0.4,False,,,,,,,0.492041
positives,208,46,0.5,False,,,,,,,0.492041
positives,208,46,0.55,True,0.55,0.9863,0.492041,False,0.488215,False,0.492041
positives,208,46,0.6,True,0.55,0.9863,0.492041,False,0.488215,False,0.492041
shipped,208,47,0.4,False,,,,,,,0.440656
shipped,208,47,0.5,False,,,,,,,0.440656
shipped,208,47,0.55,False,,,,,,,0.440656
shipped,208,47,0.6,False,,,,,,,0.440656
positives,208,47,0.4,False,,,,,,,0.436986
positives,208,47,0.5,True,0.55,0.985,0.436986,False,0.440656,False,0.436986
positives,208,47,0.55,True,0.55,0.985,0.436986,False,0.440656,False,0.436986
positives,208,47,0.6,True,0.55,0.985,0.436986,False,0.440656,False,0.436986
shipped,208,48,0.4,False,,,,,,,0.429086
shipped,208,48,0.5,False,,,,,,,0.429086
shipped,208,48,0.55,False,,,,,,,0.429086
shipped,208,48,0.6,False,,,,,,,0.429086
positives,208,48,0.4,False,,,,,,,0.428775
positives,208,48,0.5,True,0.55,0.9837,0.428775,False,0.429086,False,0.428775
positives,208,48,0.55,True,0.55,0.9837,0.428775,False,0.429086,False,0.428775
positives,208,48,0.6,True,0.55,0.9837,0.428775,False,0.429086,False,0.428775
shipped,208,49,0.4,False,,,,,,,0.446345
shipped,208,49,0.5,False,,,,,,,0.446345
shipped,208,49,0.55,False,,,,,,,0.446345
shipped,208,49,0.6,False,,,,,,,0.446345
positives,208,49,0.4,False,,,,,,,0.445999
positives,208,49,0.5,True,0.55,0.9846,0.445999,False,0.446345,False,0.445999
positives,208,49,0.55,True,0.55,0.9846,0.445999,False,0.446345,False,0.445999
positives,208,49,0.6,True,0.55,0.9846,0.445999,False,0.446345,False,0.445999
shipped,208,50,0.4,False,,,,,,,0.461438
shipped,208,50,0.5,False,,,,,,,0.461438
shipped,208,50,0.55,False,,,,,,,0.461438
shipped,208,50,0.6,False,,,,,,,0.461438
positives,208,50,0.4,False,,,,,,,0.458793
positives,208,50,0.5,True,0.55,0.9853,0.458793,False,0.461438,False,0.458793
positives,208,50,0.55,True,0.55,0.9853,0.458793,False,0.461438,False,0.458793
positives,208,50,0.6,True,0.55,0.9853,0.458793,False,0.461438,False,0.458793
shipped,208,51,0.4,False,,,,,,,0.468428
shipped,208,51,0.5,False,,,,,,,0.468428
shipped,208,51,0.55,False,,,,,,,0.468428
shipped,208,51,0.6,False,,,,,,,0.468428
positives,208,51,0.4,False,,,,,,,0.471087
positives,208,51,0.5,False,,,,,,,0.471087
positives,208,51,0.55,True,0.55,0.9854,0.471087,False,0.468428,False,0.471087
positives,208,51,0.6,True,0.55,0.9854,0.471087,False,0.468428,False,0.471087
shipped,208,52,0.4,False,,,,,,,0.46595
shipped,208,52,0.5,False,,,,,,,0.46595
shipped,208,52,0.55,False,,,,,,,0.46595
shipped,208,52,0.6,False,,,,,,,0.46595
positives,208,52,0.4,False,,,,,,,0.46165
positives,208,52,0.5,True,0.55,0.9851,0.46165,False,0.46595,False,0.46165
positives,208,52,0.55,True,0.55,0.9851,0.46165,False,0.46595,False,0.46165
positives,208,52,0.6,True,0.55,0.9851,0.46165,False,0.46595,False,0.46165
shipped,208,53,0.4,False,,,,,,,0.448109
shipped,208,53,0.5,False,,,,,,,0.448109
shipped,208,53,0.55,False,,,,,,,0.448109
shipped,208,53,0.6,False,,,,,,,0.448109
positives,208,53,0.4,False,,,,,,,0.452318
positives,208,53,0.5,True,0.55,0.9848,0.452318,False,0.448109,False,0.452318
positives,208,53,0.55,True,0.55,0.9848,0.452318,False,0.448109,False,0.452318
positives,208,53,0.6,True,0.55,0.9848,0.452318,False,0.448109,False,0.452318
shipped,208,54,0.4,False,,,,,,,0.464316
shipped,208,54,0.5,False,,,,,,,0.464316
shipped,208,54,0.55,False,,,,,,,0.464316
shipped,208,54,0.6,False,,,,,,,0.464316
positives,208,54,0.4,False,,,,,,,0.461002
positives,208,54,0.5,True,0.55,0.9862,0.461002,False,0.464316,False,0.461002
positives,208,54,0.55,True,0.55,0.9862,0.461002,False,0.464316,False,0.461002
positives,208,54,0.6,True,0.55,0.9862,0.461002,False,0.464316,False,0.461002
shipped,208,55,0.4,False,,,,,,,0.449786
shipped,208,55,0.5,False,,,,,,,0.449786
shipped,208,55,0.55,False,,,,,,,0.449786
shipped,208,55,0.6,False,,,,,,,0.449786
positives,208,55,0.4,False,,,,,,,0.4473
positives,208,55,0.5,True,0.55,0.9848,0.4473,False,0.449786,False,0.4473
positives,208,55,0.55,True,0.55,0.9848,0.4473,False,0.449786,False,0.4473
positives,208,55,0.6,True,0.55,0.9848,0.4473,False,0.449786,False,0.4473
shipped,208,56,0.4,False,,,,,,,0.457064
shipped,208,56,0.5,False,,,,,,,0.457064
shipped,208,56,0.55,False,,,,,,,0.457064
shipped,208,56,0.6,False,,,,,,,0.457064
positives,208,56,0.4,False,,,,,,,0.457245
positives,208,56,0.5,True,0.55,0.9847,0.457245,False,0.457064,False,0.457245
positives,208,56,0.55,True,0.55,0.9847,0.457245,False,0.457064,False,0.457245
positives,208,56,0.6,True,0.55,0.9847,0.457245,False,0.457064,False,0.457245
shipped,208,57,0.4,False,,,,,,,0.447796
shipped,208,57,0.5,False,,,,,,,0.447796
shipped,208,57,0.55,False,,,,,,,0.447796
shipped,208,57,0.6,False,,,,,,,0.447796
positives,208,57,0.4,False,,,,,,,0.445739
positives,208,57,0.5,True,0.55,0.9853,0.445739,False,0.447796,False,0.445739
positives,208,57,0.55,True,0.55,0.9853,0.445739,False,0.447796,False,0.445739
positives,208,57,0.6,True,0.55,0.9853,0.445739,False,0.447796,False,0.445739
shipped,208,58,0.4,False,,,,,,,0.446614
shipped,208,58,0.5,False,,,,,,,0.446614
shipped,208,58,0.55,False,,,,,,,0.446614
shipped,208,58,0.6,False,,,,,,,0.446614
positives,208,58,0.4,False,,,,,,,0.443867
positives,208,58,0.5,True,0.55,0.9844,0.443867,False,0.446614,False,0.443867
positives,208,58,0.55,True,0.55,0.9844,0.443867,False,0.446614,False,0.443867
positives,208,58,0.6,True,0.55,0.9844,0.443867,False,0.446614,False,0.443867
shipped,208,59,0.4,False,,,,,,,0.452115
shipped,208,59,0.5,False,,,,,,,0.452115
shipped,208,59,0.55,False,,,,,,,0.452115
shipped,208,59,0.6,False,,,,,,,0.452115
positives,208,59,0.4,False,,,,,,,0.449446
positives,208,59,0.5,True,0.55,0.9853,0.449446,False,0.452115,False,0.449446
positives,208,59,0.55,True,0.55,0.9853,0.449446,False,0.452115,False,0.449446
positives,208,59,0.6,True,0.55,0.9853,0.449446,False,0.452115,False,0.449446
shipped,208,60,0.4,False,,,,,,,0.454693
shipped,208,60,0.5,False,,,,,,,0.454693
shipped,208,60,0.55,False,,,,,,,0.454693
shipped,208,60,0.6,False,,,,,,,0.454693
positives,208,60,0.4,False,,,,,,,0.459335
positives,208,60,0.5,True,0.55,0.9847,0.459335,False,0.454693,False,0.459335
positives,208,60,0.55,True,0.55,0.9847,0.459335,False,0.454693,False,0.459335
positives,208,60,0.6,True,0.55,0.9847,0.459335,False,0.454693,False,0.459335
shipped,208,61,0.4,False,,,,,,,0.44907
shipped,208,61,0.5,False,,,,,,,0.44907
shipped,208,61,0.55,False,,,,,,,0.44907
shipped,208,61,0.6,False,,,,,,,0.44907
positives,208,61,0.4,False,,,,,,,0.45179
positives,208,61,0.5,True,0.55,0.9852,0.45179,False,0.44907,False,0.45179
positives,208,61,0.55,True,0.55,0.9852,0.45179,False,0.44907,False,0.45179
positives,208,61,0.6,True,0.55,0.9852,0.45179,False,0.44907,False,0.45179
shipped,208,62,0.4,False,,,,,,,0.438066
shipped,208,62,0.5,False,,,,,,,0.438066
shipped,208,62,0.55,False,,,,,,,0.438066
shipped,208,62,0.6,False,,,,,,,0.438066
positives,208,62,0.4,False,,,,,,,0.443545
positives,208,62,0.5,True,0.55,0.9852,0.443545,False,0.438066,False,0.443545
positives,208,62,0.55,True,0.55,0.9852,0.443545,False,0.438066,False,0.443545
positives,208,62,0.6,True,0.55,0.9852,0.443545,False,0.438066,False,0.443545
shipped,208,63,0.4,False,,,,,,,0.474231
shipped,208,63,0.5,False,,,,,,,0.474231
shipped,208,63,0.55,False,,,,,,,0.474231
shipped,208,63,0.6,False,,,,,,,0.474231
positives,208,63,0.4,False,,,,,,,0.472431
positives,208,63,0.5,False,,,,,,,0.472431
positives,208,63,0.55,True,0.55,0.9849,0.472431,False,0.474231,False,0.472431
positives,208,63,0.6,True,0.55,0.9849,0.472431,False,0.474231,False,0.472431
shipped,208,64,0.4,False,,,,,,,0.471806
shipped,208,64,0.5,False,,,,,,,0.471806
shipped,208,64,0.55,False,,,,,,,0.471806
shipped,208,64,0.6,False,,,,,,,0.471806
positives,208,64,0.4,False,,,,,,,0.473576
positives,208,64,0.5,False,,,,,,,0.473576
positives,208,64,0.55,True,0.55,0.9859,0.473576,False,0.471806,False,0.473576
positives,208,64,0.6,True,0.55,0.9859,0.473576,False,0.471806,False,0.473576
shipped,208,65,0.4,False,,,,,,,0.451907
shipped,208,65,0.5,False,,,,,,,0.451907
shipped,208,65,0.55,False,,,,,,,0.451907
shipped,208,65,0.6,False,,,,,,,0.451907
positives,208,65,0.4,False,,,,,,,0.45486
positives,208,65,0.5,True,0.55,0.9847,0.45486,False,0.451907,False,0.45486
positives,208,65,0.55,True,0.55,0.9847,0.45486,False,0.451907,False,0.45486
positives,208,65,0.6,True,0.55,0.9847,0.45486,False,0.451907,False,0.45486
shipped,208,66,0.4,False,,,,,,,0.402791
shipped,208,66,0.5,False,,,,,,,0.402791
shipped,208,66,0.55,False,,,,,,,0.402791
shipped,208,66,0.6,True,0.55,0.9831,0.402791,False,0.399826,False,0.402791
positives,208,66,0.4,False,,,,,,,0.399826
positives,208,66,0.5,True,0.55,0.9831,0.399826,False,0.402791,False,0.399826
positives,208,66,0.55,True,0.55,0.9831,0.399826,False,0.402791,False,0.399826
positives,208,66,0.6,True,0.55,0.9831,0.399826,False,0.402791,False,0.399826
shipped,208,67,0.4,False,,,,,,,0.476693
shipped,208,67,0.5,False,,,,,,,0.476693
shipped,208,67,0.55,False,,,,,,,0.476693
shipped,208,67,0.6,False,,,,,,,0.476693
positives,208,67,0.4,False,,,,,,,0.485596
positives,208,67,0.5,False,,,,,,,0.485596
positives,208,67,0.55,True,0.55,0.9851,0.485596,False,0.476693,False,0.485596
positives,208,67,0.6,True,0.55,0.9851,0.485596,False,0.476693,False,0.485596
shipped,208,68,0.4,False,,,,,,,0.463637
shipped,208,68,0.5,False,,,,,,,0.463637
shipped,208,68,0.55,False,,,,,,,0.463637
shipped,208,68,0.6,False,,,,,,,0.463637
positives,208,68,0.4,False,,,,,,,0.465329
positives,208,68,0.5,False,,,,,,,0.465329
positives,208,68,0.55,True,0.55,0.9859,0.465329,False,0.463637,False,0.465329
positives,208,68,0.6,True,0.55,0.9859,0.465329,False,0.463637,False,0.465329
shipped,208,69,0.4,False,,,,,,,0.458306
shipped,208,69,0.5,False,,,,,,,0.458306
shipped,208,69,0.55,False,,,,,,,0.458306
shipped,208,69,0.6,False,,,,,,,0.458306
positives,208,69,0.4,False,,,,,,,0.46035
positives,208,69,0.5,True,0.55,0.9857,0.46035,False,0.458306,False,0.46035
positives,208,69,0.55,True,0.55,0.9857,0.46035,False,0.458306,False,0.46035
positives,208,69,0.6,True,0.55,0.9857,0.46035,False,0.458306,False,0.46035
shipped,208,70,0.4,False,,,,,,,0.45786
shipped,208,70,0.5,False,,,,,,,0.45786
shipped,208,70,0.55,False,,,,,,,0.45786
shipped,208,70,0.6,False,,,,,,,0.45786
positives,208,70,0.4,False,,,,,,,0.456423
positives,208,70,0.5,True,0.55,0.9848,0.456423,False,0.45786,False,0.456423
positives,208,70,0.55,True,0.55,0.9848,0.456423,False,0.45786,False,0.456423
positives,208,70,0.6,True,0.55,0.9848,0.456423,False,0.45786,False,0.456423
shipped,208,71,0.4,False,,,,,,,0.417848
shipped,208,71,0.5,False,,,,,,,0.417848
shipped,208,71,0.55,False,,,,,,,0.417848
shipped,208,71,0.6,True,0.55,0.9843,0.417848,False,0.416312,False,0.417848
positives,208,71,0.4,False,,,,,,,0.416312
positives,208,71,0.5,True,0.55,0.9843,0.416312,False,0.417848,False,0.416312
positives,208,71,0.55,True,0.55,0.9843,0.416312,False,0.417848,False,0.416312
positives,208,71,0.6,True,0.55,0.9843,0.416312,False,0.417848,False,0.416312
shipped,208,72,0.4,False,,,,,,,0.464166
shipped,208,72,0.5,False,,,,,,,0.464166
shipped,208,72,0.55,False,,,,,,,0.464166
shipped,208,72,0.6,False,,,,,,,0.464166
positives,208,72,0.4,False,,,,,,,0.465318
positives,208,72,0.5,False,,,,,,,0.465318
positives,208,72,0.55,True,0.55,0.9863,0.465318,False,0.464166,False,0.465318
positives,208,72,0.6,True,0.55,0.9863,0.465318,False,0.464166,False,0.465318
shipped,208,73,0.4,False,,,,,,,0.433232
shipped,208,73,0.5,False,,,,,,,0.433232
shipped,208,73,0.55,False,,,,,,,0.433232
shipped,208,73,0.6,False,,,,,,,0.433232
positives,208,73,0.4,False,,,,,,,0.431943
positives,208,73,0.5,True,0.55,0.9841,0.431943,False,0.433232,False,0.431943
positives,208,73,0.55,True,0.55,0.9841,0.431943,False,0.433232,False,0.431943
positives,208,73,0.6,True,0.55,0.9841,0.431943,False,0.433232,False,0.431943
shipped,208,74,0.4,False,,,,,,,0.446677
shipped,208,74,0.5,False,,,,,,,0.446677
shipped,208,74,0.55,False,,,,,,,0.446677
shipped,208,74,0.6,False,,,,,,,0.446677
positives,208,74,0.4,False,,,,,,,0.447477
positives,208,74,0.5,True,0.55,0.9844,0.447477,False,0.446677,False,0.447477
positives,208,74,0.55,True,0.55,0.9844,0.447477,False,0.446677,False,0.447477
positives,208,74,0.6,True,0.55,0.9844,0.447477,False,0.446677,False,0.447477
shipped,208,75,0.4,False,,,,,,,0.469719
shipped,208,75,0.5,False,,,,,,,0.469719
shipped,208,75,0.55,False,,,,,,,0.469719
shipped,208,75,0.6,False,,,,,,,0.469719
positives,208,75,0.4,False,,,,,,,0.467801
positives,208,75,0.5,True,0.55,0.9853,0.467801,False,0.469719,False,0.467801
positives,208,75,0.55,True,0.55,0.9853,0.467801,False,0.469719,False,0.467801
positives,208,75,0.6,True,0.55,0.9853,0.467801,False,0.469719,False,0.467801
shipped,208,76,0.4,False,,,,,,,0.4469
shipped,208,76,0.5,False,,,,,,,0.4469
shipped,208,76,0.55,False,,,,,,,0.4469
shipped,208,76,0.6,False,,,,,,,0.4469
positives,208,76,0.4,False,,,,,,,0.446987
positives,208,76,0.5,True,0.55,0.9852,0.446987,False,0.4469,False,0.446987
positives,208,76,0.55,True,0.55,0.9852,0.446987,False,0.4469,False,0.446987
positives,208,76,0.6,True,0.55,0.9852,0.446987,False,0.4469,False,0.446987
shipped,208,77,0.4,False,,,,,,,0.438016
shipped,208,77,0.5,False,,,,,,,0.438016
shipped,208,77,0.55,False,,,,,,,0.438016
shipped,208,77,0.6,False,,,,,,,0.438016
positives,208,77,0.4,False,,,,,,,0.432832
positives,208,77,0.5,True,0.55,0.9849,0.432832,False,0.438016,False,0.432832
positives,208,77,0.55,True,0.55,0.9849,0.432832,False,0.438016,False,0.432832
positives,208,77,0.6,True,0.55,0.9849,0.432832,False,0.438016,False,0.432832
shipped,208,78,0.4,False,,,,,,,0.460333
shipped,208,78,0.5,False,,,,,,,0.460333
shipped,208,78,0.55,False,,,,,,,0.460333
shipped,208,78,0.6,False,,,,,,,0.460333
positives,208,78,0.4,False,,,,,,,0.458472
positives,208,78,0.5,True,0.55,0.9858,0.458472,False,0.460333,False,0.458472
positives,208,78,0.55,True,0.55,0.9858,0.458472,False,0.460333,False,0.458472
positives,208,78,0.6,True,0.55,0.9858,0.458472,False,0.460333,False,0.458472
shipped,208,79,0.4,False,,,,,,,0.45294
shipped,208,79,0.5,False,,,,,,,0.45294
shipped,208,79,0.55,False,,,,,,,0.45294
shipped,208,79,0.6,False,,,,,,,0.45294
positives,208,79,0.4,False,,,,,,,0.456035
positives,208,79,0.5,True,0.59,0.9723,0.451926,False,0.448523,False,0.456035
positives,208,79,0.55,True,0.55,0.9846,0.456035,False,0.45294,False,0.456035
positives,208,79,0.6,True,0.55,0.9846,0.456035,False,0.45294,False,0.456035
shipped,208,80,0.4,False,,,,,,,0.460961
shipped,208,80,0.5,False,,,,,,,0.460961
shipped,208,80,0.55,False,,,,,,,0.460961
shipped,208,80,0.6,False,,,,,,,0.460961
positives,208,80,0.4,False,,,,,,,0.462679
positives,208,80,0.5,False,,,,,,,0.462679
positives,208,80,0.55,True,0.55,0.9859,0.462679,False,0.460961,False,0.462679
positives,208,80,0.6,True,0.55,0.9859,0.462679,False,0.460961,False,0.462679
shipped,208,81,0.4,False,,,,,,,0.435511
shipped,208,81,0.5,False,,,,,,,0.435511
shipped,208,81,0.55,False,,,,,,,0.435511
shipped,208,81,0.6,False,,,,,,,0.435511
positives,208,81,0.4,False,,,,,,,0.443826
positives,208,81,0.5,True,0.55,0.985,0.443826,False,0.435511,False,0.443826
positives,208,81,0.55,True,0.55,0.985,0.443826,False,0.435511,False,0.443826
positives,208,81,0.6,True,0.55,0.985,0.443826,False,0.435511,False,0.443826
shipped,208,82,0.4,False,,,,,,,0.45
shipped,208,82,0.5,False,,,,,,,0.45
shipped,208,82,0.55,False,,,,,,,0.45
shipped,208,82,0.6,False,,,,,,,0.45
positives,208,82,0.4,False,,,,,,,0.449862
positives,208,82,0.5,True,0.55,0.9845,0.449862,False,0.45,False,0.449862
positives,208,82,0.55,True,0.55,0.9845,0.449862,False,0.45,False,0.449862
positives,208,82,0.6,True,0.55,0.9845,0.449862,False,0.45,False,0.449862
shipped,208,83,0.4,False,,,,,,,0.423713
shipped,208,83,0.5,False,,,,,,,0.423713
shipped,208,83,0.55,False,,,,,,,0.423713
shipped,208,83,0.6,True,0.55,0.9843,0.423713,False,0.416066,False,0.423713
positives,208,83,0.4,False,,,,,,,0.416066
positives,208,83,0.5,True,0.55,0.9843,0.416066,False,0.423713,False,0.416066
positives,208,83,0.55,True,0.55,0.9843,0.416066,False,0.423713,False,0.416066
positives,208,83,0.6,True,0.55,0.9843,0.416066,False,0.423713,False,0.416066
shipped,208,84,0.4,False,,,,,,,0.46221
shipped,208,84,0.5,False,,,,,,,0.46221
shipped,208,84,0.55,False,,,,,,,0.46221
shipped,208,84,0.6,False,,,,,,,0.46221
positives,208,84,0.4,False,,,,,,,0.464582
positives,208,84,0.5,True,0.55,0.9859,0.464582,False,0.46221,False,0.464582
positives,208,84,0.55,True,0.55,0.9859,0.464582,False,0.46221,False,0.464582
positives,208,84,0.6,True,0.55,0.9859,0.464582,False,0.46221,False,0.464582
shipped,208,85,0.4,False,,,,,,,0.438397
shipped,208,85,0.5,False,,,,,,,0.438397
shipped,208,85,0.55,False,,,,,,,0.438397
shipped,208,85,0.6,False,,,,,,,0.438397
positives,208,85,0.4,False,,,,,,,0.437672
positives,208,85,0.5,True,0.55,0.985,0.437672,False,0.438397,False,0.437672
positives,208,85,0.55,True,0.55,0.985,0.437672,False,0.438397,False,0.437672
positives,208,85,0.6,True,0.55,0.985,0.437672,False,0.438397,False,0.437672
shipped,208,86,0.4,False,,,,,,,0.441261
shipped,208,86,0.5,False,,,,,,,0.441261
shipped,208,86,0.55,False,,,,,,,0.441261
shipped,208,86,0.6,False,,,,,,,0.441261
positives,208,86,0.4,False,,,,,,,0.441759
positives,208,86,0.5,True,0.55,0.9845,0.441759,False,0.441261,False,0.441759
positives,208,86,0.55,True,0.55,0.9845,0.441759,False,0.441261,False,0.441759
positives,208,86,0.6,True,0.55,0.9845,0.441759,False,0.441261,False,0.441759
shipped,208,87,0.4,False,,,,,,,0.438551
shipped,208,87,0.5,False,,,,,,,0.438551
shipped,208,87,0.55,False,,,,,,,0.438551
shipped,208,87,0.6,False,,,,,,,0.438551
positives,208,87,0.4,False,,,,,,,0.43875
positives,208,87,0.5,True,0.55,0.9847,0.43875,False,0.438551,False,0.43875
positives,208,87,0.55,True,0.55,0.9847,0.43875,False,0.438551,False,0.43875
positives,208,87,0.6,True,0.55,0.9847,0.43875,False,0.438551,False,0.43875
shipped,208,88,0.4,False,,,,,,,0.427884
shipped,208,88,0.5,False,,,,,,,0.427884
shipped,208,88,0.55,False,,,,,,,0.427884
shipped,208,88,0.6,False,,,,,,,0.427884
positives,208,88,0.4,False,,,,,,,0.428609
positives,208,88,0.5,True,0.55,0.9844,0.428609,False,0.427884,False,0.428609
positives,208,88,0.55,True,0.55,0.9844,0.428609,False,0.427884,False,0.428609
positives,208,88,0.6,True,0.55,0.9844,0.428609,False,0.427884,False,0.428609
shipped,208,89,0.4,False,,,,,,,0.475169
shipped,208,89,0.5,False,,,,,,,0.475169
shipped,208,89,0.55,False,,,,,,,0.475169
shipped,208,89,0.6,False,,,,,,,0.475169
positives,208,89,0.4,False,,,,,,,0.475936
positives,208,89,0.5,False,,,,,,,0.475936
positives,208,89,0.55,True,0.55,0.9858,0.475936,False,0.475169,False,0.475936
positives,208,89,0.6,True,0.55,0.9858,0.475936,False,0.475169,False,0.475936
shipped,208,90,0.4,False,,,,,,,0.42501
shipped,208,90,0.5,False,,,,,,,0.42501
shipped,208,90,0.55,False,,,,,,,0.42501
shipped,208,90,0.6,False,,,,,,,0.42501
positives,208,90,0.4,False,,,,,,,0.426258
positives,208,90,0.5,True,0.55,0.9839,0.426258,False,0.42501,False,0.426258
positives,208,90,0.55,True,0.55,0.9839,0.426258,False,0.42501,False,0.426258
positives,208,90,0.6,True,0.55,0.9839,0.426258,False,0.42501,False,0.426258
shipped,208,91,0.4,False,,,,,,,0.452511
shipped,208,91,0.5,False,,,,,,,0.452511
shipped,208,91,0.55,False,,,,,,,0.452511
shipped,208,91,0.6,False,,,,,,,0.452511
positives,208,91,0.4,False,,,,,,,0.449246
positives,208,91,0.5,True,0.55,0.9852,0.449246,False,0.452511,False,0.449246
positives,208,91,0.55,True,0.55,0.9852,0.449246,False,0.452511,False,0.449246
positives,208,91,0.6,True,0.55,0.9852,0.449246,False,0.452511,False,0.449246
shipped,208,92,0.4,False,,,,,,,0.45673
shipped,208,92,0.5,False,,,,,,,0.45673
shipped,208,92,0.55,False,,,,,,,0.45673
shipped,208,92,0.6,False,,,,,,,0.45673
positives,208,92,0.4,False,,,,,,,0.460709
positives,208,92,0.5,False,,,,,,,0.460709
positives,208,92,0.55,True,0.55,0.9849,0.460709,False,0.45673,False,0.460709
positives,208,92,0.6,True,0.55,0.9849,0.460709,False,0.45673,False,0.460709
shipped,208,93,0.4,False,,,,,,,0.493245
shipped,208,93,0.5,False,,,,,,,0.493245
shipped,208,93,0.55,False,,,,,,,0.493245
shipped,208,93,0.6,False,,,,,,,0.493245
positives,208,93,0.4,False,,,,,,,0.49454
positives,208,93,0.5,False,,,,,,,0.49454
positives,208,93,0.55,True,0.55,0.9862,0.49454,False,0.493245,False,0.49454
positives,208,93,0.6,True,0.55,0.9862,0.49454,False,0.493245,False,0.49454
shipped,208,94,0.4,False,,,,,,,0.458537
shipped,208,94,0.5,False,,,,,,,0.458537
shipped,208,94,0.55,False,,,,,,,0.458537
shipped,208,94,0.6,False,,,,,,,0.458537
positives,208,94,0.4,False,,,,,,,0.457902
positives,208,94,0.5,True,0.55,0.9848,0.457902,False,0.458537,False,0.457902
positives,208,94,0.55,True,0.55,0.9848,0.457902,False,0.458537,False,0.457902
positives,208,94,0.6,True,0.55,0.9848,0.457902,False,0.458537,False,0.457902
shipped,208,95,0.4,False,,,,,,,0.492302
shipped,208,95,0.5,False,,,,,,,0.492302
shipped,208,95,0.55,False,,,,,,,0.492302
shipped,208,95,0.6,False,,,,,,,0.492302
positives,208,95,0.4,False,,,,,,,0.489983
positives,208,95,0.5,False,,,,,,,0.489983
positives,208,95,0.55,True,0.55,0.9859,0.489983,False,0.492302,False,0.489983
positives,208,95,0.6,True,0.55,0.9859,0.489983,False,0.492302,False,0.489983
shipped,208,96,0.4,False,,,,,,,0.479494
shipped,208,96,0.5,False,,,,,,,0.479494
shipped,208,96,0.55,False,,,,,,,0.479494
shipped,208,96,0.6,False,,,,,,,0.479494
positives,208,96,0.4,False,,,,,,,0.477637
positives,208,96,0.5,False,,,,,,,0.477637
positives,208,96,0.55,True,0.55,0.9862,0.477637,False,0.479494,False,0.477637
positives,208,96,0.6,True,0.55,0.9862,0.477637,False,0.479494,False,0.477637
shipped,208,97,0.4,False,,,,,,,0.429549
shipped,208,97,0.5,False,,,,,,,0.429549
shipped,208,97,0.55,False,,,,,,,0.429549
shipped,208,97,0.6,False,,,,,,,0.429549
positives,208,97,0.4,False,,,,,,,0.43058
positives,208,97,0.5,True,0.55,0.9841,0.43058,False,0.429549,False,0.43058
positives,208,97,0.55,True,0.55,0.9841,0.43058,False,0.429549,False,0.43058
positives,208,97,0.6,True,0.55,0.9841,0.43058,False,0.429549,False,0.43058
shipped,208,98,0.4,False,,,,,,,0.423022
shipped,208,98,0.5,False,,,,,,,0.423022
shipped,208,98,0.55,False,,,,,,,0.423022
shipped,208,98,0.6,False,,,,,,,0.423022
positives,208,98,0.4,False,,,,,,,0.417733
positives,208,98,0.5,True,0.55,0.9843,0.417733,False,0.423022,False,0.417733
positives,208,98,0.55,True,0.55,0.9843,0.417733,False,0.423022,False,0.417733
positives,208,98,0.6,True,0.55,0.9843,0.417733,False,0.423022,False,0.417733
shipped,208,99,0.4,False,,,,,,,0.469846
shipped,208,99,0.5,False,,,,,,,0.469846
shipped,208,99,0.55,False,,,,,,,0.469846
shipped,208,99,0.6,False,,,,,,,0.469846
positives,208,99,0.4,False,,,,,,,0.468986
positives,208,99,0.5,True,0.55,0.9859,0.468986,False,0.469846,False,0.468986
positives,208,99,0.55,True,0.55,0.9859,0.468986,False,0.469846,False,0.468986
positives,208,99,0.6,True,0.55,0.9859,0.468986,False,0.469846,False,0.468986
shipped,208,100,0.4,False,,,,,,,0.47814
shipped,208,100,0.5,False,,,,,,,0.47814
shipped,208,100,0.55,False,,,,,,,0.47814
shipped,208,100,0.6,False,,,,,,,0.47814
positives,208,100,0.4,False,,,,,,,0.476784
positives,208,100,0.5,True,0.71,0.9326,0.470827,False,0.472553,False,0.476784
positives,208,100,0.55,True,0.55,0.9849,0.476784,False,0.47814,False,0.476784
positives,208,100,0.6,True,0.55,0.9849,0.476784,False,0.47814,False,0.476784
shipped,208,101,0.4,False,,,,,,,0.460763
shipped,208,101,0.5,False,,,,,,,0.460763
shipped,208,101,0.55,False,,,,,,,0.460763
shipped,208,101,0.6,False,,,,,,,0.460763
positives,208,101,0.4,False,,,,,,,0.455964
positives,208,101,0.5,True,0.55,0.9848,0.455964,False,0.460763,False,0.455964
positives,208,101,0.55,True,0.55,0.9848,0.455964,False,0.460763,False,0.455964
positives,208,101,0.6,True,0.55,0.9848,0.455964,False,0.460763,False,0.455964
shipped,208,102,0.4,False,,,,,,,0.438726
shipped,208,102,0.5,False,,,,,,,0.438726
shipped,208,102,0.55,False,,,,,,,0.438726
shipped,208,102,0.6,False,,,,,,,0.438726
positives,208,102,0.4,False,,,,,,,0.436172
positives,208,102,0.5,True,0.55,0.9851,0.436172,False,0.438726,False,0.436172
positives,208,102,0.55,True,0.55,0.9851,0.436172,False,0.438726,False,0.436172
positives,208,102,0.6,True,0.55,0.9851,0.436172,False,0.438726,False,0.436172
shipped,208,103,0.4,False,,,,,,,0.450711
shipped,208,103,0.5,False,,,,,,,0.450711
shipped,208,103,0.55,False,,,,,,,0.450711
shipped,208,103,0.6,False,,,,,,,0.450711
positives,208,103,0.4,False,,,,,,,0.449998
positives,208,103,0.5,True,0.55,0.9846,0.449998,False,0.450711,False,0.449998
positives,208,103,0.55,True,0.55,0.9846,0.449998,False,0.450711,False,0.449998
positives,208,103,0.6,True,0.55,0.9846,0.449998,False,0.450711,False,0.449998
shipped,208,104,0.4,False,,,,,,,0.482529
shipped,208,104,0.5,False,,,,,,,0.482529
shipped,208,104,0.55,False,,,,,,,0.482529
shipped,208,104,0.6,False,,,,,,,0.482529
positives,208,104,0.4,False,,,,,,,0.479653
positives,208,104,0.5,True,0.55,0.9863,0.479653,False,0.482529,False,0.479653
positives,208,104,0.55,True,0.55,0.9863,0.479653,False,0.482529,False,0.479653
positives,208,104,0.6,True,0.55,0.9863,0.479653,False,0.482529,False,0.479653
shipped,208,105,0.4,False,,,,,,,0.46518
shipped,208,105,0.5,False,,,,,,,0.46518
shipped,208,105,0.55,False,,,,,,,0.46518
shipped,208,105,0.6,False,,,,,,,0.46518
positives,208,105,0.4,False,,,,,,,0.46603
positives,208,105,0.5,False,,,,,,,0.46603
positives,208,105,0.55,True,0.55,0.9864,0.46603,False,0.46518,False,0.46603
positives,208,105,0.6,True,0.55,0.9864,0.46603,False,0.46518,False,0.46603
shipped,208,106,0.4,False,,,,,,,0.406618
shipped,208,106,0.5,False,,,,,,,0.406618
shipped,208,106,0.55,False,,,,,,,0.406618
shipped,208,106,0.6,True,0.55,0.9844,0.406618,False,0.400958,False,0.406618
positives,208,106,0.4,False,,,,,,,0.400958
positives,208,106,0.5,True,0.55,0.9844,0.400958,False,0.406618,False,0.400958
positives,208,106,0.55,True,0.55,0.9844,0.400958,False,0.406618,False,0.400958
positives,208,106,0.6,True,0.55,0.9844,0.400958,False,0.406618,False,0.400958
shipped,208,107,0.4,False,,,,,,,0.445109
shipped,208,107,0.5,False,,,,,,,0.445109
shipped,208,107,0.55,False,,,,,,,0.445109
shipped,208,107,0.6,False,,,,,,,0.445109
positives,208,107,0.4,False,,,,,,,0.443193
positives,208,107,0.5,True,0.55,0.9851,0.443193,False,0.445109,False,0.443193
positives,208,107,0.55,True,0.55,0.9851,0.443193,False,0.445109,False,0.443193
positives,208,107,0.6,True,0.55,0.9851,0.443193,False,0.445109,False,0.443193
shipped,208,108,0.4,False,,,,,,,0.465339
shipped,208,108,0.5,False,,,,,,,0.465339
shipped,208,108,0.55,False,,,,,,,0.465339
shipped,208,108,0.6,False,,,,,,,0.465339
positives,208,108,0.4,False,,,,,,,0.463915
positives,208,108,0.5,True,0.55,0.9854,0.463915,False,0.465339,False,0.463915
positives,208,108,0.55,True,0.55,0.9854,0.463915,False,0.465339,False,0.463915
positives,208,108,0.6,True,0.55,0.9854,0.463915,False,0.465339,False,0.463915
shipped,208,109,0.4,False,,,,,,,0.427347
shipped,208,109,0.5,False,,,,,,,0.427347
shipped,208,109,0.55,False,,,,,,,0.427347
shipped,208,109,0.6,False,,,,,,,0.427347
positives,208,109,0.4,False,,,,,,,0.43029
positives,208,109,0.5,True,0.55,0.9846,0.43029,False,0.427347,False,0.43029
positives,208,109,0.55,True,0.55,0.9846,0.43029,False,0.427347,False,0.43029
positives,208,109,0.6,True,0.55,0.9846,0.43029,False,0.427347,False,0.43029
shipped,208,110,0.4,False,,,,,,,0.474255
shipped,208,110,0.5,False,,,,,,,0.474255
shipped,208,110,0.55,False,,,,,,,0.474255
shipped,208,110,0.6,False,,,,,,,0.474255
positives,208,110,0.4,False,,,,,,,0.471649
positives,208,110,0.5,False,,,,,,,0.471649
positives,208,110,0.55,True,0.55,0.9856,0.471649,False,0.474255,False,0.471649
positives,208,110,0.6,True,0.55,0.9856,0.471649,False,0.474255,False,0.471649
shipped,208,111,0.4,False,,,,,,,0.45757
shipped,208,111,0.5,False,,,,,,,0.45757
shipped,208,111,0.55,False,,,,,,,0.45757
shipped,208,111,0.6,False,,,,,,,0.45757
positives,208,111,0.4,False,,,,,,,0.457648
positives,208,111,0.5,True,0.55,0.9851,0.457648,False,0.45757,False,0.457648
positives,208,111,0.55,True,0.55,0.9851,0.457648,False,0.45757,False,0.457648
positives,208,111,0.6,True,0.55,0.9851,0.457648,False,0.45757,False,0.457648
shipped,208,112,0.4,False,,,,,,,0.446452
shipped,208,112,0.5,False,,,,,,,0.446452
shipped,208,112,0.55,False,,,,,,,0.446452
shipped,208,112,0.6,False,,,,,,,0.446452
positives,208,112,0.4,False,,,,,,,0.448491
positives,208,112,0.5,True,0.55,0.9851,0.448491,False,0.446452,False,0.448491
positives,208,112,0.55,True,0.55,0.9851,0.448491,False,0.446452,False,0.448491
positives,208,112,0.6,True,0.55,0.9851,0.448491,False,0.446452,False,0.448491
shipped,208,113,0.4,False,,,,,,,0.46353
shipped,208,113,0.5,False,,,,,,,0.46353
shipped,208,113,0.55,False,,,,,,,0.46353
shipped,208,113,0.6,False,,,,,,,0.46353
positives,208,113,0.4,False,,,,,,,0.462004
positives,208,113,0.5,True,0.55,0.9857,0.462004,False,0.46353,False,0.462004
positives,208,113,0.55,True,0.55,0.9857,0.462004,False,0.46353,False,0.462004
positives,208,113,0.6,True,0.55,0.9857,0.462004,False,0.46353,False,0.462004
shipped,208,114,0.4,False,,,,,,,0.446381
shipped,208,114,0.5,False,,,,,,,0.446381
shipped,208,114,0.55,False,,,,,,,0.446381
shipped,208,114,0.6,False,,,,,,,0.446381
positives,208,114,0.4,False,,,,,,,0.445263
positives,208,114,0.5,True,0.55,0.9847,0.445263,False,0.446381,False,0.445263
positives,208,114,0.55,True,0.55,0.9847,0.445263,False,0.446381,False,0.445263
positives,208,114,0.6,True,0.55,0.9847,0.445263,False,0.446381,False,0.445263
shipped,208,115,0.4,False,,,,,,,0.464491
shipped,208,115,0.5,False,,,,,,,0.464491
shipped,208,115,0.55,False,,,,,,,0.464491
shipped,208,115,0.6,False,,,,,,,0.464491
positives,208,115,0.4,False,,,,,,,0.459007
positives,208,115,0.5,False,,,,,,,0.459007
positives,208,115,0.55,True,0.55,0.9854,0.459007,False,0.464491,False,0.459007
positives,208,115,0.6,True,0.55,0.9854,0.459007,False,0.464491,False,0.459007
shipped,208,116,0.4,False,,,,,,,0.429428
shipped,208,116,0.5,False,,,,,,,0.429428
shipped,208,116,0.55,False,,,,,,,0.429428
shipped,208,116,0.6,False,,,,,,,0.429428
positives,208,116,0.4,False,,,,,,,0.428871
positives,208,116,0.5,True,0.55,0.9845,0.428871,False,0.429428,False,0.428871
positives,208,116,0.55,True,0.55,0.9845,0.428871,False,0.429428,False,0.428871
positives,208,116,0.6,True,0.55,0.9845,0.428871,False,0.429428,False,0.428871
shipped,208,117,0.4,False,,,,,,,0.468494
shipped,208,117,0.5,False,,,,,,,0.468494
shipped,208,117,0.55,False,,,,,,,0.468494
shipped,208,117,0.6,False,,,,,,,0.468494
positives,208,117,0.4,False,,,,,,,0.467335
positives,208,117,0.5,True,0.71,0.9334,0.456794,False,0.458949,False,0.467335
positives,208,117,0.55,True,0.55,0.9853,0.467335,False,0.468494,False,0.467335
positives,208,117,0.6,True,0.55,0.9853,0.467335,False,0.468494,False,0.467335
shipped,208,118,0.4,False,,,,,,,0.439727
shipped,208,118,0.5,False,,,,,,,0.439727
shipped,208,118,0.55,False,,,,,,,0.439727
shipped,208,118,0.6,False,,,,,,,0.439727
positives,208,118,0.4,False,,,,,,,0.438464
positives,208,118,0.5,True,0.55,0.9848,0.438464,False,0.439727,False,0.438464
positives,208,118,0.55,True,0.55,0.9848,0.438464,False,0.439727,False,0.438464
positives,208,118,0.6,True,0.55,0.9848,0.438464,False,0.439727,False,0.438464
shipped,208,119,0.4,False,,,,,,,0.451869
shipped,208,119,0.5,False,,,,,,,0.451869
shipped,208,119,0.55,False,,,,,,,0.451869
shipped,208,119,0.6,False,,,,,,,0.451869
positives,208,119,0.4,False,,,,,,,0.448875
positives,208,119,0.5,True,0.55,0.9855,0.448875,False,0.451869,False,0.448875
positives,208,119,0.55,True,0.55,0.9855,0.448875,False,0.451869,False,0.448875
positives,208,119,0.6,True,0.55,0.9855,0.448875,False,0.451869,False,0.448875
shipped,208,120,0.4,False,,,,,,,0.446441
shipped,208,120,0.5,False,,,,,,,0.446441
shipped,208,120,0.55,False,,,,,,,0.446441
shipped,208,120,0.6,False,,,,,,,0.446441
positives,208,120,0.4,False,,,,,,,0.44523
positives,208,120,0.5,True,0.77,0.9088,0.434246,False,0.436856,False,0.44523
positives,208,120,0.55,True,0.55,0.9856,0.44523,False,0.446441,False,0.44523
positives,208,120,0.6,True,0.55,0.9856,0.44523,False,0.446441,False,0.44523
shipped,208,121,0.4,False,,,,,,,0.462001
shipped,208,121,0.5,False,,,,,,,0.462001
shipped,208,121,0.55,False,,,,,,,0.462001
shipped,208,121,0.6,False,,,,,,,0.462001
positives,208,121,0.4,False,,,,,,,0.461202
positives,208,121,0.5,False,,,,,,,0.461202
positives,208,121,0.55,True,0.55,0.9851,0.461202,False,0.462001,False,0.461202
positives,208,121,0.6,True,0.55,0.9851,0.461202,False,0.462001,False,0.461202
shipped,208,122,0.4,False,,,,,,,0.44466
shipped,208,122,0.5,False,,,,,,,0.44466
shipped,208,122,0.55,False,,,,,,,0.44466
shipped,208,122,0.6,False,,,,,,,0.44466
positives,208,122,0.4,False,,,,,,,0.446669
positives,208,122,0.5,True,0.55,0.9851,0.446669,False,0.44466,False,0.446669
positives,208,122,0.55,True,0.55,0.9851,0.446669,False,0.44466,False,0.446669
positives,208,122,0.6,True,0.55,0.9851,0.446669,False,0.44466,False,0.446669
shipped,208,123,0.4,False,,,,,,,0.435546
shipped,208,123,0.5,False,,,,,,,0.435546
shipped,208,123,0.55,False,,,,,,,0.435546
shipped,208,123,0.6,False,,,,,,,0.435546
positives,208,123,0.4,False,,,,,,,0.435516
positives,208,123,0.5,True,0.65,0.9504,0.426911,False,0.425598,False,0.435516
positives,208,123,0.55,True,0.55,0.9846,0.435516,False,0.435546,False,0.435516
positives,208,123,0.6,True,0.55,0.9846,0.435516,False,0.435546,False,0.435516
shipped,208,124,0.4,False,,,,,,,0.464007
shipped,208,124,0.5,False,,,,,,,0.464007
shipped,208,124,0.55,False,,,,,,,0.464007
shipped,208,124,0.6,False,,,,,,,0.464007
positives,208,124,0.4,False,,,,,,,0.462198
positives,208,124,0.5,False,,,,,,,0.462198
positives,208,124,0.55,True,0.55,0.9845,0.462198,False,0.464007,False,0.462198
positives,208,124,0.6,True,0.55,0.9845,0.462198,False,0.464007,False,0.462198
shipped,208,125,0.4,False,,,,,,,0.455191
shipped,208,125,0.5,False,,,,,,,0.455191
shipped,208,125,0.55,False,,,,,,,0.455191
shipped,208,125,0.6,False,,,,,,,0.455191
positives,208,125,0.4,False,,,,,,,0.451196
positives,208,125,0.5,True,0.55,0.9854,0.451196,False,0.455191,False,0.451196
positives,208,125,0.55,True,0.55,0.9854,0.451196,False,0.455191,False,0.451196
positives,208,125,0.6,True,0.55,0.9854,0.451196,False,0.455191,False,0.451196
shipped,208,126,0.4,False,,,,,,,0.447875
shipped,208,126,0.5,False,,,,,,,0.447875
shipped,208,126,0.55,False,,,,,,,0.447875
shipped,208,126,0.6,False,,,,,,,0.447875
positives,208,126,0.4,False,,,,,,,0.450807
positives,208,126,0.5,True,0.55,0.9847,0.450807,False,0.447875,False,0.450807
positives,208,126,0.55,True,0.55,0.9847,0.450807,False,0.447875,False,0.450807
positives,208,126,0.6,True,0.55,0.9847,0.450807,False,0.447875,False,0.450807
shipped,208,127,0.4,False,,,,,,,0.424422
shipped,208,127,0.5,False,,,,,,,0.424422
shipped,208,127,0.55,False,,,,,,,0.424422
shipped,208,127,0.6,False,,,,,,,0.424422
positives,208,127,0.4,False,,,,,,,0.425721
positives,208,127,0.5,True,0.55,0.9836,0.425721,False,0.424422,False,0.425721
positives,208,127,0.55,True,0.55,0.9836,0.425721,False,0.424422,False,0.425721
positives,208,127,0.6,True,0.55,0.9836,0.425721,False,0.424422,False,0.425721
shipped,208,128,0.4,False,,,,,,,0.43123
shipped,208,128,0.5,False,,,,,,,0.43123
shipped,208,128,0.55,False,,,,,,,0.43123
shipped,208,128,0.6,False,,,,,,,0.43123
positives,208,128,0.4,False,,,,,,,0.428061
positives,208,128,0.5,True,0.55,0.9839,0.428061,False,0.43123,False,0.428061
positives,208,128,0.55,True,0.55,0.9839,0.428061,False,0.43123,False,0.428061
positives,208,128,0.6,True,0.55,0.9839,0.428061,False,0.43123,False,0.428061
shipped,208,129,0.4,False,,,,,,,0.44736
shipped,208,129,0.5,False,,,,,,,0.44736
shipped,208,129,0.55,False,,,,,,,0.44736
shipped,208,129,0.6,False,,,,,,,0.44736
positives,208,129,0.4,False,,,,,,,0.446352
positives,208,129,0.5,True,0.55,0.9847,0.446352,False,0.44736,False,0.446352
positives,208,129,0.55,True,0.55,0.9847,0.446352,False,0.44736,False,0.446352
positives,208,129,0.6,True,0.55,0.9847,0.446352,False,0.44736,False,0.446352
shipped,208,130,0.4,False,,,,,,,0.450625
shipped,208,130,0.5,False,,,,,,,0.450625
shipped,208,130,0.55,False,,,,,,,0.450625
shipped,208,130,0.6,False,,,,,,,0.450625
positives,208,130,0.4,False,,,,,,,0.443749
positives,208,130,0.5,True,0.55,0.9841,0.443749,False,0.450625,False,0.443749
positives,208,130,0.55,True,0.55,0.9841,0.443749,False,0.450625,False,0.443749
positives,208,130,0.6,True,0.55,0.9841,0.443749,False,0.450625,False,0.443749
shipped,208,131,0.4,False,,,,,,,0.431474
shipped,208,131,0.5,False,,,,,,,0.431474
shipped,208,131,0.55,False,,,,,,,0.431474
shipped,208,131,0.6,False,,,,,,,0.431474
positives,208,131,0.4,False,,,,,,,0.430191
positives,208,131,0.5,True,0.55,0.9836,0.430191,False,0.431474,False,0.430191
positives,208,131,0.55,True,0.55,0.9836,0.430191,False,0.431474,False,0.430191
positives,208,131,0.6,True,0.55,0.9836,0.430191,False,0.431474,False,0.430191
shipped,208,132,0.4,False,,,,,,,0.44846
shipped,208,132,0.5,False,,,,,,,0.44846
shipped,208,132,0.55,False,,,,,,,0.44846
shipped,208,132,0.6,False,,,,,,,0.44846
positives,208,132,0.4,False,,,,,,,0.450898
positives,208,132,0.5,True,0.55,0.9861,0.450898,False,0.44846,False,0.450898
positives,208,132,0.55,True,0.55,0.9861,0.450898,False,0.44846,False,0.450898
positives,208,132,0.6,True,0.55,0.9861,0.450898,False,0.44846,False,0.450898
shipped,208,133,0.4,False,,,,,,,0.460808
shipped,208,133,0.5,False,,,,,,,0.460808
shipped,208,133,0.55,False,,,,,,,0.460808
shipped,208,133,0.6,False,,,,,,,0.460808
positives,208,133,0.4,False,,,,,,,0.462148
positives,208,133,0.5,False,,,,,,,0.462148
positives,208,133,0.55,True,0.55,0.9847,0.462148,False,0.460808,False,0.462148
positives,208,133,0.6,True,0.55,0.9847,0.462148,False,0.460808,False,0.462148
shipped,208,134,0.4,False,,,,,,,0.435279
shipped,208,134,0.5,False,,,,,,,0.435279
shipped,208,134,0.55,False,,,,,,,0.435279
shipped,208,134,0.6,False,,,,,,,0.435279
positives,208,134,0.4,False,,,,,,,0.43454
positives,208,134,0.5,True,0.55,0.985,0.43454,False,0.435279,False,0.43454
positives,208,134,0.55,True,0.55,0.985,0.43454,False,0.435279,False,0.43454
positives,208,134,0.6,True,0.55,0.985,0.43454,False,0.435279,False,0.43454
shipped,208,135,0.4,False,,,,,,,0.452136
shipped,208,135,0.5,False,,,,,,,0.452136
shipped,208,135,0.55,False,,,,,,,0.452136
shipped,208,135,0.6,False,,,,,,,0.452136
positives,208,135,0.4,False,,,,,,,0.454878
positives,208,135,0.5,True,0.55,0.9852,0.454878,False,0.452136,False,0.454878
positives,208,135,0.55,True,0.55,0.9852,0.454878,False,0.452136,False,0.454878
positives,208,135,0.6,True,0.55,0.9852,0.454878,False,0.452136,False,0.454878
shipped,208,136,0.4,False,,,,,,,0.456679
shipped,208,136,0.5,False,,,,,,,0.456679
shipped,208,136,0.55,False,,,,,,,0.456679
shipped,208,136,0.6,False,,,,,,,0.456679
positives,208,136,0.4,False,,,,,,,0.453311
positives,208,136,0.5,True,0.55,0.9854,0.453311,False,0.456679,False,0.453311
positives,208,136,0.55,True,0.55,0.9854,0.453311,False,0.456679,False,0.453311
positives,208,136,0.6,True,0.55,0.9854,0.453311,False,0.456679,False,0.453311
shipped,208,137,0.4,False,,,,,,,0.445705
shipped,208,137,0.5,False,,,,,,,0.445705
shipped,208,137,0.55,False,,,,,,,0.445705
shipped,208,137,0.6,False,,,,,,,0.445705
positives,208,137,0.4,False,,,,,,,0.439493
positives,208,137,0.5,True,0.55,0.9846,0.439493,False,0.445705,False,0.439493
positives,208,137,0.55,True,0.55,0.9846,0.439493,False,0.445705,False,0.439493
positives,208,137,0.6,True,0.55,0.9846,0.439493,False,0.445705,False,0.439493
shipped,208,138,0.4,False,,,,,,,0.46245
shipped,208,138,0.5,False,,,,,,,0.46245
shipped,208,138,0.55,False,,,,,,,0.46245
shipped,208,138,0.6,False,,,,,,,0.46245
positives,208,138,0.4,False,,,,,,,0.462123
positives,208,138,0.5,True,0.55,0.9857,0.462123,False,0.46245,False,0.462123
positives,208,138,0.55,True,0.55,0.9857,0.462123,False,0.46245,False,0.462123
positives,208,138,0.6,True,0.55,0.9857,0.462123,False,0.46245,False,0.462123
shipped,208,139,0.4,False,,,,,,,0.445767
shipped,208,139,0.5,False,,,,,,,0.445767
shipped,208,139,0.55,False,,,,,,,0.445767
shipped,208,139,0.6,False,,,,,,,0.445767
positives,208,139,0.4,False,,,,,,,0.445893
positives,208,139,0.5,True,0.55,0.9848,0.445893,False,0.445767,False,0.445893
positives,208,139,0.55,True,0.55,0.9848,0.445893,False,0.445767,False,0.445893
positives,208,139,0.6,True,0.55,0.9848,0.445893,False,0.445767,False,0.445893
shipped,208,140,0.4,False,,,,,,,0.477438
shipped,208,140,0.5,False,,,,,,,0.477438
shipped,208,140,0.55,False,,,,,,,0.477438
shipped,208,140,0.6,False,,,,,,,0.477438
positives,208,140,0.4,False,,,,,,,0.477856
positives,208,140,0.5,False,,,,,,,0.477856
positives,208,140,0.55,True,0.55,0.9855,0.477856,False,0.477438,False,0.477856
positives,208,140,0.6,True,0.55,0.9855,0.477856,False,0.477438,False,0.477856
shipped,208,141,0.4,False,,,,,,,0.46482
shipped,208,141,0.5,False,,,,,,,0.46482
shipped,208,141,0.55,False,,,,,,,0.46482
shipped,208,141,0.6,False,,,,,,,0.46482
positives,208,141,0.4,False,,,,,,,0.463275
positives,208,141,0.5,False,,,,,,,0.463275
positives,208,141,0.55,True,0.55,0.9855,0.463275,False,0.46482,False,0.463275
positives,208,141,0.6,True,0.55,0.9855,0.463275,False,0.46482,False,0.463275
shipped,208,142,0.4,False,,,,,,,0.448086
shipped,208,142,0.5,False,,,,,,,0.448086
shipped,208,142,0.55,False,,,,,,,0.448086
shipped,208,142,0.6,False,,,,,,,0.448086
positives,208,142,0.4,False,,,,,,,0.44913
positives,208,142,0.5,True,0.55,0.985,0.44913,False,0.448086,False,0.44913
positives,208,142,0.55,True,0.55,0.985,0.44913,False,0.448086,False,0.44913
positives,208,142,0.6,True,0.55,0.985,0.44913,False,0.448086,False,0.44913
shipped,208,143,0.4,False,,,,,,,0.447472
shipped,208,143,0.5,False,,,,,,,0.447472
shipped,208,143,0.55,False,,,,,,,0.447472
shipped,208,143,0.6,False,,,,,,,0.447472
positives,208,143,0.4,False,,,,,,,0.451236
positives,208,143,0.5,True,0.55,0.9849,0.451236,False,0.447472,False,0.451236
positives,208,143,0.55,True,0.55,0.9849,0.451236,False,0.447472,False,0.451236
positives,208,143,0.6,True,0.55,0.9849,0.451236,False,0.447472,False,0.451236
shipped,208,144,0.4,False,,,,,,,0.453934
shipped,208,144,0.5,False,,,,,,,0.453934
shipped,208,144,0.55,False,,,,,,,0.453934
shipped,208,144,0.6,False,,,,,,,0.453934
positives,208,144,0.4,False,,,,,,,0.451678
positives,208,144,0.5,True,0.55,0.9851,0.451678,False,0.453934,False,0.451678
positives,208,144,0.55,True,0.55,0.9851,0.451678,False,0.453934,False,0.451678
positives,208,144,0.6,True,0.55,0.9851,0.451678,False,0.453934,False,0.451678
shipped,208,145,0.4,False,,,,,,,0.451004
shipped,208,145,0.5,False,,,,,,,0.451004
shipped,208,145,0.55,False,,,,,,,0.451004
shipped,208,145,0.6,False,,,,,,,0.451004
positives,208,145,0.4,False,,,,,,,0.446716
positives,208,145,0.5,True,0.55,0.9853,0.446716,False,0.451004,False,0.446716
positives,208,145,0.55,True,0.55,0.9853,0.446716,False,0.451004,False,0.446716
positives,208,145,0.6,True,0.55,0.9853,0.446716,False,0.451004,False,0.446716
shipped,208,146,0.4,False,,,,,,,0.502263
shipped,208,146,0.5,False,,,,,,,0.502263
shipped,208,146,0.55,False,,,,,,,0.502263
shipped,208,146,0.6,False,,,,,,,0.502263
positives,208,146,0.4,False,,,,,,,0.500919
positives,208,146,0.5,False,,,,,,,0.500919
positives,208,146,0.55,True,0.55,0.987,0.500919,False,0.502263,False,0.500919
positives,208,146,0.6,True,0.55,0.987,0.500919,False,0.502263,False,0.500919
shipped,208,147,0.4,False,,,,,,,0.483017
shipped,208,147,0.5,False,,,,,,,0.483017
shipped,208,147,0.55,False,,,,,,,0.483017
shipped,208,147,0.6,False,,,,,,,0.483017
positives,208,147,0.4,False,,,,,,,0.483883
positives,208,147,0.5,False,,,,,,,0.483883
positives,208,147,0.55,True,0.55,0.9849,0.483883,False,0.483017,False,0.483883
positives,208,147,0.6,True,0.55,0.9849,0.483883,False,0.483017,False,0.483883
shipped,208,148,0.4,False,,,,,,,0.464851
shipped,208,148,0.5,False,,,,,,,0.464851
shipped,208,148,0.55,False,,,,,,,0.464851
shipped,208,148,0.6,False,,,,,,,0.464851
positives,208,148,0.4,False,,,,,,,0.461745
positives,208,148,0.5,True,0.55,0.9852,0.461745,False,0.464851,False,0.461745
positives,208,148,0.55,True,0.55,0.9852,0.461745,False,0.464851,False,0.461745
positives,208,148,0.6,True,0.55,0.9852,0.461745,False,0.464851,False,0.461745
shipped,208,149,0.4,False,,,,,,,0.442272
shipped,208,149,0.5,False,,,,,,,0.442272
shipped,208,149,0.55,False,,,,,,,0.442272
shipped,208,149,0.6,False,,,,,,,0.442272
positives,208,149,0.4,False,,,,,,,0.441511
positives,208,149,0.5,True,0.55,0.985,0.441511,False,0.442272,False,0.441511
positives,208,149,0.55,True,0.55,0.985,0.441511,False,0.442272,False,0.441511
positives,208,149,0.6,True,0.55,0.985,0.441511,False,0.442272,False,0.441511
shipped,208,150,0.4,False,,,,,,,0.457066
shipped,208,150,0.5,False,,,,,,,0.457066
shipped,208,150,0.55,False,,,,,,,0.457066
shipped,208,150,0.6,False,,,,,,,0.457066
positives,208,150,0.4,False,,,,,,,0.459498
positives,208,150,0.5,False,,,,,,,0.459498
positives,208,150,0.55,True,0.55,0.9846,0.459498,False,0.457066,False,0.459498
positives,208,150,0.6,True,0.55,0.9846,0.459498,False,0.457066,False,0.459498
shipped,208,151,0.4,False,,,,,,,0.478303
shipped,208,151,0.5,False,,,,,,,0.478303
shipped,208,151,0.55,False,,,,,,,0.478303
shipped,208,151,0.6,False,,,,,,,0.478303
positives,208,151,0.4,False,,,,,,,0.474295
positives,208,151,0.5,False,,,,,,,0.474295
positives,208,151,0.55,True,0.55,0.9856,0.474295,False,0.478303,False,0.474295
positives,208,151,0.6,True,0.55,0.9856,0.474295,False,0.478303,False,0.474295
shipped,208,152,0.4,False,,,,,,,0.44872
shipped,208,152,0.5,False,,,,,,,0.44872
shipped,208,152,0.55,False,,,,,,,0.44872
shipped,208,152,0.6,False,,,,,,,0.44872
positives,208,152,0.4,False,,,,,,,0.447431
positives,208,152,0.5,True,0.55,0.9846,0.447431,False,0.44872,False,0.447431
positives,208,152,0.55,True,0.55,0.9846,0.447431,False,0.44872,False,0.447431
positives,208,152,0.6,True,0.55,0.9846,0.447431,False,0.44872,False,0.447431
shipped,208,153,0.4,False,,,,,,,0.406844
shipped,208,153,0.5,False,,,,,,,0.406844
shipped,208,153,0.55,False,,,,,,,0.406844
shipped,208,153,0.6,False,,,,,,,0.406844
positives,208,153,0.4,False,,,,,,,0.409594
positives,208,153,0.5,True,0.55,0.9835,0.409594,False,0.406844,False,0.409594
positives,208,153,0.55,True,0.55,0.9835,0.409594,False,0.406844,False,0.409594
positives,208,153,0.6,True,0.55,0.9835,0.409594,False,0.406844,False,0.409594
shipped,208,154,0.4,False,,,,,,,0.434902
shipped,208,154,0.5,False,,,,,,,0.434902
shipped,208,154,0.55,False,,,,,,,0.434902
shipped,208,154,0.6,False,,,,,,,0.434902
positives,208,154,0.4,False,,,,,,,0.432216
positives,208,154,0.5,True,0.55,0.9846,0.432216,False,0.434902,False,0.432216
positives,208,154,0.55,True,0.55,0.9846,0.432216,False,0.434902,False,0.432216
positives,208,154,0.6,True,0.55,0.9846,0.432216,False,0.434902,False,0.432216
shipped,208,155,0.4,False,,,,,,,0.439957
shipped,208,155,0.5,False,,,,,,,0.439957
shipped,208,155,0.55,False,,,,,,,0.439957
shipped,208,155,0.6,False,,,,,,,0.439957
positives,208,155,0.4,False,,,,,,,0.436996
positives,208,155,0.5,True,0.55,0.9851,0.436996,False,0.439957,False,0.436996
positives,208,155,0.55,True,0.55,0.9851,0.436996,False,0.439957,False,0.436996
positives,208,155,0.6,True,0.55,0.9851,0.436996,False,0.439957,False,0.436996
shipped,208,156,0.4,False,,,,,,,0.447801
shipped,208,156,0.5,False,,,,,,,0.447801
shipped,208,156,0.55,False,,,,,,,0.447801
shipped,208,156,0.6,False,,,,,,,0.447801
positives,208,156,0.4,False,,,,,,,0.447
positives,208,156,0.5,True,0.55,0.985,0.447,False,0.447801,False,0.447
positives,208,156,0.55,True,0.55,0.985,0.447,False,0.447801,False,0.447
positives,208,156,0.6,True,0.55,0.985,0.447,False,0.447801,False,0.447
shipped,208,157,0.4,False,,,,,,,0.424151
shipped,208,157,0.5,False,,,,,,,0.424151
shipped,208,157,0.55,False,,,,,,,0.424151
shipped,208,157,0.6,False,,,,,,,0.424151
positives,208,157,0.4,False,,,,,,,0.424325
positives,208,157,0.5,True,0.55,0.9843,0.424325,False,0.424151,False,0.424325
positives,208,157,0.55,True,0.55,0.9843,0.424325,False,0.424151,False,0.424325
positives,208,157,0.6,True,0.55,0.9843,0.424325,False,0.424151,False,0.424325
shipped,208,158,0.4,False,,,,,,,0.459106
shipped,208,158,0.5,False,,,,,,,0.459106
shipped,208,158,0.55,False,,,,,,,0.459106
shipped,208,158,0.6,False,,,,,,,0.459106
positives,208,158,0.4,False,,,,,,,0.464783
positives,208,158,0.5,True,0.55,0.986,0.464783,False,0.459106,False,0.464783
positives,208,158,0.55,True,0.55,0.986,0.464783,False,0.459106,False,0.464783
positives,208,158,0.6,True,0.55,0.986,0.464783,False,0.459106,False,0.464783
shipped,208,159,0.4,False,,,,,,,0.456673
shipped,208,159,0.5,False,,,,,,,0.456673
shipped,208,159,0.55,False,,,,,,,0.456673
shipped,208,159,0.6,False,,,,,,,0.456673
positives,208,159,0.4,False,,,,,,,0.453765
positives,208,159,0.5,True,0.55,0.9846,0.453765,False,0.456673,False,0.453765
positives,208,159,0.55,True,0.55,0.9846,0.453765,False,0.456673,False,0.453765
positives,208,159,0.6,True,0.55,0.9846,0.453765,False,0.456673,False,0.453765
shipped,208,160,0.4,False,,,,,,,0.444723
shipped,208,160,0.5,False,,,,,,,0.444723
shipped,208,160,0.55,False,,,,,,,0.444723
shipped,208,160,0.6,False,,,,,,,0.444723
positives,208,160,0.4,False,,,,,,,0.441462
positives,208,160,0.5,True,0.55,0.9842,0.441462,False,0.444723,False,0.441462
positives,208,160,0.55,True,0.55,0.9842,0.441462,False,0.444723,False,0.441462
positives,208,160,0.6,True,0.55,0.9842,0.441462,False,0.444723,False,0.441462
shipped,208,161,0.4,False,,,,,,,0.464658
shipped,208,161,0.5,False,,,,,,,0.464658
shipped,208,161,0.55,False,,,,,,,0.464658
shipped,208,161,0.6,False,,,,,,,0.464658
positives,208,161,0.4,False,,,,,,,0.463488
positives,208,161,0.5,False,,,,,,,0.463488
positives,208,161,0.55,True,0.55,0.9854,0.463488,False,0.464658,False,0.463488
positives,208,161,0.6,True,0.55,0.9854,0.463488,False,0.464658,False,0.463488
shipped,208,162,0.4,False,,,,,,,0.447401
shipped,208,162,0.5,False,,,,,,,0.447401
shipped,208,162,0.55,False,,,,,,,0.447401
shipped,208,162,0.6,False,,,,,,,0.447401
positives,208,162,0.4,False,,,,,,,0.448116
positives,208,162,0.5,True,0.55,0.9843,0.448116,False,0.447401,False,0.448116
positives,208,162,0.55,True,0.55,0.9843,0.448116,False,0.447401,False,0.448116
positives,208,162,0.6,True,0.55,0.9843,0.448116,False,0.447401,False,0.448116
shipped,208,163,0.4,False,,,,,,,0.452829
shipped,208,163,0.5,False,,,,,,,0.452829
shipped,208,163,0.55,False,,,,,,,0.452829
shipped,208,163,0.6,False,,,,,,,0.452829
positives,208,163,0.4,False,,,,,,,0.451825
positives,208,163,0.5,True,0.55,0.9851,0.451825,False,0.452829,False,0.451825
positives,208,163,0.55,True,0.55,0.9851,0.451825,False,0.452829,False,0.451825
positives,208,163,0.6,True,0.55,0.9851,0.451825,False,0.452829,False,0.451825
shipped,208,164,0.4,False,,,,,,,0.441636
shipped,208,164,0.5,False,,,,,,,0.441636
shipped,208,164,0.55,False,,,,,,,0.441636
shipped,208,164,0.6,False,,,,,,,0.441636
positives,208,164,0.4,False,,,,,,,0.441241
positives,208,164,0.5,True,0.55,0.9853,0.441241,False,0.441636,False,0.441241
positives,208,164,0.55,True,0.55,0.9853,0.441241,False,0.441636,False,0.441241
positives,208,164,0.6,True,0.55,0.9853,0.441241,False,0.441636,False,0.441241
shipped,208,165,0.4,False,,,,,,,0.44923
shipped,208,165,0.5,False,,,,,,,0.44923
shipped,208,165,0.55,False,,,,,,,0.44923
shipped,208,165,0.6,False,,,,,,,0.44923
positives,208,165,0.4,False,,,,,,,0.446634
positives,208,165,0.5,True,0.55,0.9841,0.446634,False,0.44923,False,0.446634
positives,208,165,0.55,True,0.55,0.9841,0.446634,False,0.44923,False,0.446634
positives,208,165,0.6,True,0.55,0.9841,0.446634,False,0.44923,False,0.446634
shipped,208,166,0.4,False,,,,,,,0.428286
shipped,208,166,0.5,False,,,,,,,0.428286
shipped,208,166,0.55,False,,,,,,,0.428286
shipped,208,166,0.6,False,,,,,,,0.428286
positives,208,166,0.4,False,,,,,,,0.42834
positives,208,166,0.5,True,0.55,0.9839,0.42834,False,0.428286,False,0.42834
positives,208,166,0.55,True,0.55,0.9839,0.42834,False,0.428286,False,0.42834
positives,208,166,0.6,True,0.55,0.9839,0.42834,False,0.428286,False,0.42834
shipped,208,167,0.4,False,,,,,,,0.431937
shipped,208,167,0.5,False,,,,,,,0.431937
shipped,208,167,0.55,False,,,,,,,0.431937
shipped,208,167,0.6,False,,,,,,,0.431937
positives,208,167,0.4,False,,,,,,,0.433309
positives,208,167,0.5,True,0.55,0.9842,0.433309,False,0.431937,False,0.433309
positives,208,167,0.55,True,0.55,0.9842,0.433309,False,0.431937,False,0.433309
positives,208,167,0.6,True,0.55,0.9842,0.433309,False,0.431937,False,0.433309
shipped,208,168,0.4,False,,,,,,,0.462299
shipped,208,168,0.5,False,,,,,,,0.462299
shipped,208,168,0.55,False,,,,,,,0.462299
shipped,208,168,0.6,False,,,,,,,0.462299
positives,208,168,0.4,False,,,,,,,0.463144
positives,208,168,0.5,True,0.55,0.9851,0.463144,False,0.462299,False,0.463144
positives,208,168,0.55,True,0.55,0.9851,0.463144,False,0.462299,False,0.463144
positives,208,168,0.6,True,0.55,0.9851,0.463144,False,0.462299,False,0.463144
shipped,208,169,0.4,False,,,,,,,0.456105
shipped,208,169,0.5,False,,,,,,,0.456105
shipped,208,169,0.55,False,,,,,,,0.456105
shipped,208,169,0.6,False,,,,,,,0.456105
positives,208,169,0.4,False,,,,,,,0.456664
positives,208,169,0.5,True,0.55,0.9855,0.456664,False,0.456105,False,0.456664
positives,208,169,0.55,True,0.55,0.9855,0.456664,False,0.456105,False,0.456664
positives,208,169,0.6,True,0.55,0.9855,0.456664,False,0.456105,False,0.456664
shipped,208,170,0.4,False,,,,,,,0.456774
shipped,208,170,0.5,False,,,,,,,0.456774
shipped,208,170,0.55,False,,,,,,,0.456774
shipped,208,170,0.6,False,,,,,,,0.456774
positives,208,170,0.4,False,,,,,,,0.455776
positives,208,170,0.5,False,,,,,,,0.455776
positives,208,170,0.55,True,0.55,0.985,0.455776,False,0.456774,False,0.455776
positives,208,170,0.6,True,0.55,0.985,0.455776,False,0.456774,False,0.455776
shipped,208,171,0.4,False,,,,,,,0.447811
shipped,208,171,0.5,False,,,,,,,0.447811
shipped,208,171,0.55,False,,,,,,,0.447811
shipped,208,171,0.6,False,,,,,,,0.447811
positives,208,171,0.4,False,,,,,,,0.448647
positives,208,171,0.5,True,0.55,0.985,0.448647,False,0.447811,False,0.448647
positives,208,171,0.55,True,0.55,0.985,0.448647,False,0.447811,False,0.448647
positives,208,171,0.6,True,0.55,0.985,0.448647,False,0.447811,False,0.448647
shipped,208,172,0.4,False,,,,,,,0.488019
shipped,208,172,0.5,False,,,,,,,0.488019
shipped,208,172,0.55,False,,,,,,,0.488019
shipped,208,172,0.6,False,,,,,,,0.488019
positives,208,172,0.4,False,,,,,,,0.487793
positives,208,172,0.5,False,,,,,,,0.487793
positives,208,172,0.55,True,0.55,0.9856,0.487793,False,0.488019,False,0.487793
positives,208,172,0.6,True,0.55,0.9856,0.487793,False,0.488019,False,0.487793
shipped,208,173,0.4,False,,,,,,,0.441789
shipped,208,173,0.5,False,,,,,,,0.441789
shipped,208,173,0.55,False,,,,,,,0.441789
shipped,208,173,0.6,False,,,,,,,0.441789
positives,208,173,0.4,False,,,,,,,0.443212
positives,208,173,0.5,True,0.55,0.9838,0.443212,False,0.441789,False,0.443212
positives,208,173,0.55,True,0.55,0.9838,0.443212,False,0.441789,False,0.443212
positives,208,173,0.6,True,0.55,0.9838,0.443212,False,0.441789,False,0.443212
shipped,208,174,0.4,False,,,,,,,0.446298
shipped,208,174,0.5,False,,,,,,,0.446298
shipped,208,174,0.55,False,,,,,,,0.446298
shipped,208,174,0.6,False,,,,,,,0.446298
positives,208,174,0.4,False,,,,,,,0.445077
positives,208,174,0.5,True,0.55,0.9847,0.445077,False,0.446298,False,0.445077
positives,208,174,0.55,True,0.55,0.9847,0.445077,False,0.446298,False,0.445077
positives,208,174,0.6,True,0.55,0.9847,0.445077,False,0.446298,False,0.445077
shipped,208,175,0.4,False,,,,,,,0.503015
shipped,208,175,0.5,False,,,,,,,0.503015
shipped,208,175,0.55,False,,,,,,,0.503015
shipped,208,175,0.6,False,,,,,,,0.503015
positives,208,175,0.4,False,,,,,,,0.505042
positives,208,175,0.5,False,,,,,,,0.505042
positives,208,175,0.55,True,0.57,0.9813,0.505511,False,0.503529,False,0.505042
positives,208,175,0.6,True,0.55,0.9866,0.505042,False,0.503015,False,0.505042
shipped,208,176,0.4,False,,,,,,,0.446098
shipped,208,176,0.5,False,,,,,,,0.446098
shipped,208,176,0.55,False,,,,,,,0.446098
shipped,208,176,0.6,False,,,,,,,0.446098
positives,208,176,0.4,False,,,,,,,0.447531
positives,208,176,0.5,True,0.55,0.9849,0.447531,False,0.446098,False,0.447531
positives,208,176,0.55,True,0.55,0.9849,0.447531,False,0.446098,False,0.447531
positives,208,176,0.6,True,0.55,0.9849,0.447531,False,0.446098,False,0.447531
shipped,208,177,0.4,False,,,,,,,0.414088
shipped,208,177,0.5,False,,,,,,,0.414088
shipped,208,177,0.55,False,,,,,,,0.414088
shipped,208,177,0.6,True,0.55,0.9838,0.414088,False,0.411363,False,0.414088
positives,208,177,0.4,False,,,,,,,0.411363
positives,208,177,0.5,True,0.55,0.9838,0.411363,False,0.414088,False,0.411363
positives,208,177,0.55,True,0.55,0.9838,0.411363,False,0.414088,False,0.411363
positives,208,177,0.6,True,0.55,0.9838,0.411363,False,0.414088,False,0.411363
shipped,208,178,0.4,False,,,,,,,0.430754
shipped,208,178,0.5,False,,,,,,,0.430754
shipped,208,178,0.55,False,,,,,,,0.430754
shipped,208,178,0.6,False,,,,,,,0.430754
positives,208,178,0.4,False,,,,,,,0.425545
positives,208,178,0.5,True,0.55,0.9843,0.425545,False,0.430754,False,0.425545
positives,208,178,0.55,True,0.55,0.9843,0.425545,False,0.430754,False,0.425545
positives,208,178,0.6,True,0.55,0.9843,0.425545,False,0.430754,False,0.425545
shipped,208,179,0.4,False,,,,,,,0.451535
shipped,208,179,0.5,False,,,,,,,0.451535
shipped,208,179,0.55,False,,,,,,,0.451535
shipped,208,179,0.6,False,,,,,,,0.451535
positives,208,179,0.4,False,,,,,,,0.454083
positives,208,179,0.5,True,0.55,0.9847,0.454083,False,0.451535,False,0.454083
positives,208,179,0.55,True,0.55,0.9847,0.454083,False,0.451535,False,0.454083
positives,208,179,0.6,True,0.55,0.9847,0.454083,False,0.451535,False,0.454083
shipped,208,180,0.4,False,,,,,,,0.452846
shipped,208,180,0.5,False,,,,,,,0.452846
shipped,208,180,0.55,False,,,,,,,0.452846
shipped,208,180,0.6,False,,,,,,,0.452846
positives,208,180,0.4,False,,,,,,,0.4539
positives,208,180,0.5,False,,,,,,,0.4539
positives,208,180,0.55,True,0.55,0.9855,0.4539,False,0.452846,False,0.4539
positives,208,180,0.6,True,0.55,0.9855,0.4539,False,0.452846,False,0.4539
shipped,208,181,0.4,False,,,,,,,0.469611
shipped,208,181,0.5,False,,,,,,,0.469611
shipped,208,181,0.55,False,,,,,,,0.469611
shipped,208,181,0.6,False,,,,,,,0.469611
positives,208,181,0.4,False,,,,,,,0.470889
positives,208,181,0.5,True,0.55,0.9858,0.470889,False,0.469611,False,0.470889
positives,208,181,0.55,True,0.55,0.9858,0.470889,False,0.469611,False,0.470889
positives,208,181,0.6,True,0.55,0.9858,0.470889,False,0.469611,False,0.470889
shipped,208,182,0.4,False,,,,,,,0.462841
shipped,208,182,0.5,False,,,,,,,0.462841
shipped,208,182,0.55,False,,,,,,,0.462841
shipped,208,182,0.6,False,,,,,,,0.462841
positives,208,182,0.4,False,,,,,,,0.462625
positives,208,182,0.5,False,,,,,,,0.462625
positives,208,182,0.55,True,0.55,0.9857,0.462625,False,0.462841,False,0.462625
positives,208,182,0.6,True,0.55,0.9857,0.462625,False,0.462841,False,0.462625
shipped,208,183,0.4,False,,,,,,,0.437414
shipped,208,183,0.5,False,,,,,,,0.437414
shipped,208,183,0.55,False,,,,,,,0.437414
shipped,208,183,0.6,False,,,,,,,0.437414
positives,208,183,0.4,False,,,,,,,0.440359
positives,208,183,0.5,True,0.55,0.9846,0.440359,False,0.437414,False,0.440359
positives,208,183,0.55,True,0.55,0.9846,0.440359,False,0.437414,False,0.440359
positives,208,183,0.6,True,0.55,0.9846,0.440359,False,0.437414,False,0.440359
shipped,208,184,0.4,False,,,,,,,0.45436
shipped,208,184,0.5,False,,,,,,,0.45436
shipped,208,184,0.55,False,,,,,,,0.45436
shipped,208,184,0.6,False,,,,,,,0.45436
positives,208,184,0.4,False,,,,,,,0.452376
positives,208,184,0.5,True,0.55,0.9846,0.452376,False,0.45436,False,0.452376
positives,208,184,0.55,True,0.55,0.9846,0.452376,False,0.45436,False,0.452376
positives,208,184,0.6,True,0.55,0.9846,0.452376,False,0.45436,False,0.452376
shipped,208,185,0.4,False,,,,,,,0.447915
shipped,208,185,0.5,False,,,,,,,0.447915
shipped,208,185,0.55,False,,,,,,,0.447915
shipped,208,185,0.6,False,,,,,,,0.447915
positives,208,185,0.4,False,,,,,,,0.452073
positives,208,185,0.5,True,0.55,0.9851,0.452073,False,0.447915,False,0.452073
positives,208,185,0.55,True,0.55,0.9851,0.452073,False,0.447915,False,0.452073
positives,208,185,0.6,True,0.55,0.9851,0.452073,False,0.447915,False,0.452073
shipped,208,186,0.4,False,,,,,,,0.476983
shipped,208,186,0.5,False,,,,,,,0.476983
shipped,208,186,0.55,False,,,,,,,0.476983
shipped,208,186,0.6,False,,,,,,,0.476983
positives,208,186,0.4,False,,,,,,,0.474434
positives,208,186,0.5,False,,,,,,,0.474434
positives,208,186,0.55,True,0.55,0.9855,0.474434,False,0.476983,False,0.474434
positives,208,186,0.6,True,0.55,0.9855,0.474434,False,0.476983,False,0.474434
shipped,208,187,0.4,False,,,,,,,0.446325
shipped,208,187,0.5,False,,,,,,,0.446325
shipped,208,187,0.55,False,,,,,,,0.446325
shipped,208,187,0.6,False,,,,,,,0.446325
positives,208,187,0.4,False,,,,,,,0.454109
positives,208,187,0.5,True,0.55,0.985,0.454109,False,0.446325,False,0.454109
positives,208,187,0.55,True,0.55,0.985,0.454109,False,0.446325,False,0.454109
positives,208,187,0.6,True,0.55,0.985,0.454109,False,0.446325,False,0.454109
shipped,208,188,0.4,False,,,,,,,0.43589
shipped,208,188,0.5,False,,,,,,,0.43589
shipped,208,188,0.55,False,,,,,,,0.43589
shipped,208,188,0.6,False,,,,,,,0.43589
positives,208,188,0.4,False,,,,,,,0.430922
positives,208,188,0.5,True,0.55,0.9847,0.430922,False,0.43589,False,0.430922
positives,208,188,0.55,True,0.55,0.9847,0.430922,False,0.43589,False,0.430922
positives,208,188,0.6,True,0.55,0.9847,0.430922,False,0.43589,False,0.430922
shipped,208,189,0.4,False,,,,,,,0.435431
shipped,208,189,0.5,False,,,,,,,0.435431
shipped,208,189,0.55,False,,,,,,,0.435431
shipped,208,189,0.6,False,,,,,,,0.435431
positives,208,189,0.4,False,,,,,,,0.433999
positives,208,189,0.5,True,0.55,0.9839,0.433999,False,0.435431,False,0.433999
positives,208,189,0.55,True,0.55,0.9839,0.433999,False,0.435431,False,0.433999
positives,208,189,0.6,True,0.55,0.9839,0.433999,False,0.435431,False,0.433999
shipped,208,190,0.4,False,,,,,,,0.444976
shipped,208,190,0.5,False,,,,,,,0.444976
shipped,208,190,0.55,False,,,,,,,0.444976
shipped,208,190,0.6,False,,,,,,,0.444976
positives,208,190,0.4,False,,,,,,,0.44379
positives,208,190,0.5,True,0.55,0.9845,0.44379,False,0.444976,False,0.44379
positives,208,190,0.55,True,0.55,0.9845,0.44379,False,0.444976,False,0.44379
positives,208,190,0.6,True,0.55,0.9845,0.44379,False,0.444976,False,0.44379
shipped,208,191,0.4,False,,,,,,,0.464719
shipped,208,191,0.5,False,,,,,,,0.464719
shipped,208,191,0.55,False,,,,,,,0.464719
shipped,208,191,0.6,False,,,,,,,0.464719
positives,208,191,0.4,False,,,,,,,0.459812
positives,208,191,0.5,True,0.55,0.985,0.459812,False,0.464719,False,0.459812
positives,208,191,0.55,True,0.55,0.985,0.459812,False,0.464719,False,0.459812
positives,208,191,0.6,True,0.55,0.985,0.459812,False,0.464719,False,0.459812
shipped,208,192,0.4,False,,,,,,,0.475567
shipped,208,192,0.5,False,,,,,,,0.475567
shipped,208,192,0.55,False,,,,,,,0.475567
shipped,208,192,0.6,False,,,,,,,0.475567
positives,208,192,0.4,False,,,,,,,0.472566
positives,208,192,0.5,True,0.55,0.9861,0.472566,False,0.475567,False,0.472566
positives,208,192,0.55,True,0.55,0.9861,0.472566,False,0.475567,False,0.472566
positives,208,192,0.6,True,0.55,0.9861,0.472566,False,0.475567,False,0.472566
shipped,208,193,0.4,False,,,,,,,0.434028
shipped,208,193,0.5,False,,,,,,,0.434028
shipped,208,193,0.55,False,,,,,,,0.434028
shipped,208,193,0.6,False,,,,,,,0.434028
positives,208,193,0.4,False,,,,,,,0.433332
positives,208,193,0.5,False,,,,,,,0.433332
positives,208,193,0.55,True,0.55,0.9844,0.433332,False,0.434028,False,0.433332
positives,208,193,0.6,True,0.55,0.9844,0.433332,False,0.434028,False,0.433332
shipped,208,194,0.4,False,,,,,,,0.46103
shipped,208,194,0.5,False,,,,,,,0.46103
shipped,208,194,0.55,False,,,,,,,0.46103
shipped,208,194,0.6,False,,,,,,,0.46103
positives,208,194,0.4,False,,,,,,,0.461438
positives,208,194,0.5,True,0.55,0.9857,0.461438,False,0.46103,False,0.461438
positives,208,194,0.55,True,0.55,0.9857,0.461438,False,0.46103,False,0.461438
positives,208,194,0.6,True,0.55,0.9857,0.461438,False,0.46103,False,0.461438
shipped,208,195,0.4,False,,,,,,,0.478149
shipped,208,195,0.5,False,,,,,,,0.478149
shipped,208,195,0.55,False,,,,,,,0.478149
shipped,208,195,0.6,False,,,,,,,0.478149
positives,208,195,0.4,False,,,,,,,0.475824
positives,208,195,0.5,True,0.55,0.9854,0.475824,False,0.478149,False,0.475824
positives,208,195,0.55,True,0.55,0.9854,0.475824,False,0.478149,False,0.475824
positives,208,195,0.6,True,0.55,0.9854,0.475824,False,0.478149,False,0.475824
shipped,208,196,0.4,False,,,,,,,0.44236
shipped,208,196,0.5,False,,,,,,,0.44236
shipped,208,196,0.55,False,,,,,,,0.44236
shipped,208,196,0.6,False,,,,,,,0.44236
positives,208,196,0.4,False,,,,,,,0.438812
positives,208,196,0.5,True,0.55,0.985,0.438812,False,0.44236,False,0.438812
positives,208,196,0.55,True,0.55,0.985,0.438812,False,0.44236,False,0.438812
positives,208,196,0.6,True,0.55,0.985,0.438812,False,0.44236,False,0.438812
shipped,208,197,0.4,False,,,,,,,0.452611
shipped,208,197,0.5,False,,,,,,,0.452611
shipped,208,197,0.55,False,,,,,,,0.452611
shipped,208,197,0.6,False,,,,,,,0.452611
positives,208,197,0.4,False,,,,,,,0.45107
positives,208,197,0.5,False,,,,,,,0.45107
positives,208,197,0.55,True,0.55,0.9851,0.45107,False,0.452611,False,0.45107
positives,208,197,0.6,True,0.55,0.9851,0.45107,False,0.452611,False,0.45107
shipped,208,198,0.4,False,,,,,,,0.489677
shipped,208,198,0.5,False,,,,,,,0.489677
shipped,208,198,0.55,False,,,,,,,0.489677
shipped,208,198,0.6,False,,,,,,,0.489677
positives,208,198,0.4,False,,,,,,,0.489395
positives,208,198,0.5,False,,,,,,,0.489395
positives,208,198,0.55,True,0.55,0.9861,0.489395,False,0.489677,False,0.489395
positives,208,198,0.6,True,0.55,0.9861,0.489395,False,0.489677,False,0.489395
shipped,208,199,0.4,False,,,,,,,0.444212
shipped,208,199,0.5,False,,,,,,,0.444212
shipped,208,199,0.55,False,,,,,,,0.444212
shipped,208,199,0.6,False,,,,,,,0.444212
positives,208,199,0.4,False,,,,,,,0.448305
positives,208,199,0.5,True,0.55,0.9856,0.448305,False,0.444212,False,0.448305
positives,208,199,0.55,True,0.55,0.9856,0.448305,False,0.444212,False,0.448305
positives,208,199,0.6,True,0.55,0.9856,0.448305,False,0.444212,False,0.448305
shipped,400,0,0.4,False,,,,,,,0.463026
shipped,400,0,0.5,False,,,,,,,0.463026
shipped,400,0,0.55,False,,,,,,,0.463026
shipped,400,0,0.6,True,0.55,0.9851,0.463026,False,0.459115,False,0.463026
positives,400,0,0.4,False,,,,,,,0.459115
positives,400,0,0.5,True,0.55,0.9851,0.459115,False,0.463026,False,0.459115
positives,400,0,0.55,True,0.55,0.9851,0.459115,False,0.463026,False,0.459115
positives,400,0,0.6,True,0.55,0.9851,0.459115,False,0.463026,False,0.459115
shipped,400,1,0.4,False,,,,,,,0.435456
shipped,400,1,0.5,False,,,,,,,0.435456
shipped,400,1,0.55,True,0.55,0.9843,0.435456,False,0.435656,False,0.435456
shipped,400,1,0.6,True,0.55,0.9843,0.435456,False,0.435656,False,0.435456
positives,400,1,0.4,False,,,,,,,0.435656
positives,400,1,0.5,True,0.55,0.9843,0.435656,False,0.435456,False,0.435656
positives,400,1,0.55,True,0.55,0.9843,0.435656,False,0.435456,False,0.435656
positives,400,1,0.6,True,0.55,0.9843,0.435656,False,0.435456,False,0.435656
shipped,400,2,0.4,False,,,,,,,0.467929
shipped,400,2,0.5,False,,,,,,,0.467929
shipped,400,2,0.55,False,,,,,,,0.467929
shipped,400,2,0.6,True,0.55,0.9852,0.467929,False,0.465982,False,0.467929
positives,400,2,0.4,False,,,,,,,0.465982
positives,400,2,0.5,True,0.55,0.9852,0.465982,False,0.467929,False,0.465982
positives,400,2,0.55,True,0.55,0.9852,0.465982,False,0.467929,False,0.465982
positives,400,2,0.6,True,0.55,0.9852,0.465982,False,0.467929,False,0.465982
shipped,400,3,0.4,False,,,,,,,0.451213
shipped,400,3,0.5,False,,,,,,,0.451213
shipped,400,3,0.55,False,,,,,,,0.451213
shipped,400,3,0.6,True,0.55,0.985,0.451213,False,0.449087,False,0.451213
positives,400,3,0.4,False,,,,,,,0.449087
positives,400,3,0.5,True,0.55,0.985,0.449087,False,0.451213,False,0.449087
positives,400,3,0.55,True,0.55,0.985,0.449087,False,0.451213,False,0.449087
positives,400,3,0.6,True,0.55,0.985,0.449087,False,0.451213,False,0.449087
shipped,400,4,0.4,False,,,,,,,0.451942
shipped,400,4,0.5,False,,,,,,,0.451942
shipped,400,4,0.55,True,0.55,0.9847,0.451942,False,0.454308,False,0.451942
shipped,400,4,0.6,True,0.55,0.9847,0.451942,False,0.454308,False,0.451942
positives,400,4,0.4,False,,,,,,,0.454308
positives,400,4,0.5,True,0.55,0.9847,0.454308,False,0.451942,False,0.454308
positives,400,4,0.55,True,0.55,0.9847,0.454308,False,0.451942,False,0.454308
positives,400,4,0.6,True,0.55,0.9847,0.454308,False,0.451942,False,0.454308
shipped,400,5,0.4,False,,,,,,,0.434592
shipped,400,5,0.5,False,,,,,,,0.434592
shipped,400,5,0.55,True,0.55,0.9844,0.434592,False,0.435335,False,0.434592
shipped,400,5,0.6,True,0.55,0.9844,0.434592,False,0.435335,False,0.434592
positives,400,5,0.4,False,,,,,,,0.435335
positives,400,5,0.5,True,0.55,0.9844,0.435335,False,0.434592,False,0.435335
positives,400,5,0.55,True,0.55,0.9844,0.435335,False,0.434592,False,0.435335
positives,400,5,0.6,True,0.55,0.9844,0.435335,False,0.434592,False,0.435335
shipped,400,6,0.4,False,,,,,,,0.444896
shipped,400,6,0.5,False,,,,,,,0.444896
shipped,400,6,0.55,False,,,,,,,0.444896
shipped,400,6,0.6,True,0.55,0.9853,0.444896,False,0.439097,False,0.444896
positives,400,6,0.4,False,,,,,,,0.439097
positives,400,6,0.5,True,0.55,0.9853,0.439097,False,0.444896,False,0.439097
positives,400,6,0.55,True,0.55,0.9853,0.439097,False,0.444896,False,0.439097
positives,400,6,0.6,True,0.55,0.9853,0.439097,False,0.444896,False,0.439097
shipped,400,7,0.4,False,,,,,,,0.441356
shipped,400,7,0.5,False,,,,,,,0.441356
shipped,400,7,0.55,False,,,,,,,0.441356
shipped,400,7,0.6,True,0.55,0.9844,0.441356,False,0.441486,False,0.441356
positives,400,7,0.4,False,,,,,,,0.441486
positives,400,7,0.5,True,0.55,0.9844,0.441486,False,0.441356,False,0.441486
positives,400,7,0.55,True,0.55,0.9844,0.441486,False,0.441356,False,0.441486
positives,400,7,0.6,True,0.55,0.9844,0.441486,False,0.441356,False,0.441486
shipped,400,8,0.4,False,,,,,,,0.454934
shipped,400,8,0.5,False,,,,,,,0.454934
shipped,400,8,0.55,True,0.55,0.9849,0.454934,False,0.457096,False,0.454934
shipped,400,8,0.6,True,0.55,0.9849,0.454934,False,0.457096,False,0.454934
positives,400,8,0.4,False,,,,,,,0.457096
positives,400,8,0.5,True,0.55,0.9849,0.457096,False,0.454934,False,0.457096
positives,400,8,0.55,True,0.55,0.9849,0.457096,False,0.454934,False,0.457096
positives,400,8,0.6,True,0.55,0.9849,0.457096,False,0.454934,False,0.457096
shipped,400,9,0.4,False,,,,,,,0.454086
shipped,400,9,0.5,False,,,,,,,0.454086
shipped,400,9,0.55,True,0.55,0.9851,0.454086,False,0.45309,False,0.454086
shipped,400,9,0.6,True,0.55,0.9851,0.454086,False,0.45309,False,0.454086
positives,400,9,0.4,False,,,,,,,0.45309
positives,400,9,0.5,True,0.55,0.9851,0.45309,False,0.454086,False,0.45309
positives,400,9,0.55,True,0.55,0.9851,0.45309,False,0.454086,False,0.45309
positives,400,9,0.6,True,0.55,0.9851,0.45309,False,0.454086,False,0.45309
shipped,400,10,0.4,False,,,,,,,0.424657
shipped,400,10,0.5,False,,,,,,,0.424657
shipped,400,10,0.55,False,,,,,,,0.424657
shipped,400,10,0.6,True,0.55,0.9852,0.424657,False,0.425845,False,0.424657
positives,400,10,0.4,False,,,,,,,0.425845
positives,400,10,0.5,True,0.55,0.9852,0.425845,False,0.424657,False,0.425845
positives,400,10,0.55,True,0.55,0.9852,0.425845,False,0.424657,False,0.425845
positives,400,10,0.6,True,0.55,0.9852,0.425845,False,0.424657,False,0.425845
shipped,400,11,0.4,False,,,,,,,0.452131
shipped,400,11,0.5,False,,,,,,,0.452131
shipped,400,11,0.55,False,,,,,,,0.452131
shipped,400,11,0.6,True,0.55,0.9849,0.452131,False,0.45094,False,0.452131
positives,400,11,0.4,False,,,,,,,0.45094
positives,400,11,0.5,True,0.55,0.9849,0.45094,False,0.452131,False,0.45094
positives,400,11,0.55,True,0.55,0.9849,0.45094,False,0.452131,False,0.45094
positives,400,11,0.6,True,0.55,0.9849,0.45094,False,0.452131,False,0.45094
shipped,400,12,0.4,False,,,,,,,0.446471
shipped,400,12,0.5,False,,,,,,,0.446471
shipped,400,12,0.55,True,0.55,0.9854,0.446471,False,0.447181,False,0.446471
shipped,400,12,0.6,True,0.55,0.9854,0.446471,False,0.447181,False,0.446471
positives,400,12,0.4,False,,,,,,,0.447181
positives,400,12,0.5,True,0.55,0.9854,0.447181,False,0.446471,False,0.447181
positives,400,12,0.55,True,0.55,0.9854,0.447181,False,0.446471,False,0.447181
positives,400,12,0.6,True,0.55,0.9854,0.447181,False,0.446471,False,0.447181
shipped,400,13,0.4,False,,,,,,,0.463723
shipped,400,13,0.5,False,,,,,,,0.463723
shipped,400,13,0.55,False,,,,,,,0.463723
shipped,400,13,0.6,True,0.55,0.985,0.463723,False,0.465162,False,0.463723
positives,400,13,0.4,False,,,,,,,0.465162
positives,400,13,0.5,True,0.55,0.985,0.465162,False,0.463723,False,0.465162
positives,400,13,0.55,True,0.55,0.985,0.465162,False,0.463723,False,0.465162
positives,400,13,0.6,True,0.55,0.985,0.465162,False,0.463723,False,0.465162
shipped,400,14,0.4,False,,,,,,,0.471127
shipped,400,14,0.5,False,,,,,,,0.471127
shipped,400,14,0.55,False,,,,,,,0.471127
shipped,400,14,0.6,True,0.55,0.9848,0.471127,False,0.472912,False,0.471127
positives,400,14,0.4,False,,,,,,,0.472912
positives,400,14,0.5,True,0.55,0.9848,0.472912,False,0.471127,False,0.472912
positives,400,14,0.55,True,0.55,0.9848,0.472912,False,0.471127,False,0.472912
positives,400,14,0.6,True,0.55,0.9848,0.472912,False,0.471127,False,0.472912
shipped,400,15,0.4,False,,,,,,,0.446629
shipped,400,15,0.5,False,,,,,,,0.446629
shipped,400,15,0.55,False,,,,,,,0.446629
shipped,400,15,0.6,True,0.55,0.9849,0.446629,False,0.447439,False,0.446629
positives,400,15,0.4,False,,,,,,,0.447439
positives,400,15,0.5,True,0.55,0.9849,0.447439,False,0.446629,False,0.447439
positives,400,15,0.55,True,0.55,0.9849,0.447439,False,0.446629,False,0.447439
positives,400,15,0.6,True,0.55,0.9849,0.447439,False,0.446629,False,0.447439
shipped,400,16,0.4,False,,,,,,,0.449693
shipped,400,16,0.5,False,,,,,,,0.449693
shipped,400,16,0.55,False,,,,,,,0.449693
shipped,400,16,0.6,True,0.55,0.9839,0.449693,False,0.450709,False,0.449693
positives,400,16,0.4,False,,,,,,,0.450709
positives,400,16,0.5,True,0.55,0.9839,0.450709,False,0.449693,False,0.450709
positives,400,16,0.55,True,0.55,0.9839,0.450709,False,0.449693,False,0.450709
positives,400,16,0.6,True,0.55,0.9839,0.450709,False,0.449693,False,0.450709
shipped,400,17,0.4,False,,,,,,,0.442678
shipped,400,17,0.5,False,,,,,,,0.442678
shipped,400,17,0.55,False,,,,,,,0.442678
shipped,400,17,0.6,True,0.55,0.985,0.442678,False,0.440001,False,0.442678
positives,400,17,0.4,False,,,,,,,0.440001
positives,400,17,0.5,True,0.55,0.985,0.440001,False,0.442678,False,0.440001
positives,400,17,0.55,True,0.55,0.985,0.440001,False,0.442678,False,0.440001
positives,400,17,0.6,True,0.55,0.985,0.440001,False,0.442678,False,0.440001
shipped,400,18,0.4,False,,,,,,,0.430568
shipped,400,18,0.5,False,,,,,,,0.430568
shipped,400,18,0.55,True,0.55,0.9846,0.430568,False,0.431605,False,0.430568
shipped,400,18,0.6,True,0.55,0.9846,0.430568,False,0.431605,False,0.430568
positives,400,18,0.4,False,,,,,,,0.431605
positives,400,18,0.5,True,0.55,0.9846,0.431605,False,0.430568,False,0.431605
positives,400,18,0.55,True,0.55,0.9846,0.431605,False,0.430568,False,0.431605
positives,400,18,0.6,True,0.55,0.9846,0.431605,False,0.430568,False,0.431605
shipped,400,19,0.4,False,,,,,,,0.439871
shipped,400,19,0.5,False,,,,,,,0.439871
shipped,400,19,0.55,True,0.55,0.9849,0.439871,False,0.438443,False,0.439871
shipped,400,19,0.6,True,0.55,0.9849,0.439871,False,0.438443,False,0.439871
positives,400,19,0.4,False,,,,,,,0.438443
positives,400,19,0.5,True,0.55,0.9849,0.438443,False,0.439871,False,0.438443
positives,400,19,0.55,True,0.55,0.9849,0.438443,False,0.439871,False,0.438443
positives,400,19,0.6,True,0.55,0.9849,0.438443,False,0.439871,False,0.438443
shipped,400,20,0.4,False,,,,,,,0.44415
shipped,400,20,0.5,False,,,,,,,0.44415
shipped,400,20,0.55,False,,,,,,,0.44415
shipped,400,20,0.6,True,0.55,0.985,0.44415,False,0.442221,False,0.44415
positives,400,20,0.4,False,,,,,,,0.442221
positives,400,20,0.5,True,0.55,0.985,0.442221,False,0.44415,False,0.442221
positives,400,20,0.55,True,0.55,0.985,0.442221,False,0.44415,False,0.442221
positives,400,20,0.6,True,0.55,0.985,0.442221,False,0.44415,False,0.442221
shipped,400,21,0.4,False,,,,,,,0.434188
shipped,400,21,0.5,False,,,,,,,0.434188
shipped,400,21,0.55,True,0.55,0.9853,0.434188,False,0.433806,False,0.434188
shipped,400,21,0.6,True,0.55,0.9853,0.434188,False,0.433806,False,0.434188
positives,400,21,0.4,False,,,,,,,0.433806
positives,400,21,0.5,True,0.55,0.9853,0.433806,False,0.434188,False,0.433806
positives,400,21,0.55,True,0.55,0.9853,0.433806,False,0.434188,False,0.433806
positives,400,21,0.6,True,0.55,0.9853,0.433806,False,0.434188,False,0.433806
shipped,400,22,0.4,False,,,,,,,0.468703
shipped,400,22,0.5,False,,,,,,,0.468703
shipped,400,22,0.55,False,,,,,,,0.468703
shipped,400,22,0.6,True,0.55,0.9848,0.468703,False,0.4616,False,0.468703
positives,400,22,0.4,False,,,,,,,0.4616
positives,400,22,0.5,True,0.65,0.9529,0.453708,False,0.460429,False,0.4616
positives,400,22,0.55,True,0.55,0.9848,0.4616,False,0.468703,False,0.4616
positives,400,22,0.6,True,0.55,0.9848,0.4616,False,0.468703,False,0.4616
shipped,400,23,0.4,False,,,,,,,0.440482
shipped,400,23,0.5,False,,,,,,,0.440482
shipped,400,23,0.55,False,,,,,,,0.440482
shipped,400,23,0.6,True,0.55,0.9846,0.440482,False,0.440374,False,0.440482
positives,400,23,0.4,False,,,,,,,0.440374
positives,400,23,0.5,True,0.55,0.9846,0.440374,False,0.440482,False,0.440374
positives,400,23,0.55,True,0.55,0.9846,0.440374,False,0.440482,False,0.440374
positives,400,23,0.6,True,0.55,0.9846,0.440374,False,0.440482,False,0.440374
shipped,400,24,0.4,False,,,,,,,0.445728
shipped,400,24,0.5,False,,,,,,,0.445728
shipped,400,24,0.55,False,,,,,,,0.445728
shipped,400,24,0.6,True,0.55,0.9852,0.445728,False,0.449861,False,0.445728
positives,400,24,0.4,False,,,,,,,0.449861
positives,400,24,0.5,True,0.55,0.9852,0.449861,False,0.445728,False,0.449861
positives,400,24,0.55,True,0.55,0.9852,0.449861,False,0.445728,False,0.449861
positives,400,24,0.6,True,0.55,0.9852,0.449861,False,0.445728,False,0.449861
shipped,400,25,0.4,False,,,,,,,0.454498
shipped,400,25,0.5,False,,,,,,,0.454498
shipped,400,25,0.55,False,,,,,,,0.454498
shipped,400,25,0.6,True,0.55,0.9846,0.454498,False,0.451501,False,0.454498
positives,400,25,0.4,False,,,,,,,0.451501
positives,400,25,0.5,True,0.55,0.9846,0.451501,False,0.454498,False,0.451501
positives,400,25,0.55,True,0.55,0.9846,0.451501,False,0.454498,False,0.451501
positives,400,25,0.6,True,0.55,0.9846,0.451501,False,0.454498,False,0.451501
shipped,400,26,0.4,False,,,,,,,0.45401
shipped,400,26,0.5,False,,,,,,,0.45401
shipped,400,26,0.55,False,,,,,,,0.45401
shipped,400,26,0.6,True,0.55,0.9852,0.45401,False,0.45809,False,0.45401
positives,400,26,0.4,False,,,,,,,0.45809
positives,400,26,0.5,True,0.55,0.9852,0.45809,False,0.45401,False,0.45809
positives,400,26,0.55,True,0.55,0.9852,0.45809,False,0.45401,False,0.45809
positives,400,26,0.6,True,0.55,0.9852,0.45809,False,0.45401,False,0.45809
shipped,400,27,0.4,False,,,,,,,0.441032
shipped,400,27,0.5,False,,,,,,,0.441032
shipped,400,27,0.55,False,,,,,,,0.441032
shipped,400,27,0.6,True,0.55,0.9851,0.441032,False,0.438954,False,0.441032
positives,400,27,0.4,False,,,,,,,0.438954
positives,400,27,0.5,True,0.55,0.9851,0.438954,False,0.441032,False,0.438954
positives,400,27,0.55,True,0.55,0.9851,0.438954,False,0.441032,False,0.438954
positives,400,27,0.6,True,0.55,0.9851,0.438954,False,0.441032,False,0.438954
shipped,400,28,0.4,False,,,,,,,0.463139
shipped,400,28,0.5,False,,,,,,,0.463139
shipped,400,28,0.55,False,,,,,,,0.463139
shipped,400,28,0.6,True,0.55,0.9851,0.463139,False,0.460037,False,0.463139
positives,400,28,0.4,False,,,,,,,0.460037
positives,400,28,0.5,True,0.55,0.9851,0.460037,False,0.463139,False,0.460037
positives,400,28,0.55,True,0.55,0.9851,0.460037,False,0.463139,False,0.460037
positives,400,28,0.6,True,0.55,0.9851,0.460037,False,0.463139,False,0.460037
shipped,400,29,0.4,False,,,,,,,0.419166
shipped,400,29,0.5,False,,,,,,,0.419166
shipped,400,29,0.55,True,0.55,0.9847,0.419166,False,0.421053,False,0.419166
shipped,400,29,0.6,True,0.55,0.9847,0.419166,False,0.421053,False,0.419166
positives,400,29,0.4,True,0.87,0.8313,0.367047,False,0.362289,False,0.421053
positives,400,29,0.5,True,0.55,0.9847,0.421053,False,0.419166,False,0.421053
positives,400,29,0.55,True,0.55,0.9847,0.421053,False,0.419166,False,0.421053
positives,400,29,0.6,True,0.55,0.9847,0.421053,False,0.419166,False,0.421053
shipped,400,30,0.4,False,,,,,,,0.464349
shipped,400,30,0.5,False,,,,,,,0.464349
shipped,400,30,0.55,False,,,,,,,0.464349
shipped,400,30,0.6,True,0.55,0.9854,0.464349,False,0.46077,False,0.464349
positives,400,30,0.4,False,,,,,,,0.46077
positives,400,30,0.5,True,0.55,0.9854,0.46077,False,0.464349,False,0.46077
positives,400,30,0.55,True,0.55,0.9854,0.46077,False,0.464349,False,0.46077
positives,400,30,0.6,True,0.55,0.9854,0.46077,False,0.464349,False,0.46077
shipped,400,31,0.4,False,,,,,,,0.44345
shipped,400,31,0.5,False,,,,,,,0.44345
shipped,400,31,0.55,False,,,,,,,0.44345
shipped,400,31,0.6,True,0.55,0.9862,0.44345,False,0.443591,False,0.44345
positives,400,31,0.4,False,,,,,,,0.443591
positives,400,31,0.5,True,0.55,0.9862,0.443591,False,0.44345,False,0.443591
positives,400,31,0.55,True,0.55,0.9862,0.443591,False,0.44345,False,0.443591
positives,400,31,0.6,True,0.55,0.9862,0.443591,False,0.44345,False,0.443591
shipped,400,32,0.4,False,,,,,,,0.442027
shipped,400,32,0.5,False,,,,,,,0.442027
shipped,400,32,0.55,False,,,,,,,0.442027
shipped,400,32,0.6,True,0.55,0.9856,0.442027,False,0.444222,False,0.442027
positives,400,32,0.4,False,,,,,,,0.444222
positives,400,32,0.5,True,0.55,0.9856,0.444222,False,0.442027,False,0.444222
positives,400,32,0.55,True,0.55,0.9856,0.444222,False,0.442027,False,0.444222
positives,400,32,0.6,True,0.55,0.9856,0.444222,False,0.442027,False,0.444222
shipped,400,33,0.4,False,,,,,,,0.446043
shipped,400,33,0.5,False,,,,,,,0.446043
shipped,400,33,0.55,False,,,,,,,0.446043
shipped,400,33,0.6,True,0.55,0.9846,0.446043,False,0.448605,False,0.446043
positives,400,33,0.4,False,,,,,,,0.448605
positives,400,33,0.5,True,0.55,0.9846,0.448605,False,0.446043,False,0.448605
positives,400,33,0.55,True,0.55,0.9846,0.448605,False,0.446043,False,0.448605
positives,400,33,0.6,True,0.55,0.9846,0.448605,False,0.446043,False,0.448605
shipped,400,34,0.4,False,,,,,,,0.447631
shipped,400,34,0.5,False,,,,,,,0.447631
shipped,400,34,0.55,True,0.55,0.9852,0.447631,False,0.449694,False,0.447631
shipped,400,34,0.6,True,0.55,0.9852,0.447631,False,0.449694,False,0.447631
positives,400,34,0.4,False,,,,,,,0.449694
positives,400,34,0.5,True,0.55,0.9852,0.449694,False,0.447631,False,0.449694
positives,400,34,0.55,True,0.55,0.9852,0.449694,False,0.447631,False,0.449694
positives,400,34,0.6,True,0.55,0.9852,0.449694,False,0.447631,False,0.449694
shipped,400,35,0.4,False,,,,,,,0.467558
shipped,400,35,0.5,False,,,,,,,0.467558
shipped,400,35,0.55,False,,,,,,,0.467558
shipped,400,35,0.6,True,0.55,0.9854,0.467558,False,0.462936,False,0.467558
positives,400,35,0.4,False,,,,,,,0.462936
positives,400,35,0.5,True,0.55,0.9854,0.462936,False,0.467558,False,0.462936
positives,400,35,0.55,True,0.55,0.9854,0.462936,False,0.467558,False,0.462936
positives,400,35,0.6,True,0.55,0.9854,0.462936,False,0.467558,False,0.462936
shipped,400,36,0.4,False,,,,,,,0.435579
shipped,400,36,0.5,False,,,,,,,0.435579
shipped,400,36,0.55,True,0.55,0.9855,0.435579,False,0.434784,False,0.435579
shipped,400,36,0.6,True,0.55,0.9855,0.435579,False,0.434784,False,0.435579
positives,400,36,0.4,False,,,,,,,0.434784
positives,400,36,0.5,True,0.55,0.9855,0.434784,False,0.435579,False,0.434784
positives,400,36,0.55,True,0.55,0.9855,0.434784,False,0.435579,False,0.434784
positives,400,36,0.6,True,0.55,0.9855,0.434784,False,0.435579,False,0.434784
shipped,400,37,0.4,False,,,,,,,0.425465
shipped,400,37,0.5,False,,,,,,,0.425465
shipped,400,37,0.55,True,0.55,0.9849,0.425465,False,0.428727,False,0.425465
shipped,400,37,0.6,True,0.55,0.9849,0.425465,False,0.428727,False,0.425465
positives,400,37,0.4,False,,,,,,,0.428727
positives,400,37,0.5,True,0.55,0.9849,0.428727,False,0.425465,False,0.428727
positives,400,37,0.55,True,0.55,0.9849,0.428727,False,0.425465,False,0.428727
positives,400,37,0.6,True,0.55,0.9849,0.428727,False,0.425465,False,0.428727
shipped,400,38,0.4,False,,,,,,,0.43864
shipped,400,38,0.5,False,,,,,,,0.43864
shipped,400,38,0.55,True,0.55,0.9849,0.43864,False,0.43696,False,0.43864
shipped,400,38,0.6,True,0.55,0.9849,0.43864,False,0.43696,False,0.43864
positives,400,38,0.4,False,,,,,,,0.43696
positives,400,38,0.5,True,0.55,0.9849,0.43696,False,0.43864,False,0.43696
positives,400,38,0.55,True,0.55,0.9849,0.43696,False,0.43864,False,0.43696
positives,400,38,0.6,True,0.55,0.9849,0.43696,False,0.43864,False,0.43696
shipped,400,39,0.4,False,,,,,,,0.444719
shipped,400,39,0.5,False,,,,,,,0.444719
shipped,400,39,0.55,False,,,,,,,0.444719
shipped,400,39,0.6,True,0.55,0.985,0.444719,False,0.446542,False,0.444719
positives,400,39,0.4,False,,,,,,,0.446542
positives,400,39,0.5,True,0.55,0.985,0.446542,False,0.444719,False,0.446542
positives,400,39,0.55,True,0.55,0.985,0.446542,False,0.444719,False,0.446542
positives,400,39,0.6,True,0.55,0.985,0.446542,False,0.444719,False,0.446542
shipped,400,40,0.4,False,,,,,,,0.437049
shipped,400,40,0.5,False,,,,,,,0.437049
shipped,400,40,0.55,True,0.55,0.9851,0.437049,False,0.434009,False,0.437049
shipped,400,40,0.6,True,0.55,0.9851,0.437049,False,0.434009,False,0.437049
positives,400,40,0.4,False,,,,,,,0.434009
positives,400,40,0.5,True,0.55,0.9851,0.434009,False,0.437049,False,0.434009
positives,400,40,0.55,True,0.55,0.9851,0.434009,False,0.437049,False,0.434009
positives,400,40,0.6,True,0.55,0.9851,0.434009,False,0.437049,False,0.434009
shipped,400,41,0.4,False,,,,,,,0.432441
shipped,400,41,0.5,False,,,,,,,0.432441
shipped,400,41,0.55,True,0.55,0.9849,0.432441,False,0.429404,False,0.432441
shipped,400,41,0.6,True,0.55,0.9849,0.432441,False,0.429404,False,0.432441
positives,400,41,0.4,False,,,,,,,0.429404
positives,400,41,0.5,True,0.55,0.9849,0.429404,False,0.432441,False,0.429404
positives,400,41,0.55,True,0.55,0.9849,0.429404,False,0.432441,False,0.429404
positives,400,41,0.6,True,0.55,0.9849,0.429404,False,0.432441,False,0.429404
shipped,400,42,0.4,False,,,,,,,0.449537
shipped,400,42,0.5,False,,,,,,,0.449537
shipped,400,42,0.55,True,0.55,0.9846,0.449537,False,0.451697,False,0.449537
shipped,400,42,0.6,True,0.55,0.9846,0.449537,False,0.451697,False,0.449537
positives,400,42,0.4,False,,,,,,,0.451697
positives,400,42,0.5,True,0.55,0.9846,0.451697,False,0.449537,False,0.451697
positives,400,42,0.55,True,0.55,0.9846,0.451697,False,0.449537,False,0.451697
positives,400,42,0.6,True,0.55,0.9846,0.451697,False,0.449537,False,0.451697
shipped,400,43,0.4,False,,,,,,,0.440898
shipped,400,43,0.5,False,,,,,,,0.440898
shipped,400,43,0.55,True,0.55,0.9842,0.440898,False,0.446024,False,0.440898
shipped,400,43,0.6,True,0.55,0.9842,0.440898,False,0.446024,False,0.440898
positives,400,43,0.4,False,,,,,,,0.446024
positives,400,43,0.5,True,0.55,0.9842,0.446024,False,0.440898,False,0.446024
positives,400,43,0.55,True,0.55,0.9842,0.446024,False,0.440898,False,0.446024
positives,400,43,0.6,True,0.55,0.9842,0.446024,False,0.440898,False,0.446024
shipped,400,44,0.4,False,,,,,,,0.446244
shipped,400,44,0.5,False,,,,,,,0.446244
shipped,400,44,0.55,False,,,,,,,0.446244
shipped,400,44,0.6,True,0.55,0.985,0.446244,False,0.439872,False,0.446244
positives,400,44,0.4,False,,,,,,,0.439872
positives,400,44,0.5,True,0.55,0.985,0.439872,False,0.446244,False,0.439872
positives,400,44,0.55,True,0.55,0.985,0.439872,False,0.446244,False,0.439872
positives,400,44,0.6,True,0.55,0.985,0.439872,False,0.446244,False,0.439872
shipped,400,45,0.4,False,,,,,,,0.429346
shipped,400,45,0.5,False,,,,,,,0.429346
shipped,400,45,0.55,False,,,,,,,0.429346
shipped,400,45,0.6,True,0.55,0.9838,0.429346,False,0.430393,False,0.429346
positives,400,45,0.4,False,,,,,,,0.430393
positives,400,45,0.5,True,0.55,0.9838,0.430393,False,0.429346,False,0.430393
positives,400,45,0.55,True,0.55,0.9838,0.430393,False,0.429346,False,0.430393
positives,400,45,0.6,True,0.55,0.9838,0.430393,False,0.429346,False,0.430393
shipped,400,46,0.4,False,,,,,,,0.446522
shipped,400,46,0.5,False,,,,,,,0.446522
shipped,400,46,0.55,False,,,,,,,0.446522
shipped,400,46,0.6,True,0.55,0.986,0.446522,False,0.449773,False,0.446522
positives,400,46,0.4,False,,,,,,,0.449773
positives,400,46,0.5,True,0.55,0.986,0.449773,False,0.446522,False,0.449773
positives,400,46,0.55,True,0.55,0.986,0.449773,False,0.446522,False,0.449773
positives,400,46,0.6,True,0.55,0.986,0.449773,False,0.446522,False,0.449773
shipped,400,47,0.4,False,,,,,,,0.452996
shipped,400,47,0.5,False,,,,,,,0.452996
shipped,400,47,0.55,False,,,,,,,0.452996
shipped,400,47,0.6,True,0.55,0.9851,0.452996,False,0.452735,False,0.452996
positives,400,47,0.4,False,,,,,,,0.452735
positives,400,47,0.5,True,0.55,0.9851,0.452735,False,0.452996,False,0.452735
positives,400,47,0.55,True,0.55,0.9851,0.452735,False,0.452996,False,0.452735
positives,400,47,0.6,True,0.55,0.9851,0.452735,False,0.452996,False,0.452735
shipped,400,48,0.4,False,,,,,,,0.449533
shipped,400,48,0.5,False,,,,,,,0.449533
shipped,400,48,0.55,False,,,,,,,0.449533
shipped,400,48,0.6,True,0.55,0.9847,0.449533,False,0.446584,False,0.449533
positives,400,48,0.4,False,,,,,,,0.446584
positives,400,48,0.5,True,0.55,0.9847,0.446584,False,0.449533,False,0.446584
positives,400,48,0.55,True,0.55,0.9847,0.446584,False,0.449533,False,0.446584
positives,400,48,0.6,True,0.55,0.9847,0.446584,False,0.449533,False,0.446584
shipped,400,49,0.4,False,,,,,,,0.446472
shipped,400,49,0.5,False,,,,,,,0.446472
shipped,400,49,0.55,False,,,,,,,0.446472
shipped,400,49,0.6,True,0.55,0.9851,0.446472,False,0.450115,False,0.446472
positives,400,49,0.4,False,,,,,,,0.450115
positives,400,49,0.5,True,0.55,0.9851,0.450115,False,0.446472,False,0.450115
positives,400,49,0.55,True,0.55,0.9851,0.450115,False,0.446472,False,0.450115
positives,400,49,0.6,True,0.55,0.9851,0.450115,False,0.446472,False,0.450115
shipped,400,50,0.4,False,,,,,,,0.463741
shipped,400,50,0.5,False,,,,,,,0.463741
shipped,400,50,0.55,False,,,,,,,0.463741
shipped,400,50,0.6,True,0.55,0.986,0.463741,False,0.466757,False,0.463741
positives,400,50,0.4,False,,,,,,,0.466757
positives,400,50,0.5,True,0.55,0.986,0.466757,False,0.463741,False,0.466757
positives,400,50,0.55,True,0.55,0.986,0.466757,False,0.463741,False,0.466757
positives,400,50,0.6,True,0.55,0.986,0.466757,False,0.463741,False,0.466757
shipped,400,51,0.4,False,,,,,,,0.457877
shipped,400,51,0.5,False,,,,,,,0.457877
shipped,400,51,0.55,False,,,,,,,0.457877
shipped,400,51,0.6,True,0.55,0.9857,0.457877,False,0.457577,False,0.457877
positives,400,51,0.4,False,,,,,,,0.457577
positives,400,51,0.5,True,0.55,0.9857,0.457577,False,0.457877,False,0.457577
positives,400,51,0.55,True,0.55,0.9857,0.457577,False,0.457877,False,0.457577
positives,400,51,0.6,True,0.55,0.9857,0.457577,False,0.457877,False,0.457577
shipped,400,52,0.4,False,,,,,,,0.440634
shipped,400,52,0.5,False,,,,,,,0.440634
shipped,400,52,0.55,False,,,,,,,0.440634
shipped,400,52,0.6,True,0.55,0.9845,0.440634,False,0.441889,False,0.440634
positives,400,52,0.4,False,,,,,,,0.441889
positives,400,52,0.5,True,0.55,0.9845,0.441889,False,0.440634,False,0.441889
positives,400,52,0.55,True,0.55,0.9845,0.441889,False,0.440634,False,0.441889
positives,400,52,0.6,True,0.55,0.9845,0.441889,False,0.440634,False,0.441889
shipped,400,53,0.4,False,,,,,,,0.449095
shipped,400,53,0.5,False,,,,,,,0.449095
shipped,400,53,0.55,False,,,,,,,0.449095
shipped,400,53,0.6,True,0.55,0.9848,0.449095,False,0.447947,False,0.449095
positives,400,53,0.4,False,,,,,,,0.447947
positives,400,53,0.5,True,0.55,0.9848,0.447947,False,0.449095,False,0.447947
positives,400,53,0.55,True,0.55,0.9848,0.447947,False,0.449095,False,0.447947
positives,400,53,0.6,True,0.55,0.9848,0.447947,False,0.449095,False,0.447947
shipped,400,54,0.4,False,,,,,,,0.452668
shipped,400,54,0.5,False,,,,,,,0.452668
shipped,400,54,0.55,False,,,,,,,0.452668
shipped,400,54,0.6,True,0.55,0.9852,0.452668,False,0.452138,False,0.452668
positives,400,54,0.4,False,,,,,,,0.452138
positives,400,54,0.5,True,0.55,0.9852,0.452138,False,0.452668,False,0.452138
positives,400,54,0.55,True,0.55,0.9852,0.452138,False,0.452668,False,0.452138
positives,400,54,0.6,True,0.55,0.9852,0.452138,False,0.452668,False,0.452138
shipped,400,55,0.4,False,,,,,,,0.437908
shipped,400,55,0.5,False,,,,,,,0.437908
shipped,400,55,0.55,False,,,,,,,0.437908
shipped,400,55,0.6,True,0.55,0.9855,0.437908,False,0.439639,False,0.437908
positives,400,55,0.4,False,,,,,,,0.439639
positives,400,55,0.5,True,0.55,0.9855,0.439639,False,0.437908,False,0.439639
positives,400,55,0.55,True,0.55,0.9855,0.439639,False,0.437908,False,0.439639
positives,400,55,0.6,True,0.55,0.9855,0.439639,False,0.437908,False,0.439639
shipped,400,56,0.4,False,,,,,,,0.44778
shipped,400,56,0.5,False,,,,,,,0.44778
shipped,400,56,0.55,True,0.55,0.9842,0.44778,False,0.444027,False,0.44778
shipped,400,56,0.6,True,0.55,0.9842,0.44778,False,0.444027,False,0.44778
positives,400,56,0.4,False,,,,,,,0.444027
positives,400,56,0.5,True,0.55,0.9842,0.444027,False,0.44778,False,0.444027
positives,400,56,0.55,True,0.55,0.9842,0.444027,False,0.44778,False,0.444027
positives,400,56,0.6,True,0.55,0.9842,0.444027,False,0.44778,False,0.444027
shipped,400,57,0.4,False,,,,,,,0.452785
shipped,400,57,0.5,False,,,,,,,0.452785
shipped,400,57,0.55,False,,,,,,,0.452785
shipped,400,57,0.6,True,0.55,0.9854,0.452785,False,0.452185,False,0.452785
positives,400,57,0.4,False,,,,,,,0.452185
positives,400,57,0.5,True,0.55,0.9854,0.452185,False,0.452785,False,0.452185
positives,400,57,0.55,True,0.55,0.9854,0.452185,False,0.452785,False,0.452185
positives,400,57,0.6,True,0.55,0.9854,0.452185,False,0.452785,False,0.452185
shipped,400,58,0.4,False,,,,,,,0.45464
shipped,400,58,0.5,False,,,,,,,0.45464
shipped,400,58,0.55,False,,,,,,,0.45464
shipped,400,58,0.6,True,0.55,0.9848,0.45464,False,0.456567,False,0.45464
positives,400,58,0.4,False,,,,,,,0.456567
positives,400,58,0.5,True,0.55,0.9848,0.456567,False,0.45464,False,0.456567
positives,400,58,0.55,True,0.55,0.9848,0.456567,False,0.45464,False,0.456567
positives,400,58,0.6,True,0.55,0.9848,0.456567,False,0.45464,False,0.456567
shipped,400,59,0.4,False,,,,,,,0.435873
shipped,400,59,0.5,False,,,,,,,0.435873
shipped,400,59,0.55,False,,,,,,,0.435873
shipped,400,59,0.6,True,0.55,0.9847,0.435873,False,0.435485,False,0.435873
positives,400,59,0.4,False,,,,,,,0.435485
positives,400,59,0.5,True,0.55,0.9847,0.435485,False,0.435873,False,0.435485
positives,400,59,0.55,True,0.55,0.9847,0.435485,False,0.435873,False,0.435485
positives,400,59,0.6,True,0.55,0.9847,0.435485,False,0.435873,False,0.435485
shipped,400,60,0.4,False,,,,,,,0.43023
shipped,400,60,0.5,False,,,,,,,0.43023
shipped,400,60,0.55,False,,,,,,,0.43023
shipped,400,60,0.6,True,0.55,0.9844,0.43023,False,0.429959,False,0.43023
positives,400,60,0.4,False,,,,,,,0.429959
positives,400,60,0.5,True,0.55,0.9844,0.429959,False,0.43023,False,0.429959
positives,400,60,0.55,True,0.55,0.9844,0.429959,False,0.43023,False,0.429959
positives,400,60,0.6,True,0.55,0.9844,0.429959,False,0.43023,False,0.429959
shipped,400,61,0.4,False,,,,,,,0.472298
shipped,400,61,0.5,False,,,,,,,0.472298
shipped,400,61,0.55,False,,,,,,,0.472298
shipped,400,61,0.6,True,0.55,0.986,0.472298,False,0.47248,False,0.472298
positives,400,61,0.4,False,,,,,,,0.47248
positives,400,61,0.5,True,0.55,0.986,0.47248,False,0.472298,False,0.47248
positives,400,61,0.55,True,0.55,0.986,0.47248,False,0.472298,False,0.47248
positives,400,61,0.6,True,0.55,0.986,0.47248,False,0.472298,False,0.47248
shipped,400,62,0.4,False,,,,,,,0.430468
shipped,400,62,0.5,False,,,,,,,0.430468
shipped,400,62,0.55,True,0.55,0.9842,0.430468,False,0.431137,False,0.430468
shipped,400,62,0.6,True,0.55,0.9842,0.430468,False,0.431137,False,0.430468
positives,400,62,0.4,False,,,,,,,0.431137
positives,400,62,0.5,True,0.55,0.9842,0.431137,False,0.430468,False,0.431137
positives,400,62,0.55,True,0.55,0.9842,0.431137,False,0.430468,False,0.431137
positives,400,62,0.6,True,0.55,0.9842,0.431137,False,0.430468,False,0.431137
shipped,400,63,0.4,False,,,,,,,0.458604
shipped,400,63,0.5,False,,,,,,,0.458604
shipped,400,63,0.55,False,,,,,,,0.458604
shipped,400,63,0.6,True,0.55,0.9853,0.458604,False,0.457249,False,0.458604
positives,400,63,0.4,False,,,,,,,0.457249
positives,400,63,0.5,True,0.55,0.9853,0.457249,False,0.458604,False,0.457249
positives,400,63,0.55,True,0.55,0.9853,0.457249,False,0.458604,False,0.457249
positives,400,63,0.6,True,0.55,0.9853,0.457249,False,0.458604,False,0.457249
shipped,400,64,0.4,False,,,,,,,0.431405
shipped,400,64,0.5,False,,,,,,,0.431405
shipped,400,64,0.55,False,,,,,,,0.431405
shipped,400,64,0.6,True,0.55,0.9846,0.431405,False,0.431562,False,0.431405
positives,400,64,0.4,False,,,,,,,0.431562
positives,400,64,0.5,True,0.55,0.9846,0.431562,False,0.431405,False,0.431562
positives,400,64,0.55,True,0.55,0.9846,0.431562,False,0.431405,False,0.431562
positives,400,64,0.6,True,0.55,0.9846,0.431562,False,0.431405,False,0.431562
shipped,400,65,0.4,False,,,,,,,0.46097
shipped,400,65,0.5,False,,,,,,,0.46097
shipped,400,65,0.55,False,,,,,,,0.46097
shipped,400,65,0.6,True,0.55,0.9851,0.46097,False,0.458748,False,0.46097
positives,400,65,0.4,False,,,,,,,0.458748
positives,400,65,0.5,True,0.55,0.9851,0.458748,False,0.46097,False,0.458748
positives,400,65,0.55,True,0.55,0.9851,0.458748,False,0.46097,False,0.458748
positives,400,65,0.6,True,0.55,0.9851,0.458748,False,0.46097,False,0.458748
shipped,400,66,0.4,False,,,,,,,0.435424
shipped,400,66,0.5,False,,,,,,,0.435424
shipped,400,66,0.55,False,,,,,,,0.435424
shipped,400,66,0.6,True,0.55,0.9846,0.435424,False,0.436049,False,0.435424
positives,400,66,0.4,False,,,,,,,0.436049
positives,400,66,0.5,True,0.55,0.9846,0.436049,False,0.435424,False,0.436049
positives,400,66,0.55,True,0.55,0.9846,0.436049,False,0.435424,False,0.436049
positives,400,66,0.6,True,0.55,0.9846,0.436049,False,0.435424,False,0.436049
shipped,400,67,0.4,False,,,,,,,0.467461
shipped,400,67,0.5,False,,,,,,,0.467461
shipped,400,67,0.55,False,,,,,,,0.467461
shipped,400,67,0.6,True,0.55,0.9847,0.467461,False,0.464522,False,0.467461
positives,400,67,0.4,False,,,,,,,0.464522
positives,400,67,0.5,True,0.55,0.9847,0.464522,False,0.467461,False,0.464522
positives,400,67,0.55,True,0.55,0.9847,0.464522,False,0.467461,False,0.464522
positives,400,67,0.6,True,0.55,0.9847,0.464522,False,0.467461,False,0.464522
shipped,400,68,0.4,False,,,,,,,0.465503
shipped,400,68,0.5,False,,,,,,,0.465503
shipped,400,68,0.55,False,,,,,,,0.465503
shipped,400,68,0.6,True,0.55,0.9859,0.465503,False,0.460943,False,0.465503
positives,400,68,0.4,False,,,,,,,0.460943
positives,400,68,0.5,True,0.55,0.9859,0.460943,False,0.465503,False,0.460943
positives,400,68,0.55,True,0.55,0.9859,0.460943,False,0.465503,False,0.460943
positives,400,68,0.6,True,0.55,0.9859,0.460943,False,0.465503,False,0.460943
shipped,400,69,0.4,False,,,,,,,0.42956
shipped,400,69,0.5,False,,,,,,,0.42956
shipped,400,69,0.55,True,0.55,0.984,0.42956,False,0.427242,False,0.42956
shipped,400,69,0.6,True,0.55,0.984,0.42956,False,0.427242,False,0.42956
positives,400,69,0.4,False,,,,,,,0.427242
positives,400,69,0.5,True,0.55,0.984,0.427242,False,0.42956,False,0.427242
positives,400,69,0.55,True,0.55,0.984,0.427242,False,0.42956,False,0.427242
positives,400,69,0.6,True,0.55,0.984,0.427242,False,0.42956,False,0.427242
shipped,400,70,0.4,False,,,,,,,0.467392
shipped,400,70,0.5,False,,,,,,,0.467392
shipped,400,70,0.55,False,,,,,,,0.467392
shipped,400,70,0.6,True,0.55,0.9847,0.467392,False,0.467312,False,0.467392
positives,400,70,0.4,False,,,,,,,0.467312
positives,400,70,0.5,True,0.55,0.9847,0.467312,False,0.467392,False,0.467312
positives,400,70,0.55,True,0.55,0.9847,0.467312,False,0.467392,False,0.467312
positives,400,70,0.6,True,0.55,0.9847,0.467312,False,0.467392,False,0.467312
shipped,400,71,0.4,False,,,,,,,0.446468
shipped,400,71,0.5,False,,,,,,,0.446468
shipped,400,71,0.55,False,,,,,,,0.446468
shipped,400,71,0.6,True,0.55,0.9849,0.446468,False,0.445998,False,0.446468
positives,400,71,0.4,False,,,,,,,0.445998
positives,400,71,0.5,True,0.55,0.9849,0.445998,False,0.446468,False,0.445998
positives,400,71,0.55,True,0.55,0.9849,0.445998,False,0.446468,False,0.445998
positives,400,71,0.6,True,0.55,0.9849,0.445998,False,0.446468,False,0.445998
shipped,400,72,0.4,False,,,,,,,0.439941
shipped,400,72,0.5,False,,,,,,,0.439941
shipped,400,72,0.55,False,,,,,,,0.439941
shipped,400,72,0.6,True,0.55,0.9857,0.439941,False,0.438733,False,0.439941
positives,400,72,0.4,False,,,,,,,0.438733
positives,400,72,0.5,True,0.55,0.9857,0.438733,False,0.439941,False,0.438733
positives,400,72,0.55,True,0.55,0.9857,0.438733,False,0.439941,False,0.438733
positives,400,72,0.6,True,0.55,0.9857,0.438733,False,0.439941,False,0.438733
shipped,400,73,0.4,False,,,,,,,0.449587
shipped,400,73,0.5,False,,,,,,,0.449587
shipped,400,73,0.55,False,,,,,,,0.449587
shipped,400,73,0.6,True,0.55,0.9851,0.449587,False,0.447279,False,0.449587
positives,400,73,0.4,False,,,,,,,0.447279
positives,400,73,0.5,True,0.55,0.9851,0.447279,False,0.449587,False,0.447279
positives,400,73,0.55,True,0.55,0.9851,0.447279,False,0.449587,False,0.447279
positives,400,73,0.6,True,0.55,0.9851,0.447279,False,0.449587,False,0.447279
shipped,400,74,0.4,False,,,,,,,0.454566
shipped,400,74,0.5,False,,,,,,,0.454566
shipped,400,74,0.55,False,,,,,,,0.454566
shipped,400,74,0.6,True,0.55,0.9849,0.454566,False,0.458619,False,0.454566
positives,400,74,0.4,False,,,,,,,0.458619
positives,400,74,0.5,True,0.55,0.9849,0.458619,False,0.454566,False,0.458619
positives,400,74,0.55,True,0.55,0.9849,0.458619,False,0.454566,False,0.458619
positives,400,74,0.6,True,0.55,0.9849,0.458619,False,0.454566,False,0.458619
shipped,400,75,0.4,False,,,,,,,0.462869
shipped,400,75,0.5,False,,,,,,,0.462869
shipped,400,75,0.55,False,,,,,,,0.462869
shipped,400,75,0.6,True,0.55,0.9855,0.462869,False,0.458971,False,0.462869
positives,400,75,0.4,False,,,,,,,0.458971
positives,400,75,0.5,True,0.55,0.9855,0.458971,False,0.462869,False,0.458971
positives,400,75,0.55,True,0.55,0.9855,0.458971,False,0.462869,False,0.458971
positives,400,75,0.6,True,0.55,0.9855,0.458971,False,0.462869,False,0.458971
shipped,400,76,0.4,False,,,,,,,0.450402
shipped,400,76,0.5,False,,,,,,,0.450402
shipped,400,76,0.55,False,,,,,,,0.450402
shipped,400,76,0.6,True,0.55,0.9864,0.450402,False,0.454149,False,0.450402
positives,400,76,0.4,False,,,,,,,0.454149
positives,400,76,0.5,True,0.55,0.9864,0.454149,False,0.450402,False,0.454149
positives,400,76,0.55,True,0.55,0.9864,0.454149,False,0.450402,False,0.454149
positives,400,76,0.6,True,0.55,0.9864,0.454149,False,0.450402,False,0.454149
shipped,400,77,0.4,False,,,,,,,0.479547
shipped,400,77,0.5,False,,,,,,,0.479547
shipped,400,77,0.55,False,,,,,,,0.479547
shipped,400,77,0.6,True,0.55,0.9865,0.479547,False,0.48178,False,0.479547
positives,400,77,0.4,False,,,,,,,0.48178
positives,400,77,0.5,True,0.55,0.9865,0.48178,False,0.479547,False,0.48178
positives,400,77,0.55,True,0.55,0.9865,0.48178,False,0.479547,False,0.48178
positives,400,77,0.6,True,0.55,0.9865,0.48178,False,0.479547,False,0.48178
shipped,400,78,0.4,False,,,,,,,0.452134
shipped,400,78,0.5,False,,,,,,,0.452134
shipped,400,78,0.55,False,,,,,,,0.452134
shipped,400,78,0.6,True,0.55,0.9847,0.452134,False,0.456703,False,0.452134
positives,400,78,0.4,False,,,,,,,0.456703
positives,400,78,0.5,True,0.55,0.9847,0.456703,False,0.452134,False,0.456703
positives,400,78,0.55,True,0.55,0.9847,0.456703,False,0.452134,False,0.456703
positives,400,78,0.6,True,0.55,0.9847,0.456703,False,0.452134,False,0.456703
shipped,400,79,0.4,False,,,,,,,0.476132
shipped,400,79,0.5,False,,,,,,,0.476132
shipped,400,79,0.55,False,,,,,,,0.476132
shipped,400,79,0.6,True,0.55,0.9846,0.476132,False,0.478545,False,0.476132
positives,400,79,0.4,False,,,,,,,0.478545
positives,400,79,0.5,False,,,,,,,0.478545
positives,400,79,0.55,True,0.55,0.9846,0.478545,False,0.476132,False,0.478545
positives,400,79,0.6,True,0.55,0.9846,0.478545,False,0.476132,False,0.478545
shipped,400,80,0.4,False,,,,,,,0.441882
shipped,400,80,0.5,False,,,,,,,0.441882
shipped,400,80,0.55,True,0.55,0.9846,0.441882,False,0.438609,False,0.441882
shipped,400,80,0.6,True,0.55,0.9846,0.441882,False,0.438609,False,0.441882
positives,400,80,0.4,False,,,,,,,0.438609
positives,400,80,0.5,True,0.55,0.9846,0.438609,False,0.441882,False,0.438609
positives,400,80,0.55,True,0.55,0.9846,0.438609,False,0.441882,False,0.438609
positives,400,80,0.6,True,0.55,0.9846,0.438609,False,0.441882,False,0.438609
shipped,400,81,0.4,False,,,,,,,0.433956
shipped,400,81,0.5,False,,,,,,,0.433956
shipped,400,81,0.55,True,0.55,0.9849,0.433956,False,0.43629,False,0.433956
shipped,400,81,0.6,True,0.55,0.9849,0.433956,False,0.43629,False,0.433956
positives,400,81,0.4,False,,,,,,,0.43629
positives,400,81,0.5,True,0.55,0.9849,0.43629,False,0.433956,False,0.43629
positives,400,81,0.55,True,0.55,0.9849,0.43629,False,0.433956,False,0.43629
positives,400,81,0.6,True,0.55,0.9849,0.43629,False,0.433956,False,0.43629
shipped,400,82,0.4,False,,,,,,,0.47007
shipped,400,82,0.5,False,,,,,,,0.47007
shipped,400,82,0.55,False,,,,,,,0.47007
shipped,400,82,0.6,True,0.55,0.9847,0.47007,False,0.469328,False,0.47007
positives,400,82,0.4,False,,,,,,,0.469328
positives,400,82,0.5,True,0.55,0.9847,0.469328,False,0.47007,False,0.469328
positives,400,82,0.55,True,0.55,0.9847,0.469328,False,0.47007,False,0.469328
positives,400,82,0.6,True,0.55,0.9847,0.469328,False,0.47007,False,0.469328
shipped,400,83,0.4,False,,,,,,,0.428845
shipped,400,83,0.5,False,,,,,,,0.428845
shipped,400,83,0.55,True,0.55,0.9844,0.428845,False,0.429999,False,0.428845
shipped,400,83,0.6,True,0.55,0.9844,0.428845,False,0.429999,False,0.428845
positives,400,83,0.4,False,,,,,,,0.429999
positives,400,83,0.5,True,0.55,0.9844,0.429999,False,0.428845,False,0.429999
positives,400,83,0.55,True,0.55,0.9844,0.429999,False,0.428845,False,0.429999
positives,400,83,0.6,True,0.55,0.9844,0.429999,False,0.428845,False,0.429999
shipped,400,84,0.4,False,,,,,,,0.464872
shipped,400,84,0.5,False,,,,,,,0.464872
shipped,400,84,0.55,False,,,,,,,0.464872
shipped,400,84,0.6,True,0.55,0.9848,0.464872,False,0.465096,False,0.464872
positives,400,84,0.4,False,,,,,,,0.465096
positives,400,84,0.5,True,0.55,0.9848,0.465096,False,0.464872,False,0.465096
positives,400,84,0.55,True,0.55,0.9848,0.465096,False,0.464872,False,0.465096
positives,400,84,0.6,True,0.55,0.9848,0.465096,False,0.464872,False,0.465096
shipped,400,85,0.4,False,,,,,,,0.422201
shipped,400,85,0.5,False,,,,,,,0.422201
shipped,400,85,0.55,True,0.55,0.985,0.422201,False,0.422506,False,0.422201
shipped,400,85,0.6,True,0.55,0.985,0.422201,False,0.422506,False,0.422201
positives,400,85,0.4,False,,,,,,,0.422506
positives,400,85,0.5,True,0.55,0.985,0.422506,False,0.422201,False,0.422506
positives,400,85,0.55,True,0.55,0.985,0.422506,False,0.422201,False,0.422506
positives,400,85,0.6,True,0.55,0.985,0.422506,False,0.422201,False,0.422506
shipped,400,86,0.4,False,,,,,,,0.4666
shipped,400,86,0.5,False,,,,,,,0.4666
shipped,400,86,0.55,False,,,,,,,0.4666
shipped,400,86,0.6,True,0.55,0.9856,0.4666,False,0.466904,False,0.4666
positives,400,86,0.4,False,,,,,,,0.466904
positives,400,86,0.5,True,0.55,0.9856,0.466904,False,0.4666,False,0.466904
positives,400,86,0.55,True,0.55,0.9856,0.466904,False,0.4666,False,0.466904
positives,400,86,0.6,True,0.55,0.9856,0.466904,False,0.4666,False,0.466904
shipped,400,87,0.4,False,,,,,,,0.47598
shipped,400,87,0.5,False,,,,,,,0.47598
shipped,400,87,0.55,False,,,,,,,0.47598
shipped,400,87,0.6,True,0.55,0.9861,0.47598,False,0.476171,False,0.47598
positives,400,87,0.4,False,,,,,,,0.476171
positives,400,87,0.5,True,0.55,0.9861,0.476171,False,0.47598,False,0.476171
positives,400,87,0.55,True,0.55,0.9861,0.476171,False,0.47598,False,0.476171
positives,400,87,0.6,True,0.55,0.9861,0.476171,False,0.47598,False,0.476171
shipped,400,88,0.4,False,,,,,,,0.441021
shipped,400,88,0.5,False,,,,,,,0.441021
shipped,400,88,0.55,True,0.55,0.9854,0.441021,False,0.438625,False,0.441021
shipped,400,88,0.6,True,0.55,0.9854,0.441021,False,0.438625,False,0.441021
positives,400,88,0.4,False,,,,,,,0.438625
positives,400,88,0.5,True,0.55,0.9854,0.438625,False,0.441021,False,0.438625
positives,400,88,0.55,True,0.55,0.9854,0.438625,False,0.441021,False,0.438625
positives,400,88,0.6,True,0.55,0.9854,0.438625,False,0.441021,False,0.438625
shipped,400,89,0.4,False,,,,,,,0.452532
shipped,400,89,0.5,False,,,,,,,0.452532
shipped,400,89,0.55,False,,,,,,,0.452532
shipped,400,89,0.6,True,0.55,0.9856,0.452532,False,0.450487,False,0.452532
positives,400,89,0.4,False,,,,,,,0.450487
positives,400,89,0.5,True,0.55,0.9856,0.450487,False,0.452532,False,0.450487
positives,400,89,0.55,True,0.55,0.9856,0.450487,False,0.452532,False,0.450487
positives,400,89,0.6,True,0.55,0.9856,0.450487,False,0.452532,False,0.450487
shipped,400,90,0.4,False,,,,,,,0.461329
shipped,400,90,0.5,False,,,,,,,0.461329
shipped,400,90,0.55,False,,,,,,,0.461329
shipped,400,90,0.6,True,0.55,0.985,0.461329,False,0.459878,False,0.461329
positives,400,90,0.4,False,,,,,,,0.459878
positives,400,90,0.5,True,0.55,0.985,0.459878,False,0.461329,False,0.459878
positives,400,90,0.55,True,0.55,0.985,0.459878,False,0.461329,False,0.459878
positives,400,90,0.6,True,0.55,0.985,0.459878,False,0.461329,False,0.459878
shipped,400,91,0.4,False,,,,,,,0.441298
shipped,400,91,0.5,False,,,,,,,0.441298
shipped,400,91,0.55,True,0.55,0.9846,0.441298,False,0.435856,False,0.441298
shipped,400,91,0.6,True,0.55,0.9846,0.441298,False,0.435856,False,0.441298
positives,400,91,0.4,False,,,,,,,0.435856
positives,400,91,0.5,True,0.55,0.9846,0.435856,False,0.441298,False,0.435856
positives,400,91,0.55,True,0.55,0.9846,0.435856,False,0.441298,False,0.435856
positives,400,91,0.6,True,0.55,0.9846,0.435856,False,0.441298,False,0.435856
shipped,400,92,0.4,False,,,,,,,0.454306
shipped,400,92,0.5,False,,,,,,,0.454306
shipped,400,92,0.55,False,,,,,,,0.454306
shipped,400,92,0.6,True,0.55,0.9855,0.454306,False,0.455392,False,0.454306
positives,400,92,0.4,False,,,,,,,0.455392
positives,400,92,0.5,True,0.55,0.9855,0.455392,False,0.454306,False,0.455392
positives,400,92,0.55,True,0.55,0.9855,0.455392,False,0.454306,False,0.455392
positives,400,92,0.6,True,0.55,0.9855,0.455392,False,0.454306,False,0.455392
shipped,400,93,0.4,False,,,,,,,0.434587
shipped,400,93,0.5,False,,,,,,,0.434587
shipped,400,93,0.55,False,,,,,,,0.434587
shipped,400,93,0.6,True,0.55,0.9842,0.434587,False,0.434613,False,0.434587
positives,400,93,0.4,False,,,,,,,0.434613
positives,400,93,0.5,True,0.55,0.9842,0.434613,False,0.434587,False,0.434613
positives,400,93,0.55,True,0.55,0.9842,0.434613,False,0.434587,False,0.434613
positives,400,93,0.6,True,0.55,0.9842,0.434613,False,0.434587,False,0.434613
shipped,400,94,0.4,False,,,,,,,0.433756
shipped,400,94,0.5,False,,,,,,,0.433756
shipped,400,94,0.55,True,0.55,0.9848,0.433756,False,0.436284,False,0.433756
shipped,400,94,0.6,True,0.55,0.9848,0.433756,False,0.436284,False,0.433756
positives,400,94,0.4,False,,,,,,,0.436284
positives,400,94,0.5,True,0.55,0.9848,0.436284,False,0.433756,False,0.436284
positives,400,94,0.55,True,0.55,0.9848,0.436284,False,0.433756,False,0.436284
positives,400,94,0.6,True,0.55,0.9848,0.436284,False,0.433756,False,0.436284
shipped,400,95,0.4,False,,,,,,,0.46161
shipped,400,95,0.5,False,,,,,,,0.46161
shipped,400,95,0.55,False,,,,,,,0.46161
shipped,400,95,0.6,True,0.55,0.9855,0.46161,False,0.463,False,0.46161
positives,400,95,0.4,False,,,,,,,0.463
positives,400,95,0.5,True,0.55,0.9855,0.463,False,0.46161,False,0.463
positives,400,95,0.55,True,0.55,0.9855,0.463,False,0.46161,False,0.463
positives,400,95,0.6,True,0.55,0.9855,0.463,False,0.46161,False,0.463
shipped,400,96,0.4,False,,,,,,,0.432236
shipped,400,96,0.5,False,,,,,,,0.432236
shipped,400,96,0.55,False,,,,,,,0.432236
shipped,400,96,0.6,True,0.55,0.9849,0.432236,False,0.431554,False,0.432236
positives,400,96,0.4,False,,,,,,,0.431554
positives,400,96,0.5,True,0.55,0.9849,0.431554,False,0.432236,False,0.431554
positives,400,96,0.55,True,0.55,0.9849,0.431554,False,0.432236,False,0.431554
positives,400,96,0.6,True,0.55,0.9849,0.431554,False,0.432236,False,0.431554
shipped,400,97,0.4,False,,,,,,,0.440209
shipped,400,97,0.5,False,,,,,,,0.440209
shipped,400,97,0.55,False,,,,,,,0.440209
shipped,400,97,0.6,True,0.55,0.9856,0.440209,False,0.441548,False,0.440209
positives,400,97,0.4,False,,,,,,,0.441548
positives,400,97,0.5,True,0.55,0.9856,0.441548,False,0.440209,False,0.441548
positives,400,97,0.55,True,0.55,0.9856,0.441548,False,0.440209,False,0.441548
positives,400,97,0.6,True,0.55,0.9856,0.441548,False,0.440209,False,0.441548
shipped,400,98,0.4,False,,,,,,,0.442051
shipped,400,98,0.5,False,,,,,,,0.442051
shipped,400,98,0.55,True,0.55,0.9844,0.442051,False,0.435661,False,0.442051
shipped,400,98,0.6,True,0.55,0.9844,0.442051,False,0.435661,False,0.442051
positives,400,98,0.4,False,,,,,,,0.435661
positives,400,98,0.5,True,0.55,0.9844,0.435661,False,0.442051,False,0.435661
positives,400,98,0.55,True,0.55,0.9844,0.435661,False,0.442051,False,0.435661
positives,400,98,0.6,True,0.55,0.9844,0.435661,False,0.442051,False,0.435661
shipped,400,99,0.4,False,,,,,,,0.45893
shipped,400,99,0.5,False,,,,,,,0.45893
shipped,400,99,0.55,False,,,,,,,0.45893
shipped,400,99,0.6,True,0.55,0.9852,0.45893,False,0.45803,False,0.45893
positives,400,99,0.4,False,,,,,,,0.45803
positives,400,99,0.5,True,0.55,0.9852,0.45803,False,0.45893,False,0.45803
positives,400,99,0.55,True,0.55,0.9852,0.45803,False,0.45893,False,0.45803
positives,400,99,0.6,True,0.55,0.9852,0.45803,False,0.45893,False,0.45803
shipped,400,100,0.4,False,,,,,,,0.448417
shipped,400,100,0.5,False,,,,,,,0.448417
shipped,400,100,0.55,True,0.55,0.9836,0.448417,False,0.444234,False,0.448417
shipped,400,100,0.6,True,0.55,0.9836,0.448417,False,0.444234,False,0.448417
positives,400,100,0.4,False,,,,,,,0.444234
positives,400,100,0.5,True,0.55,0.9836,0.444234,False,0.448417,False,0.444234
positives,400,100,0.55,True,0.55,0.9836,0.444234,False,0.448417,False,0.444234
positives,400,100,0.6,True,0.55,0.9836,0.444234,False,0.448417,False,0.444234
shipped,400,101,0.4,False,,,,,,,0.427762
shipped,400,101,0.5,False,,,,,,,0.427762
shipped,400,101,0.55,True,0.55,0.9839,0.427762,False,0.427305,False,0.427762
shipped,400,101,0.6,True,0.55,0.9839,0.427762,False,0.427305,False,0.427762
positives,400,101,0.4,False,,,,,,,0.427305
positives,400,101,0.5,True,0.55,0.9839,0.427305,False,0.427762,False,0.427305
positives,400,101,0.55,True,0.55,0.9839,0.427305,False,0.427762,False,0.427305
positives,400,101,0.6,True,0.55,0.9839,0.427305,False,0.427762,False,0.427305
shipped,400,102,0.4,False,,,,,,,0.466057
shipped,400,102,0.5,False,,,,,,,0.466057
shipped,400,102,0.55,False,,,,,,,0.466057
shipped,400,102,0.6,True,0.55,0.9847,0.466057,False,0.462341,False,0.466057
positives,400,102,0.4,False,,,,,,,0.462341
positives,400,102,0.5,True,0.55,0.9847,0.462341,False,0.466057,False,0.462341
positives,400,102,0.55,True,0.55,0.9847,0.462341,False,0.466057,False,0.462341
positives,400,102,0.6,True,0.55,0.9847,0.462341,False,0.466057,False,0.462341
shipped,400,103,0.4,False,,,,,,,0.468553
shipped,400,103,0.5,False,,,,,,,0.468553
shipped,400,103,0.55,False,,,,,,,0.468553
shipped,400,103,0.6,True,0.55,0.9847,0.468553,False,0.469093,False,0.468553
positives,400,103,0.4,False,,,,,,,0.469093
positives,400,103,0.5,True,0.55,0.9847,0.469093,False,0.468553,False,0.469093
positives,400,103,0.55,True,0.55,0.9847,0.469093,False,0.468553,False,0.469093
positives,400,103,0.6,True,0.55,0.9847,0.469093,False,0.468553,False,0.469093
shipped,400,104,0.4,False,,,,,,,0.455703
shipped,400,104,0.5,False,,,,,,,0.455703
shipped,400,104,0.55,True,0.55,0.9843,0.455703,False,0.45509,False,0.455703
shipped,400,104,0.6,True,0.55,0.9843,0.455703,False,0.45509,False,0.455703
positives,400,104,0.4,False,,,,,,,0.45509
positives,400,104,0.5,True,0.55,0.9843,0.45509,False,0.455703,False,0.45509
positives,400,104,0.55,True,0.55,0.9843,0.45509,False,0.455703,False,0.45509
positives,400,104,0.6,True,0.55,0.9843,0.45509,False,0.455703,False,0.45509
shipped,400,105,0.4,False,,,,,,,0.439775
shipped,400,105,0.5,False,,,,,,,0.439775
shipped,400,105,0.55,False,,,,,,,0.439775
shipped,400,105,0.6,True,0.55,0.984,0.439775,False,0.442405,False,0.439775
positives,400,105,0.4,False,,,,,,,0.442405
positives,400,105,0.5,True,0.55,0.984,0.442405,False,0.439775,False,0.442405
positives,400,105,0.55,True,0.55,0.984,0.442405,False,0.439775,False,0.442405
positives,400,105,0.6,True,0.55,0.984,0.442405,False,0.439775,False,0.442405
shipped,400,106,0.4,False,,,,,,,0.445625
shipped,400,106,0.5,False,,,,,,,0.445625
shipped,400,106,0.55,False,,,,,,,0.445625
shipped,400,106,0.6,True,0.55,0.9848,0.445625,False,0.443752,False,0.445625
positives,400,106,0.4,False,,,,,,,0.443752
positives,400,106,0.5,True,0.55,0.9848,0.443752,False,0.445625,False,0.443752
positives,400,106,0.55,True,0.55,0.9848,0.443752,False,0.445625,False,0.443752
positives,400,106,0.6,True,0.55,0.9848,0.443752,False,0.445625,False,0.443752
shipped,400,107,0.4,False,,,,,,,0.460952
shipped,400,107,0.5,False,,,,,,,0.460952
shipped,400,107,0.55,False,,,,,,,0.460952
shipped,400,107,0.6,True,0.55,0.9853,0.460952,False,0.461123,False,0.460952
positives,400,107,0.4,False,,,,,,,0.461123
positives,400,107,0.5,True,0.55,0.9853,0.461123,False,0.460952,False,0.461123
positives,400,107,0.55,True,0.55,0.9853,0.461123,False,0.460952,False,0.461123
positives,400,107,0.6,True,0.55,0.9853,0.461123,False,0.460952,False,0.461123
shipped,400,108,0.4,False,,,,,,,0.441023
shipped,400,108,0.5,False,,,,,,,0.441023
shipped,400,108,0.55,True,0.55,0.9851,0.441023,False,0.441757,False,0.441023
shipped,400,108,0.6,True,0.55,0.9851,0.441023,False,0.441757,False,0.441023
positives,400,108,0.4,False,,,,,,,0.441757
positives,400,108,0.5,True,0.55,0.9851,0.441757,False,0.441023,False,0.441757
positives,400,108,0.55,True,0.55,0.9851,0.441757,False,0.441023,False,0.441757
positives,400,108,0.6,True,0.55,0.9851,0.441757,False,0.441023,False,0.441757
shipped,400,109,0.4,False,,,,,,,0.436798
shipped,400,109,0.5,False,,,,,,,0.436798
shipped,400,109,0.55,True,0.55,0.9851,0.436798,False,0.43687,False,0.436798
shipped,400,109,0.6,True,0.55,0.9851,0.436798,False,0.43687,False,0.436798
positives,400,109,0.4,False,,,,,,,0.43687
positives,400,109,0.5,True,0.55,0.9851,0.43687,False,0.436798,False,0.43687
positives,400,109,0.55,True,0.55,0.9851,0.43687,False,0.436798,False,0.43687
positives,400,109,0.6,True,0.55,0.9851,0.43687,False,0.436798,False,0.43687
shipped,400,110,0.4,False,,,,,,,0.444476
shipped,400,110,0.5,False,,,,,,,0.444476
shipped,400,110,0.55,False,,,,,,,0.444476
shipped,400,110,0.6,True,0.55,0.9847,0.444476,False,0.439128,False,0.444476
positives,400,110,0.4,False,,,,,,,0.439128
positives,400,110,0.5,True,0.55,0.9847,0.439128,False,0.444476,False,0.439128
positives,400,110,0.55,True,0.55,0.9847,0.439128,False,0.444476,False,0.439128
positives,400,110,0.6,True,0.55,0.9847,0.439128,False,0.444476,False,0.439128
shipped,400,111,0.4,False,,,,,,,0.46047
shipped,400,111,0.5,False,,,,,,,0.46047
shipped,400,111,0.55,False,,,,,,,0.46047
shipped,400,111,0.6,True,0.55,0.985,0.46047,False,0.459396,False,0.46047
positives,400,111,0.4,False,,,,,,,0.459396
positives,400,111,0.5,True,0.55,0.985,0.459396,False,0.46047,False,0.459396
positives,400,111,0.55,True,0.55,0.985,0.459396,False,0.46047,False,0.459396
positives,400,111,0.6,True,0.55,0.985,0.459396,False,0.46047,False,0.459396
shipped,400,112,0.4,False,,,,,,,0.447776
shipped,400,112,0.5,False,,,,,,,0.447776
shipped,400,112,0.55,False,,,,,,,0.447776
shipped,400,112,0.6,True,0.55,0.9851,0.447776,False,0.447297,False,0.447776
positives,400,112,0.4,False,,,,,,,0.447297
positives,400,112,0.5,True,0.55,0.9851,0.447297,False,0.447776,False,0.447297
positives,400,112,0.55,True,0.55,0.9851,0.447297,False,0.447776,False,0.447297
positives,400,112,0.6,True,0.55,0.9851,0.447297,False,0.447776,False,0.447297
shipped,400,113,0.4,False,,,,,,,0.448875
shipped,400,113,0.5,False,,,,,,,0.448875
shipped,400,113,0.55,False,,,,,,,0.448875
shipped,400,113,0.6,True,0.55,0.9844,0.448875,False,0.447172,False,0.448875
positives,400,113,0.4,False,,,,,,,0.447172
positives,400,113,0.5,True,0.55,0.9844,0.447172,False,0.448875,False,0.447172
positives,400,113,0.55,True,0.55,0.9844,0.447172,False,0.448875,False,0.447172
positives,400,113,0.6,True,0.55,0.9844,0.447172,False,0.448875,False,0.447172
shipped,400,114,0.4,False,,,,,,,0.435797
shipped,400,114,0.5,False,,,,,,,0.435797
shipped,400,114,0.55,True,0.55,0.9843,0.435797,False,0.431667,False,0.435797
shipped,400,114,0.6,True,0.55,0.9843,0.435797,False,0.431667,False,0.435797
positives,400,114,0.4,False,,,,,,,0.431667
positives,400,114,0.5,True,0.55,0.9843,0.431667,False,0.435797,False,0.431667
positives,400,114,0.55,True,0.55,0.9843,0.431667,False,0.435797,False,0.431667
positives,400,114,0.6,True,0.55,0.9843,0.431667,False,0.435797,False,0.431667
shipped,400,115,0.4,False,,,,,,,0.449252
shipped,400,115,0.5,False,,,,,,,0.449252
shipped,400,115,0.55,False,,,,,,,0.449252
shipped,400,115,0.6,True,0.55,0.9845,0.449252,False,0.44715,False,0.449252
positives,400,115,0.4,False,,,,,,,0.44715
positives,400,115,0.5,True,0.55,0.9845,0.44715,False,0.449252,False,0.44715
positives,400,115,0.55,True,0.55,0.9845,0.44715,False,0.449252,False,0.44715
positives,400,115,0.6,True,0.55,0.9845,0.44715,False,0.449252,False,0.44715
shipped,400,116,0.4,False,,,,,,,0.422407
shipped,400,116,0.5,False,,,,,,,0.422407
shipped,400,116,0.55,True,0.55,0.9842,0.422407,False,0.422324,False,0.422407
shipped,400,116,0.6,True,0.55,0.9842,0.422407,False,0.422324,False,0.422407
positives,400,116,0.4,False,,,,,,,0.422324
positives,400,116,0.5,True,0.55,0.9842,0.422324,False,0.422407,False,0.422324
positives,400,116,0.55,True,0.55,0.9842,0.422324,False,0.422407,False,0.422324
positives,400,116,0.6,True,0.55,0.9842,0.422324,False,0.422407,False,0.422324
shipped,400,117,0.4,False,,,,,,,0.442551
shipped,400,117,0.5,False,,,,,,,0.442551
shipped,400,117,0.55,False,,,,,,,0.442551
shipped,400,117,0.6,True,0.55,0.9845,0.442551,False,0.43981,False,0.442551
positives,400,117,0.4,False,,,,,,,0.43981
positives,400,117,0.5,True,0.55,0.9845,0.43981,False,0.442551,False,0.43981
positives,400,117,0.55,True,0.55,0.9845,0.43981,False,0.442551,False,0.43981
positives,400,117,0.6,True,0.55,0.9845,0.43981,False,0.442551,False,0.43981
shipped,400,118,0.4,False,,,,,,,0.43223
shipped,400,118,0.5,False,,,,,,,0.43223
shipped,400,118,0.55,False,,,,,,,0.43223
shipped,400,118,0.6,True,0.55,0.9848,0.43223,False,0.430316,False,0.43223
positives,400,118,0.4,False,,,,,,,0.430316
positives,400,118,0.5,True,0.55,0.9848,0.430316,False,0.43223,False,0.430316
positives,400,118,0.55,True,0.55,0.9848,0.430316,False,0.43223,False,0.430316
positives,400,118,0.6,True,0.55,0.9848,0.430316,False,0.43223,False,0.430316
shipped,400,119,0.4,False,,,,,,,0.448011
shipped,400,119,0.5,False,,,,,,,0.448011
shipped,400,119,0.55,False,,,,,,,0.448011
shipped,400,119,0.6,True,0.55,0.9856,0.448011,False,0.445809,False,0.448011
positives,400,119,0.4,False,,,,,,,0.445809
positives,400,119,0.5,True,0.55,0.9856,0.445809,False,0.448011,False,0.445809
positives,400,119,0.55,True,0.55,0.9856,0.445809,False,0.448011,False,0.445809
positives,400,119,0.6,True,0.55,0.9856,0.445809,False,0.448011,False,0.445809
shipped,400,120,0.4,False,,,,,,,0.453558
shipped,400,120,0.5,False,,,,,,,0.453558
shipped,400,120,0.55,False,,,,,,,0.453558
shipped,400,120,0.6,True,0.55,0.9861,0.453558,False,0.452947,False,0.453558
positives,400,120,0.4,False,,,,,,,0.452947
positives,400,120,0.5,True,0.55,0.9861,0.452947,False,0.453558,False,0.452947
positives,400,120,0.55,True,0.55,0.9861,0.452947,False,0.453558,False,0.452947
positives,400,120,0.6,True,0.55,0.9861,0.452947,False,0.453558,False,0.452947
shipped,400,121,0.4,False,,,,,,,0.432453
shipped,400,121,0.5,False,,,,,,,0.432453
shipped,400,121,0.55,True,0.55,0.985,0.432453,False,0.433691,False,0.432453
shipped,400,121,0.6,True,0.55,0.985,0.432453,False,0.433691,False,0.432453
positives,400,121,0.4,False,,,,,,,0.433691
positives,400,121,0.5,True,0.55,0.985,0.433691,False,0.432453,False,0.433691
positives,400,121,0.55,True,0.55,0.985,0.433691,False,0.432453,False,0.433691
positives,400,121,0.6,True,0.55,0.985,0.433691,False,0.432453,False,0.433691
shipped,400,122,0.4,False,,,,,,,0.449484
shipped,400,122,0.5,False,,,,,,,0.449484
shipped,400,122,0.55,False,,,,,,,0.449484
shipped,400,122,0.6,True,0.55,0.985,0.449484,False,0.448218,False,0.449484
positives,400,122,0.4,False,,,,,,,0.448218
positives,400,122,0.5,True,0.55,0.985,0.448218,False,0.449484,False,0.448218
positives,400,122,0.55,True,0.55,0.985,0.448218,False,0.449484,False,0.448218
positives,400,122,0.6,True,0.55,0.985,0.448218,False,0.449484,False,0.448218
shipped,400,123,0.4,False,,,,,,,0.435082
shipped,400,123,0.5,False,,,,,,,0.435082
shipped,400,123,0.55,False,,,,,,,0.435082
shipped,400,123,0.6,True,0.55,0.9847,0.435082,False,0.436042,False,0.435082
positives,400,123,0.4,False,,,,,,,0.436042
positives,400,123,0.5,True,0.55,0.9847,0.436042,False,0.435082,False,0.436042
positives,400,123,0.55,True,0.55,0.9847,0.436042,False,0.435082,False,0.436042
positives,400,123,0.6,True,0.55,0.9847,0.436042,False,0.435082,False,0.436042
shipped,400,124,0.4,False,,,,,,,0.454585
shipped,400,124,0.5,False,,,,,,,0.454585
shipped,400,124,0.55,True,0.55,0.9842,0.454585,False,0.450369,False,0.454585
shipped,400,124,0.6,True,0.55,0.9842,0.454585,False,0.450369,False,0.454585
positives,400,124,0.4,False,,,,,,,0.450369
positives,400,124,0.5,True,0.55,0.9842,0.450369,False,0.454585,False,0.450369
positives,400,124,0.55,True,0.55,0.9842,0.450369,False,0.454585,False,0.450369
positives,400,124,0.6,True,0.55,0.9842,0.450369,False,0.454585,False,0.450369
shipped,400,125,0.4,False,,,,,,,0.432023
shipped,400,125,0.5,False,,,,,,,0.432023
shipped,400,125,0.55,True,0.55,0.9838,0.432023,False,0.431299,False,0.432023
shipped,400,125,0.6,True,0.55,0.9838,0.432023,False,0.431299,False,0.432023
positives,400,125,0.4,True,0.85,0.8459,0.394435,False,0.391888,False,0.431299
positives,400,125,0.5,True,0.55,0.9838,0.431299,False,0.432023,False,0.431299
positives,400,125,0.55,True,0.55,0.9838,0.431299,False,0.432023,False,0.431299
positives,400,125,0.6,True,0.55,0.9838,0.431299,False,0.432023,False,0.431299
shipped,400,126,0.4,False,,,,,,,0.43846
shipped,400,126,0.5,False,,,,,,,0.43846
shipped,400,126,0.55,False,,,,,,,0.43846
shipped,400,126,0.6,True,0.55,0.9852,0.43846,False,0.44105,False,0.43846
positives,400,126,0.4,False,,,,,,,0.44105
positives,400,126,0.5,True,0.55,0.9852,0.44105,False,0.43846,False,0.44105
positives,400,126,0.55,True,0.55,0.9852,0.44105,False,0.43846,False,0.44105
positives,400,126,0.6,True,0.55,0.9852,0.44105,False,0.43846,False,0.44105
shipped,400,127,0.4,False,,,,,,,0.475979
shipped,400,127,0.5,False,,,,,,,0.475979
shipped,400,127,0.55,False,,,,,,,0.475979
shipped,400,127,0.6,True,0.55,0.9852,0.475979,False,0.470655,False,0.475979
positives,400,127,0.4,False,,,,,,,0.470655
positives,400,127,0.5,True,0.55,0.9852,0.470655,False,0.475979,False,0.470655
positives,400,127,0.55,True,0.55,0.9852,0.470655,False,0.475979,False,0.470655
positives,400,127,0.6,True,0.55,0.9852,0.470655,False,0.475979,False,0.470655
shipped,400,128,0.4,False,,,,,,,0.443405
shipped,400,128,0.5,False,,,,,,,0.443405
shipped,400,128,0.55,True,0.55,0.984,0.443405,False,0.445057,False,0.443405
shipped,400,128,0.6,True,0.55,0.984,0.443405,False,0.445057,False,0.443405
positives,400,128,0.4,False,,,,,,,0.445057
positives,400,128,0.5,True,0.55,0.984,0.445057,False,0.443405,False,0.445057
positives,400,128,0.55,True,0.55,0.984,0.445057,False,0.443405,False,0.445057
positives,400,128,0.6,True,0.55,0.984,0.445057,False,0.443405,False,0.445057
shipped,400,129,0.4,False,,,,,,,0.428306
shipped,400,129,0.5,False,,,,,,,0.428306
shipped,400,129,0.55,True,0.55,0.9831,0.428306,False,0.427426,False,0.428306
shipped,400,129,0.6,True,0.55,0.9831,0.428306,False,0.427426,False,0.428306
positives,400,129,0.4,False,,,,,,,0.427426
positives,400,129,0.5,True,0.55,0.9831,0.427426,False,0.428306,False,0.427426
positives,400,129,0.55,True,0.55,0.9831,0.427426,False,0.428306,False,0.427426
positives,400,129,0.6,True,0.55,0.9831,0.427426,False,0.428306,False,0.427426
shipped,400,130,0.4,False,,,,,,,0.423019
shipped,400,130,0.5,False,,,,,,,0.423019
shipped,400,130,0.55,False,,,,,,,0.423019
shipped,400,130,0.6,True,0.55,0.9853,0.423019,False,0.424261,False,0.423019
positives,400,130,0.4,False,,,,,,,0.424261
positives,400,130,0.5,True,0.55,0.9853,0.424261,False,0.423019,False,0.424261
positives,400,130,0.55,True,0.55,0.9853,0.424261,False,0.423019,False,0.424261
positives,400,130,0.6,True,0.55,0.9853,0.424261,False,0.423019,False,0.424261
shipped,400,131,0.4,False,,,,,,,0.447369
shipped,400,131,0.5,False,,,,,,,0.447369
shipped,400,131,0.55,False,,,,,,,0.447369
shipped,400,131,0.6,True,0.55,0.9849,0.447369,False,0.442644,False,0.447369
positives,400,131,0.4,False,,,,,,,0.442644
positives,400,131,0.5,True,0.55,0.9849,0.442644,False,0.447369,False,0.442644
positives,400,131,0.55,True,0.55,0.9849,0.442644,False,0.447369,False,0.442644
positives,400,131,0.6,True,0.55,0.9849,0.442644,False,0.447369,False,0.442644
shipped,400,132,0.4,False,,,,,,,0.44421
shipped,400,132,0.5,False,,,,,,,0.44421
shipped,400,132,0.55,True,0.55,0.984,0.44421,False,0.445649,False,0.44421
shipped,400,132,0.6,True,0.55,0.984,0.44421,False,0.445649,False,0.44421
positives,400,132,0.4,False,,,,,,,0.445649
positives,400,132,0.5,True,0.55,0.984,0.445649,False,0.44421,False,0.445649
positives,400,132,0.55,True,0.55,0.984,0.445649,False,0.44421,False,0.445649
positives,400,132,0.6,True,0.55,0.984,0.445649,False,0.44421,False,0.445649
shipped,400,133,0.4,False,,,,,,,0.455343
shipped,400,133,0.5,False,,,,,,,0.455343
shipped,400,133,0.55,False,,,,,,,0.455343
shipped,400,133,0.6,True,0.55,0.9848,0.455343,False,0.454537,False,0.455343
positives,400,133,0.4,False,,,,,,,0.454537
positives,400,133,0.5,True,0.55,0.9848,0.454537,False,0.455343,False,0.454537
positives,400,133,0.55,True,0.55,0.9848,0.454537,False,0.455343,False,0.454537
positives,400,133,0.6,True,0.55,0.9848,0.454537,False,0.455343,False,0.454537
shipped,400,134,0.4,False,,,,,,,0.455768
shipped,400,134,0.5,False,,,,,,,0.455768
shipped,400,134,0.55,False,,,,,,,0.455768
shipped,400,134,0.6,True,0.55,0.9858,0.455768,False,0.451328,False,0.455768
positives,400,134,0.4,False,,,,,,,0.451328
positives,400,134,0.5,True,0.55,0.9858,0.451328,False,0.455768,False,0.451328
positives,400,134,0.55,True,0.55,0.9858,0.451328,False,0.455768,False,0.451328
positives,400,134,0.6,True,0.55,0.9858,0.451328,False,0.455768,False,0.451328
shipped,400,135,0.4,False,,,,,,,0.442153
shipped,400,135,0.5,False,,,,,,,0.442153
shipped,400,135,0.55,False,,,,,,,0.442153
shipped,400,135,0.6,True,0.55,0.9844,0.442153,False,0.440649,False,0.442153
positives,400,135,0.4,False,,,,,,,0.440649
positives,400,135,0.5,True,0.55,0.9844,0.440649,False,0.442153,False,0.440649
positives,400,135,0.55,True,0.55,0.9844,0.440649,False,0.442153,False,0.440649
positives,400,135,0.6,True,0.55,0.9844,0.440649,False,0.442153,False,0.440649
shipped,400,136,0.4,False,,,,,,,0.436352
shipped,400,136,0.5,False,,,,,,,0.436352
shipped,400,136,0.55,True,0.55,0.9853,0.436352,False,0.438134,False,0.436352
shipped,400,136,0.6,True,0.55,0.9853,0.436352,False,0.438134,False,0.436352
positives,400,136,0.4,False,,,,,,,0.438134
positives,400,136,0.5,True,0.55,0.9853,0.438134,False,0.436352,False,0.438134
positives,400,136,0.55,True,0.55,0.9853,0.438134,False,0.436352,False,0.438134
positives,400,136,0.6,True,0.55,0.9853,0.438134,False,0.436352,False,0.438134
shipped,400,137,0.4,False,,,,,,,0.440007
shipped,400,137,0.5,False,,,,,,,0.440007
shipped,400,137,0.55,False,,,,,,,0.440007
shipped,400,137,0.6,True,0.55,0.9853,0.440007,False,0.436237,False,0.440007
positives,400,137,0.4,False,,,,,,,0.436237
positives,400,137,0.5,True,0.55,0.9853,0.436237,False,0.440007,False,0.436237
positives,400,137,0.55,True,0.55,0.9853,0.436237,False,0.440007,False,0.436237
positives,400,137,0.6,True,0.55,0.9853,0.436237,False,0.440007,False,0.436237
shipped,400,138,0.4,False,,,,,,,0.459104
shipped,400,138,0.5,False,,,,,,,0.459104
shipped,400,138,0.55,False,,,,,,,0.459104
shipped,400,138,0.6,True,0.55,0.985,0.459104,False,0.46044,False,0.459104
positives,400,138,0.4,False,,,,,,,0.46044
positives,400,138,0.5,True,0.55,0.985,0.46044,False,0.459104,False,0.46044
positives,400,138,0.55,True,0.55,0.985,0.46044,False,0.459104,False,0.46044
positives,400,138,0.6,True,0.55,0.985,0.46044,False,0.459104,False,0.46044
shipped,400,139,0.4,False,,,,,,,0.454943
shipped,400,139,0.5,False,,,,,,,0.454943
shipped,400,139,0.55,False,,,,,,,0.454943
shipped,400,139,0.6,True,0.55,0.9848,0.454943,False,0.459818,False,0.454943
positives,400,139,0.4,False,,,,,,,0.459818
positives,400,139,0.5,True,0.55,0.9848,0.459818,False,0.454943,False,0.459818
positives,400,139,0.55,True,0.55,0.9848,0.459818,False,0.454943,False,0.459818
positives,400,139,0.6,True,0.55,0.9848,0.459818,False,0.454943,False,0.459818
shipped,400,140,0.4,False,,,,,,,0.453495
shipped,400,140,0.5,False,,,,,,,0.453495
shipped,400,140,0.55,False,,,,,,,0.453495
shipped,400,140,0.6,True,0.55,0.9851,0.453495,False,0.453206,False,0.453495
positives,400,140,0.4,False,,,,,,,0.453206
positives,400,140,0.5,True,0.55,0.9851,0.453206,False,0.453495,False,0.453206
positives,400,140,0.55,True,0.55,0.9851,0.453206,False,0.453495,False,0.453206
positives,400,140,0.6,True,0.55,0.9851,0.453206,False,0.453495,False,0.453206
shipped,400,141,0.4,False,,,,,,,0.460143
shipped,400,141,0.5,False,,,,,,,0.460143
shipped,400,141,0.55,False,,,,,,,0.460143
shipped,400,141,0.6,True,0.55,0.9862,0.460143,False,0.453018,False,0.460143
positives,400,141,0.4,False,,,,,,,0.453018
positives,400,141,0.5,True,0.55,0.9862,0.453018,False,0.460143,False,0.453018
positives,400,141,0.55,True,0.55,0.9862,0.453018,False,0.460143,False,0.453018
positives,400,141,0.6,True,0.55,0.9862,0.453018,False,0.460143,False,0.453018
shipped,400,142,0.4,False,,,,,,,0.455766
shipped,400,142,0.5,False,,,,,,,0.455766
shipped,400,142,0.55,False,,,,,,,0.455766
shipped,400,142,0.6,True,0.55,0.9845,0.455766,False,0.454263,False,0.455766
positives,400,142,0.4,False,,,,,,,0.454263
positives,400,142,0.5,True,0.55,0.9845,0.454263,False,0.455766,False,0.454263
positives,400,142,0.55,True,0.55,0.9845,0.454263,False,0.455766,False,0.454263
positives,400,142,0.6,True,0.55,0.9845,0.454263,False,0.455766,False,0.454263
shipped,400,143,0.4,False,,,,,,,0.436273
shipped,400,143,0.5,False,,,,,,,0.436273
shipped,400,143,0.55,True,0.55,0.9846,0.436273,False,0.441078,False,0.436273
shipped,400,143,0.6,True,0.55,0.9846,0.436273,False,0.441078,False,0.436273
positives,400,143,0.4,False,,,,,,,0.441078
positives,400,143,0.5,True,0.55,0.9846,0.441078,False,0.436273,False,0.441078
positives,400,143,0.55,True,0.55,0.9846,0.441078,False,0.436273,False,0.441078
positives,400,143,0.6,True,0.55,0.9846,0.441078,False,0.436273,False,0.441078
shipped,400,144,0.4,False,,,,,,,0.443783
shipped,400,144,0.5,False,,,,,,,0.443783
shipped,400,144,0.55,False,,,,,,,0.443783
shipped,400,144,0.6,True,0.55,0.9847,0.443783,False,0.444944,False,0.443783
positives,400,144,0.4,False,,,,,,,0.444944
positives,400,144,0.5,True,0.55,0.9847,0.444944,False,0.443783,False,0.444944
positives,400,144,0.55,True,0.55,0.9847,0.444944,False,0.443783,False,0.444944
positives,400,144,0.6,True,0.55,0.9847,0.444944,False,0.443783,False,0.444944
shipped,400,145,0.4,False,,,,,,,0.465142
shipped,400,145,0.5,False,,,,,,,0.465142
shipped,400,145,0.55,False,,,,,,,0.465142
shipped,400,145,0.6,True,0.55,0.9851,0.465142,False,0.463264,False,0.465142
positives,400,145,0.4,False,,,,,,,0.463264
positives,400,145,0.5,True,0.55,0.9851,0.463264,False,0.465142,False,0.463264
positives,400,145,0.55,True,0.55,0.9851,0.463264,False,0.465142,False,0.463264
positives,400,145,0.6,True,0.55,0.9851,0.463264,False,0.465142,False,0.463264
shipped,400,146,0.4,False,,,,,,,0.462602
shipped,400,146,0.5,False,,,,,,,0.462602
shipped,400,146,0.55,False,,,,,,,0.462602
shipped,400,146,0.6,True,0.55,0.984,0.462602,False,0.464114,False,0.462602
positives,400,146,0.4,False,,,,,,,0.464114
positives,400,146,0.5,True,0.55,0.984,0.464114,False,0.462602,False,0.464114
positives,400,146,0.55,True,0.55,0.984,0.464114,False,0.462602,False,0.464114
positives,400,146,0.6,True,0.55,0.984,0.464114,False,0.462602,False,0.464114
shipped,400,147,0.4,False,,,,,,,0.438505
shipped,400,147,0.5,False,,,,,,,0.438505
shipped,400,147,0.55,False,,,,,,,0.438505
shipped,400,147,0.6,True,0.55,0.9843,0.438505,False,0.440726,False,0.438505
positives,400,147,0.4,False,,,,,,,0.440726
positives,400,147,0.5,True,0.55,0.9843,0.440726,False,0.438505,False,0.440726
positives,400,147,0.55,True,0.55,0.9843,0.440726,False,0.438505,False,0.440726
positives,400,147,0.6,True,0.55,0.9843,0.440726,False,0.438505,False,0.440726
shipped,400,148,0.4,False,,,,,,,0.437379
shipped,400,148,0.5,False,,,,,,,0.437379
shipped,400,148,0.55,False,,,,,,,0.437379
shipped,400,148,0.6,True,0.55,0.9848,0.437379,False,0.441202,False,0.437379
positives,400,148,0.4,False,,,,,,,0.441202
positives,400,148,0.5,True,0.55,0.9848,0.441202,False,0.437379,False,0.441202
positives,400,148,0.55,True,0.55,0.9848,0.441202,False,0.437379,False,0.441202
positives,400,148,0.6,True,0.55,0.9848,0.441202,False,0.437379,False,0.441202
shipped,400,149,0.4,False,,,,,,,0.426579
shipped,400,149,0.5,False,,,,,,,0.426579
shipped,400,149,0.55,True,0.55,0.9837,0.426579,False,0.42063,False,0.426579
shipped,400,149,0.6,True,0.55,0.9837,0.426579,False,0.42063,False,0.426579
positives,400,149,0.4,False,,,,,,,0.42063
positives,400,149,0.5,True,0.55,0.9837,0.42063,False,0.426579,False,0.42063
positives,400,149,0.55,True,0.55,0.9837,0.42063,False,0.426579,False,0.42063
positives,400,149,0.6,True,0.55,0.9837,0.42063,False,0.426579,False,0.42063
shipped,400,150,0.4,False,,,,,,,0.414685
shipped,400,150,0.5,False,,,,,,,0.414685
shipped,400,150,0.55,True,0.55,0.9843,0.414685,False,0.409603,False,0.414685
shipped,400,150,0.6,True,0.55,0.9843,0.414685,False,0.409603,False,0.414685
positives,400,150,0.4,False,,,,,,,0.409603
positives,400,150,0.5,True,0.55,0.9843,0.409603,False,0.414685,False,0.409603
positives,400,150,0.55,True,0.55,0.9843,0.409603,False,0.414685,False,0.409603
positives,400,150,0.6,True,0.55,0.9843,0.409603,False,0.414685,False,0.409603
shipped,400,151,0.4,False,,,,,,,0.45591
shipped,400,151,0.5,False,,,,,,,0.45591
shipped,400,151,0.55,False,,,,,,,0.45591
shipped,400,151,0.6,True,0.55,0.9843,0.45591,False,0.455172,False,0.45591
positives,400,151,0.4,False,,,,,,,0.455172
positives,400,151,0.5,True,0.55,0.9843,0.455172,False,0.45591,False,0.455172
positives,400,151,0.55,True,0.55,0.9843,0.455172,False,0.45591,False,0.455172
positives,400,151,0.6,True,0.55,0.9843,0.455172,False,0.45591,False,0.455172
shipped,400,152,0.4,False,,,,,,,0.459374
shipped,400,152,0.5,False,,,,,,,0.459374
shipped,400,152,0.55,False,,,,,,,0.459374
shipped,400,152,0.6,True,0.55,0.9866,0.459374,False,0.452095,False,0.459374
positives,400,152,0.4,False,,,,,,,0.452095
positives,400,152,0.5,True,0.55,0.9866,0.452095,False,0.459374,False,0.452095
positives,400,152,0.55,True,0.55,0.9866,0.452095,False,0.459374,False,0.452095
positives,400,152,0.6,True,0.55,0.9866,0.452095,False,0.459374,False,0.452095
shipped,400,153,0.4,False,,,,,,,0.449259
shipped,400,153,0.5,False,,,,,,,0.449259
shipped,400,153,0.55,True,0.55,0.9851,0.449259,False,0.444891,False,0.449259
shipped,400,153,0.6,True,0.55,0.9851,0.449259,False,0.444891,False,0.449259
positives,400,153,0.4,False,,,,,,,0.444891
positives,400,153,0.5,True,0.55,0.9851,0.444891,False,0.449259,False,0.444891
positives,400,153,0.55,True,0.55,0.9851,0.444891,False,0.449259,False,0.444891
positives,400,153,0.6,True,0.55,0.9851,0.444891,False,0.449259,False,0.444891
shipped,400,154,0.4,False,,,,,,,0.481399
shipped,400,154,0.5,False,,,,,,,0.481399
shipped,400,154,0.55,False,,,,,,,0.481399
shipped,400,154,0.6,True,0.55,0.9853,0.481399,False,0.480744,False,0.481399
positives,400,154,0.4,False,,,,,,,0.480744
positives,400,154,0.5,True,0.55,0.9853,0.480744,False,0.481399,False,0.480744
positives,400,154,0.55,True,0.55,0.9853,0.480744,False,0.481399,False,0.480744
positives,400,154,0.6,True,0.55,0.9853,0.480744,False,0.481399,False,0.480744
shipped,400,155,0.4,False,,,,,,,0.435864
shipped,400,155,0.5,False,,,,,,,0.435864
shipped,400,155,0.55,False,,,,,,,0.435864
shipped,400,155,0.6,True,0.55,0.9848,0.435864,False,0.437479,False,0.435864
positives,400,155,0.4,False,,,,,,,0.437479
positives,400,155,0.5,True,0.55,0.9848,0.437479,False,0.435864,False,0.437479
positives,400,155,0.55,True,0.55,0.9848,0.437479,False,0.435864,False,0.437479
positives,400,155,0.6,True,0.55,0.9848,0.437479,False,0.435864,False,0.437479
shipped,400,156,0.4,False,,,,,,,0.438815
shipped,400,156,0.5,False,,,,,,,0.438815
shipped,400,156,0.55,False,,,,,,,0.438815
shipped,400,156,0.6,True,0.55,0.985,0.438815,False,0.438514,False,0.438815
positives,400,156,0.4,False,,,,,,,0.438514
positives,400,156,0.5,True,0.55,0.985,0.438514,False,0.438815,False,0.438514
positives,400,156,0.55,True,0.55,0.985,0.438514,False,0.438815,False,0.438514
positives,400,156,0.6,True,0.55,0.985,0.438514,False,0.438815,False,0.438514
shipped,400,157,0.4,False,,,,,,,0.446284
shipped,400,157,0.5,False,,,,,,,0.446284
shipped,400,157,0.55,False,,,,,,,0.446284
shipped,400,157,0.6,True,0.55,0.9842,0.446284,False,0.4498,False,0.446284
positives,400,157,0.4,False,,,,,,,0.4498
positives,400,157,0.5,True,0.55,0.9842,0.4498,False,0.446284,False,0.4498
positives,400,157,0.55,True,0.55,0.9842,0.4498,False,0.446284,False,0.4498
positives,400,157,0.6,True,0.55,0.9842,0.4498,False,0.446284,False,0.4498
shipped,400,158,0.4,False,,,,,,,0.46975
shipped,400,158,0.5,False,,,,,,,0.46975
shipped,400,158,0.55,False,,,,,,,0.46975
shipped,400,158,0.6,True,0.55,0.9857,0.46975,False,0.47243,False,0.46975
positives,400,158,0.4,False,,,,,,,0.47243
positives,400,158,0.5,True,0.55,0.9857,0.47243,False,0.46975,False,0.47243
positives,400,158,0.55,True,0.55,0.9857,0.47243,False,0.46975,False,0.47243
positives,400,158,0.6,True,0.55,0.9857,0.47243,False,0.46975,False,0.47243
shipped,400,159,0.4,False,,,,,,,0.461755
shipped,400,159,0.5,False,,,,,,,0.461755
shipped,400,159,0.55,False,,,,,,,0.461755
shipped,400,159,0.6,True,0.55,0.985,0.461755,False,0.459468,False,0.461755
positives,400,159,0.4,False,,,,,,,0.459468
positives,400,159,0.5,True,0.55,0.985,0.459468,False,0.461755,False,0.459468
positives,400,159,0.55,True,0.55,0.985,0.459468,False,0.461755,False,0.459468
positives,400,159,0.6,True,0.55,0.985,0.459468,False,0.461755,False,0.459468
shipped,400,160,0.4,False,,,,,,,0.446072
shipped,400,160,0.5,False,,,,,,,0.446072
shipped,400,160,0.55,False,,,,,,,0.446072
shipped,400,160,0.6,True,0.55,0.9853,0.446072,False,0.446551,False,0.446072
positives,400,160,0.4,False,,,,,,,0.446551
positives,400,160,0.5,True,0.55,0.9853,0.446551,False,0.446072,False,0.446551
positives,400,160,0.55,True,0.55,0.9853,0.446551,False,0.446072,False,0.446551
positives,400,160,0.6,True,0.55,0.9853,0.446551,False,0.446072,False,0.446551
shipped,400,161,0.4,False,,,,,,,0.453293
shipped,400,161,0.5,False,,,,,,,0.453293
shipped,400,161,0.55,False,,,,,,,0.453293
shipped,400,161,0.6,True,0.55,0.9848,0.453293,False,0.448632,False,0.453293
positives,400,161,0.4,False,,,,,,,0.448632
positives,400,161,0.5,True,0.55,0.9848,0.448632,False,0.453293,False,0.448632
positives,400,161,0.55,True,0.55,0.9848,0.448632,False,0.453293,False,0.448632
positives,400,161,0.6,True,0.55,0.9848,0.448632,False,0.453293,False,0.448632
shipped,400,162,0.4,False,,,,,,,0.42724
shipped,400,162,0.5,False,,,,,,,0.42724
shipped,400,162,0.55,False,,,,,,,0.42724
shipped,400,162,0.6,True,0.55,0.9848,0.42724,False,0.426913,False,0.42724
positives,400,162,0.4,False,,,,,,,0.426913
positives,400,162,0.5,True,0.55,0.9848,0.426913,False,0.42724,False,0.426913
positives,400,162,0.55,True,0.55,0.9848,0.426913,False,0.42724,False,0.426913
positives,400,162,0.6,True,0.55,0.9848,0.426913,False,0.42724,False,0.426913
shipped,400,163,0.4,False,,,,,,,0.451337
shipped,400,163,0.5,False,,,,,,,0.451337
shipped,400,163,0.55,False,,,,,,,0.451337
shipped,400,163,0.6,True,0.55,0.9845,0.451337,False,0.451971,False,0.451337
positives,400,163,0.4,False,,,,,,,0.451971
positives,400,163,0.5,True,0.55,0.9845,0.451971,False,0.451337,False,0.451971
positives,400,163,0.55,True,0.55,0.9845,0.451971,False,0.451337,False,0.451971
positives,400,163,0.6,True,0.55,0.9845,0.451971,False,0.451337,False,0.451971
shipped,400,164,0.4,False,,,,,,,0.442353
shipped,400,164,0.5,False,,,,,,,0.442353
shipped,400,164,0.55,True,0.55,0.9846,0.442353,False,0.44273,False,0.442353
shipped,400,164,0.6,True,0.55,0.9846,0.442353,False,0.44273,False,0.442353
positives,400,164,0.4,False,,,,,,,0.44273
positives,400,164,0.5,True,0.55,0.9846,0.44273,False,0.442353,False,0.44273
positives,400,164,0.55,True,0.55,0.9846,0.44273,False,0.442353,False,0.44273
positives,400,164,0.6,True,0.55,0.9846,0.44273,False,0.442353,False,0.44273
shipped,400,165,0.4,False,,,,,,,0.480467
shipped,400,165,0.5,False,,,,,,,0.480467
shipped,400,165,0.55,False,,,,,,,0.480467
shipped,400,165,0.6,True,0.55,0.9843,0.480467,False,0.478719,False,0.480467
positives,400,165,0.4,False,,,,,,,0.478719
positives,400,165,0.5,True,0.57,0.9781,0.476157,False,0.478071,False,0.478719
positives,400,165,0.55,True,0.55,0.9843,0.478719,False,0.480467,False,0.478719
positives,400,165,0.6,True,0.55,0.9843,0.478719,False,0.480467,False,0.478719
shipped,400,166,0.4,False,,,,,,,0.433278
shipped,400,166,0.5,False,,,,,,,0.433278
shipped,400,166,0.55,True,0.55,0.9839,0.433278,False,0.434074,False,0.433278
shipped,400,166,0.6,True,0.55,0.9839,0.433278,False,0.434074,False,0.433278
positives,400,166,0.4,False,,,,,,,0.434074
positives,400,166,0.5,True,0.55,0.9839,0.434074,False,0.433278,False,0.434074
positives,400,166,0.55,True,0.55,0.9839,0.434074,False,0.433278,False,0.434074
positives,400,166,0.6,True,0.55,0.9839,0.434074,False,0.433278,False,0.434074
shipped,400,167,0.4,False,,,,,,,0.461297
shipped,400,167,0.5,False,,,,,,,0.461297
shipped,400,167,0.55,False,,,,,,,0.461297
shipped,400,167,0.6,True,0.55,0.9852,0.461297,False,0.458783,False,0.461297
positives,400,167,0.4,False,,,,,,,0.458783
positives,400,167,0.5,True,0.55,0.9852,0.458783,False,0.461297,False,0.458783
positives,400,167,0.55,True,0.55,0.9852,0.458783,False,0.461297,False,0.458783
positives,400,167,0.6,True,0.55,0.9852,0.458783,False,0.461297,False,0.458783
shipped,400,168,0.4,False,,,,,,,0.438652
shipped,400,168,0.5,False,,,,,,,0.438652
shipped,400,168,0.55,False,,,,,,,0.438652
shipped,400,168,0.6,True,0.55,0.9844,0.438652,False,0.438752,False,0.438652
positives,400,168,0.4,False,,,,,,,0.438752
positives,400,168,0.5,True,0.55,0.9844,0.438752,False,0.438652,False,0.438752
positives,400,168,0.55,True,0.55,0.9844,0.438752,False,0.438652,False,0.438752
positives,400,168,0.6,True,0.55,0.9844,0.438752,False,0.438652,False,0.438752
shipped,400,169,0.4,False,,,,,,,0.450715
shipped,400,169,0.5,False,,,,,,,0.450715
shipped,400,169,0.55,False,,,,,,,0.450715
shipped,400,169,0.6,True,0.55,0.9838,0.450715,False,0.452333,False,0.450715
positives,400,169,0.4,False,,,,,,,0.452333
positives,400,169,0.5,True,0.55,0.9838,0.452333,False,0.450715,False,0.452333
positives,400,169,0.55,True,0.55,0.9838,0.452333,False,0.450715,False,0.452333
positives,400,169,0.6,True,0.55,0.9838,0.452333,False,0.450715,False,0.452333
shipped,400,170,0.4,False,,,,,,,0.426473
shipped,400,170,0.5,False,,,,,,,0.426473
shipped,400,170,0.55,False,,,,,,,0.426473
shipped,400,170,0.6,True,0.55,0.9844,0.426473,False,0.424641,False,0.426473
positives,400,170,0.4,False,,,,,,,0.424641
positives,400,170,0.5,True,0.55,0.9844,0.424641,False,0.426473,False,0.424641
positives,400,170,0.55,True,0.55,0.9844,0.424641,False,0.426473,False,0.424641
positives,400,170,0.6,True,0.55,0.9844,0.424641,False,0.426473,False,0.424641
shipped,400,171,0.4,False,,,,,,,0.46535
shipped,400,171,0.5,False,,,,,,,0.46535
shipped,400,171,0.55,False,,,,,,,0.46535
shipped,400,171,0.6,True,0.55,0.9851,0.46535,False,0.466263,False,0.46535
positives,400,171,0.4,False,,,,,,,0.466263
positives,400,171,0.5,True,0.55,0.9851,0.466263,False,0.46535,False,0.466263
positives,400,171,0.55,True,0.55,0.9851,0.466263,False,0.46535,False,0.466263
positives,400,171,0.6,True,0.55,0.9851,0.466263,False,0.46535,False,0.466263
shipped,400,172,0.4,False,,,,,,,0.443763
shipped,400,172,0.5,False,,,,,,,0.443763
shipped,400,172,0.55,False,,,,,,,0.443763
shipped,400,172,0.6,True,0.55,0.9855,0.443763,False,0.442111,False,0.443763
positives,400,172,0.4,False,,,,,,,0.442111
positives,400,172,0.5,True,0.55,0.9855,0.442111,False,0.443763,False,0.442111
positives,400,172,0.55,True,0.55,0.9855,0.442111,False,0.443763,False,0.442111
positives,400,172,0.6,True,0.55,0.9855,0.442111,False,0.443763,False,0.442111
shipped,400,173,0.4,False,,,,,,,0.478707
shipped,400,173,0.5,False,,,,,,,0.478707
shipped,400,173,0.55,False,,,,,,,0.478707
shipped,400,173,0.6,True,0.55,0.9857,0.478707,False,0.480784,False,0.478707
positives,400,173,0.4,False,,,,,,,0.480784
positives,400,173,0.5,True,0.57,0.9798,0.480539,False,0.478041,False,0.480784
positives,400,173,0.55,True,0.55,0.9857,0.480784,False,0.478707,False,0.480784
positives,400,173,0.6,True,0.55,0.9857,0.480784,False,0.478707,False,0.480784
shipped,400,174,0.4,False,,,,,,,0.469295
shipped,400,174,0.5,False,,,,,,,0.469295
shipped,400,174,0.55,False,,,,,,,0.469295
shipped,400,174,0.6,True,0.55,0.9853,0.469295,False,0.471695,False,0.469295
positives,400,174,0.4,False,,,,,,,0.471695
positives,400,174,0.5,True,0.55,0.9853,0.471695,False,0.469295,False,0.471695
positives,400,174,0.55,True,0.55,0.9853,0.471695,False,0.469295,False,0.471695
positives,400,174,0.6,True,0.55,0.9853,0.471695,False,0.469295,False,0.471695
shipped,400,175,0.4,False,,,,,,,0.448005
shipped,400,175,0.5,False,,,,,,,0.448005
shipped,400,175,0.55,False,,,,,,,0.448005
shipped,400,175,0.6,True,0.55,0.9843,0.448005,False,0.447663,False,0.448005
positives,400,175,0.4,False,,,,,,,0.447663
positives,400,175,0.5,True,0.55,0.9843,0.447663,False,0.448005,False,0.447663
positives,400,175,0.55,True,0.55,0.9843,0.447663,False,0.448005,False,0.447663
positives,400,175,0.6,True,0.55,0.9843,0.447663,False,0.448005,False,0.447663
shipped,400,176,0.4,False,,,,,,,0.465355
shipped,400,176,0.5,False,,,,,,,0.465355
shipped,400,176,0.55,False,,,,,,,0.465355
shipped,400,176,0.6,True,0.55,0.9855,0.465355,False,0.464587,False,0.465355
positives,400,176,0.4,False,,,,,,,0.464587
positives,400,176,0.5,True,0.55,0.9855,0.464587,False,0.465355,False,0.464587
positives,400,176,0.55,True,0.55,0.9855,0.464587,False,0.465355,False,0.464587
positives,400,176,0.6,True,0.55,0.9855,0.464587,False,0.465355,False,0.464587
shipped,400,177,0.4,False,,,,,,,0.431573
shipped,400,177,0.5,False,,,,,,,0.431573
shipped,400,177,0.55,True,0.55,0.985,0.431573,False,0.431733,False,0.431573
shipped,400,177,0.6,True,0.55,0.985,0.431573,False,0.431733,False,0.431573
positives,400,177,0.4,False,,,,,,,0.431733
positives,400,177,0.5,True,0.55,0.985,0.431733,False,0.431573,False,0.431733
positives,400,177,0.55,True,0.55,0.985,0.431733,False,0.431573,False,0.431733
positives,400,177,0.6,True,0.55,0.985,0.431733,False,0.431573,False,0.431733
shipped,400,178,0.4,False,,,,,,,0.449328
shipped,400,178,0.5,False,,,,,,,0.449328
shipped,400,178,0.55,True,0.55,0.9846,0.449328,False,0.450716,False,0.449328
shipped,400,178,0.6,True,0.55,0.9846,0.449328,False,0.450716,False,0.449328
positives,400,178,0.4,False,,,,,,,0.450716
positives,400,178,0.5,True,0.55,0.9846,0.450716,False,0.449328,False,0.450716
positives,400,178,0.55,True,0.55,0.9846,0.450716,False,0.449328,False,0.450716
positives,400,178,0.6,True,0.55,0.9846,0.450716,False,0.449328,False,0.450716
shipped,400,179,0.4,False,,,,,,,0.451439
shipped,400,179,0.5,False,,,,,,,0.451439
shipped,400,179,0.55,True,0.55,0.9842,0.451439,False,0.449978,False,0.451439
shipped,400,179,0.6,True,0.55,0.9842,0.451439,False,0.449978,False,0.451439
positives,400,179,0.4,False,,,,,,,0.449978
positives,400,179,0.5,True,0.55,0.9842,0.449978,False,0.451439,False,0.449978
positives,400,179,0.55,True,0.55,0.9842,0.449978,False,0.451439,False,0.449978
positives,400,179,0.6,True,0.55,0.9842,0.449978,False,0.451439,False,0.449978
shipped,400,180,0.4,False,,,,,,,0.462627
shipped,400,180,0.5,False,,,,,,,0.462627
shipped,400,180,0.55,False,,,,,,,0.462627
shipped,400,180,0.6,True,0.55,0.9855,0.462627,False,0.464288,False,0.462627
positives,400,180,0.4,False,,,,,,,0.464288
positives,400,180,0.5,True,0.55,0.9855,0.464288,False,0.462627,False,0.464288
positives,400,180,0.55,True,0.55,0.9855,0.464288,False,0.462627,False,0.464288
positives,400,180,0.6,True,0.55,0.9855,0.464288,False,0.462627,False,0.464288
shipped,400,181,0.4,False,,,,,,,0.478359
shipped,400,181,0.5,False,,,,,,,0.478359
shipped,400,181,0.55,False,,,,,,,0.478359
shipped,400,181,0.6,True,0.55,0.9862,0.478359,False,0.472318,False,0.478359
positives,400,181,0.4,False,,,,,,,0.472318
positives,400,181,0.5,True,0.55,0.9862,0.472318,False,0.478359,False,0.472318
positives,400,181,0.55,True,0.55,0.9862,0.472318,False,0.478359,False,0.472318
positives,400,181,0.6,True,0.55,0.9862,0.472318,False,0.478359,False,0.472318
shipped,400,182,0.4,False,,,,,,,0.42757
shipped,400,182,0.5,False,,,,,,,0.42757
shipped,400,182,0.55,False,,,,,,,0.42757
shipped,400,182,0.6,True,0.55,0.9849,0.42757,False,0.430059,False,0.42757
positives,400,182,0.4,False,,,,,,,0.430059
positives,400,182,0.5,True,0.55,0.9849,0.430059,False,0.42757,False,0.430059
positives,400,182,0.55,True,0.55,0.9849,0.430059,False,0.42757,False,0.430059
positives,400,182,0.6,True,0.55,0.9849,0.430059,False,0.42757,False,0.430059
shipped,400,183,0.4,False,,,,,,,0.449902
shipped,400,183,0.5,False,,,,,,,0.449902
shipped,400,183,0.55,True,0.55,0.9853,0.449902,False,0.450594,False,0.449902
shipped,400,183,0.6,True,0.55,0.9853,0.449902,False,0.450594,False,0.449902
positives,400,183,0.4,False,,,,,,,0.450594
positives,400,183,0.5,True,0.55,0.9853,0.450594,False,0.449902,False,0.450594
positives,400,183,0.55,True,0.55,0.9853,0.450594,False,0.449902,False,0.450594
positives,400,183,0.6,True,0.55,0.9853,0.450594,False,0.449902,False,0.450594
shipped,400,184,0.4,False,,,,,,,0.465406
shipped,400,184,0.5,False,,,,,,,0.465406
shipped,400,184,0.55,False,,,,,,,0.465406
shipped,400,184,0.6,True,0.55,0.9859,0.465406,False,0.463347,False,0.465406
positives,400,184,0.4,False,,,,,,,0.463347
positives,400,184,0.5,True,0.55,0.9859,0.463347,False,0.465406,False,0.463347
positives,400,184,0.55,True,0.55,0.9859,0.463347,False,0.465406,False,0.463347
positives,400,184,0.6,True,0.55,0.9859,0.463347,False,0.465406,False,0.463347
shipped,400,185,0.4,False,,,,,,,0.433095
shipped,400,185,0.5,False,,,,,,,0.433095
shipped,400,185,0.55,True,0.55,0.9835,0.433095,False,0.431583,False,0.433095
shipped,400,185,0.6,True,0.55,0.9835,0.433095,False,0.431583,False,0.433095
positives,400,185,0.4,False,,,,,,,0.431583
positives,400,185,0.5,True,0.55,0.9835,0.431583,False,0.433095,False,0.431583
positives,400,185,0.55,True,0.55,0.9835,0.431583,False,0.433095,False,0.431583
positives,400,185,0.6,True,0.55,0.9835,0.431583,False,0.433095,False,0.431583
shipped,400,186,0.4,False,,,,,,,0.447753
shipped,400,186,0.5,False,,,,,,,0.447753
shipped,400,186,0.55,True,0.57,0.9785,0.445867,False,0.445686,False,0.447753
shipped,400,186,0.6,True,0.55,0.9848,0.447753,False,0.446964,False,0.447753
positives,400,186,0.4,False,,,,,,,0.446964
positives,400,186,0.5,True,0.55,0.9848,0.446964,False,0.447753,False,0.446964
positives,400,186,0.55,True,0.55,0.9848,0.446964,False,0.447753,False,0.446964
positives,400,186,0.6,True,0.55,0.9848,0.446964,False,0.447753,False,0.446964
shipped,400,187,0.4,False,,,,,,,0.446417
shipped,400,187,0.5,False,,,,,,,0.446417
shipped,400,187,0.55,False,,,,,,,0.446417
shipped,400,187,0.6,True,0.55,0.9846,0.446417,False,0.446372,False,0.446417
positives,400,187,0.4,False,,,,,,,0.446372
positives,400,187,0.5,True,0.55,0.9846,0.446372,False,0.446417,False,0.446372
positives,400,187,0.55,True,0.55,0.9846,0.446372,False,0.446417,False,0.446372
positives,400,187,0.6,True,0.55,0.9846,0.446372,False,0.446417,False,0.446372
shipped,400,188,0.4,False,,,,,,,0.449543
shipped,400,188,0.5,False,,,,,,,0.449543
shipped,400,188,0.55,False,,,,,,,0.449543
shipped,400,188,0.6,True,0.55,0.9863,0.449543,False,0.447745,False,0.449543
positives,400,188,0.4,False,,,,,,,0.447745
positives,400,188,0.5,True,0.55,0.9863,0.447745,False,0.449543,False,0.447745
positives,400,188,0.55,True,0.55,0.9863,0.447745,False,0.449543,False,0.447745
positives,400,188,0.6,True,0.55,0.9863,0.447745,False,0.449543,False,0.447745
shipped,400,189,0.4,False,,,,,,,0.421435
shipped,400,189,0.5,False,,,,,,,0.421435
shipped,400,189,0.55,True,0.55,0.9843,0.421435,False,0.424154,False,0.421435
shipped,400,189,0.6,True,0.55,0.9843,0.421435,False,0.424154,False,0.421435
positives,400,189,0.4,False,,,,,,,0.424154
positives,400,189,0.5,True,0.55,0.9843,0.424154,False,0.421435,False,0.424154
positives,400,189,0.55,True,0.55,0.9843,0.424154,False,0.421435,False,0.424154
positives,400,189,0.6,True,0.55,0.9843,0.424154,False,0.421435,False,0.424154
shipped,400,190,0.4,False,,,,,,,0.470493
shipped,400,190,0.5,False,,,,,,,0.470493
shipped,400,190,0.55,False,,,,,,,0.470493
shipped,400,190,0.6,True,0.55,0.9857,0.470493,False,0.469984,False,0.470493
positives,400,190,0.4,False,,,,,,,0.469984
positives,400,190,0.5,True,0.55,0.9857,0.469984,False,0.470493,False,0.469984
positives,400,190,0.55,True,0.55,0.9857,0.469984,False,0.470493,False,0.469984
positives,400,190,0.6,True,0.55,0.9857,0.469984,False,0.470493,False,0.469984
shipped,400,191,0.4,False,,,,,,,0.443234
shipped,400,191,0.5,False,,,,,,,0.443234
shipped,400,191,0.55,False,,,,,,,0.443234
shipped,400,191,0.6,True,0.55,0.9857,0.443234,False,0.447849,False,0.443234
positives,400,191,0.4,False,,,,,,,0.447849
positives,400,191,0.5,True,0.55,0.9857,0.447849,False,0.443234,False,0.447849
positives,400,191,0.55,True,0.55,0.9857,0.447849,False,0.443234,False,0.447849
positives,400,191,0.6,True,0.55,0.9857,0.447849,False,0.443234,False,0.447849
shipped,400,192,0.4,False,,,,,,,0.453581
shipped,400,192,0.5,False,,,,,,,0.453581
shipped,400,192,0.55,False,,,,,,,0.453581
shipped,400,192,0.6,True,0.55,0.9854,0.453581,False,0.451684,False,0.453581
positives,400,192,0.4,False,,,,,,,0.451684
positives,400,192,0.5,True,0.55,0.9854,0.451684,False,0.453581,False,0.451684
positives,400,192,0.55,True,0.55,0.9854,0.451684,False,0.453581,False,0.451684
positives,400,192,0.6,True,0.55,0.9854,0.451684,False,0.453581,False,0.451684
shipped,400,193,0.4,False,,,,,,,0.451648
shipped,400,193,0.5,False,,,,,,,0.451648
shipped,400,193,0.55,False,,,,,,,0.451648
shipped,400,193,0.6,True,0.55,0.9854,0.451648,False,0.446159,False,0.451648
positives,400,193,0.4,False,,,,,,,0.446159
positives,400,193,0.5,True,0.55,0.9854,0.446159,False,0.451648,False,0.446159
positives,400,193,0.55,True,0.55,0.9854,0.446159,False,0.451648,False,0.446159
positives,400,193,0.6,True,0.55,0.9854,0.446159,False,0.451648,False,0.446159
shipped,400,194,0.4,False,,,,,,,0.443171
shipped,400,194,0.5,False,,,,,,,0.443171
shipped,400,194,0.55,False,,,,,,,0.443171
shipped,400,194,0.6,True,0.55,0.9852,0.443171,False,0.438577,False,0.443171
positives,400,194,0.4,False,,,,,,,0.438577
positives,400,194,0.5,True,0.55,0.9852,0.438577,False,0.443171,False,0.438577
positives,400,194,0.55,True,0.55,0.9852,0.438577,False,0.443171,False,0.438577
positives,400,194,0.6,True,0.55,0.9852,0.438577,False,0.443171,False,0.438577
shipped,400,195,0.4,False,,,,,,,0.459305
shipped,400,195,0.5,False,,,,,,,0.459305
shipped,400,195,0.55,False,,,,,,,0.459305
shipped,400,195,0.6,True,0.55,0.9847,0.459305,False,0.461981,False,0.459305
positives,400,195,0.4,False,,,,,,,0.461981
positives,400,195,0.5,True,0.55,0.9847,0.461981,False,0.459305,False,0.461981
positives,400,195,0.55,True,0.55,0.9847,0.461981,False,0.459305,False,0.461981
positives,400,195,0.6,True,0.55,0.9847,0.461981,False,0.459305,False,0.461981
shipped,400,196,0.4,False,,,,,,,0.454462
shipped,400,196,0.5,False,,,,,,,0.454462
shipped,400,196,0.55,True,0.55,0.9843,0.454462,False,0.45548,False,0.454462
shipped,400,196,0.6,True,0.55,0.9843,0.454462,False,0.45548,False,0.454462
positives,400,196,0.4,False,,,,,,,0.45548
positives,400,196,0.5,True,0.55,0.9843,0.45548,False,0.454462,False,0.45548
positives,400,196,0.55,True,0.55,0.9843,0.45548,False,0.454462,False,0.45548
positives,400,196,0.6,True,0.55,0.9843,0.45548,False,0.454462,False,0.45548
shipped,400,197,0.4,False,,,,,,,0.449315
shipped,400,197,0.5,False,,,,,,,0.449315
shipped,400,197,0.55,False,,,,,,,0.449315
shipped,400,197,0.6,True,0.55,0.9859,0.449315,False,0.455058,False,0.449315
positives,400,197,0.4,False,,,,,,,0.455058
positives,400,197,0.5,True,0.55,0.9859,0.455058,False,0.449315,False,0.455058
positives,400,197,0.55,True,0.55,0.9859,0.455058,False,0.449315,False,0.455058
positives,400,197,0.6,True,0.55,0.9859,0.455058,False,0.449315,False,0.455058
shipped,400,198,0.4,False,,,,,,,0.463405
shipped,400,198,0.5,False,,,,,,,0.463405
shipped,400,198,0.55,False,,,,,,,0.463405
shipped,400,198,0.6,True,0.55,0.9841,0.463405,False,0.463359,False,0.463405
positives,400,198,0.4,False,,,,,,,0.463359
positives,400,198,0.5,True,0.55,0.9841,0.463359,False,0.463405,False,0.463359
positives,400,198,0.55,True,0.55,0.9841,0.463359,False,0.463405,False,0.463359
positives,400,198,0.6,True,0.55,0.9841,0.463359,False,0.463405,False,0.463359
shipped,400,199,0.4,False,,,,,,,0.452855
shipped,400,199,0.5,False,,,,,,,0.452855
shipped,400,199,0.55,False,,,,,,,0.452855
shipped,400,199,0.6,True,0.55,0.985,0.452855,False,0.455055,False,0.452855
positives,400,199,0.4,False,,,,,,,0.455055
positives,400,199,0.5,True,0.55,0.985,0.455055,False,0.452855,False,0.455055
positives,400,199,0.55,True,0.55,0.985,0.455055,False,0.452855,False,0.455055
positives,400,199,0.6,True,0.55,0.985,0.455055,False,0.452855,False,0.455055
shipped,600,0,0.4,False,,,,,,,0.444509
shipped,600,0,0.5,False,,,,,,,0.444509
shipped,600,0,0.55,True,0.55,0.984,0.444509,False,0.446775,False,0.444509
shipped,600,0,0.6,True,0.55,0.984,0.444509,False,0.446775,False,0.444509
positives,600,0,0.4,False,,,,,,,0.446775
positives,600,0,0.5,True,0.55,0.984,0.446775,False,0.444509,False,0.446775
positives,600,0,0.55,True,0.55,0.984,0.446775,False,0.444509,False,0.446775
positives,600,0,0.6,True,0.55,0.984,0.446775,False,0.444509,False,0.446775
shipped,600,1,0.4,False,,,,,,,0.465176
shipped,600,1,0.5,False,,,,,,,0.465176
shipped,600,1,0.55,True,0.55,0.9848,0.465176,False,0.463207,False,0.465176
shipped,600,1,0.6,True,0.55,0.9848,0.465176,False,0.463207,False,0.465176
positives,600,1,0.4,False,,,,,,,0.463207
positives,600,1,0.5,True,0.55,0.9848,0.463207,False,0.465176,False,0.463207
positives,600,1,0.55,True,0.55,0.9848,0.463207,False,0.465176,False,0.463207
positives,600,1,0.6,True,0.55,0.9848,0.463207,False,0.465176,False,0.463207
shipped,600,2,0.4,False,,,,,,,0.446298
shipped,600,2,0.5,False,,,,,,,0.446298
shipped,600,2,0.55,True,0.55,0.985,0.446298,False,0.444037,False,0.446298
shipped,600,2,0.6,True,0.55,0.985,0.446298,False,0.444037,False,0.446298
positives,600,2,0.4,False,,,,,,,0.444037
positives,600,2,0.5,True,0.55,0.985,0.444037,False,0.446298,False,0.444037
positives,600,2,0.55,True,0.55,0.985,0.444037,False,0.446298,False,0.444037
positives,600,2,0.6,True,0.55,0.985,0.444037,False,0.446298,False,0.444037
shipped,600,3,0.4,False,,,,,,,0.456705
shipped,600,3,0.5,False,,,,,,,0.456705
shipped,600,3,0.55,False,,,,,,,0.456705
shipped,600,3,0.6,True,0.55,0.9856,0.456705,False,0.456428,False,0.456705
positives,600,3,0.4,False,,,,,,,0.456428
positives,600,3,0.5,True,0.55,0.9856,0.456428,False,0.456705,False,0.456428
positives,600,3,0.55,True,0.55,0.9856,0.456428,False,0.456705,False,0.456428
positives,600,3,0.6,True,0.55,0.9856,0.456428,False,0.456705,False,0.456428
shipped,600,4,0.4,False,,,,,,,0.457779
shipped,600,4,0.5,False,,,,,,,0.457779
shipped,600,4,0.55,True,0.55,0.9853,0.457779,False,0.459936,False,0.457779
shipped,600,4,0.6,True,0.55,0.9853,0.457779,False,0.459936,False,0.457779
positives,600,4,0.4,False,,,,,,,0.459936
positives,600,4,0.5,True,0.55,0.9853,0.459936,False,0.457779,False,0.459936
positives,600,4,0.55,True,0.55,0.9853,0.459936,False,0.457779,False,0.459936
positives,600,4,0.6,True,0.55,0.9853,0.459936,False,0.457779,False,0.459936
shipped,600,5,0.4,False,,,,,,,0.45112
shipped,600,5,0.5,False,,,,,,,0.45112
shipped,600,5,0.55,True,0.55,0.985,0.45112,False,0.452912,False,0.45112
shipped,600,5,0.6,True,0.55,0.985,0.45112,False,0.452912,False,0.45112
positives,600,5,0.4,False,,,,,,,0.452912
positives,600,5,0.5,True,0.55,0.985,0.452912,False,0.45112,False,0.452912
positives,600,5,0.55,True,0.55,0.985,0.452912,False,0.45112,False,0.452912
positives,600,5,0.6,True,0.55,0.985,0.452912,False,0.45112,False,0.452912
shipped,600,6,0.4,False,,,,,,,0.442977
shipped,600,6,0.5,False,,,,,,,0.442977
shipped,600,6,0.55,True,0.55,0.9852,0.442977,False,0.440744,False,0.442977
shipped,600,6,0.6,True,0.55,0.9852,0.442977,False,0.440744,False,0.442977
positives,600,6,0.4,False,,,,,,,0.440744
positives,600,6,0.5,True,0.55,0.9852,0.440744,False,0.442977,False,0.440744
positives,600,6,0.55,True,0.55,0.9852,0.440744,False,0.442977,False,0.440744
positives,600,6,0.6,True,0.55,0.9852,0.440744,False,0.442977,False,0.440744
shipped,600,7,0.4,False,,,,,,,0.457424
shipped,600,7,0.5,False,,,,,,,0.457424
shipped,600,7,0.55,True,0.55,0.9846,0.457424,False,0.45965,False,0.457424
shipped,600,7,0.6,True,0.55,0.9846,0.457424,False,0.45965,False,0.457424
positives,600,7,0.4,False,,,,,,,0.45965
positives,600,7,0.5,True,0.55,0.9846,0.45965,False,0.457424,False,0.45965
positives,600,7,0.55,True,0.55,0.9846,0.45965,False,0.457424,False,0.45965
positives,600,7,0.6,True,0.55,0.9846,0.45965,False,0.457424,False,0.45965
shipped,600,8,0.4,False,,,,,,,0.441375
shipped,600,8,0.5,False,,,,,,,0.441375
shipped,600,8,0.55,True,0.55,0.9847,0.441375,False,0.438452,False,0.441375
shipped,600,8,0.6,True,0.55,0.9847,0.441375,False,0.438452,False,0.441375
positives,600,8,0.4,False,,,,,,,0.438452
positives,600,8,0.5,True,0.55,0.9847,0.438452,False,0.441375,False,0.438452
positives,600,8,0.55,True,0.55,0.9847,0.438452,False,0.441375,False,0.438452
positives,600,8,0.6,True,0.55,0.9847,0.438452,False,0.441375,False,0.438452
shipped,600,9,0.4,False,,,,,,,0.452301
shipped,600,9,0.5,False,,,,,,,0.452301
shipped,600,9,0.55,True,0.55,0.9854,0.452301,False,0.452681,False,0.452301
shipped,600,9,0.6,True,0.55,0.9854,0.452301,False,0.452681,False,0.452301
positives,600,9,0.4,False,,,,,,,0.452681
positives,600,9,0.5,True,0.55,0.9854,0.452681,False,0.452301,False,0.452681
positives,600,9,0.55,True,0.55,0.9854,0.452681,False,0.452301,False,0.452681
positives,600,9,0.6,True,0.55,0.9854,0.452681,False,0.452301,False,0.452681
shipped,600,10,0.4,False,,,,,,,0.421917
shipped,600,10,0.5,False,,,,,,,0.421917
shipped,600,10,0.55,True,0.55,0.9845,0.421917,False,0.418375,False,0.421917
shipped,600,10,0.6,True,0.55,0.9845,0.421917,False,0.418375,False,0.421917
positives,600,10,0.4,False,,,,,,,0.418375
positives,600,10,0.5,True,0.55,0.9845,0.418375,False,0.421917,False,0.418375
positives,600,10,0.55,True,0.55,0.9845,0.418375,False,0.421917,False,0.418375
positives,600,10,0.6,True,0.55,0.9845,0.418375,False,0.421917,False,0.418375
shipped,600,11,0.4,False,,,,,,,0.433727
shipped,600,11,0.5,False,,,,,,,0.433727
shipped,600,11,0.55,True,0.55,0.9846,0.433727,False,0.431634,False,0.433727
shipped,600,11,0.6,True,0.55,0.9846,0.433727,False,0.431634,False,0.433727
positives,600,11,0.4,False,,,,,,,0.431634
positives,600,11,0.5,True,0.55,0.9846,0.431634,False,0.433727,False,0.431634
positives,600,11,0.55,True,0.55,0.9846,0.431634,False,0.433727,False,0.431634
positives,600,11,0.6,True,0.55,0.9846,0.431634,False,0.433727,False,0.431634
shipped,600,12,0.4,False,,,,,,,0.453422
shipped,600,12,0.5,False,,,,,,,0.453422
shipped,600,12,0.55,True,0.55,0.9849,0.453422,False,0.452818,False,0.453422
shipped,600,12,0.6,True,0.55,0.9849,0.453422,False,0.452818,False,0.453422
positives,600,12,0.4,False,,,,,,,0.452818
positives,600,12,0.5,True,0.55,0.9849,0.452818,False,0.453422,False,0.452818
positives,600,12,0.55,True,0.55,0.9849,0.452818,False,0.453422,False,0.452818
positives,600,12,0.6,True,0.55,0.9849,0.452818,False,0.453422,False,0.452818
shipped,600,13,0.4,False,,,,,,,0.433992
shipped,600,13,0.5,False,,,,,,,0.433992
shipped,600,13,0.55,True,0.55,0.9844,0.433992,False,0.435181,False,0.433992
shipped,600,13,0.6,True,0.55,0.9844,0.433992,False,0.435181,False,0.433992
positives,600,13,0.4,False,,,,,,,0.435181
positives,600,13,0.5,True,0.55,0.9844,0.435181,False,0.433992,False,0.435181
positives,600,13,0.55,True,0.55,0.9844,0.435181,False,0.433992,False,0.435181
positives,600,13,0.6,True,0.55,0.9844,0.435181,False,0.433992,False,0.435181
shipped,600,14,0.4,False,,,,,,,0.448344
shipped,600,14,0.5,False,,,,,,,0.448344
shipped,600,14,0.55,True,0.55,0.9841,0.448344,False,0.446667,False,0.448344
shipped,600,14,0.6,True,0.55,0.9841,0.448344,False,0.446667,False,0.448344
positives,600,14,0.4,False,,,,,,,0.446667
positives,600,14,0.5,True,0.55,0.9841,0.446667,False,0.448344,False,0.446667
positives,600,14,0.55,True,0.55,0.9841,0.446667,False,0.448344,False,0.446667
positives,600,14,0.6,True,0.55,0.9841,0.446667,False,0.448344,False,0.446667
shipped,600,15,0.4,False,,,,,,,0.432991
shipped,600,15,0.5,False,,,,,,,0.432991
shipped,600,15,0.55,True,0.55,0.9852,0.432991,False,0.427734,False,0.432991
shipped,600,15,0.6,True,0.55,0.9852,0.432991,False,0.427734,False,0.432991
positives,600,15,0.4,False,,,,,,,0.427734
positives,600,15,0.5,True,0.55,0.9852,0.427734,False,0.432991,False,0.427734
positives,600,15,0.55,True,0.55,0.9852,0.427734,False,0.432991,False,0.427734
positives,600,15,0.6,True,0.55,0.9852,0.427734,False,0.432991,False,0.427734
shipped,600,16,0.4,False,,,,,,,0.442594
shipped,600,16,0.5,False,,,,,,,0.442594
shipped,600,16,0.55,True,0.55,0.9853,0.442594,False,0.444208,False,0.442594
shipped,600,16,0.6,True,0.55,0.9853,0.442594,False,0.444208,False,0.442594
positives,600,16,0.4,False,,,,,,,0.444208
positives,600,16,0.5,True,0.55,0.9853,0.444208,False,0.442594,False,0.444208
positives,600,16,0.55,True,0.55,0.9853,0.444208,False,0.442594,False,0.444208
positives,600,16,0.6,True,0.55,0.9853,0.444208,False,0.442594,False,0.444208
shipped,600,17,0.4,False,,,,,,,0.461534
shipped,600,17,0.5,False,,,,,,,0.461534
shipped,600,17,0.55,True,0.55,0.9842,0.461534,False,0.465444,False,0.461534
shipped,600,17,0.6,True,0.55,0.9842,0.461534,False,0.465444,False,0.461534
positives,600,17,0.4,False,,,,,,,0.465444
positives,600,17,0.5,True,0.55,0.9842,0.465444,False,0.461534,False,0.465444
positives,600,17,0.55,True,0.55,0.9842,0.465444,False,0.461534,False,0.465444
positives,600,17,0.6,True,0.55,0.9842,0.465444,False,0.461534,False,0.465444
shipped,600,18,0.4,False,,,,,,,0.453522
shipped,600,18,0.5,False,,,,,,,0.453522
shipped,600,18,0.55,True,0.55,0.9851,0.453522,False,0.452564,False,0.453522
shipped,600,18,0.6,True,0.55,0.9851,0.453522,False,0.452564,False,0.453522
positives,600,18,0.4,False,,,,,,,0.452564
positives,600,18,0.5,True,0.55,0.9851,0.452564,False,0.453522,False,0.452564
positives,600,18,0.55,True,0.55,0.9851,0.452564,False,0.453522,False,0.452564
positives,600,18,0.6,True,0.55,0.9851,0.452564,False,0.453522,False,0.452564
shipped,600,19,0.4,False,,,,,,,0.448484
shipped,600,19,0.5,False,,,,,,,0.448484
shipped,600,19,0.55,True,0.55,0.9855,0.448484,False,0.450512,False,0.448484
shipped,600,19,0.6,True,0.55,0.9855,0.448484,False,0.450512,False,0.448484
positives,600,19,0.4,False,,,,,,,0.450512
positives,600,19,0.5,True,0.55,0.9855,0.450512,False,0.448484,False,0.450512
positives,600,19,0.55,True,0.55,0.9855,0.450512,False,0.448484,False,0.450512
positives,600,19,0.6,True,0.55,0.9855,0.450512,False,0.448484,False,0.450512
shipped,600,20,0.4,False,,,,,,,0.442614
shipped,600,20,0.5,False,,,,,,,0.442614
shipped,600,20,0.55,True,0.55,0.985,0.442614,False,0.443727,False,0.442614
shipped,600,20,0.6,True,0.55,0.985,0.442614,False,0.443727,False,0.442614
positives,600,20,0.4,False,,,,,,,0.443727
positives,600,20,0.5,True,0.55,0.985,0.443727,False,0.442614,False,0.443727
positives,600,20,0.55,True,0.55,0.985,0.443727,False,0.442614,False,0.443727
positives,600,20,0.6,True,0.55,0.985,0.443727,False,0.442614,False,0.443727
shipped,600,21,0.4,False,,,,,,,0.48071
shipped,600,21,0.5,False,,,,,,,0.48071
shipped,600,21,0.55,True,0.55,0.9848,0.48071,False,0.484841,False,0.48071
shipped,600,21,0.6,True,0.55,0.9848,0.48071,False,0.484841,False,0.48071
positives,600,21,0.4,False,,,,,,,0.484841
positives,600,21,0.5,True,0.55,0.9848,0.484841,False,0.48071,False,0.484841
positives,600,21,0.55,True,0.55,0.9848,0.484841,False,0.48071,False,0.484841
positives,600,21,0.6,True,0.55,0.9848,0.484841,False,0.48071,False,0.484841
shipped,600,22,0.4,False,,,,,,,0.448263
shipped,600,22,0.5,False,,,,,,,0.448263
shipped,600,22,0.55,True,0.55,0.9854,0.448263,False,0.449162,False,0.448263
shipped,600,22,0.6,True,0.55,0.9854,0.448263,False,0.449162,False,0.448263
positives,600,22,0.4,False,,,,,,,0.449162
positives,600,22,0.5,True,0.55,0.9854,0.449162,False,0.448263,False,0.449162
positives,600,22,0.55,True,0.55,0.9854,0.449162,False,0.448263,False,0.449162
positives,600,22,0.6,True,0.55,0.9854,0.449162,False,0.448263,False,0.449162
shipped,600,23,0.4,False,,,,,,,0.447201
shipped,600,23,0.5,False,,,,,,,0.447201
shipped,600,23,0.55,True,0.55,0.9855,0.447201,False,0.447154,False,0.447201
shipped,600,23,0.6,True,0.55,0.9855,0.447201,False,0.447154,False,0.447201
positives,600,23,0.4,False,,,,,,,0.447154
positives,600,23,0.5,True,0.55,0.9855,0.447154,False,0.447201,False,0.447154
positives,600,23,0.55,True,0.55,0.9855,0.447154,False,0.447201,False,0.447154
positives,600,23,0.6,True,0.55,0.9855,0.447154,False,0.447201,False,0.447154
shipped,600,24,0.4,False,,,,,,,0.44032
shipped,600,24,0.5,False,,,,,,,0.44032
shipped,600,24,0.55,True,0.55,0.9851,0.44032,False,0.440434,False,0.44032
shipped,600,24,0.6,True,0.55,0.9851,0.44032,False,0.440434,False,0.44032
positives,600,24,0.4,False,,,,,,,0.440434
positives,600,24,0.5,True,0.55,0.9851,0.440434,False,0.44032,False,0.440434
positives,600,24,0.55,True,0.55,0.9851,0.440434,False,0.44032,False,0.440434
positives,600,24,0.6,True,0.55,0.9851,0.440434,False,0.44032,False,0.440434
shipped,600,25,0.4,False,,,,,,,0.448599
shipped,600,25,0.5,False,,,,,,,0.448599
shipped,600,25,0.55,True,0.55,0.985,0.448599,False,0.444789,False,0.448599
shipped,600,25,0.6,True,0.55,0.985,0.448599,False,0.444789,False,0.448599
positives,600,25,0.4,False,,,,,,,0.444789
positives,600,25,0.5,True,0.55,0.985,0.444789,False,0.448599,False,0.444789
positives,600,25,0.55,True,0.55,0.985,0.444789,False,0.448599,False,0.444789
positives,600,25,0.6,True,0.55,0.985,0.444789,False,0.448599,False,0.444789
shipped,600,26,0.4,False,,,,,,,0.447547
shipped,600,26,0.5,False,,,,,,,0.447547
shipped,600,26,0.55,True,0.55,0.9852,0.447547,False,0.448217,False,0.447547
shipped,600,26,0.6,True,0.55,0.9852,0.447547,False,0.448217,False,0.447547
positives,600,26,0.4,False,,,,,,,0.448217
positives,600,26,0.5,True,0.55,0.9852,0.448217,False,0.447547,False,0.448217
positives,600,26,0.55,True,0.55,0.9852,0.448217,False,0.447547,False,0.448217
positives,600,26,0.6,True,0.55,0.9852,0.448217,False,0.447547,False,0.448217
shipped,600,27,0.4,False,,,,,,,0.445912
shipped,600,27,0.5,False,,,,,,,0.445912
shipped,600,27,0.55,True,0.55,0.9852,0.445912,False,0.448358,False,0.445912
shipped,600,27,0.6,True,0.55,0.9852,0.445912,False,0.448358,False,0.445912
positives,600,27,0.4,False,,,,,,,0.448358
positives,600,27,0.5,True,0.55,0.9852,0.448358,False,0.445912,False,0.448358
positives,600,27,0.55,True,0.55,0.9852,0.448358,False,0.445912,False,0.448358
positives,600,27,0.6,True,0.55,0.9852,0.448358,False,0.445912,False,0.448358
shipped,600,28,0.4,False,,,,,,,0.456646
shipped,600,28,0.5,False,,,,,,,0.456646
shipped,600,28,0.55,True,0.55,0.985,0.456646,False,0.455997,False,0.456646
shipped,600,28,0.6,True,0.55,0.985,0.456646,False,0.455997,False,0.456646
positives,600,28,0.4,False,,,,,,,0.455997
positives,600,28,0.5,True,0.55,0.985,0.455997,False,0.456646,False,0.455997
positives,600,28,0.55,True,0.55,0.985,0.455997,False,0.456646,False,0.455997
positives,600,28,0.6,True,0.55,0.985,0.455997,False,0.456646,False,0.455997
shipped,600,29,0.4,False,,,,,,,0.461408
shipped,600,29,0.5,False,,,,,,,0.461408
shipped,600,29,0.55,True,0.55,0.9854,0.461408,False,0.463541,False,0.461408
shipped,600,29,0.6,True,0.55,0.9854,0.461408,False,0.463541,False,0.461408
positives,600,29,0.4,False,,,,,,,0.463541
positives,600,29,0.5,True,0.55,0.9854,0.463541,False,0.461408,False,0.463541
positives,600,29,0.55,True,0.55,0.9854,0.463541,False,0.461408,False,0.463541
positives,600,29,0.6,True,0.55,0.9854,0.463541,False,0.461408,False,0.463541
shipped,600,30,0.4,False,,,,,,,0.451564
shipped,600,30,0.5,False,,,,,,,0.451564
shipped,600,30,0.55,True,0.55,0.9854,0.451564,False,0.450738,False,0.451564
shipped,600,30,0.6,True,0.55,0.9854,0.451564,False,0.450738,False,0.451564
positives,600,30,0.4,False,,,,,,,0.450738
positives,600,30,0.5,True,0.55,0.9854,0.450738,False,0.451564,False,0.450738
positives,600,30,0.55,True,0.55,0.9854,0.450738,False,0.451564,False,0.450738
positives,600,30,0.6,True,0.55,0.9854,0.450738,False,0.451564,False,0.450738
shipped,600,31,0.4,False,,,,,,,0.457146
shipped,600,31,0.5,False,,,,,,,0.457146
shipped,600,31,0.55,True,0.55,0.9842,0.457146,False,0.458183,False,0.457146
shipped,600,31,0.6,True,0.55,0.9842,0.457146,False,0.458183,False,0.457146
positives,600,31,0.4,False,,,,,,,0.458183
positives,600,31,0.5,True,0.55,0.9842,0.458183,False,0.457146,False,0.458183
positives,600,31,0.55,True,0.55,0.9842,0.458183,False,0.457146,False,0.458183
positives,600,31,0.6,True,0.55,0.9842,0.458183,False,0.457146,False,0.458183
shipped,600,32,0.4,False,,,,,,,0.467737
shipped,600,32,0.5,False,,,,,,,0.467737
shipped,600,32,0.55,True,0.55,0.9853,0.467737,False,0.474032,False,0.467737
shipped,600,32,0.6,True,0.55,0.9853,0.467737,False,0.474032,False,0.467737
positives,600,32,0.4,False,,,,,,,0.474032
positives,600,32,0.5,True,0.55,0.9853,0.474032,False,0.467737,False,0.474032
positives,600,32,0.55,True,0.55,0.9853,0.474032,False,0.467737,False,0.474032
positives,600,32,0.6,True,0.55,0.9853,0.474032,False,0.467737,False,0.474032
shipped,600,33,0.4,False,,,,,,,0.447648
shipped,600,33,0.5,False,,,,,,,0.447648
shipped,600,33,0.55,True,0.55,0.9845,0.447648,False,0.446809,False,0.447648
shipped,600,33,0.6,True,0.55,0.9845,0.447648,False,0.446809,False,0.447648
positives,600,33,0.4,False,,,,,,,0.446809
positives,600,33,0.5,True,0.55,0.9845,0.446809,False,0.447648,False,0.446809
positives,600,33,0.55,True,0.55,0.9845,0.446809,False,0.447648,False,0.446809
positives,600,33,0.6,True,0.55,0.9845,0.446809,False,0.447648,False,0.446809
shipped,600,34,0.4,False,,,,,,,0.456962
shipped,600,34,0.5,False,,,,,,,0.456962
shipped,600,34,0.55,True,0.55,0.985,0.456962,False,0.454021,False,0.456962
shipped,600,34,0.6,True,0.55,0.985,0.456962,False,0.454021,False,0.456962
positives,600,34,0.4,False,,,,,,,0.454021
positives,600,34,0.5,True,0.55,0.985,0.454021,False,0.456962,False,0.454021
positives,600,34,0.55,True,0.55,0.985,0.454021,False,0.456962,False,0.454021
positives,600,34,0.6,True,0.55,0.985,0.454021,False,0.456962,False,0.454021
shipped,600,35,0.4,False,,,,,,,0.458076
shipped,600,35,0.5,False,,,,,,,0.458076
shipped,600,35,0.55,True,0.55,0.9852,0.458076,False,0.462419,False,0.458076
shipped,600,35,0.6,True,0.55,0.9852,0.458076,False,0.462419,False,0.458076
positives,600,35,0.4,False,,,,,,,0.462419
positives,600,35,0.5,True,0.55,0.9852,0.462419,False,0.458076,False,0.462419
positives,600,35,0.55,True,0.55,0.9852,0.462419,False,0.458076,False,0.462419
positives,600,35,0.6,True,0.55,0.9852,0.462419,False,0.458076,False,0.462419
shipped,600,36,0.4,False,,,,,,,0.452675
shipped,600,36,0.5,False,,,,,,,0.452675
shipped,600,36,0.55,True,0.55,0.9849,0.452675,False,0.450315,False,0.452675
shipped,600,36,0.6,True,0.55,0.9849,0.452675,False,0.450315,False,0.452675
positives,600,36,0.4,False,,,,,,,0.450315
positives,600,36,0.5,True,0.55,0.9849,0.450315,False,0.452675,False,0.450315
positives,600,36,0.55,True,0.55,0.9849,0.450315,False,0.452675,False,0.450315
positives,600,36,0.6,True,0.55,0.9849,0.450315,False,0.452675,False,0.450315
shipped,600,37,0.4,False,,,,,,,0.421513
shipped,600,37,0.5,False,,,,,,,0.421513
shipped,600,37,0.55,True,0.55,0.9844,0.421513,False,0.419161,False,0.421513
shipped,600,37,0.6,True,0.55,0.9844,0.421513,False,0.419161,False,0.421513
positives,600,37,0.4,False,,,,,,,0.419161
positives,600,37,0.5,True,0.55,0.9844,0.419161,False,0.421513,False,0.419161
positives,600,37,0.55,True,0.55,0.9844,0.419161,False,0.421513,False,0.419161
positives,600,37,0.6,True,0.55,0.9844,0.419161,False,0.421513,False,0.419161
shipped,600,38,0.4,False,,,,,,,0.448115
shipped,600,38,0.5,False,,,,,,,0.448115
shipped,600,38,0.55,True,0.55,0.9844,0.448115,False,0.45112,False,0.448115
shipped,600,38,0.6,True,0.55,0.9844,0.448115,False,0.45112,False,0.448115
positives,600,38,0.4,False,,,,,,,0.45112
positives,600,38,0.5,True,0.55,0.9844,0.45112,False,0.448115,False,0.45112
positives,600,38,0.55,True,0.55,0.9844,0.45112,False,0.448115,False,0.45112
positives,600,38,0.6,True,0.55,0.9844,0.45112,False,0.448115,False,0.45112
shipped,600,39,0.4,False,,,,,,,0.456885
shipped,600,39,0.5,False,,,,,,,0.456885
shipped,600,39,0.55,True,0.55,0.985,0.456885,False,0.456852,False,0.456885
shipped,600,39,0.6,True,0.55,0.985,0.456885,False,0.456852,False,0.456885
positives,600,39,0.4,False,,,,,,,0.456852
positives,600,39,0.5,True,0.55,0.985,0.456852,False,0.456885,False,0.456852
positives,600,39,0.55,True,0.55,0.985,0.456852,False,0.456885,False,0.456852
positives,600,39,0.6,True,0.55,0.985,0.456852,False,0.456885,False,0.456852
shipped,600,40,0.4,False,,,,,,,0.452408
shipped,600,40,0.5,False,,,,,,,0.452408
shipped,600,40,0.55,True,0.55,0.9834,0.452408,False,0.450517,False,0.452408
shipped,600,40,0.6,True,0.55,0.9834,0.452408,False,0.450517,False,0.452408
positives,600,40,0.4,False,,,,,,,0.450517
positives,600,40,0.5,True,0.55,0.9834,0.450517,False,0.452408,False,0.450517
positives,600,40,0.55,True,0.55,0.9834,0.450517,False,0.452408,False,0.450517
positives,600,40,0.6,True,0.55,0.9834,0.450517,False,0.452408,False,0.450517
shipped,600,41,0.4,False,,,,,,,0.42631
shipped,600,41,0.5,False,,,,,,,0.42631
shipped,600,41,0.55,True,0.55,0.9846,0.42631,False,0.42219,False,0.42631
shipped,600,41,0.6,True,0.55,0.9846,0.42631,False,0.42219,False,0.42631
positives,600,41,0.4,False,,,,,,,0.42219
positives,600,41,0.5,True,0.55,0.9846,0.42219,False,0.42631,False,0.42219
positives,600,41,0.55,True,0.55,0.9846,0.42219,False,0.42631,False,0.42219
positives,600,41,0.6,True,0.55,0.9846,0.42219,False,0.42631,False,0.42219
shipped,600,42,0.4,False,,,,,,,0.440945
shipped,600,42,0.5,False,,,,,,,0.440945
shipped,600,42,0.55,True,0.55,0.9846,0.440945,False,0.44089,False,0.440945
shipped,600,42,0.6,True,0.55,0.9846,0.440945,False,0.44089,False,0.440945
positives,600,42,0.4,False,,,,,,,0.44089
positives,600,42,0.5,True,0.55,0.9846,0.44089,False,0.440945,False,0.44089
positives,600,42,0.55,True,0.55,0.9846,0.44089,False,0.440945,False,0.44089
positives,600,42,0.6,True,0.55,0.9846,0.44089,False,0.440945,False,0.44089
shipped,600,43,0.4,False,,,,,,,0.45339
shipped,600,43,0.5,False,,,,,,,0.45339
shipped,600,43,0.55,True,0.55,0.9854,0.45339,False,0.455075,False,0.45339
shipped,600,43,0.6,True,0.55,0.9854,0.45339,False,0.455075,False,0.45339
positives,600,43,0.4,False,,,,,,,0.455075
positives,600,43,0.5,True,0.55,0.9854,0.455075,False,0.45339,False,0.455075
positives,600,43,0.55,True,0.55,0.9854,0.455075,False,0.45339,False,0.455075
positives,600,43,0.6,True,0.55,0.9854,0.455075,False,0.45339,False,0.455075
shipped,600,44,0.4,False,,,,,,,0.45911
shipped,600,44,0.5,False,,,,,,,0.45911
shipped,600,44,0.55,True,0.55,0.9843,0.45911,False,0.455613,False,0.45911
shipped,600,44,0.6,True,0.55,0.9843,0.45911,False,0.455613,False,0.45911
positives,600,44,0.4,False,,,,,,,0.455613
positives,600,44,0.5,True,0.55,0.9843,0.455613,False,0.45911,False,0.455613
positives,600,44,0.55,True,0.55,0.9843,0.455613,False,0.45911,False,0.455613
positives,600,44,0.6,True,0.55,0.9843,0.455613,False,0.45911,False,0.455613
shipped,600,45,0.4,False,,,,,,,0.463514
shipped,600,45,0.5,False,,,,,,,0.463514
shipped,600,45,0.55,True,0.55,0.9843,0.463514,False,0.464162,False,0.463514
shipped,600,45,0.6,True,0.55,0.9843,0.463514,False,0.464162,False,0.463514
positives,600,45,0.4,False,,,,,,,0.464162
positives,600,45,0.5,True,0.55,0.9843,0.464162,False,0.463514,False,0.464162
positives,600,45,0.55,True,0.55,0.9843,0.464162,False,0.463514,False,0.464162
positives,600,45,0.6,True,0.55,0.9843,0.464162,False,0.463514,False,0.464162
shipped,600,46,0.4,False,,,,,,,0.457582
shipped,600,46,0.5,False,,,,,,,0.457582
shipped,600,46,0.55,True,0.55,0.9855,0.457582,False,0.45256,False,0.457582
shipped,600,46,0.6,True,0.55,0.9855,0.457582,False,0.45256,False,0.457582
positives,600,46,0.4,False,,,,,,,0.45256
positives,600,46,0.5,True,0.55,0.9855,0.45256,False,0.457582,False,0.45256
positives,600,46,0.55,True,0.55,0.9855,0.45256,False,0.457582,False,0.45256
positives,600,46,0.6,True,0.55,0.9855,0.45256,False,0.457582,False,0.45256
shipped,600,47,0.4,False,,,,,,,0.466317
shipped,600,47,0.5,False,,,,,,,0.466317
shipped,600,47,0.55,True,0.55,0.9854,0.466317,False,0.465551,False,0.466317
shipped,600,47,0.6,True,0.55,0.9854,0.466317,False,0.465551,False,0.466317
positives,600,47,0.4,False,,,,,,,0.465551
positives,600,47,0.5,True,0.55,0.9854,0.465551,False,0.466317,False,0.465551
positives,600,47,0.55,True,0.55,0.9854,0.465551,False,0.466317,False,0.465551
positives,600,47,0.6,True,0.55,0.9854,0.465551,False,0.466317,False,0.465551
shipped,600,48,0.4,False,,,,,,,0.475194
shipped,600,48,0.5,False,,,,,,,0.475194
shipped,600,48,0.55,True,0.55,0.9859,0.475194,False,0.476367,False,0.475194
shipped,600,48,0.6,True,0.55,0.9859,0.475194,False,0.476367,False,0.475194
positives,600,48,0.4,False,,,,,,,0.476367
positives,600,48,0.5,True,0.55,0.9859,0.476367,False,0.475194,False,0.476367
positives,600,48,0.55,True,0.55,0.9859,0.476367,False,0.475194,False,0.476367
positives,600,48,0.6,True,0.55,0.9859,0.476367,False,0.475194,False,0.476367
shipped,600,49,0.4,False,,,,,,,0.440715
shipped,600,49,0.5,False,,,,,,,0.440715
shipped,600,49,0.55,True,0.55,0.9853,0.440715,False,0.442406,False,0.440715
shipped,600,49,0.6,True,0.55,0.9853,0.440715,False,0.442406,False,0.440715
positives,600,49,0.4,False,,,,,,,0.442406
positives,600,49,0.5,True,0.55,0.9853,0.442406,False,0.440715,False,0.442406
positives,600,49,0.55,True,0.55,0.9853,0.442406,False,0.440715,False,0.442406
positives,600,49,0.6,True,0.55,0.9853,0.442406,False,0.440715,False,0.442406
shipped,600,50,0.4,False,,,,,,,0.435149
shipped,600,50,0.5,False,,,,,,,0.435149
shipped,600,50,0.55,True,0.55,0.9842,0.435149,False,0.43657,False,0.435149
shipped,600,50,0.6,True,0.55,0.9842,0.435149,False,0.43657,False,0.435149
positives,600,50,0.4,False,,,,,,,0.43657
positives,600,50,0.5,True,0.55,0.9842,0.43657,False,0.435149,False,0.43657
positives,600,50,0.55,True,0.55,0.9842,0.43657,False,0.435149,False,0.43657
positives,600,50,0.6,True,0.55,0.9842,0.43657,False,0.435149,False,0.43657
shipped,600,51,0.4,False,,,,,,,0.471973
shipped,600,51,0.5,False,,,,,,,0.471973
shipped,600,51,0.55,True,0.55,0.9852,0.471973,False,0.471427,False,0.471973
shipped,600,51,0.6,True,0.55,0.9852,0.471973,False,0.471427,False,0.471973
positives,600,51,0.4,False,,,,,,,0.471427
positives,600,51,0.5,True,0.55,0.9852,0.471427,False,0.471973,False,0.471427
positives,600,51,0.55,True,0.55,0.9852,0.471427,False,0.471973,False,0.471427
positives,600,51,0.6,True,0.55,0.9852,0.471427,False,0.471973,False,0.471427
shipped,600,52,0.4,False,,,,,,,0.419386
shipped,600,52,0.5,True,0.55,0.9842,0.419386,False,0.417382,False,0.419386
shipped,600,52,0.55,True,0.55,0.9842,0.419386,False,0.417382,False,0.419386
shipped,600,52,0.6,True,0.55,0.9842,0.419386,False,0.417382,False,0.419386
positives,600,52,0.4,True,0.87,0.8323,0.371179,False,0.37405,False,0.417382
positives,600,52,0.5,True,0.55,0.9842,0.417382,False,0.419386,False,0.417382
positives,600,52,0.55,True,0.55,0.9842,0.417382,False,0.419386,False,0.417382
positives,600,52,0.6,True,0.55,0.9842,0.417382,False,0.419386,False,0.417382
shipped,600,53,0.4,False,,,,,,,0.425383
shipped,600,53,0.5,False,,,,,,,0.425383
shipped,600,53,0.55,True,0.55,0.985,0.425383,False,0.425086,False,0.425383
shipped,600,53,0.6,True,0.55,0.985,0.425383,False,0.425086,False,0.425383
positives,600,53,0.4,False,,,,,,,0.425086
positives,600,53,0.5,True,0.55,0.985,0.425086,False,0.425383,False,0.425086
positives,600,53,0.55,True,0.55,0.985,0.425086,False,0.425383,False,0.425086
positives,600,53,0.6,True,0.55,0.985,0.425086,False,0.425383,False,0.425086
shipped,600,54,0.4,False,,,,,,,0.446321
shipped,600,54,0.5,False,,,,,,,0.446321
shipped,600,54,0.55,True,0.55,0.9845,0.446321,False,0.444194,False,0.446321
shipped,600,54,0.6,True,0.55,0.9845,0.446321,False,0.444194,False,0.446321
positives,600,54,0.4,False,,,,,,,0.444194
positives,600,54,0.5,True,0.55,0.9845,0.444194,False,0.446321,False,0.444194
positives,600,54,0.55,True,0.55,0.9845,0.444194,False,0.446321,False,0.444194
positives,600,54,0.6,True,0.55,0.9845,0.444194,False,0.446321,False,0.444194
shipped,600,55,0.4,False,,,,,,,0.447411
shipped,600,55,0.5,False,,,,,,,0.447411
shipped,600,55,0.55,True,0.55,0.9849,0.447411,False,0.44675,False,0.447411
shipped,600,55,0.6,True,0.55,0.9849,0.447411,False,0.44675,False,0.447411
positives,600,55,0.4,False,,,,,,,0.44675
positives,600,55,0.5,True,0.55,0.9849,0.44675,False,0.447411,False,0.44675
positives,600,55,0.55,True,0.55,0.9849,0.44675,False,0.447411,False,0.44675
positives,600,55,0.6,True,0.55,0.9849,0.44675,False,0.447411,False,0.44675
shipped,600,56,0.4,False,,,,,,,0.43976
shipped,600,56,0.5,False,,,,,,,0.43976
shipped,600,56,0.55,True,0.55,0.984,0.43976,False,0.437532,False,0.43976
shipped,600,56,0.6,True,0.55,0.984,0.43976,False,0.437532,False,0.43976
positives,600,56,0.4,False,,,,,,,0.437532
positives,600,56,0.5,True,0.55,0.984,0.437532,False,0.43976,False,0.437532
positives,600,56,0.55,True,0.55,0.984,0.437532,False,0.43976,False,0.437532
positives,600,56,0.6,True,0.55,0.984,0.437532,False,0.43976,False,0.437532
shipped,600,57,0.4,False,,,,,,,0.449165
shipped,600,57,0.5,False,,,,,,,0.449165
shipped,600,57,0.55,True,0.55,0.9844,0.449165,False,0.448434,False,0.449165
shipped,600,57,0.6,True,0.55,0.9844,0.449165,False,0.448434,False,0.449165
positives,600,57,0.4,False,,,,,,,0.448434
positives,600,57,0.5,True,0.55,0.9844,0.448434,False,0.449165,False,0.448434
positives,600,57,0.55,True,0.55,0.9844,0.448434,False,0.449165,False,0.448434
positives,600,57,0.6,True,0.55,0.9844,0.448434,False,0.449165,False,0.448434
shipped,600,58,0.4,False,,,,,,,0.441206
shipped,600,58,0.5,False,,,,,,,0.441206
shipped,600,58,0.55,True,0.55,0.9848,0.441206,False,0.440047,False,0.441206
shipped,600,58,0.6,True,0.55,0.9848,0.441206,False,0.440047,False,0.441206
positives,600,58,0.4,False,,,,,,,0.440047
positives,600,58,0.5,True,0.55,0.9848,0.440047,False,0.441206,False,0.440047
positives,600,58,0.55,True,0.55,0.9848,0.440047,False,0.441206,False,0.440047
positives,600,58,0.6,True,0.55,0.9848,0.440047,False,0.441206,False,0.440047
shipped,600,59,0.4,False,,,,,,,0.438304
shipped,600,59,0.5,False,,,,,,,0.438304
shipped,600,59,0.55,True,0.55,0.9842,0.438304,False,0.432981,False,0.438304
shipped,600,59,0.6,True,0.55,0.9842,0.438304,False,0.432981,False,0.438304
positives,600,59,0.4,False,,,,,,,0.432981
positives,600,59,0.5,True,0.55,0.9842,0.432981,False,0.438304,False,0.432981
positives,600,59,0.55,True,0.55,0.9842,0.432981,False,0.438304,False,0.432981
positives,600,59,0.6,True,0.55,0.9842,0.432981,False,0.438304,False,0.432981
shipped,600,60,0.4,False,,,,,,,0.455119
shipped,600,60,0.5,False,,,,,,,0.455119
shipped,600,60,0.55,True,0.55,0.9855,0.455119,False,0.450442,False,0.455119
shipped,600,60,0.6,True,0.55,0.9855,0.455119,False,0.450442,False,0.455119
positives,600,60,0.4,False,,,,,,,0.450442
positives,600,60,0.5,True,0.55,0.9855,0.450442,False,0.455119,False,0.450442
positives,600,60,0.55,True,0.55,0.9855,0.450442,False,0.455119,False,0.450442
positives,600,60,0.6,True,0.55,0.9855,0.450442,False,0.455119,False,0.450442
shipped,600,61,0.4,False,,,,,,,0.449855
shipped,600,61,0.5,False,,,,,,,0.449855
shipped,600,61,0.55,True,0.55,0.9855,0.449855,False,0.449101,False,0.449855
shipped,600,61,0.6,True,0.55,0.9855,0.449855,False,0.449101,False,0.449855
positives,600,61,0.4,False,,,,,,,0.449101
positives,600,61,0.5,True,0.55,0.9855,0.449101,False,0.449855,False,0.449101
positives,600,61,0.55,True,0.55,0.9855,0.449101,False,0.449855,False,0.449101
positives,600,61,0.6,True,0.55,0.9855,0.449101,False,0.449855,False,0.449101
shipped,600,62,0.4,False,,,,,,,0.450527
shipped,600,62,0.5,False,,,,,,,0.450527
shipped,600,62,0.55,True,0.55,0.9854,0.450527,False,0.444742,False,0.450527
shipped,600,62,0.6,True,0.55,0.9854,0.450527,False,0.444742,False,0.450527
positives,600,62,0.4,False,,,,,,,0.444742
positives,600,62,0.5,True,0.55,0.9854,0.444742,False,0.450527,False,0.444742
positives,600,62,0.55,True,0.55,0.9854,0.444742,False,0.450527,False,0.444742
positives,600,62,0.6,True,0.55,0.9854,0.444742,False,0.450527,False,0.444742
shipped,600,63,0.4,False,,,,,,,0.464512
shipped,600,63,0.5,False,,,,,,,0.464512
shipped,600,63,0.55,True,0.55,0.9853,0.464512,False,0.465839,False,0.464512
shipped,600,63,0.6,True,0.55,0.9853,0.464512,False,0.465839,False,0.464512
positives,600,63,0.4,False,,,,,,,0.465839
positives,600,63,0.5,True,0.55,0.9853,0.465839,False,0.464512,False,0.465839
positives,600,63,0.55,True,0.55,0.9853,0.465839,False,0.464512,False,0.465839
positives,600,63,0.6,True,0.55,0.9853,0.465839,False,0.464512,False,0.465839
shipped,600,64,0.4,False,,,,,,,0.437184
shipped,600,64,0.5,False,,,,,,,0.437184
shipped,600,64,0.55,True,0.55,0.9848,0.437184,False,0.440885,False,0.437184
shipped,600,64,0.6,True,0.55,0.9848,0.437184,False,0.440885,False,0.437184
positives,600,64,0.4,False,,,,,,,0.440885
positives,600,64,0.5,True,0.55,0.9848,0.440885,False,0.437184,False,0.440885
positives,600,64,0.55,True,0.55,0.9848,0.440885,False,0.437184,False,0.440885
positives,600,64,0.6,True,0.55,0.9848,0.440885,False,0.437184,False,0.440885
shipped,600,65,0.4,False,,,,,,,0.464482
shipped,600,65,0.5,False,,,,,,,0.464482
shipped,600,65,0.55,True,0.55,0.9856,0.464482,False,0.465292,False,0.464482
shipped,600,65,0.6,True,0.55,0.9856,0.464482,False,0.465292,False,0.464482
positives,600,65,0.4,False,,,,,,,0.465292
positives,600,65,0.5,True,0.55,0.9856,0.465292,False,0.464482,False,0.465292
positives,600,65,0.55,True,0.55,0.9856,0.465292,False,0.464482,False,0.465292
positives,600,65,0.6,True,0.55,0.9856,0.465292,False,0.464482,False,0.465292
shipped,600,66,0.4,False,,,,,,,0.457786
shipped,600,66,0.5,False,,,,,,,0.457786
shipped,600,66,0.55,True,0.55,0.9853,0.457786,False,0.456915,False,0.457786
shipped,600,66,0.6,True,0.55,0.9853,0.457786,False,0.456915,False,0.457786
positives,600,66,0.4,False,,,,,,,0.456915
positives,600,66,0.5,True,0.55,0.9853,0.456915,False,0.457786,False,0.456915
positives,600,66,0.55,True,0.55,0.9853,0.456915,False,0.457786,False,0.456915
positives,600,66,0.6,True,0.55,0.9853,0.456915,False,0.457786,False,0.456915
shipped,600,67,0.4,False,,,,,,,0.477903
shipped,600,67,0.5,False,,,,,,,0.477903
shipped,600,67,0.55,True,0.55,0.9858,0.477903,False,0.481283,False,0.477903
shipped,600,67,0.6,True,0.55,0.9858,0.477903,False,0.481283,False,0.477903
positives,600,67,0.4,False,,,,,,,0.481283
positives,600,67,0.5,True,0.55,0.9858,0.481283,False,0.477903,False,0.481283
positives,600,67,0.55,True,0.55,0.9858,0.481283,False,0.477903,False,0.481283
positives,600,67,0.6,True,0.55,0.9858,0.481283,False,0.477903,False,0.481283
shipped,600,68,0.4,False,,,,,,,0.454008
shipped,600,68,0.5,False,,,,,,,0.454008
shipped,600,68,0.55,True,0.55,0.9852,0.454008,False,0.453131,False,0.454008
shipped,600,68,0.6,True,0.55,0.9852,0.454008,False,0.453131,False,0.454008
positives,600,68,0.4,False,,,,,,,0.453131
positives,600,68,0.5,True,0.55,0.9852,0.453131,False,0.454008,False,0.453131
positives,600,68,0.55,True,0.55,0.9852,0.453131,False,0.454008,False,0.453131
positives,600,68,0.6,True,0.55,0.9852,0.453131,False,0.454008,False,0.453131
shipped,600,69,0.4,False,,,,,,,0.44778
shipped,600,69,0.5,False,,,,,,,0.44778
shipped,600,69,0.55,True,0.55,0.9851,0.44778,False,0.449541,False,0.44778
shipped,600,69,0.6,True,0.55,0.9851,0.44778,False,0.449541,False,0.44778
positives,600,69,0.4,False,,,,,,,0.449541
positives,600,69,0.5,True,0.55,0.9851,0.449541,False,0.44778,False,0.449541
positives,600,69,0.55,True,0.55,0.9851,0.449541,False,0.44778,False,0.449541
positives,600,69,0.6,True,0.55,0.9851,0.449541,False,0.44778,False,0.449541
shipped,600,70,0.4,False,,,,,,,0.467521
shipped,600,70,0.5,False,,,,,,,0.467521
shipped,600,70,0.55,True,0.55,0.9858,0.467521,False,0.46887,False,0.467521
shipped,600,70,0.6,True,0.55,0.9858,0.467521,False,0.46887,False,0.467521
positives,600,70,0.4,False,,,,,,,0.46887
positives,600,70,0.5,True,0.55,0.9858,0.46887,False,0.467521,False,0.46887
positives,600,70,0.55,True,0.55,0.9858,0.46887,False,0.467521,False,0.46887
positives,600,70,0.6,True,0.55,0.9858,0.46887,False,0.467521,False,0.46887
shipped,600,71,0.4,False,,,,,,,0.458452
shipped,600,71,0.5,False,,,,,,,0.458452
shipped,600,71,0.55,True,0.55,0.9848,0.458452,False,0.458468,False,0.458452
shipped,600,71,0.6,True,0.55,0.9848,0.458452,False,0.458468,False,0.458452
positives,600,71,0.4,False,,,,,,,0.458468
positives,600,71,0.5,True,0.55,0.9848,0.458468,False,0.458452,False,0.458468
positives,600,71,0.55,True,0.55,0.9848,0.458468,False,0.458452,False,0.458468
positives,600,71,0.6,True,0.55,0.9848,0.458468,False,0.458452,False,0.458468
shipped,600,72,0.4,False,,,,,,,0.447361
shipped,600,72,0.5,False,,,,,,,0.447361
shipped,600,72,0.55,True,0.55,0.9852,0.447361,False,0.445656,False,0.447361
shipped,600,72,0.6,True,0.55,0.9852,0.447361,False,0.445656,False,0.447361
positives,600,72,0.4,False,,,,,,,0.445656
positives,600,72,0.5,True,0.55,0.9852,0.445656,False,0.447361,False,0.445656
positives,600,72,0.55,True,0.55,0.9852,0.445656,False,0.447361,False,0.445656
positives,600,72,0.6,True,0.55,0.9852,0.445656,False,0.447361,False,0.445656
shipped,600,73,0.4,False,,,,,,,0.450555
shipped,600,73,0.5,False,,,,,,,0.450555
shipped,600,73,0.55,True,0.55,0.9856,0.450555,False,0.451367,False,0.450555
shipped,600,73,0.6,True,0.55,0.9856,0.450555,False,0.451367,False,0.450555
positives,600,73,0.4,False,,,,,,,0.451367
positives,600,73,0.5,True,0.55,0.9856,0.451367,False,0.450555,False,0.451367
positives,600,73,0.55,True,0.55,0.9856,0.451367,False,0.450555,False,0.451367
positives,600,73,0.6,True,0.55,0.9856,0.451367,False,0.450555,False,0.451367
shipped,600,74,0.4,False,,,,,,,0.443896
shipped,600,74,0.5,False,,,,,,,0.443896
shipped,600,74,0.55,True,0.55,0.9849,0.443896,False,0.442384,False,0.443896
shipped,600,74,0.6,True,0.55,0.9849,0.443896,False,0.442384,False,0.443896
positives,600,74,0.4,False,,,,,,,0.442384
positives,600,74,0.5,True,0.55,0.9849,0.442384,False,0.443896,False,0.442384
positives,600,74,0.55,True,0.55,0.9849,0.442384,False,0.443896,False,0.442384
positives,600,74,0.6,True,0.55,0.9849,0.442384,False,0.443896,False,0.442384
shipped,600,75,0.4,False,,,,,,,0.434447
shipped,600,75,0.5,False,,,,,,,0.434447
shipped,600,75,0.55,True,0.55,0.9842,0.434447,False,0.434468,False,0.434447
shipped,600,75,0.6,True,0.55,0.9842,0.434447,False,0.434468,False,0.434447
positives,600,75,0.4,False,,,,,,,0.434468
positives,600,75,0.5,True,0.55,0.9842,0.434468,False,0.434447,False,0.434468
positives,600,75,0.55,True,0.55,0.9842,0.434468,False,0.434447,False,0.434468
positives,600,75,0.6,True,0.55,0.9842,0.434468,False,0.434447,False,0.434468
shipped,600,76,0.4,False,,,,,,,0.434607
shipped,600,76,0.5,False,,,,,,,0.434607
shipped,600,76,0.55,True,0.55,0.9861,0.434607,False,0.436801,False,0.434607
shipped,600,76,0.6,True,0.55,0.9861,0.434607,False,0.436801,False,0.434607
positives,600,76,0.4,False,,,,,,,0.436801
positives,600,76,0.5,True,0.55,0.9861,0.436801,False,0.434607,False,0.436801
positives,600,76,0.55,True,0.55,0.9861,0.436801,False,0.434607,False,0.436801
positives,600,76,0.6,True,0.55,0.9861,0.436801,False,0.434607,False,0.436801
shipped,600,77,0.4,False,,,,,,,0.447087
shipped,600,77,0.5,False,,,,,,,0.447087
shipped,600,77,0.55,True,0.55,0.9846,0.447087,False,0.443286,False,0.447087
shipped,600,77,0.6,True,0.55,0.9846,0.447087,False,0.443286,False,0.447087
positives,600,77,0.4,False,,,,,,,0.443286
positives,600,77,0.5,True,0.55,0.9846,0.443286,False,0.447087,False,0.443286
positives,600,77,0.55,True,0.55,0.9846,0.443286,False,0.447087,False,0.443286
positives,600,77,0.6,True,0.55,0.9846,0.443286,False,0.447087,False,0.443286
shipped,600,78,0.4,False,,,,,,,0.445214
shipped,600,78,0.5,False,,,,,,,0.445214
shipped,600,78,0.55,True,0.55,0.9851,0.445214,False,0.442866,False,0.445214
shipped,600,78,0.6,True,0.55,0.9851,0.445214,False,0.442866,False,0.445214
positives,600,78,0.4,False,,,,,,,0.442866
positives,600,78,0.5,True,0.55,0.9851,0.442866,False,0.445214,False,0.442866
positives,600,78,0.55,True,0.55,0.9851,0.442866,False,0.445214,False,0.442866
positives,600,78,0.6,True,0.55,0.9851,0.442866,False,0.445214,False,0.442866
shipped,600,79,0.4,False,,,,,,,0.465847
shipped,600,79,0.5,False,,,,,,,0.465847
shipped,600,79,0.55,True,0.55,0.9863,0.465847,False,0.469243,False,0.465847
shipped,600,79,0.6,True,0.55,0.9863,0.465847,False,0.469243,False,0.465847
positives,600,79,0.4,False,,,,,,,0.469243
positives,600,79,0.5,True,0.55,0.9863,0.469243,False,0.465847,False,0.469243
positives,600,79,0.55,True,0.55,0.9863,0.469243,False,0.465847,False,0.469243
positives,600,79,0.6,True,0.55,0.9863,0.469243,False,0.465847,False,0.469243
shipped,600,80,0.4,False,,,,,,,0.441455
shipped,600,80,0.5,False,,,,,,,0.441455
shipped,600,80,0.55,True,0.55,0.9838,0.441455,False,0.442201,False,0.441455
shipped,600,80,0.6,True,0.55,0.9838,0.441455,False,0.442201,False,0.441455
positives,600,80,0.4,True,0.91,0.7877,0.400108,True,0.402021,True,0.442201
positives,600,80,0.5,True,0.55,0.9838,0.442201,False,0.441455,False,0.442201
positives,600,80,0.55,True,0.55,0.9838,0.442201,False,0.441455,False,0.442201
positives,600,80,0.6,True,0.55,0.9838,0.442201,False,0.441455,False,0.442201
shipped,600,81,0.4,False,,,,,,,0.473339
shipped,600,81,0.5,False,,,,,,,0.473339
shipped,600,81,0.55,True,0.55,0.9855,0.473339,False,0.472029,False,0.473339
shipped,600,81,0.6,True,0.55,0.9855,0.473339,False,0.472029,False,0.473339
positives,600,81,0.4,False,,,,,,,0.472029
positives,600,81,0.5,True,0.55,0.9855,0.472029,False,0.473339,False,0.472029
positives,600,81,0.55,True,0.55,0.9855,0.472029,False,0.473339,False,0.472029
positives,600,81,0.6,True,0.55,0.9855,0.472029,False,0.473339,False,0.472029
shipped,600,82,0.4,False,,,,,,,0.445087
shipped,600,82,0.5,False,,,,,,,0.445087
shipped,600,82,0.55,True,0.55,0.9847,0.445087,False,0.446742,False,0.445087
shipped,600,82,0.6,True,0.55,0.9847,0.445087,False,0.446742,False,0.445087
positives,600,82,0.4,False,,,,,,,0.446742
positives,600,82,0.5,True,0.55,0.9847,0.446742,False,0.445087,False,0.446742
positives,600,82,0.55,True,0.55,0.9847,0.446742,False,0.445087,False,0.446742
positives,600,82,0.6,True,0.55,0.9847,0.446742,False,0.445087,False,0.446742
shipped,600,83,0.4,False,,,,,,,0.436059
shipped,600,83,0.5,False,,,,,,,0.436059
shipped,600,83,0.55,True,0.55,0.9846,0.436059,False,0.439838,False,0.436059
shipped,600,83,0.6,True,0.55,0.9846,0.436059,False,0.439838,False,0.436059
positives,600,83,0.4,False,,,,,,,0.439838
positives,600,83,0.5,True,0.55,0.9846,0.439838,False,0.436059,False,0.439838
positives,600,83,0.55,True,0.55,0.9846,0.439838,False,0.436059,False,0.439838
positives,600,83,0.6,True,0.55,0.9846,0.439838,False,0.436059,False,0.439838
shipped,600,84,0.4,False,,,,,,,0.446613
shipped,600,84,0.5,False,,,,,,,0.446613
shipped,600,84,0.55,True,0.55,0.9857,0.446613,False,0.449593,False,0.446613
shipped,600,84,0.6,True,0.55,0.9857,0.446613,False,0.449593,False,0.446613
positives,600,84,0.4,False,,,,,,,0.449593
positives,600,84,0.5,True,0.55,0.9857,0.449593,False,0.446613,False,0.449593
positives,600,84,0.55,True,0.55,0.9857,0.449593,False,0.446613,False,0.449593
positives,600,84,0.6,True,0.55,0.9857,0.449593,False,0.446613,False,0.449593
shipped,600,85,0.4,False,,,,,,,0.434464
shipped,600,85,0.5,False,,,,,,,0.434464
shipped,600,85,0.55,True,0.55,0.9847,0.434464,False,0.440771,False,0.434464
shipped,600,85,0.6,True,0.55,0.9847,0.434464,False,0.440771,False,0.434464
positives,600,85,0.4,False,,,,,,,0.440771
positives,600,85,0.5,True,0.55,0.9847,0.440771,False,0.434464,False,0.440771
positives,600,85,0.55,True,0.55,0.9847,0.440771,False,0.434464,False,0.440771
positives,600,85,0.6,True,0.55,0.9847,0.440771,False,0.434464,False,0.440771
shipped,600,86,0.4,False,,,,,,,0.444354
shipped,600,86,0.5,False,,,,,,,0.444354
shipped,600,86,0.55,True,0.55,0.9846,0.444354,False,0.44484,False,0.444354
shipped,600,86,0.6,True,0.55,0.9846,0.444354,False,0.44484,False,0.444354
positives,600,86,0.4,False,,,,,,,0.44484
positives,600,86,0.5,True,0.55,0.9846,0.44484,False,0.444354,False,0.44484
positives,600,86,0.55,True,0.55,0.9846,0.44484,False,0.444354,False,0.44484
positives,600,86,0.6,True,0.55,0.9846,0.44484,False,0.444354,False,0.44484
shipped,600,87,0.4,False,,,,,,,0.455339
shipped,600,87,0.5,False,,,,,,,0.455339
shipped,600,87,0.55,True,0.55,0.9847,0.455339,False,0.450955,False,0.455339
shipped,600,87,0.6,True,0.55,0.9847,0.455339,False,0.450955,False,0.455339
positives,600,87,0.4,False,,,,,,,0.450955
positives,600,87,0.5,True,0.55,0.9847,0.450955,False,0.455339,False,0.450955
positives,600,87,0.55,True,0.55,0.9847,0.450955,False,0.455339,False,0.450955
positives,600,87,0.6,True,0.55,0.9847,0.450955,False,0.455339,False,0.450955
shipped,600,88,0.4,False,,,,,,,0.458195
shipped,600,88,0.5,False,,,,,,,0.458195
shipped,600,88,0.55,True,0.55,0.9846,0.458195,False,0.454408,False,0.458195
shipped,600,88,0.6,True,0.55,0.9846,0.458195,False,0.454408,False,0.458195
positives,600,88,0.4,False,,,,,,,0.454408
positives,600,88,0.5,True,0.55,0.9846,0.454408,False,0.458195,False,0.454408
positives,600,88,0.55,True,0.55,0.9846,0.454408,False,0.458195,False,0.454408
positives,600,88,0.6,True,0.55,0.9846,0.454408,False,0.458195,False,0.454408
shipped,600,89,0.4,False,,,,,,,0.435332
shipped,600,89,0.5,False,,,,,,,0.435332
shipped,600,89,0.55,True,0.55,0.9842,0.435332,False,0.434776,False,0.435332
shipped,600,89,0.6,True,0.55,0.9842,0.435332,False,0.434776,False,0.435332
positives,600,89,0.4,False,,,,,,,0.434776
positives,600,89,0.5,True,0.55,0.9842,0.434776,False,0.435332,False,0.434776
positives,600,89,0.55,True,0.55,0.9842,0.434776,False,0.435332,False,0.434776
positives,600,89,0.6,True,0.55,0.9842,0.434776,False,0.435332,False,0.434776
shipped,600,90,0.4,False,,,,,,,0.45893
shipped,600,90,0.5,False,,,,,,,0.45893
shipped,600,90,0.55,True,0.55,0.9845,0.45893,False,0.454821,False,0.45893
shipped,600,90,0.6,True,0.55,0.9845,0.45893,False,0.454821,False,0.45893
positives,600,90,0.4,False,,,,,,,0.454821
positives,600,90,0.5,True,0.55,0.9845,0.454821,False,0.45893,False,0.454821
positives,600,90,0.55,True,0.55,0.9845,0.454821,False,0.45893,False,0.454821
positives,600,90,0.6,True,0.55,0.9845,0.454821,False,0.45893,False,0.454821
shipped,600,91,0.4,False,,,,,,,0.45567
shipped,600,91,0.5,False,,,,,,,0.45567
shipped,600,91,0.55,True,0.55,0.9851,0.45567,False,0.45709,False,0.45567
shipped,600,91,0.6,True,0.55,0.9851,0.45567,False,0.45709,False,0.45567
positives,600,91,0.4,False,,,,,,,0.45709
positives,600,91,0.5,True,0.55,0.9851,0.45709,False,0.45567,False,0.45709
positives,600,91,0.55,True,0.55,0.9851,0.45709,False,0.45567,False,0.45709
positives,600,91,0.6,True,0.55,0.9851,0.45709,False,0.45567,False,0.45709
shipped,600,92,0.4,False,,,,,,,0.437216
shipped,600,92,0.5,False,,,,,,,0.437216
shipped,600,92,0.55,True,0.55,0.9844,0.437216,False,0.437097,False,0.437216
shipped,600,92,0.6,True,0.55,0.9844,0.437216,False,0.437097,False,0.437216
positives,600,92,0.4,False,,,,,,,0.437097
positives,600,92,0.5,True,0.55,0.9844,0.437097,False,0.437216,False,0.437097
positives,600,92,0.55,True,0.55,0.9844,0.437097,False,0.437216,False,0.437097
positives,600,92,0.6,True,0.55,0.9844,0.437097,False,0.437216,False,0.437097
shipped,600,93,0.4,False,,,,,,,0.427644
shipped,600,93,0.5,False,,,,,,,0.427644
shipped,600,93,0.55,True,0.55,0.9845,0.427644,False,0.433169,False,0.427644
shipped,600,93,0.6,True,0.55,0.9845,0.427644,False,0.433169,False,0.427644
positives,600,93,0.4,False,,,,,,,0.433169
positives,600,93,0.5,True,0.55,0.9845,0.433169,False,0.427644,False,0.433169
positives,600,93,0.55,True,0.55,0.9845,0.433169,False,0.427644,False,0.433169
positives,600,93,0.6,True,0.55,0.9845,0.433169,False,0.427644,False,0.433169
shipped,600,94,0.4,False,,,,,,,0.443037
shipped,600,94,0.5,False,,,,,,,0.443037
shipped,600,94,0.55,True,0.55,0.9843,0.443037,False,0.447622,False,0.443037
shipped,600,94,0.6,True,0.55,0.9843,0.443037,False,0.447622,False,0.443037
positives,600,94,0.4,False,,,,,,,0.447622
positives,600,94,0.5,True,0.55,0.9843,0.447622,False,0.443037,False,0.447622
positives,600,94,0.55,True,0.55,0.9843,0.447622,False,0.443037,False,0.447622
positives,600,94,0.6,True,0.55,0.9843,0.447622,False,0.443037,False,0.447622
shipped,600,95,0.4,False,,,,,,,0.433404
shipped,600,95,0.5,False,,,,,,,0.433404
shipped,600,95,0.55,True,0.55,0.9847,0.433404,False,0.434658,False,0.433404
shipped,600,95,0.6,True,0.55,0.9847,0.433404,False,0.434658,False,0.433404
positives,600,95,0.4,False,,,,,,,0.434658
positives,600,95,0.5,True,0.55,0.9847,0.434658,False,0.433404,False,0.434658
positives,600,95,0.55,True,0.55,0.9847,0.434658,False,0.433404,False,0.434658
positives,600,95,0.6,True,0.55,0.9847,0.434658,False,0.433404,False,0.434658
shipped,600,96,0.4,False,,,,,,,0.460165
shipped,600,96,0.5,False,,,,,,,0.460165
shipped,600,96,0.55,True,0.55,0.9852,0.460165,False,0.461509,False,0.460165
shipped,600,96,0.6,True,0.55,0.9852,0.460165,False,0.461509,False,0.460165
positives,600,96,0.4,False,,,,,,,0.461509
positives,600,96,0.5,True,0.55,0.9852,0.461509,False,0.460165,False,0.461509
positives,600,96,0.55,True,0.55,0.9852,0.461509,False,0.460165,False,0.461509
positives,600,96,0.6,True,0.55,0.9852,0.461509,False,0.460165,False,0.461509
shipped,600,97,0.4,False,,,,,,,0.449723
shipped,600,97,0.5,False,,,,,,,0.449723
shipped,600,97,0.55,True,0.55,0.9852,0.449723,False,0.450485,False,0.449723
shipped,600,97,0.6,True,0.55,0.9852,0.449723,False,0.450485,False,0.449723
positives,600,97,0.4,False,,,,,,,0.450485
positives,600,97,0.5,True,0.55,0.9852,0.450485,False,0.449723,False,0.450485
positives,600,97,0.55,True,0.55,0.9852,0.450485,False,0.449723,False,0.450485
positives,600,97,0.6,True,0.55,0.9852,0.450485,False,0.449723,False,0.450485
shipped,600,98,0.4,False,,,,,,,0.431318
shipped,600,98,0.5,False,,,,,,,0.431318
shipped,600,98,0.55,True,0.55,0.9849,0.431318,False,0.434786,False,0.431318
shipped,600,98,0.6,True,0.55,0.9849,0.431318,False,0.434786,False,0.431318
positives,600,98,0.4,False,,,,,,,0.434786
positives,600,98,0.5,True,0.55,0.9849,0.434786,False,0.431318,False,0.434786
positives,600,98,0.55,True,0.55,0.9849,0.434786,False,0.431318,False,0.434786
positives,600,98,0.6,True,0.55,0.9849,0.434786,False,0.431318,False,0.434786
shipped,600,99,0.4,False,,,,,,,0.455507
shipped,600,99,0.5,False,,,,,,,0.455507
shipped,600,99,0.55,True,0.55,0.9852,0.455507,False,0.457905,False,0.455507
shipped,600,99,0.6,True,0.55,0.9852,0.455507,False,0.457905,False,0.455507
positives,600,99,0.4,False,,,,,,,0.457905
positives,600,99,0.5,True,0.55,0.9852,0.457905,False,0.455507,False,0.457905
positives,600,99,0.55,True,0.55,0.9852,0.457905,False,0.455507,False,0.457905
positives,600,99,0.6,True,0.55,0.9852,0.457905,False,0.455507,False,0.457905
shipped,600,100,0.4,False,,,,,,,0.452241
shipped,600,100,0.5,False,,,,,,,0.452241
shipped,600,100,0.55,True,0.55,0.9844,0.452241,False,0.448986,False,0.452241
shipped,600,100,0.6,True,0.55,0.9844,0.452241,False,0.448986,False,0.452241
positives,600,100,0.4,False,,,,,,,0.448986
positives,600,100,0.5,True,0.55,0.9844,0.448986,False,0.452241,False,0.448986
positives,600,100,0.55,True,0.55,0.9844,0.448986,False,0.452241,False,0.448986
positives,600,100,0.6,True,0.55,0.9844,0.448986,False,0.452241,False,0.448986
shipped,600,101,0.4,False,,,,,,,0.476407
shipped,600,101,0.5,False,,,,,,,0.476407
shipped,600,101,0.55,True,0.55,0.9853,0.476407,False,0.470678,False,0.476407
shipped,600,101,0.6,True,0.55,0.9853,0.476407,False,0.470678,False,0.476407
positives,600,101,0.4,False,,,,,,,0.470678
positives,600,101,0.5,True,0.55,0.9853,0.470678,False,0.476407,False,0.470678
positives,600,101,0.55,True,0.55,0.9853,0.470678,False,0.476407,False,0.470678
positives,600,101,0.6,True,0.55,0.9853,0.470678,False,0.476407,False,0.470678
shipped,600,102,0.4,False,,,,,,,0.46605
shipped,600,102,0.5,False,,,,,,,0.46605
shipped,600,102,0.55,True,0.55,0.9859,0.46605,False,0.470471,False,0.46605
shipped,600,102,0.6,True,0.55,0.9859,0.46605,False,0.470471,False,0.46605
positives,600,102,0.4,False,,,,,,,0.470471
positives,600,102,0.5,True,0.55,0.9859,0.470471,False,0.46605,False,0.470471
positives,600,102,0.55,True,0.55,0.9859,0.470471,False,0.46605,False,0.470471
positives,600,102,0.6,True,0.55,0.9859,0.470471,False,0.46605,False,0.470471
shipped,600,103,0.4,False,,,,,,,0.47619
shipped,600,103,0.5,False,,,,,,,0.47619
shipped,600,103,0.55,True,0.55,0.9852,0.47619,False,0.474837,False,0.47619
shipped,600,103,0.6,True,0.55,0.9852,0.47619,False,0.474837,False,0.47619
positives,600,103,0.4,False,,,,,,,0.474837
positives,600,103,0.5,True,0.55,0.9852,0.474837,False,0.47619,False,0.474837
positives,600,103,0.55,True,0.55,0.9852,0.474837,False,0.47619,False,0.474837
positives,600,103,0.6,True,0.55,0.9852,0.474837,False,0.47619,False,0.474837
shipped,600,104,0.4,False,,,,,,,0.468488
shipped,600,104,0.5,False,,,,,,,0.468488
shipped,600,104,0.55,True,0.55,0.9851,0.468488,False,0.466387,False,0.468488
shipped,600,104,0.6,True,0.55,0.9851,0.468488,False,0.466387,False,0.468488
positives,600,104,0.4,False,,,,,,,0.466387
positives,600,104,0.5,True,0.55,0.9851,0.466387,False,0.468488,False,0.466387
positives,600,104,0.55,True,0.55,0.9851,0.466387,False,0.468488,False,0.466387
positives,600,104,0.6,True,0.55,0.9851,0.466387,False,0.468488,False,0.466387
shipped,600,105,0.4,False,,,,,,,0.438604
shipped,600,105,0.5,False,,,,,,,0.438604
shipped,600,105,0.55,True,0.55,0.9839,0.438604,False,0.438111,False,0.438604
shipped,600,105,0.6,True,0.55,0.9839,0.438604,False,0.438111,False,0.438604
positives,600,105,0.4,True,0.95,0.6993,0.383083,False,0.387173,False,0.438111
positives,600,105,0.5,True,0.55,0.9839,0.438111,False,0.438604,False,0.438111
positives,600,105,0.55,True,0.55,0.9839,0.438111,False,0.438604,False,0.438111
positives,600,105,0.6,True,0.55,0.9839,0.438111,False,0.438604,False,0.438111
shipped,600,106,0.4,False,,,,,,,0.461934
shipped,600,106,0.5,False,,,,,,,0.461934
shipped,600,106,0.55,True,0.55,0.9847,0.461934,False,0.459896,False,0.461934
shipped,600,106,0.6,True,0.55,0.9847,0.461934,False,0.459896,False,0.461934
positives,600,106,0.4,False,,,,,,,0.459896
positives,600,106,0.5,True,0.55,0.9847,0.459896,False,0.461934,False,0.459896
positives,600,106,0.55,True,0.55,0.9847,0.459896,False,0.461934,False,0.459896
positives,600,106,0.6,True,0.55,0.9847,0.459896,False,0.461934,False,0.459896
shipped,600,107,0.4,False,,,,,,,0.464625
shipped,600,107,0.5,False,,,,,,,0.464625
shipped,600,107,0.55,True,0.55,0.9854,0.464625,False,0.462577,False,0.464625
shipped,600,107,0.6,True,0.55,0.9854,0.464625,False,0.462577,False,0.464625
positives,600,107,0.4,False,,,,,,,0.462577
positives,600,107,0.5,True,0.55,0.9854,0.462577,False,0.464625,False,0.462577
positives,600,107,0.55,True,0.55,0.9854,0.462577,False,0.464625,False,0.462577
positives,600,107,0.6,True,0.55,0.9854,0.462577,False,0.464625,False,0.462577
shipped,600,108,0.4,False,,,,,,,0.44395
shipped,600,108,0.5,False,,,,,,,0.44395
shipped,600,108,0.55,True,0.55,0.9843,0.44395,False,0.448864,False,0.44395
shipped,600,108,0.6,True,0.55,0.9843,0.44395,False,0.448864,False,0.44395
positives,600,108,0.4,False,,,,,,,0.448864
positives,600,108,0.5,True,0.55,0.9843,0.448864,False,0.44395,False,0.448864
positives,600,108,0.55,True,0.55,0.9843,0.448864,False,0.44395,False,0.448864
positives,600,108,0.6,True,0.55,0.9843,0.448864,False,0.44395,False,0.448864
shipped,600,109,0.4,False,,,,,,,0.455346
shipped,600,109,0.5,False,,,,,,,0.455346
shipped,600,109,0.55,True,0.55,0.9855,0.455346,False,0.461177,False,0.455346
shipped,600,109,0.6,True,0.55,0.9855,0.455346,False,0.461177,False,0.455346
positives,600,109,0.4,False,,,,,,,0.461177
positives,600,109,0.5,True,0.55,0.9855,0.461177,False,0.455346,False,0.461177
positives,600,109,0.55,True,0.55,0.9855,0.461177,False,0.455346,False,0.461177
positives,600,109,0.6,True,0.55,0.9855,0.461177,False,0.455346,False,0.461177
shipped,600,110,0.4,False,,,,,,,0.452251
shipped,600,110,0.5,False,,,,,,,0.452251
shipped,600,110,0.55,True,0.55,0.9847,0.452251,False,0.454763,False,0.452251
shipped,600,110,0.6,True,0.55,0.9847,0.452251,False,0.454763,False,0.452251
positives,600,110,0.4,False,,,,,,,0.454763
positives,600,110,0.5,True,0.55,0.9847,0.454763,False,0.452251,False,0.454763
positives,600,110,0.55,True,0.55,0.9847,0.454763,False,0.452251,False,0.454763
positives,600,110,0.6,True,0.55,0.9847,0.454763,False,0.452251,False,0.454763
shipped,600,111,0.4,False,,,,,,,0.447325
shipped,600,111,0.5,False,,,,,,,0.447325
shipped,600,111,0.55,True,0.55,0.9849,0.447325,False,0.445802,False,0.447325
shipped,600,111,0.6,True,0.55,0.9849,0.447325,False,0.445802,False,0.447325
positives,600,111,0.4,False,,,,,,,0.445802
positives,600,111,0.5,True,0.55,0.9849,0.445802,False,0.447325,False,0.445802
positives,600,111,0.55,True,0.55,0.9849,0.445802,False,0.447325,False,0.445802
positives,600,111,0.6,True,0.55,0.9849,0.445802,False,0.447325,False,0.445802
shipped,600,112,0.4,False,,,,,,,0.464914
shipped,600,112,0.5,False,,,,,,,0.464914
shipped,600,112,0.55,True,0.55,0.9851,0.464914,False,0.467227,False,0.464914
shipped,600,112,0.6,True,0.55,0.9851,0.464914,False,0.467227,False,0.464914
positives,600,112,0.4,False,,,,,,,0.467227
positives,600,112,0.5,True,0.55,0.9851,0.467227,False,0.464914,False,0.467227
positives,600,112,0.55,True,0.55,0.9851,0.467227,False,0.464914,False,0.467227
positives,600,112,0.6,True,0.55,0.9851,0.467227,False,0.464914,False,0.467227
shipped,600,113,0.4,False,,,,,,,0.46118
shipped,600,113,0.5,False,,,,,,,0.46118
shipped,600,113,0.55,True,0.55,0.9855,0.46118,False,0.459142,False,0.46118
shipped,600,113,0.6,True,0.55,0.9855,0.46118,False,0.459142,False,0.46118
positives,600,113,0.4,False,,,,,,,0.459142
positives,600,113,0.5,True,0.55,0.9855,0.459142,False,0.46118,False,0.459142
positives,600,113,0.55,True,0.55,0.9855,0.459142,False,0.46118,False,0.459142
positives,600,113,0.6,True,0.55,0.9855,0.459142,False,0.46118,False,0.459142
shipped,600,114,0.4,False,,,,,,,0.454722
shipped,600,114,0.5,False,,,,,,,0.454722
shipped,600,114,0.55,True,0.55,0.9853,0.454722,False,0.44795,False,0.454722
shipped,600,114,0.6,True,0.55,0.9853,0.454722,False,0.44795,False,0.454722
positives,600,114,0.4,False,,,,,,,0.44795
positives,600,114,0.5,True,0.55,0.9853,0.44795,False,0.454722,False,0.44795
positives,600,114,0.55,True,0.55,0.9853,0.44795,False,0.454722,False,0.44795
positives,600,114,0.6,True,0.55,0.9853,0.44795,False,0.454722,False,0.44795
shipped,600,115,0.4,False,,,,,,,0.466629
shipped,600,115,0.5,False,,,,,,,0.466629
shipped,600,115,0.55,True,0.55,0.9849,0.466629,False,0.464003,False,0.466629
shipped,600,115,0.6,True,0.55,0.9849,0.466629,False,0.464003,False,0.466629
positives,600,115,0.4,False,,,,,,,0.464003
positives,600,115,0.5,True,0.55,0.9849,0.464003,False,0.466629,False,0.464003
positives,600,115,0.55,True,0.55,0.9849,0.464003,False,0.466629,False,0.464003
positives,600,115,0.6,True,0.55,0.9849,0.464003,False,0.466629,False,0.464003
shipped,600,116,0.4,False,,,,,,,0.45301
shipped,600,116,0.5,False,,,,,,,0.45301
shipped,600,116,0.55,True,0.55,0.9843,0.45301,False,0.452807,False,0.45301
shipped,600,116,0.6,True,0.55,0.9843,0.45301,False,0.452807,False,0.45301
positives,600,116,0.4,False,,,,,,,0.452807
positives,600,116,0.5,True,0.55,0.9843,0.452807,False,0.45301,False,0.452807
positives,600,116,0.55,True,0.55,0.9843,0.452807,False,0.45301,False,0.452807
positives,600,116,0.6,True,0.55,0.9843,0.452807,False,0.45301,False,0.452807
shipped,600,117,0.4,False,,,,,,,0.451159
shipped,600,117,0.5,False,,,,,,,0.451159
shipped,600,117,0.55,True,0.55,0.9853,0.451159,False,0.451459,False,0.451159
shipped,600,117,0.6,True,0.55,0.9853,0.451159,False,0.451459,False,0.451159
positives,600,117,0.4,False,,,,,,,0.451459
positives,600,117,0.5,True,0.55,0.9853,0.451459,False,0.451159,False,0.451459
positives,600,117,0.55,True,0.55,0.9853,0.451459,False,0.451159,False,0.451459
positives,600,117,0.6,True,0.55,0.9853,0.451459,False,0.451159,False,0.451459
shipped,600,118,0.4,False,,,,,,,0.437248
shipped,600,118,0.5,False,,,,,,,0.437248
shipped,600,118,0.55,True,0.55,0.9847,0.437248,False,0.442435,False,0.437248
shipped,600,118,0.6,True,0.55,0.9847,0.437248,False,0.442435,False,0.437248
positives,600,118,0.4,False,,,,,,,0.442435
positives,600,118,0.5,True,0.55,0.9847,0.442435,False,0.437248,False,0.442435
positives,600,118,0.55,True,0.55,0.9847,0.442435,False,0.437248,False,0.442435
positives,600,118,0.6,True,0.55,0.9847,0.442435,False,0.437248,False,0.442435
shipped,600,119,0.4,False,,,,,,,0.455643
shipped,600,119,0.5,False,,,,,,,0.455643
shipped,600,119,0.55,True,0.55,0.985,0.455643,False,0.451687,False,0.455643
shipped,600,119,0.6,True,0.55,0.985,0.455643,False,0.451687,False,0.455643
positives,600,119,0.4,False,,,,,,,0.451687
positives,600,119,0.5,True,0.55,0.985,0.451687,False,0.455643,False,0.451687
positives,600,119,0.55,True,0.55,0.985,0.451687,False,0.455643,False,0.451687
positives,600,119,0.6,True,0.55,0.985,0.451687,False,0.455643,False,0.451687
shipped,600,120,0.4,False,,,,,,,0.428567
shipped,600,120,0.5,False,,,,,,,0.428567
shipped,600,120,0.55,True,0.55,0.984,0.428567,False,0.427141,False,0.428567
shipped,600,120,0.6,True,0.55,0.984,0.428567,False,0.427141,False,0.428567
positives,600,120,0.4,False,,,,,,,0.427141
positives,600,120,0.5,True,0.55,0.984,0.427141,False,0.428567,False,0.427141
positives,600,120,0.55,True,0.55,0.984,0.427141,False,0.428567,False,0.427141
positives,600,120,0.6,True,0.55,0.984,0.427141,False,0.428567,False,0.427141
shipped,600,121,0.4,False,,,,,,,0.459214
shipped,600,121,0.5,False,,,,,,,0.459214
shipped,600,121,0.55,True,0.55,0.9854,0.459214,False,0.458253,False,0.459214
shipped,600,121,0.6,True,0.55,0.9854,0.459214,False,0.458253,False,0.459214
positives,600,121,0.4,False,,,,,,,0.458253
positives,600,121,0.5,True,0.55,0.9854,0.458253,False,0.459214,False,0.458253
positives,600,121,0.55,True,0.55,0.9854,0.458253,False,0.459214,False,0.458253
positives,600,121,0.6,True,0.55,0.9854,0.458253,False,0.459214,False,0.458253
shipped,600,122,0.4,False,,,,,,,0.455399
shipped,600,122,0.5,False,,,,,,,0.455399
shipped,600,122,0.55,True,0.55,0.9843,0.455399,False,0.453197,False,0.455399
shipped,600,122,0.6,True,0.55,0.9843,0.455399,False,0.453197,False,0.455399
positives,600,122,0.4,False,,,,,,,0.453197
positives,600,122,0.5,True,0.55,0.9843,0.453197,False,0.455399,False,0.453197
positives,600,122,0.55,True,0.55,0.9843,0.453197,False,0.455399,False,0.453197
positives,600,122,0.6,True,0.55,0.9843,0.453197,False,0.455399,False,0.453197
shipped,600,123,0.4,False,,,,,,,0.439528
shipped,600,123,0.5,False,,,,,,,0.439528
shipped,600,123,0.55,True,0.55,0.9843,0.439528,False,0.432401,False,0.439528
shipped,600,123,0.6,True,0.55,0.9843,0.439528,False,0.432401,False,0.439528
positives,600,123,0.4,False,,,,,,,0.432401
positives,600,123,0.5,True,0.55,0.9843,0.432401,False,0.439528,False,0.432401
positives,600,123,0.55,True,0.55,0.9843,0.432401,False,0.439528,False,0.432401
positives,600,123,0.6,True,0.55,0.9843,0.432401,False,0.439528,False,0.432401
shipped,600,124,0.4,False,,,,,,,0.458017
shipped,600,124,0.5,False,,,,,,,0.458017
shipped,600,124,0.55,True,0.55,0.9852,0.458017,False,0.454528,False,0.458017
shipped,600,124,0.6,True,0.55,0.9852,0.458017,False,0.454528,False,0.458017
positives,600,124,0.4,False,,,,,,,0.454528
positives,600,124,0.5,True,0.55,0.9852,0.454528,False,0.458017,False,0.454528
positives,600,124,0.55,True,0.55,0.9852,0.454528,False,0.458017,False,0.454528
positives,600,124,0.6,True,0.55,0.9852,0.454528,False,0.458017,False,0.454528
shipped,600,125,0.4,False,,,,,,,0.442318
shipped,600,125,0.5,False,,,,,,,0.442318
shipped,600,125,0.55,True,0.55,0.9855,0.442318,False,0.440863,False,0.442318
shipped,600,125,0.6,True,0.55,0.9855,0.442318,False,0.440863,False,0.442318
positives,600,125,0.4,False,,,,,,,0.440863
positives,600,125,0.5,True,0.55,0.9855,0.440863,False,0.442318,False,0.440863
positives,600,125,0.55,True,0.55,0.9855,0.440863,False,0.442318,False,0.440863
positives,600,125,0.6,True,0.55,0.9855,0.440863,False,0.442318,False,0.440863
shipped,600,126,0.4,False,,,,,,,0.459515
shipped,600,126,0.5,False,,,,,,,0.459515
shipped,600,126,0.55,True,0.55,0.986,0.459515,False,0.463407,False,0.459515
shipped,600,126,0.6,True,0.55,0.986,0.459515,False,0.463407,False,0.459515
positives,600,126,0.4,False,,,,,,,0.463407
positives,600,126,0.5,True,0.55,0.986,0.463407,False,0.459515,False,0.463407
positives,600,126,0.55,True,0.55,0.986,0.463407,False,0.459515,False,0.463407
positives,600,126,0.6,True,0.55,0.986,0.463407,False,0.459515,False,0.463407
shipped,600,127,0.4,False,,,,,,,0.451542
shipped,600,127,0.5,False,,,,,,,0.451542
shipped,600,127,0.55,True,0.55,0.9843,0.451542,False,0.452478,False,0.451542
shipped,600,127,0.6,True,0.55,0.9843,0.451542,False,0.452478,False,0.451542
positives,600,127,0.4,False,,,,,,,0.452478
positives,600,127,0.5,True,0.55,0.9843,0.452478,False,0.451542,False,0.452478
positives,600,127,0.55,True,0.55,0.9843,0.452478,False,0.451542,False,0.452478
positives,600,127,0.6,True,0.55,0.9843,0.452478,False,0.451542,False,0.452478
shipped,600,128,0.4,False,,,,,,,0.446225
shipped,600,128,0.5,False,,,,,,,0.446225
shipped,600,128,0.55,True,0.55,0.9854,0.446225,False,0.447252,False,0.446225
shipped,600,128,0.6,True,0.55,0.9854,0.446225,False,0.447252,False,0.446225
positives,600,128,0.4,False,,,,,,,0.447252
positives,600,128,0.5,True,0.55,0.9854,0.447252,False,0.446225,False,0.447252
positives,600,128,0.55,True,0.55,0.9854,0.447252,False,0.446225,False,0.447252
positives,600,128,0.6,True,0.55,0.9854,0.447252,False,0.446225,False,0.447252
shipped,600,129,0.4,False,,,,,,,0.454851
shipped,600,129,0.5,False,,,,,,,0.454851
shipped,600,129,0.55,True,0.55,0.9853,0.454851,False,0.451261,False,0.454851
shipped,600,129,0.6,True,0.55,0.9853,0.454851,False,0.451261,False,0.454851
positives,600,129,0.4,False,,,,,,,0.451261
positives,600,129,0.5,True,0.55,0.9853,0.451261,False,0.454851,False,0.451261
positives,600,129,0.55,True,0.55,0.9853,0.451261,False,0.454851,False,0.451261
positives,600,129,0.6,True,0.55,0.9853,0.451261,False,0.454851,False,0.451261
shipped,600,130,0.4,False,,,,,,,0.445748
shipped,600,130,0.5,False,,,,,,,0.445748
shipped,600,130,0.55,True,0.55,0.9851,0.445748,False,0.442617,False,0.445748
shipped,600,130,0.6,True,0.55,0.9851,0.445748,False,0.442617,False,0.445748
positives,600,130,0.4,False,,,,,,,0.442617
positives,600,130,0.5,True,0.55,0.9851,0.442617,False,0.445748,False,0.442617
positives,600,130,0.55,True,0.55,0.9851,0.442617,False,0.445748,False,0.442617
positives,600,130,0.6,True,0.55,0.9851,0.442617,False,0.445748,False,0.442617
shipped,600,131,0.4,False,,,,,,,0.454563
shipped,600,131,0.5,False,,,,,,,0.454563
shipped,600,131,0.55,True,0.55,0.9851,0.454563,False,0.453675,False,0.454563
shipped,600,131,0.6,True,0.55,0.9851,0.454563,False,0.453675,False,0.454563
positives,600,131,0.4,False,,,,,,,0.453675
positives,600,131,0.5,True,0.55,0.9851,0.453675,False,0.454563,False,0.453675
positives,600,131,0.55,True,0.55,0.9851,0.453675,False,0.454563,False,0.453675
positives,600,131,0.6,True,0.55,0.9851,0.453675,False,0.454563,False,0.453675
shipped,600,132,0.4,False,,,,,,,0.4487
shipped,600,132,0.5,False,,,,,,,0.4487
shipped,600,132,0.55,True,0.55,0.9843,0.4487,False,0.448199,False,0.4487
shipped,600,132,0.6,True,0.55,0.9843,0.4487,False,0.448199,False,0.4487
positives,600,132,0.4,False,,,,,,,0.448199
positives,600,132,0.5,True,0.55,0.9843,0.448199,False,0.4487,False,0.448199
positives,600,132,0.55,True,0.55,0.9843,0.448199,False,0.4487,False,0.448199
positives,600,132,0.6,True,0.55,0.9843,0.448199,False,0.4487,False,0.448199
shipped,600,133,0.4,False,,,,,,,0.453196
shipped,600,133,0.5,False,,,,,,,0.453196
shipped,600,133,0.55,True,0.55,0.9848,0.453196,False,0.452736,False,0.453196
shipped,600,133,0.6,True,0.55,0.9848,0.453196,False,0.452736,False,0.453196
positives,600,133,0.4,False,,,,,,,0.452736
positives,600,133,0.5,True,0.55,0.9848,0.452736,False,0.453196,False,0.452736
positives,600,133,0.55,True,0.55,0.9848,0.452736,False,0.453196,False,0.452736
positives,600,133,0.6,True,0.55,0.9848,0.452736,False,0.453196,False,0.452736
shipped,600,134,0.4,False,,,,,,,0.457805
shipped,600,134,0.5,False,,,,,,,0.457805
shipped,600,134,0.55,True,0.55,0.985,0.457805,False,0.455718,False,0.457805
shipped,600,134,0.6,True,0.55,0.985,0.457805,False,0.455718,False,0.457805
positives,600,134,0.4,False,,,,,,,0.455718
positives,600,134,0.5,True,0.55,0.985,0.455718,False,0.457805,False,0.455718
positives,600,134,0.55,True,0.55,0.985,0.455718,False,0.457805,False,0.455718
positives,600,134,0.6,True,0.55,0.985,0.455718,False,0.457805,False,0.455718
shipped,600,135,0.4,False,,,,,,,0.449109
shipped,600,135,0.5,False,,,,,,,0.449109
shipped,600,135,0.55,True,0.55,0.9851,0.449109,False,0.448004,False,0.449109
shipped,600,135,0.6,True,0.55,0.9851,0.449109,False,0.448004,False,0.449109
positives,600,135,0.4,False,,,,,,,0.448004
positives,600,135,0.5,True,0.55,0.9851,0.448004,False,0.449109,False,0.448004
positives,600,135,0.55,True,0.55,0.9851,0.448004,False,0.449109,False,0.448004
positives,600,135,0.6,True,0.55,0.9851,0.448004,False,0.449109,False,0.448004
shipped,600,136,0.4,False,,,,,,,0.451511
shipped,600,136,0.5,False,,,,,,,0.451511
shipped,600,136,0.55,True,0.55,0.9852,0.451511,False,0.448401,False,0.451511
shipped,600,136,0.6,True,0.55,0.9852,0.451511,False,0.448401,False,0.451511
positives,600,136,0.4,False,,,,,,,0.448401
positives,600,136,0.5,True,0.55,0.9852,0.448401,False,0.451511,False,0.448401
positives,600,136,0.55,True,0.55,0.9852,0.448401,False,0.451511,False,0.448401
positives,600,136,0.6,True,0.55,0.9852,0.448401,False,0.451511,False,0.448401
shipped,600,137,0.4,False,,,,,,,0.455688
shipped,600,137,0.5,False,,,,,,,0.455688
shipped,600,137,0.55,True,0.55,0.9847,0.455688,False,0.44928,False,0.455688
shipped,600,137,0.6,True,0.55,0.9847,0.455688,False,0.44928,False,0.455688
positives,600,137,0.4,False,,,,,,,0.44928
positives,600,137,0.5,True,0.55,0.9847,0.44928,False,0.455688,False,0.44928
positives,600,137,0.55,True,0.55,0.9847,0.44928,False,0.455688,False,0.44928
positives,600,137,0.6,True,0.55,0.9847,0.44928,False,0.455688,False,0.44928
shipped,600,138,0.4,False,,,,,,,0.444959
shipped,600,138,0.5,False,,,,,,,0.444959
shipped,600,138,0.55,True,0.55,0.9839,0.444959,False,0.444042,False,0.444959
shipped,600,138,0.6,True,0.55,0.9839,0.444959,False,0.444042,False,0.444959
positives,600,138,0.4,False,,,,,,,0.444042
positives,600,138,0.5,True,0.55,0.9839,0.444042,False,0.444959,False,0.444042
positives,600,138,0.55,True,0.55,0.9839,0.444042,False,0.444959,False,0.444042
positives,600,138,0.6,True,0.55,0.9839,0.444042,False,0.444959,False,0.444042
shipped,600,139,0.4,False,,,,,,,0.450319
shipped,600,139,0.5,False,,,,,,,0.450319
shipped,600,139,0.55,True,0.55,0.9847,0.450319,False,0.450298,False,0.450319
shipped,600,139,0.6,True,0.55,0.9847,0.450319,False,0.450298,False,0.450319
positives,600,139,0.4,False,,,,,,,0.450298
positives,600,139,0.5,True,0.55,0.9847,0.450298,False,0.450319,False,0.450298
positives,600,139,0.55,True,0.55,0.9847,0.450298,False,0.450319,False,0.450298
positives,600,139,0.6,True,0.55,0.9847,0.450298,False,0.450319,False,0.450298
shipped,600,140,0.4,False,,,,,,,0.468039
shipped,600,140,0.5,False,,,,,,,0.468039
shipped,600,140,0.55,True,0.55,0.9851,0.468039,False,0.466399,False,0.468039
shipped,600,140,0.6,True,0.55,0.9851,0.468039,False,0.466399,False,0.468039
positives,600,140,0.4,False,,,,,,,0.466399
positives,600,140,0.5,True,0.55,0.9851,0.466399,False,0.468039,False,0.466399
positives,600,140,0.55,True,0.55,0.9851,0.466399,False,0.468039,False,0.466399
positives,600,140,0.6,True,0.55,0.9851,0.466399,False,0.468039,False,0.466399
shipped,600,141,0.4,False,,,,,,,0.451763
shipped,600,141,0.5,False,,,,,,,0.451763
shipped,600,141,0.55,True,0.55,0.9849,0.451763,False,0.452567,False,0.451763
shipped,600,141,0.6,True,0.55,0.9849,0.451763,False,0.452567,False,0.451763
positives,600,141,0.4,False,,,,,,,0.452567
positives,600,141,0.5,True,0.55,0.9849,0.452567,False,0.451763,False,0.452567
positives,600,141,0.55,True,0.55,0.9849,0.452567,False,0.451763,False,0.452567
positives,600,141,0.6,True,0.55,0.9849,0.452567,False,0.451763,False,0.452567
shipped,600,142,0.4,False,,,,,,,0.445817
shipped,600,142,0.5,False,,,,,,,0.445817
shipped,600,142,0.55,True,0.55,0.9842,0.445817,False,0.443677,False,0.445817
shipped,600,142,0.6,True,0.55,0.9842,0.445817,False,0.443677,False,0.445817
positives,600,142,0.4,False,,,,,,,0.443677
positives,600,142,0.5,True,0.55,0.9842,0.443677,False,0.445817,False,0.443677
positives,600,142,0.55,True,0.55,0.9842,0.443677,False,0.445817,False,0.443677
positives,600,142,0.6,True,0.55,0.9842,0.443677,False,0.445817,False,0.443677
shipped,600,143,0.4,False,,,,,,,0.455119
shipped,600,143,0.5,False,,,,,,,0.455119
shipped,600,143,0.55,True,0.55,0.9848,0.455119,False,0.458513,False,0.455119
shipped,600,143,0.6,True,0.55,0.9848,0.455119,False,0.458513,False,0.455119
positives,600,143,0.4,False,,,,,,,0.458513
positives,600,143,0.5,True,0.55,0.9848,0.458513,False,0.455119,False,0.458513
positives,600,143,0.55,True,0.55,0.9848,0.458513,False,0.455119,False,0.458513
positives,600,143,0.6,True,0.55,0.9848,0.458513,False,0.455119,False,0.458513
shipped,600,144,0.4,False,,,,,,,0.437899
shipped,600,144,0.5,False,,,,,,,0.437899
shipped,600,144,0.55,True,0.55,0.9845,0.437899,False,0.436345,False,0.437899
shipped,600,144,0.6,True,0.55,0.9845,0.437899,False,0.436345,False,0.437899
positives,600,144,0.4,False,,,,,,,0.436345
positives,600,144,0.5,True,0.55,0.9845,0.436345,False,0.437899,False,0.436345
positives,600,144,0.55,True,0.55,0.9845,0.436345,False,0.437899,False,0.436345
positives,600,144,0.6,True,0.55,0.9845,0.436345,False,0.437899,False,0.436345
shipped,600,145,0.4,False,,,,,,,0.458653
shipped,600,145,0.5,False,,,,,,,0.458653
shipped,600,145,0.55,True,0.55,0.9855,0.458653,False,0.460479,False,0.458653
shipped,600,145,0.6,True,0.55,0.9855,0.458653,False,0.460479,False,0.458653
positives,600,145,0.4,False,,,,,,,0.460479
positives,600,145,0.5,True,0.55,0.9855,0.460479,False,0.458653,False,0.460479
positives,600,145,0.55,True,0.55,0.9855,0.460479,False,0.458653,False,0.460479
positives,600,145,0.6,True,0.55,0.9855,0.460479,False,0.458653,False,0.460479
shipped,600,146,0.4,False,,,,,,,0.432548
shipped,600,146,0.5,False,,,,,,,0.432548
shipped,600,146,0.55,True,0.55,0.9847,0.432548,False,0.434868,False,0.432548
shipped,600,146,0.6,True,0.55,0.9847,0.432548,False,0.434868,False,0.432548
positives,600,146,0.4,False,,,,,,,0.434868
positives,600,146,0.5,True,0.55,0.9847,0.434868,False,0.432548,False,0.434868
positives,600,146,0.55,True,0.55,0.9847,0.434868,False,0.432548,False,0.434868
positives,600,146,0.6,True,0.55,0.9847,0.434868,False,0.432548,False,0.434868
shipped,600,147,0.4,False,,,,,,,0.441966
shipped,600,147,0.5,False,,,,,,,0.441966
shipped,600,147,0.55,True,0.55,0.985,0.441966,False,0.441828,False,0.441966
shipped,600,147,0.6,True,0.55,0.985,0.441966,False,0.441828,False,0.441966
positives,600,147,0.4,False,,,,,,,0.441828
positives,600,147,0.5,True,0.55,0.985,0.441828,False,0.441966,False,0.441828
positives,600,147,0.55,True,0.55,0.985,0.441828,False,0.441966,False,0.441828
positives,600,147,0.6,True,0.55,0.985,0.441828,False,0.441966,False,0.441828
shipped,600,148,0.4,False,,,,,,,0.449035
shipped,600,148,0.5,False,,,,,,,0.449035
shipped,600,148,0.55,True,0.55,0.9849,0.449035,False,0.448906,False,0.449035
shipped,600,148,0.6,True,0.55,0.9849,0.449035,False,0.448906,False,0.449035
positives,600,148,0.4,False,,,,,,,0.448906
positives,600,148,0.5,True,0.55,0.9849,0.448906,False,0.449035,False,0.448906
positives,600,148,0.55,True,0.55,0.9849,0.448906,False,0.449035,False,0.448906
positives,600,148,0.6,True,0.55,0.9849,0.448906,False,0.449035,False,0.448906
shipped,600,149,0.4,False,,,,,,,0.451506
shipped,600,149,0.5,False,,,,,,,0.451506
shipped,600,149,0.55,True,0.55,0.9861,0.451506,False,0.448466,False,0.451506
shipped,600,149,0.6,True,0.55,0.9861,0.451506,False,0.448466,False,0.451506
positives,600,149,0.4,False,,,,,,,0.448466
positives,600,149,0.5,True,0.55,0.9861,0.448466,False,0.451506,False,0.448466
positives,600,149,0.55,True,0.55,0.9861,0.448466,False,0.451506,False,0.448466
positives,600,149,0.6,True,0.55,0.9861,0.448466,False,0.451506,False,0.448466
shipped,600,150,0.4,False,,,,,,,0.4719
shipped,600,150,0.5,False,,,,,,,0.4719
shipped,600,150,0.55,True,0.55,0.9856,0.4719,False,0.470224,False,0.4719
shipped,600,150,0.6,True,0.55,0.9856,0.4719,False,0.470224,False,0.4719
positives,600,150,0.4,False,,,,,,,0.470224
positives,600,150,0.5,True,0.55,0.9856,0.470224,False,0.4719,False,0.470224
positives,600,150,0.55,True,0.55,0.9856,0.470224,False,0.4719,False,0.470224
positives,600,150,0.6,True,0.55,0.9856,0.470224,False,0.4719,False,0.470224
shipped,600,151,0.4,False,,,,,,,0.452322
shipped,600,151,0.5,False,,,,,,,0.452322
shipped,600,151,0.55,True,0.55,0.9851,0.452322,False,0.453835,False,0.452322
shipped,600,151,0.6,True,0.55,0.9851,0.452322,False,0.453835,False,0.452322
positives,600,151,0.4,False,,,,,,,0.453835
positives,600,151,0.5,True,0.55,0.9851,0.453835,False,0.452322,False,0.453835
positives,600,151,0.55,True,0.55,0.9851,0.453835,False,0.452322,False,0.453835
positives,600,151,0.6,True,0.55,0.9851,0.453835,False,0.452322,False,0.453835
shipped,600,152,0.4,False,,,,,,,0.454264
shipped,600,152,0.5,False,,,,,,,0.454264
shipped,600,152,0.55,True,0.55,0.9857,0.454264,False,0.447031,False,0.454264
shipped,600,152,0.6,True,0.55,0.9857,0.454264,False,0.447031,False,0.454264
positives,600,152,0.4,False,,,,,,,0.447031
positives,600,152,0.5,True,0.55,0.9857,0.447031,False,0.454264,False,0.447031
positives,600,152,0.55,True,0.55,0.9857,0.447031,False,0.454264,False,0.447031
positives,600,152,0.6,True,0.55,0.9857,0.447031,False,0.454264,False,0.447031
shipped,600,153,0.4,False,,,,,,,0.44702
shipped,600,153,0.5,False,,,,,,,0.44702
shipped,600,153,0.55,True,0.55,0.9856,0.44702,False,0.447575,False,0.44702
shipped,600,153,0.6,True,0.55,0.9856,0.44702,False,0.447575,False,0.44702
positives,600,153,0.4,False,,,,,,,0.447575
positives,600,153,0.5,True,0.55,0.9856,0.447575,False,0.44702,False,0.447575
positives,600,153,0.55,True,0.55,0.9856,0.447575,False,0.44702,False,0.447575
positives,600,153,0.6,True,0.55,0.9856,0.447575,False,0.44702,False,0.447575
shipped,600,154,0.4,False,,,,,,,0.44104
shipped,600,154,0.5,False,,,,,,,0.44104
shipped,600,154,0.55,True,0.55,0.9847,0.44104,False,0.442651,False,0.44104
shipped,600,154,0.6,True,0.55,0.9847,0.44104,False,0.442651,False,0.44104
positives,600,154,0.4,False,,,,,,,0.442651
positives,600,154,0.5,True,0.55,0.9847,0.442651,False,0.44104,False,0.442651
positives,600,154,0.55,True,0.55,0.9847,0.442651,False,0.44104,False,0.442651
positives,600,154,0.6,True,0.55,0.9847,0.442651,False,0.44104,False,0.442651
shipped,600,155,0.4,False,,,,,,,0.464038
shipped,600,155,0.5,False,,,,,,,0.464038
shipped,600,155,0.55,True,0.55,0.9858,0.464038,False,0.468276,False,0.464038
shipped,600,155,0.6,True,0.55,0.9858,0.464038,False,0.468276,False,0.464038
positives,600,155,0.4,False,,,,,,,0.468276
positives,600,155,0.5,True,0.55,0.9858,0.468276,False,0.464038,False,0.468276
positives,600,155,0.55,True,0.55,0.9858,0.468276,False,0.464038,False,0.468276
positives,600,155,0.6,True,0.55,0.9858,0.468276,False,0.464038,False,0.468276
shipped,600,156,0.4,False,,,,,,,0.467001
shipped,600,156,0.5,False,,,,,,,0.467001
shipped,600,156,0.55,True,0.55,0.9857,0.467001,False,0.468856,False,0.467001
shipped,600,156,0.6,True,0.55,0.9857,0.467001,False,0.468856,False,0.467001
positives,600,156,0.4,False,,,,,,,0.468856
positives,600,156,0.5,True,0.55,0.9857,0.468856,False,0.467001,False,0.468856
positives,600,156,0.55,True,0.55,0.9857,0.468856,False,0.467001,False,0.468856
positives,600,156,0.6,True,0.55,0.9857,0.468856,False,0.467001,False,0.468856
shipped,600,157,0.4,False,,,,,,,0.450175
shipped,600,157,0.5,False,,,,,,,0.450175
shipped,600,157,0.55,True,0.55,0.9844,0.450175,False,0.447261,False,0.450175
shipped,600,157,0.6,True,0.55,0.9844,0.450175,False,0.447261,False,0.450175
positives,600,157,0.4,False,,,,,,,0.447261
positives,600,157,0.5,True,0.55,0.9844,0.447261,False,0.450175,False,0.447261
positives,600,157,0.55,True,0.55,0.9844,0.447261,False,0.450175,False,0.447261
positives,600,157,0.6,True,0.55,0.9844,0.447261,False,0.450175,False,0.447261
shipped,600,158,0.4,False,,,,,,,0.435636
shipped,600,158,0.5,False,,,,,,,0.435636
shipped,600,158,0.55,True,0.55,0.9844,0.435636,False,0.434481,False,0.435636
shipped,600,158,0.6,True,0.55,0.9844,0.435636,False,0.434481,False,0.435636
positives,600,158,0.4,False,,,,,,,0.434481
positives,600,158,0.5,True,0.55,0.9844,0.434481,False,0.435636,False,0.434481
positives,600,158,0.55,True,0.55,0.9844,0.434481,False,0.435636,False,0.434481
positives,600,158,0.6,True,0.55,0.9844,0.434481,False,0.435636,False,0.434481
shipped,600,159,0.4,False,,,,,,,0.436656
shipped,600,159,0.5,False,,,,,,,0.436656
shipped,600,159,0.55,True,0.55,0.985,0.436656,False,0.439349,False,0.436656
shipped,600,159,0.6,True,0.55,0.985,0.436656,False,0.439349,False,0.436656
positives,600,159,0.4,False,,,,,,,0.439349
positives,600,159,0.5,True,0.55,0.985,0.439349,False,0.436656,False,0.439349
positives,600,159,0.55,True,0.55,0.985,0.439349,False,0.436656,False,0.439349
positives,600,159,0.6,True,0.55,0.985,0.439349,False,0.436656,False,0.439349
shipped,600,160,0.4,False,,,,,,,0.462804
shipped,600,160,0.5,False,,,,,,,0.462804
shipped,600,160,0.55,True,0.55,0.9862,0.462804,False,0.465994,False,0.462804
shipped,600,160,0.6,True,0.55,0.9862,0.462804,False,0.465994,False,0.462804
positives,600,160,0.4,False,,,,,,,0.465994
positives,600,160,0.5,True,0.55,0.9862,0.465994,False,0.462804,False,0.465994
positives,600,160,0.55,True,0.55,0.9862,0.465994,False,0.462804,False,0.465994
positives,600,160,0.6,True,0.55,0.9862,0.465994,False,0.462804,False,0.465994
shipped,600,161,0.4,False,,,,,,,0.455816
shipped,600,161,0.5,False,,,,,,,0.455816
shipped,600,161,0.55,True,0.55,0.9858,0.455816,False,0.455819,False,0.455816
shipped,600,161,0.6,True,0.55,0.9858,0.455816,False,0.455819,False,0.455816
positives,600,161,0.4,False,,,,,,,0.455819
positives,600,161,0.5,True,0.55,0.9858,0.455819,False,0.455816,False,0.455819
positives,600,161,0.55,True,0.55,0.9858,0.455819,False,0.455816,False,0.455819
positives,600,161,0.6,True,0.55,0.9858,0.455819,False,0.455816,False,0.455819
shipped,600,162,0.4,False,,,,,,,0.466047
shipped,600,162,0.5,False,,,,,,,0.466047
shipped,600,162,0.55,True,0.55,0.9848,0.466047,False,0.468821,False,0.466047
shipped,600,162,0.6,True,0.55,0.9848,0.466047,False,0.468821,False,0.466047
positives,600,162,0.4,False,,,,,,,0.468821
positives,600,162,0.5,True,0.55,0.9848,0.468821,False,0.466047,False,0.468821
positives,600,162,0.55,True,0.55,0.9848,0.468821,False,0.466047,False,0.468821
positives,600,162,0.6,True,0.55,0.9848,0.468821,False,0.466047,False,0.468821
shipped,600,163,0.4,False,,,,,,,0.456145
shipped,600,163,0.5,False,,,,,,,0.456145
shipped,600,163,0.55,True,0.55,0.9853,0.456145,False,0.456067,False,0.456145
shipped,600,163,0.6,True,0.55,0.9853,0.456145,False,0.456067,False,0.456145
positives,600,163,0.4,False,,,,,,,0.456067
positives,600,163,0.5,True,0.55,0.9853,0.456067,False,0.456145,False,0.456067
positives,600,163,0.55,True,0.55,0.9853,0.456067,False,0.456145,False,0.456067
positives,600,163,0.6,True,0.55,0.9853,0.456067,False,0.456145,False,0.456067
shipped,600,164,0.4,False,,,,,,,0.451775
shipped,600,164,0.5,False,,,,,,,0.451775
shipped,600,164,0.55,True,0.55,0.985,0.451775,False,0.452954,False,0.451775
shipped,600,164,0.6,True,0.55,0.985,0.451775,False,0.452954,False,0.451775
positives,600,164,0.4,False,,,,,,,0.452954
positives,600,164,0.5,True,0.55,0.985,0.452954,False,0.451775,False,0.452954
positives,600,164,0.55,True,0.55,0.985,0.452954,False,0.451775,False,0.452954
positives,600,164,0.6,True,0.55,0.985,0.452954,False,0.451775,False,0.452954
shipped,600,165,0.4,False,,,,,,,0.444682
shipped,600,165,0.5,False,,,,,,,0.444682
shipped,600,165,0.55,True,0.55,0.9849,0.444682,False,0.449957,False,0.444682
shipped,600,165,0.6,True,0.55,0.9849,0.444682,False,0.449957,False,0.444682
positives,600,165,0.4,False,,,,,,,0.449957
positives,600,165,0.5,True,0.55,0.9849,0.449957,False,0.444682,False,0.449957
positives,600,165,0.55,True,0.55,0.9849,0.449957,False,0.444682,False,0.449957
positives,600,165,0.6,True,0.55,0.9849,0.449957,False,0.444682,False,0.449957
shipped,600,166,0.4,False,,,,,,,0.468735
shipped,600,166,0.5,False,,,,,,,0.468735
shipped,600,166,0.55,True,0.55,0.9857,0.468735,False,0.467334,False,0.468735
shipped,600,166,0.6,True,0.55,0.9857,0.468735,False,0.467334,False,0.468735
positives,600,166,0.4,False,,,,,,,0.467334
positives,600,166,0.5,True,0.55,0.9857,0.467334,False,0.468735,False,0.467334
positives,600,166,0.55,True,0.55,0.9857,0.467334,False,0.468735,False,0.467334
positives,600,166,0.6,True,0.55,0.9857,0.467334,False,0.468735,False,0.467334
shipped,600,167,0.4,False,,,,,,,0.465401
shipped,600,167,0.5,False,,,,,,,0.465401
shipped,600,167,0.55,True,0.55,0.985,0.465401,False,0.466011,False,0.465401
shipped,600,167,0.6,True,0.55,0.985,0.465401,False,0.466011,False,0.465401
positives,600,167,0.4,False,,,,,,,0.466011
positives,600,167,0.5,True,0.55,0.985,0.466011,False,0.465401,False,0.466011
positives,600,167,0.55,True,0.55,0.985,0.466011,False,0.465401,False,0.466011
positives,600,167,0.6,True,0.55,0.985,0.466011,False,0.465401,False,0.466011
shipped,600,168,0.4,False,,,,,,,0.459069
shipped,600,168,0.5,False,,,,,,,0.459069
shipped,600,168,0.55,True,0.55,0.9859,0.459069,False,0.458227,False,0.459069
shipped,600,168,0.6,True,0.55,0.9859,0.459069,False,0.458227,False,0.459069
positives,600,168,0.4,False,,,,,,,0.458227
positives,600,168,0.5,True,0.55,0.9859,0.458227,False,0.459069,False,0.458227
positives,600,168,0.55,True,0.55,0.9859,0.458227,False,0.459069,False,0.458227
positives,600,168,0.6,True,0.55,0.9859,0.458227,False,0.459069,False,0.458227
shipped,600,169,0.4,False,,,,,,,0.434848
shipped,600,169,0.5,False,,,,,,,0.434848
shipped,600,169,0.55,True,0.55,0.9843,0.434848,False,0.435747,False,0.434848
shipped,600,169,0.6,True,0.55,0.9843,0.434848,False,0.435747,False,0.434848
positives,600,169,0.4,False,,,,,,,0.435747
positives,600,169,0.5,True,0.55,0.9843,0.435747,False,0.434848,False,0.435747
positives,600,169,0.55,True,0.55,0.9843,0.435747,False,0.434848,False,0.435747
positives,600,169,0.6,True,0.55,0.9843,0.435747,False,0.434848,False,0.435747
shipped,600,170,0.4,False,,,,,,,0.444517
shipped,600,170,0.5,False,,,,,,,0.444517
shipped,600,170,0.55,True,0.55,0.9847,0.444517,False,0.445544,False,0.444517
shipped,600,170,0.6,True,0.55,0.9847,0.444517,False,0.445544,False,0.444517
positives,600,170,0.4,False,,,,,,,0.445544
positives,600,170,0.5,True,0.55,0.9847,0.445544,False,0.444517,False,0.445544
positives,600,170,0.55,True,0.55,0.9847,0.445544,False,0.444517,False,0.445544
positives,600,170,0.6,True,0.55,0.9847,0.445544,False,0.444517,False,0.445544
shipped,600,171,0.4,False,,,,,,,0.441397
shipped,600,171,0.5,False,,,,,,,0.441397
shipped,600,171,0.55,True,0.55,0.9858,0.441397,False,0.441786,False,0.441397
shipped,600,171,0.6,True,0.55,0.9858,0.441397,False,0.441786,False,0.441397
positives,600,171,0.4,False,,,,,,,0.441786
positives,600,171,0.5,True,0.55,0.9858,0.441786,False,0.441397,False,0.441786
positives,600,171,0.55,True,0.55,0.9858,0.441786,False,0.441397,False,0.441786
positives,600,171,0.6,True,0.55,0.9858,0.441786,False,0.441397,False,0.441786
shipped,600,172,0.4,False,,,,,,,0.453608
shipped,600,172,0.5,False,,,,,,,0.453608
shipped,600,172,0.55,True,0.55,0.985,0.453608,False,0.453385,False,0.453608
shipped,600,172,0.6,True,0.55,0.985,0.453608,False,0.453385,False,0.453608
positives,600,172,0.4,False,,,,,,,0.453385
positives,600,172,0.5,True,0.55,0.985,0.453385,False,0.453608,False,0.453385
positives,600,172,0.55,True,0.55,0.985,0.453385,False,0.453608,False,0.453385
positives,600,172,0.6,True,0.55,0.985,0.453385,False,0.453608,False,0.453385
shipped,600,173,0.4,False,,,,,,,0.458886
shipped,600,173,0.5,False,,,,,,,0.458886
shipped,600,173,0.55,True,0.55,0.984,0.458886,False,0.453264,False,0.458886
shipped,600,173,0.6,True,0.55,0.984,0.458886,False,0.453264,False,0.458886
positives,600,173,0.4,False,,,,,,,0.453264
positives,600,173,0.5,True,0.55,0.984,0.453264,False,0.458886,False,0.453264
positives,600,173,0.55,True,0.55,0.984,0.453264,False,0.458886,False,0.453264
positives,600,173,0.6,True,0.55,0.984,0.453264,False,0.458886,False,0.453264
shipped,600,174,0.4,False,,,,,,,0.442611
shipped,600,174,0.5,False,,,,,,,0.442611
shipped,600,174,0.55,True,0.55,0.985,0.442611,False,0.439702,False,0.442611
shipped,600,174,0.6,True,0.55,0.985,0.442611,False,0.439702,False,0.442611
positives,600,174,0.4,False,,,,,,,0.439702
positives,600,174,0.5,True,0.55,0.985,0.439702,False,0.442611,False,0.439702
positives,600,174,0.55,True,0.55,0.985,0.439702,False,0.442611,False,0.439702
positives,600,174,0.6,True,0.55,0.985,0.439702,False,0.442611,False,0.439702
shipped,600,175,0.4,False,,,,,,,0.446268
shipped,600,175,0.5,False,,,,,,,0.446268
shipped,600,175,0.55,True,0.55,0.9849,0.446268,False,0.445379,False,0.446268
shipped,600,175,0.6,True,0.55,0.9849,0.446268,False,0.445379,False,0.446268
positives,600,175,0.4,False,,,,,,,0.445379
positives,600,175,0.5,True,0.55,0.9849,0.445379,False,0.446268,False,0.445379
positives,600,175,0.55,True,0.55,0.9849,0.445379,False,0.446268,False,0.445379
positives,600,175,0.6,True,0.55,0.9849,0.445379,False,0.446268,False,0.445379
shipped,600,176,0.4,False,,,,,,,0.449009
shipped,600,176,0.5,False,,,,,,,0.449009
shipped,600,176,0.55,True,0.55,0.9844,0.449009,False,0.447322,False,0.449009
shipped,600,176,0.6,True,0.55,0.9844,0.449009,False,0.447322,False,0.449009
positives,600,176,0.4,False,,,,,,,0.447322
positives,600,176,0.5,True,0.55,0.9844,0.447322,False,0.449009,False,0.447322
positives,600,176,0.55,True,0.55,0.9844,0.447322,False,0.449009,False,0.447322
positives,600,176,0.6,True,0.55,0.9844,0.447322,False,0.449009,False,0.447322
shipped,600,177,0.4,False,,,,,,,0.447279
shipped,600,177,0.5,False,,,,,,,0.447279
shipped,600,177,0.55,True,0.55,0.9851,0.447279,False,0.445424,False,0.447279
shipped,600,177,0.6,True,0.55,0.9851,0.447279,False,0.445424,False,0.447279
positives,600,177,0.4,False,,,,,,,0.445424
positives,600,177,0.5,True,0.55,0.9851,0.445424,False,0.447279,False,0.445424
positives,600,177,0.55,True,0.55,0.9851,0.445424,False,0.447279,False,0.445424
positives,600,177,0.6,True,0.55,0.9851,0.445424,False,0.447279,False,0.445424
shipped,600,178,0.4,False,,,,,,,0.424697
shipped,600,178,0.5,False,,,,,,,0.424697
shipped,600,178,0.55,True,0.55,0.9841,0.424697,False,0.421705,False,0.424697
shipped,600,178,0.6,True,0.55,0.9841,0.424697,False,0.421705,False,0.424697
positives,600,178,0.4,False,,,,,,,0.421705
positives,600,178,0.5,True,0.55,0.9841,0.421705,False,0.424697,False,0.421705
positives,600,178,0.55,True,0.55,0.9841,0.421705,False,0.424697,False,0.421705
positives,600,178,0.6,True,0.55,0.9841,0.421705,False,0.424697,False,0.421705
shipped,600,179,0.4,False,,,,,,,0.437466
shipped,600,179,0.5,False,,,,,,,0.437466
shipped,600,179,0.55,True,0.55,0.985,0.437466,False,0.440455,False,0.437466
shipped,600,179,0.6,True,0.55,0.985,0.437466,False,0.440455,False,0.437466
positives,600,179,0.4,False,,,,,,,0.440455
positives,600,179,0.5,True,0.55,0.985,0.440455,False,0.437466,False,0.440455
positives,600,179,0.55,True,0.55,0.985,0.440455,False,0.437466,False,0.440455
positives,600,179,0.6,True,0.55,0.985,0.440455,False,0.437466,False,0.440455
shipped,600,180,0.4,False,,,,,,,0.447542
shipped,600,180,0.5,False,,,,,,,0.447542
shipped,600,180,0.55,True,0.55,0.985,0.447542,False,0.452507,False,0.447542
shipped,600,180,0.6,True,0.55,0.985,0.447542,False,0.452507,False,0.447542
positives,600,180,0.4,False,,,,,,,0.452507
positives,600,180,0.5,True,0.55,0.985,0.452507,False,0.447542,False,0.452507
positives,600,180,0.55,True,0.55,0.985,0.452507,False,0.447542,False,0.452507
positives,600,180,0.6,True,0.55,0.985,0.452507,False,0.447542,False,0.452507
shipped,600,181,0.4,False,,,,,,,0.454945
shipped,600,181,0.5,False,,,,,,,0.454945
shipped,600,181,0.55,True,0.55,0.9853,0.454945,False,0.453521,False,0.454945
shipped,600,181,0.6,True,0.55,0.9853,0.454945,False,0.453521,False,0.454945
positives,600,181,0.4,False,,,,,,,0.453521
positives,600,181,0.5,True,0.55,0.9853,0.453521,False,0.454945,False,0.453521
positives,600,181,0.55,True,0.55,0.9853,0.453521,False,0.454945,False,0.453521
positives,600,181,0.6,True,0.55,0.9853,0.453521,False,0.454945,False,0.453521
shipped,600,182,0.4,False,,,,,,,0.442105
shipped,600,182,0.5,False,,,,,,,0.442105
shipped,600,182,0.55,True,0.55,0.9844,0.442105,False,0.442408,False,0.442105
shipped,600,182,0.6,True,0.55,0.9844,0.442105,False,0.442408,False,0.442105
positives,600,182,0.4,False,,,,,,,0.442408
positives,600,182,0.5,True,0.55,0.9844,0.442408,False,0.442105,False,0.442408
positives,600,182,0.55,True,0.55,0.9844,0.442408,False,0.442105,False,0.442408
positives,600,182,0.6,True,0.55,0.9844,0.442408,False,0.442105,False,0.442408
shipped,600,183,0.4,False,,,,,,,0.463995
shipped,600,183,0.5,False,,,,,,,0.463995
shipped,600,183,0.55,True,0.55,0.9858,0.463995,False,0.462932,False,0.463995
shipped,600,183,0.6,True,0.55,0.9858,0.463995,False,0.462932,False,0.463995
positives,600,183,0.4,False,,,,,,,0.462932
positives,600,183,0.5,True,0.55,0.9858,0.462932,False,0.463995,False,0.462932
positives,600,183,0.55,True,0.55,0.9858,0.462932,False,0.463995,False,0.462932
positives,600,183,0.6,True,0.55,0.9858,0.462932,False,0.463995,False,0.462932
shipped,600,184,0.4,False,,,,,,,0.44722
shipped,600,184,0.5,False,,,,,,,0.44722
shipped,600,184,0.55,True,0.55,0.9844,0.44722,False,0.452075,False,0.44722
shipped,600,184,0.6,True,0.55,0.9844,0.44722,False,0.452075,False,0.44722
positives,600,184,0.4,False,,,,,,,0.452075
positives,600,184,0.5,True,0.55,0.9844,0.452075,False,0.44722,False,0.452075
positives,600,184,0.55,True,0.55,0.9844,0.452075,False,0.44722,False,0.452075
positives,600,184,0.6,True,0.55,0.9844,0.452075,False,0.44722,False,0.452075
shipped,600,185,0.4,False,,,,,,,0.453065
shipped,600,185,0.5,False,,,,,,,0.453065
shipped,600,185,0.55,True,0.55,0.9855,0.453065,False,0.456447,False,0.453065
shipped,600,185,0.6,True,0.55,0.9855,0.453065,False,0.456447,False,0.453065
positives,600,185,0.4,False,,,,,,,0.456447
positives,600,185,0.5,True,0.55,0.9855,0.456447,False,0.453065,False,0.456447
positives,600,185,0.55,True,0.55,0.9855,0.456447,False,0.453065,False,0.456447
positives,600,185,0.6,True,0.55,0.9855,0.456447,False,0.453065,False,0.456447
shipped,600,186,0.4,False,,,,,,,0.4412
shipped,600,186,0.5,False,,,,,,,0.4412
shipped,600,186,0.55,True,0.55,0.9848,0.4412,False,0.44333,False,0.4412
shipped,600,186,0.6,True,0.55,0.9848,0.4412,False,0.44333,False,0.4412
positives,600,186,0.4,False,,,,,,,0.44333
positives,600,186,0.5,True,0.55,0.9848,0.44333,False,0.4412,False,0.44333
positives,600,186,0.55,True,0.55,0.9848,0.44333,False,0.4412,False,0.44333
positives,600,186,0.6,True,0.55,0.9848,0.44333,False,0.4412,False,0.44333
shipped,600,187,0.4,False,,,,,,,0.450229
shipped,600,187,0.5,False,,,,,,,0.450229
shipped,600,187,0.55,True,0.55,0.9856,0.450229,False,0.45109,False,0.450229
shipped,600,187,0.6,True,0.55,0.9856,0.450229,False,0.45109,False,0.450229
positives,600,187,0.4,False,,,,,,,0.45109
positives,600,187,0.5,True,0.55,0.9856,0.45109,False,0.450229,False,0.45109
positives,600,187,0.55,True,0.55,0.9856,0.45109,False,0.450229,False,0.45109
positives,600,187,0.6,True,0.55,0.9856,0.45109,False,0.450229,False,0.45109
shipped,600,188,0.4,False,,,,,,,0.441623
shipped,600,188,0.5,False,,,,,,,0.441623
shipped,600,188,0.55,True,0.55,0.9847,0.441623,False,0.442572,False,0.441623
shipped,600,188,0.6,True,0.55,0.9847,0.441623,False,0.442572,False,0.441623
positives,600,188,0.4,False,,,,,,,0.442572
positives,600,188,0.5,True,0.55,0.9847,0.442572,False,0.441623,False,0.442572
positives,600,188,0.55,True,0.55,0.9847,0.442572,False,0.441623,False,0.442572
positives,600,188,0.6,True,0.55,0.9847,0.442572,False,0.441623,False,0.442572
shipped,600,189,0.4,False,,,,,,,0.460818
shipped,600,189,0.5,False,,,,,,,0.460818
shipped,600,189,0.55,True,0.55,0.9854,0.460818,False,0.465132,False,0.460818
shipped,600,189,0.6,True,0.55,0.9854,0.460818,False,0.465132,False,0.460818
positives,600,189,0.4,False,,,,,,,0.465132
positives,600,189,0.5,True,0.55,0.9854,0.465132,False,0.460818,False,0.465132
positives,600,189,0.55,True,0.55,0.9854,0.465132,False,0.460818,False,0.465132
positives,600,189,0.6,True,0.55,0.9854,0.465132,False,0.460818,False,0.465132
shipped,600,190,0.4,False,,,,,,,0.423353
shipped,600,190,0.5,False,,,,,,,0.423353
shipped,600,190,0.55,True,0.55,0.9839,0.423353,False,0.422205,False,0.423353
shipped,600,190,0.6,True,0.55,0.9839,0.423353,False,0.422205,False,0.423353
positives,600,190,0.4,True,0.89,0.8106,0.375925,False,0.374488,False,0.422205
positives,600,190,0.5,True,0.55,0.9839,0.422205,False,0.423353,False,0.422205
positives,600,190,0.55,True,0.55,0.9839,0.422205,False,0.423353,False,0.422205
positives,600,190,0.6,True,0.55,0.9839,0.422205,False,0.423353,False,0.422205
shipped,600,191,0.4,False,,,,,,,0.455503
shipped,600,191,0.5,False,,,,,,,0.455503
shipped,600,191,0.55,True,0.55,0.985,0.455503,False,0.456383,False,0.455503
shipped,600,191,0.6,True,0.55,0.985,0.455503,False,0.456383,False,0.455503
positives,600,191,0.4,False,,,,,,,0.456383
positives,600,191,0.5,True,0.55,0.985,0.456383,False,0.455503,False,0.456383
positives,600,191,0.55,True,0.55,0.985,0.456383,False,0.455503,False,0.456383
positives,600,191,0.6,True,0.55,0.985,0.456383,False,0.455503,False,0.456383
shipped,600,192,0.4,False,,,,,,,0.443959
shipped,600,192,0.5,False,,,,,,,0.443959
shipped,600,192,0.55,True,0.55,0.9839,0.443959,False,0.443918,False,0.443959
shipped,600,192,0.6,True,0.55,0.9839,0.443959,False,0.443918,False,0.443959
positives,600,192,0.4,False,,,,,,,0.443918
positives,600,192,0.5,True,0.55,0.9839,0.443918,False,0.443959,False,0.443918
positives,600,192,0.55,True,0.55,0.9839,0.443918,False,0.443959,False,0.443918
positives,600,192,0.6,True,0.55,0.9839,0.443918,False,0.443959,False,0.443918
shipped,600,193,0.4,False,,,,,,,0.439776
shipped,600,193,0.5,False,,,,,,,0.439776
shipped,600,193,0.55,True,0.55,0.9851,0.439776,False,0.433384,False,0.439776
shipped,600,193,0.6,True,0.55,0.9851,0.439776,False,0.433384,False,0.439776
positives,600,193,0.4,False,,,,,,,0.433384
positives,600,193,0.5,True,0.55,0.9851,0.433384,False,0.439776,False,0.433384
positives,600,193,0.55,True,0.55,0.9851,0.433384,False,0.439776,False,0.433384
positives,600,193,0.6,True,0.55,0.9851,0.433384,False,0.439776,False,0.433384
shipped,600,194,0.4,False,,,,,,,0.426648
shipped,600,194,0.5,False,,,,,,,0.426648
shipped,600,194,0.55,True,0.55,0.9846,0.426648,False,0.430328,False,0.426648
shipped,600,194,0.6,True,0.55,0.9846,0.426648,False,0.430328,False,0.426648
positives,600,194,0.4,False,,,,,,,0.430328
positives,600,194,0.5,True,0.55,0.9846,0.430328,False,0.426648,False,0.430328
positives,600,194,0.55,True,0.55,0.9846,0.430328,False,0.426648,False,0.430328
positives,600,194,0.6,True,0.55,0.9846,0.430328,False,0.426648,False,0.430328
shipped,600,195,0.4,False,,,,,,,0.448364
shipped,600,195,0.5,False,,,,,,,0.448364
shipped,600,195,0.55,True,0.55,0.9843,0.448364,False,0.44682,False,0.448364
shipped,600,195,0.6,True,0.55,0.9843,0.448364,False,0.44682,False,0.448364
positives,600,195,0.4,False,,,,,,,0.44682
positives,600,195,0.5,True,0.55,0.9843,0.44682,False,0.448364,False,0.44682
positives,600,195,0.55,True,0.55,0.9843,0.44682,False,0.448364,False,0.44682
positives,600,195,0.6,True,0.55,0.9843,0.44682,False,0.448364,False,0.44682
shipped,600,196,0.4,False,,,,,,,0.442737
shipped,600,196,0.5,False,,,,,,,0.442737
shipped,600,196,0.55,True,0.55,0.9849,0.442737,False,0.445535,False,0.442737
shipped,600,196,0.6,True,0.55,0.9849,0.442737,False,0.445535,False,0.442737
positives,600,196,0.4,False,,,,,,,0.445535
positives,600,196,0.5,True,0.55,0.9849,0.445535,False,0.442737,False,0.445535
positives,600,196,0.55,True,0.55,0.9849,0.445535,False,0.442737,False,0.445535
positives,600,196,0.6,True,0.55,0.9849,0.445535,False,0.442737,False,0.445535
shipped,600,197,0.4,False,,,,,,,0.442354
shipped,600,197,0.5,False,,,,,,,0.442354
shipped,600,197,0.55,True,0.55,0.9839,0.442354,False,0.442495,False,0.442354
shipped,600,197,0.6,True,0.55,0.9839,0.442354,False,0.442495,False,0.442354
positives,600,197,0.4,False,,,,,,,0.442495
positives,600,197,0.5,True,0.55,0.9839,0.442495,False,0.442354,False,0.442495
positives,600,197,0.55,True,0.55,0.9839,0.442495,False,0.442354,False,0.442495
positives,600,197,0.6,True,0.55,0.9839,0.442495,False,0.442354,False,0.442495
shipped,600,198,0.4,False,,,,,,,0.43266
shipped,600,198,0.5,False,,,,,,,0.43266
shipped,600,198,0.55,True,0.55,0.9849,0.43266,False,0.436451,False,0.43266
shipped,600,198,0.6,True,0.55,0.9849,0.43266,False,0.436451,False,0.43266
positives,600,198,0.4,False,,,,,,,0.436451
positives,600,198,0.5,True,0.55,0.9849,0.436451,False,0.43266,False,0.436451
positives,600,198,0.55,True,0.55,0.9849,0.436451,False,0.43266,False,0.436451
positives,600,198,0.6,True,0.55,0.9849,0.436451,False,0.43266,False,0.436451
shipped,600,199,0.4,False,,,,,,,0.457272
shipped,600,199,0.5,False,,,,,,,0.457272
shipped,600,199,0.55,True,0.55,0.985,0.457272,False,0.455259,False,0.457272
shipped,600,199,0.6,True,0.55,0.985,0.457272,False,0.455259,False,0.457272
positives,600,199,0.4,False,,,,,,,0.455259
positives,600,199,0.5,True,0.55,0.985,0.455259,False,0.457272,False,0.455259
positives,600,199,0.55,True,0.55,0.985,0.455259,False,0.457272,False,0.455259
positives,600,199,0.6,True,0.55,0.985,0.455259,False,0.457272,False,0.455259
