draw,alpha,mode,target_base,certified,tau,coverage,n_answered,answered_err_rate,hard,exceed,rm_fresh,rm_exceed,decline_reason,deploy_mode,bbse_reason,bbse_rho_lo,bbse_rho_hi,bbse_gap_lo,bbse_q_target
0,0.05,baseline,0.22,False,,0.0,0,nan,False,False,,,"{""baseline"": ""failsafe""}",,,,,,
0,0.05,bbse,0.22,False,,0.0,0,nan,False,False,,,"{""bbse"": ""failsafe""}",,failsafe,0.5662678312584011,4.2258679617054575,0.4585196253646384,0.09129511677282377
0,0.1,baseline,0.22,True,0.5700000000000001,0.9628450106157113,907,0.09151047409040794,False,False,0.115977,True,,baseline,,,,,
0,0.1,bbse,0.22,False,,0.0,0,nan,False,False,,,"{""bbse"": ""failsafe""}",,failsafe,0.5662678312584011,4.2258679617054575,0.4585196253646384,0.09129511677282377
1,0.05,baseline,0.22,False,,0.0,0,nan,False,False,,,"{""baseline"": ""failsafe""}",,,,,,
1,0.05,bbse,0.22,False,,0.0,0,nan,False,False,,,"{""bbse"": ""failsafe""}",,failsafe,1.1289441805190454,8.67304213681636,0.48324506625189245,0.14909090909090908
1,0.1,baseline,0.22,True,0.55,0.9745454545454545,268,0.11567164179104478,False,True,0.108901,True,,baseline,,,,,
1,0.1,bbse,0.22,False,,0.0,0,nan,False,False,,,"{""bbse"": ""failsafe""}",,failsafe,1.1289441805190454,8.67304213681636,0.48324506625189245,0.14909090909090908
2,0.05,baseline,0.22,False,,0.0,0,nan,False,False,,,"{""baseline"": ""failsafe""}",,,,,,
2,0.05,bbse,0.22,False,,0.0,0,nan,False,False,,,"{""bbse"": ""failsafe""}",,failsafe,1.7322871219406772,17.607628432747443,0.4746993721566801,0.19796954314720813
2,0.1,baseline,0.22,True,0.55,0.9695431472081218,191,0.17801047120418848,True,True,0.117147,True,,baseline,,,,,
2,0.1,bbse,0.22,False,,0.0,0,nan,False,False,,,"{""bbse"": ""failsafe""}",,failsafe,1.7322871219406772,17.607628432747443,0.4746993721566801,0.19796954314720813
3,0.05,baseline,0.22,False,,0.0,0,nan,False,False,,,"{""baseline"": ""failsafe""}",,,,,,
3,0.05,bbse,0.22,False,,0.0,0,nan,False,False,,,"{""bbse"": ""failsafe""}",,failsafe,0.6113120861821311,4.274009462425222,0.49295280197548097,0.10594795539033457
3,0.1,baseline,0.22,True,0.55,0.9851301115241635,530,0.08679245283018867,False,False,0.110041,True,,baseline,,,,,
3,0.1,bbse,0.22,False,,0.0,0,nan,False,False,,,"{""bbse"": ""failsafe""}",,failsafe,0.6113120861821311,4.274009462425222,0.49295280197548097,0.10594795539033457
4,0.05,baseline,0.22,False,,0.0,0,nan,False,False,,,"{""baseline"": ""failsafe""}",,,,,,
4,0.05,bbse,0.22,False,,0.0,0,nan,False,False,,,"{""bbse"": ""failsafe""}",,failsafe,1.0317583965529757,66.74462041788945,0.5167463141015323,0.25
4,0.1,baseline,0.22,True,0.55,0.9772727272727273,43,0.13953488372093023,False,True,0.109668,True,,baseline,,,,,
4,0.1,bbse,0.22,False,,0.0,0,nan,False,False,,,"{""bbse"": ""failsafe""}",,failsafe,1.0317583965529757,66.74462041788945,0.5167463141015323,0.25
5,0.05,baseline,0.22,False,,0.0,0,nan,False,False,,,"{""baseline"": ""failsafe""}",,,,,,
5,0.05,bbse,0.22,False,,0.0,0,nan,False,False,,,"{""bbse"": ""failsafe""}",,failsafe,0.3846415603816911,25.571794862214116,0.5154330700140629,0.18604651162790697
5,0.1,baseline,0.22,True,0.5900000000000001,0.9069767441860465,39,0.10256410256410256,False,True,0.095327,False,,baseline,,,,,
5,0.1,bbse,0.22,False,,0.0,0,nan,False,False,,,"{""bbse"": ""failsafe""}",,failsafe,0.3846415603816911,25.571794862214116,0.5154330700140629,0.18604651162790697
6,0.05,baseline,0.22,False,,0.0,0,nan,False,False,,,"{""baseline"": ""failsafe""}",,,,,,
6,0.05,bbse,0.22,False,,0.0,0,nan,False,False,,,"{""bbse"": ""failsafe""}",,failsafe,0.5974585074822291,2.4033918599787407,0.48893703130883664,0.0939161252215003
6,0.1,baseline,0.22,True,0.55,0.9840519787359716,1666,0.06362545018007203,False,False,0.108153,True,,baseline,,,,,
6,0.1,bbse,0.22,False,,0.0,0,nan,False,False,,,"{""bbse"": ""failsafe""}",,failsafe,0.5974585074822291,2.4033918599787407,0.48893703130883664,0.0939161252215003
7,0.05,baseline,0.22,False,,0.0,0,nan,False,False,,,"{""baseline"": ""failsafe""}",,,,,,
7,0.05,bbse,0.22,False,,0.0,0,nan,False,False,,,"{""bbse"": ""failsafe""}",,failsafe,0.9591707925134345,4.042267476011306,0.5027177526347062,0.12916111850865514
7,0.1,baseline,0.22,True,0.55,0.9773635153129161,734,0.09536784741144415,False,False,0.104544,True,,baseline,,,,,
7,0.1,bbse,0.22,False,,0.0,0,nan,False,False,,,"{""bbse"": ""failsafe""}",,failsafe,0.9591707925134345,4.042267476011306,0.5027177526347062,0.12916111850865514
8,0.05,baseline,0.22,False,,0.0,0,nan,False,False,,,"{""baseline"": ""failsafe""}",,,,,,
8,0.05,bbse,0.22,False,,0.0,0,nan,False,False,,,"{""bbse"": ""failsafe""}",,failsafe,0.3770093344511013,4.395997227457016,0.47215552683319134,0.07666666666666666
8,0.1,baseline,0.22,True,0.61,0.9733333333333334,292,0.0684931506849315,False,False,0.110547,True,,baseline,,,,,
8,0.1,bbse,0.22,False,,0.0,0,nan,False,False,,,"{""bbse"": ""failsafe""}",,failsafe,0.3770093344511013,4.395997227457016,0.47215552683319134,0.07666666666666666
9,0.05,baseline,0.22,False,,0.0,0,nan,False,False,,,"{""baseline"": ""failsafe""}",,,,,,
9,0.05,bbse,0.22,False,,0.0,0,nan,False,False,,,"{""bbse"": ""failsafe""}",,failsafe,0.0006001121690703753,34.75421699761458,0.4761482082464624,0.12903225806451613
9,0.1,baseline,0.22,True,0.55,0.967741935483871,30,0.2,True,True,0.113334,True,,baseline,,,,,
9,0.1,bbse,0.22,False,,0.0,0,nan,False,False,,,"{""bbse"": ""failsafe""}",,failsafe,0.0006001121690703753,34.75421699761458,0.4761482082464624,0.12903225806451613
10,0.05,baseline,0.22,False,,0.0,0,nan,False,False,,,"{""baseline"": ""failsafe""}",,,,,,
10,0.05,bbse,0.22,False,,0.0,0,nan,False,False,,,"{""bbse"": ""failsafe""}",,failsafe,0.6618867581436638,60.27580169287978,0.49644824730116627,0.21428571428571427
10,0.1,baseline,0.22,True,0.55,0.9523809523809523,40,0.2,True,True,0.106142,True,,baseline,,,,,
10,0.1,bbse,0.22,False,,0.0,0,nan,False,False,,,"{""bbse"": ""failsafe""}",,failsafe,0.6618867581436638,60.27580169287978,0.49644824730116627,0.21428571428571427
11,0.05,baseline,0.22,False,,0.0,0,nan,False,False,,,"{""baseline"": ""failsafe""}",,,,,,
11,0.05,bbse,0.22,False,,0.0,0,nan,False,False,,,"{""bbse"": ""failsafe""}",,failsafe,1.0259832558666946,4.464802691594779,0.4930054056556426,0.1364256480218281
11,0.1,baseline,0.22,True,0.5700000000000001,0.9631650750341064,706,0.10623229461756374,False,True,0.107722,True,,baseline,,,,,
11,0.1,bbse,0.22,False,,0.0,0,nan,False,False,,,"{""bbse"": ""failsafe""}",,failsafe,1.0259832558666946,4.464802691594779,0.4930054056556426,0.1364256480218281
12,0.05,baseline,0.22,False,,0.0,0,nan,False,False,,,"{""baseline"": ""failsafe""}",,,,,,
12,0.05,bbse,0.22,False,,0.0,0,nan,False,False,,,"{""bbse"": ""failsafe""}",,failsafe,1.5301320755031795,4.008916969930782,0.4826379032432949,0.1313545942532365
12,0.1,baseline,0.22,True,0.55,0.9769497947584465,3094,0.0982546864899806,False,False,0.114369,True,,baseline,,,,,
12,0.1,bbse,0.22,False,,0.0,0,nan,False,False,,,"{""bbse"": ""failsafe""}",,failsafe,1.5301320755031795,4.008916969930782,0.4826379032432949,0.1313545942532365
13,0.05,baseline,0.22,False,,0.0,0,nan,False,False,,,"{""baseline"": ""failsafe""}",,,,,,
13,0.05,bbse,0.22,False,,0.0,0,nan,False,False,,,"{""bbse"": ""failsafe""}",,failsafe,2.708362502502058,10.603810693894744,0.5156973506017019,0.20799347471451876
13,0.1,baseline,0.22,True,0.55,0.968189233278956,1187,0.15838247683235046,True,True,0.105314,True,,baseline,,,,,
13,0.1,bbse,0.22,False,,0.0,0,nan,False,False,,,"{""bbse"": ""failsafe""}",,failsafe,2.708362502502058,10.603810693894744,0.5156973506017019,0.20799347471451876
14,0.05,baseline,0.22,False,,0.0,0,nan,False,False,,,"{""baseline"": ""failsafe""}",,,,,,
14,0.05,bbse,0.22,False,,0.0,0,nan,False,False,,,"{""bbse"": ""failsafe""}",,failsafe,0.07987120597126549,13.409011804456973,0.49745740785314535,0.12
14,0.1,baseline,0.22,True,0.55,0.94,47,0.14893617021276595,False,True,0.104386,True,,baseline,,,,,
14,0.1,bbse,0.22,False,,0.0,0,nan,False,False,,,"{""bbse"": ""failsafe""}",,failsafe,0.07987120597126549,13.409011804456973,0.49745740785314535,0.12
15,0.05,baseline,0.22,False,,0.0,0,nan,False,False,,,"{""baseline"": ""failsafe""}",,,,,,
15,0.05,bbse,0.22,False,,0.0,0,nan,False,False,,,"{""bbse"": ""failsafe""}",,failsafe,1.8868283390235026,15.871940458631247,0.5131154791216344,0.2517985611510791
15,0.1,baseline,0.22,True,0.55,0.9676258992805755,269,0.22304832713754646,True,True,0.114245,True,,baseline,,,,,
15,0.1,bbse,0.22,False,,0.0,0,nan,False,False,,,"{""bbse"": ""failsafe""}",,failsafe,1.8868283390235026,15.871940458631247,0.5131154791216344,0.2517985611510791
16,0.05,baseline,0.22,False,,0.0,0,nan,False,False,,,"{""baseline"": ""failsafe""}",,,,,,
16,0.05,bbse,0.22,False,,0.0,0,nan,False,False,,,"{""bbse"": ""failsafe""}",,failsafe,2.311987960291659,24.78604292841666,0.5038414706015372,0.26282051282051283
16,0.1,baseline,0.22,True,0.55,0.9743589743589743,152,0.21052631578947367,True,True,0.110088,True,,baseline,,,,,
16,0.1,bbse,0.22,False,,0.0,0,nan,False,False,,,"{""bbse"": ""failsafe""}",,failsafe,2.311987960291659,24.78604292841666,0.5038414706015372,0.26282051282051283
17,0.05,baseline,0.22,False,,0.0,0,nan,False,False,,,"{""baseline"": ""failsafe""}",,,,,,
17,0.05,bbse,0.22,False,,0.0,0,nan,False,False,,,"{""bbse"": ""failsafe""}",,failsafe,1.0955804555134823,7.182133078659131,0.471068998125876,0.13917525773195877
17,0.1,baseline,0.22,True,0.55,0.9819587628865979,381,0.09448818897637795,False,False,0.117806,True,,baseline,,,,,
17,0.1,bbse,0.22,False,,0.0,0,nan,False,False,,,"{""bbse"": ""failsafe""}",,failsafe,1.0955804555134823,7.182133078659131,0.471068998125876,0.13917525773195877
18,0.05,baseline,0.22,False,,0.0,0,nan,False,False,,,"{""baseline"": ""failsafe""}",,,,,,
18,0.05,bbse,0.22,False,,0.0,0,nan,False,False,,,"{""bbse"": ""failsafe""}",,failsafe,0.5870278601097743,5.717943791470136,0.48016256558751086,0.10431654676258993
18,0.1,baseline,0.22,True,0.55,0.9820143884892086,273,0.11721611721611722,False,True,0.112957,True,,baseline,,,,,
18,0.1,bbse,0.22,False,,0.0,0,nan,False,False,,,"{""bbse"": ""failsafe""}",,failsafe,0.5870278601097743,5.717943791470136,0.48016256558751086,0.10431654676258993
19,0.05,baseline,0.22,False,,0.0,0,nan,False,False,,,"{""baseline"": ""failsafe""}",,,,,,
19,0.05,bbse,0.22,False,,0.0,0,nan,False,False,,,"{""bbse"": ""failsafe""}",,failsafe,0.4088135546700032,8.616330468126113,0.5042453240786766,0.12295081967213115
19,0.1,baseline,0.22,True,0.55,0.9262295081967213,113,0.07079646017699115,False,False,0.107273,True,,baseline,,,,,
19,0.1,bbse,0.22,False,,0.0,0,nan,False,False,,,"{""bbse"": ""failsafe""}",,failsafe,0.4088135546700032,8.616330468126113,0.5042453240786766,0.12295081967213115
20,0.05,baseline,0.22,False,,0.0,0,nan,False,False,,,"{""baseline"": ""failsafe""}",,,,,,
20,0.05,bbse,0.22,False,,0.0,0,nan,False,False,,,"{""bbse"": ""failsafe""}",,failsafe,0.6199266396573413,34.19498676194509,0.4970015565043122,0.1836734693877551
20,0.1,baseline,0.22,True,0.55,0.9795918367346939,48,0.10416666666666667,False,True,0.110194,True,,baseline,,,,,
20,0.1,bbse,0.22,False,,0.0,0,nan,False,False,,,"{""bbse"": ""failsafe""}",,failsafe,0.6199266396573413,34.19498676194509,0.4970015565043122,0.1836734693877551
21,0.05,baseline,0.22,False,,0.0,0,nan,False,False,,,"{""baseline"": ""failsafe""}",,,,,,
21,0.05,bbse,0.22,False,,0.0,0,nan,False,False,,,"{""bbse"": ""failsafe""}",,failsafe,1.5075897001883394,8.88257725037255,0.4868793846894417,0.15803108808290156
21,0.1,baseline,0.22,True,0.55,0.9844559585492227,380,0.08947368421052632,False,False,0.11534,True,,baseline,,,,,
21,0.1,bbse,0.22,False,,0.0,0,nan,False,False,,,"{""bbse"": ""failsafe""}",,failsafe,1.5075897001883394,8.88257725037255,0.4868793846894417,0.15803108808290156
22,0.05,baseline,0.22,False,,0.0,0,nan,False,False,,,"{""baseline"": ""failsafe""}",,,,,,
22,0.05,bbse,0.22,False,,0.0,0,nan,False,False,,,"{""bbse"": ""failsafe""}",,failsafe,2.3754488522551043,11.171390475456095,0.527055679644227,0.24358974358974358
22,0.1,baseline,0.22,True,0.55,0.9653846153846154,1506,0.17928286852589642,True,True,0.106116,True,,baseline,,,,,
22,0.1,bbse,0.22,False,,0.0,0,nan,False,False,,,"{""bbse"": ""failsafe""}",,failsafe,2.3754488522551043,11.171390475456095,0.527055679644227,0.24358974358974358
23,0.05,baseline,0.22,False,,0.0,0,nan,False,False,,,"{""baseline"": ""failsafe""}",,,,,,
23,0.05,bbse,0.22,False,,0.0,0,nan,False,False,,,"{""bbse"": ""failsafe""}",,failsafe,1.406252506896281,9.310763397600734,0.4922806512846686,0.165625
23,0.1,baseline,0.22,True,0.55,0.965625,309,0.13915857605177995,True,True,0.108829,True,,baseline,,,,,
23,0.1,bbse,0.22,False,,0.0,0,nan,False,False,,,"{""bbse"": ""failsafe""}",,failsafe,1.406252506896281,9.310763397600734,0.4922806512846686,0.165625
24,0.05,baseline,0.22,False,,0.0,0,nan,False,False,,,"{""baseline"": ""failsafe""}",,,,,,
24,0.05,bbse,0.22,False,,0.0,0,nan,False,False,,,"{""bbse"": ""failsafe""}",,failsafe,1.5763508162312494,5.2517670095363345,0.5009074554007009,0.1420590582601756
24,0.1,baseline,0.22,True,0.55,0.9816440542697525,1230,0.11788617886178862,True,True,0.109995,True,,baseline,,,,,
24,0.1,bbse,0.22,False,,0.0,0,nan,False,False,,,"{""bbse"": ""failsafe""}",,failsafe,1.5763508162312494,5.2517670095363345,0.5009074554007009,0.1420590582601756
25,0.05,baseline,0.22,False,,0.0,0,nan,False,False,,,"{""baseline"": ""failsafe""}",,,,,,
25,0.05,bbse,0.22,False,,0.0,0,nan,False,False,,,"{""bbse"": ""failsafe""}",,failsafe,1.1728323352714844,7.354344747626803,0.5015608327761243,0.15692307692307692
25,0.1,baseline,0.22,True,0.55,0.9661538461538461,314,0.1178343949044586,False,True,0.115642,True,,baseline,,,,,
25,0.1,bbse,0.22,False,,0.0,0,nan,False,False,,,"{""bbse"": ""failsafe""}",,failsafe,1.1728323352714844,7.354344747626803,0.5015608327761243,0.15692307692307692
26,0.05,baseline,0.22,False,,0.0,0,nan,False,False,,,"{""baseline"": ""failsafe""}",,,,,,
26,0.05,bbse,0.22,False,,0.0,0,nan,False,False,,,"{""bbse"": ""failsafe""}",,failsafe,0.27607234215545484,9.990212835656227,0.4801524383041804,0.1111111111111111
26,0.1,baseline,0.22,True,0.55,0.9753086419753086,79,0.17721518987341772,True,True,0.111689,True,,baseline,,,,,
26,0.1,bbse,0.22,False,,0.0,0,nan,False,False,,,"{""bbse"": ""failsafe""}",,failsafe,0.27607234215545484,9.990212835656227,0.4801524383041804,0.1111111111111111
27,0.05,baseline,0.22,False,,0.0,0,nan,False,False,,,"{""baseline"": ""failsafe""}",,,,,,
27,0.05,bbse,0.22,False,,0.0,0,nan,False,False,,,"{""bbse"": ""failsafe""}",,failsafe,0.27688468209416245,1.4140807201398293,0.4875490325019389,0.05429864253393665
27,0.1,baseline,0.22,True,0.55,0.9841628959276018,1305,0.05440613026819923,False,False,0.111862,True,,baseline,,,,,
27,0.1,bbse,0.22,False,,0.0,0,nan,False,False,,,"{""bbse"": ""failsafe""}",,failsafe,0.27688468209416245,1.4140807201398293,0.4875490325019389,0.05429864253393665
28,0.05,baseline,0.22,False,,0.0,0,nan,False,False,,,"{""baseline"": ""failsafe""}",,,,,,
28,0.05,bbse,0.22,False,,0.0,0,nan,False,False,,,"{""bbse"": ""failsafe""}",,failsafe,0.5832083532651805,3.0721052533258417,0.49589688416585087,0.09090909090909091
28,0.1,baseline,0.22,True,0.5700000000000001,0.9791666666666666,517,0.0735009671179884,False,False,0.113716,True,,baseline,,,,,
28,0.1,bbse,0.22,False,,0.0,0,nan,False,False,,,"{""bbse"": ""failsafe""}",,failsafe,0.5832083532651805,3.0721052533258417,0.49589688416585087,0.09090909090909091
29,0.05,baseline,0.22,False,,0.0,0,nan,False,False,,,"{""baseline"": ""failsafe""}",,,,,,
29,0.05,bbse,0.22,False,,0.0,0,nan,False,False,,,"{""bbse"": ""failsafe""}",,failsafe,1.8805804749338892,9.300724415687881,0.48272056222634613,0.17633928571428573
29,0.1,baseline,0.22,True,0.55,0.9732142857142857,436,0.13761467889908258,True,True,0.11148,True,,baseline,,,,,
29,0.1,bbse,0.22,False,,0.0,0,nan,False,False,,,"{""bbse"": ""failsafe""}",,failsafe,1.8805804749338892,9.300724415687881,0.48272056222634613,0.17633928571428573
30,0.05,baseline,0.22,False,,0.0,0,nan,False,False,,,"{""baseline"": ""failsafe""}",,,,,,
30,0.05,bbse,0.22,False,,0.0,0,nan,False,False,,,"{""bbse"": ""failsafe""}",,failsafe,0.969685655400236,8.031703613102602,0.49116700022501975,0.13970588235294118
30,0.1,baseline,0.22,True,0.5900000000000001,0.9705882352941176,264,0.11363636363636363,False,True,0.106886,True,,baseline,,,,,
30,0.1,bbse,0.22,False,,0.0,0,nan,False,False,,,"{""bbse"": ""failsafe""}",,failsafe,0.969685655400236,8.031703613102602,0.49116700022501975,0.13970588235294118
31,0.05,baseline,0.22,False,,0.0,0,nan,False,False,,,"{""baseline"": ""failsafe""}",,,,,,
31,0.05,bbse,0.22,False,,0.0,0,nan,False,False,,,"{""bbse"": ""bbse-misspecified""}",,bbse-misspecified,,,0.5264142422528992,0.06930693069306931
31,0.1,baseline,0.22,True,0.55,0.9603960396039604,97,0.15463917525773196,True,True,0.105773,True,,baseline,,,,,
31,0.1,bbse,0.22,False,,0.0,0,nan,False,False,,,"{""bbse"": ""bbse-misspecified""}",,bbse-misspecified,,,0.5264142422528992,0.06930693069306931
32,0.05,baseline,0.22,False,,0.0,0,nan,False,False,,,"{""baseline"": ""failsafe""}",,,,,,
32,0.05,bbse,0.22,False,,0.0,0,nan,False,False,,,"{""bbse"": ""bbse-misspecified""}",,bbse-misspecified,,,0.49022432426390944,0.07575757575757576
32,0.1,baseline,0.22,True,0.55,0.9696969696969697,64,0.0625,False,False,0.106103,True,,baseline,,,,,
32,0.1,bbse,0.22,False,,0.0,0,nan,False,False,,,"{""bbse"": ""bbse-misspecified""}",,bbse-misspecified,,,0.49022432426390944,0.07575757575757576
33,0.05,baseline,0.22,False,,0.0,0,nan,False,False,,,"{""baseline"": ""failsafe""}",,,,,,
33,0.05,bbse,0.22,False,,0.0,0,nan,False,False,,,"{""bbse"": ""failsafe""}",,failsafe,1.4758467793404155,5.824325155386343,0.485315017861857,0.13748378728923477
33,0.1,baseline,0.22,True,0.55,0.9779507133592736,754,0.09283819628647215,False,False,0.112495,True,,baseline,,,,,
33,0.1,bbse,0.22,False,,0.0,0,nan,False,False,,,"{""bbse"": ""failsafe""}",,failsafe,1.4758467793404155,5.824325155386343,0.485315017861857,0.13748378728923477
34,0.05,baseline,0.22,False,,0.0,0,nan,False,False,,,"{""baseline"": ""failsafe""}",,,,,,
34,0.05,bbse,0.22,False,,0.0,0,nan,False,False,,,"{""bbse"": ""failsafe""}",,failsafe,2.395854916244631,15.82061546065628,0.4975789662487867,0.20909090909090908
34,0.1,baseline,0.22,True,0.55,0.9515151515151515,314,0.17834394904458598,True,True,0.116696,True,,baseline,,,,,
34,0.1,bbse,0.22,False,,0.0,0,nan,False,False,,,"{""bbse"": ""failsafe""}",,failsafe,2.395854916244631,15.82061546065628,0.4975789662487867,0.20909090909090908
35,0.05,baseline,0.22,False,,0.0,0,nan,False,False,,,"{""baseline"": ""failsafe""}",,,,,,
35,0.05,bbse,0.22,False,,0.0,0,nan,False,False,,,"{""bbse"": ""failsafe""}",,failsafe,1.6919848223313354,6.017294283666799,0.4801517865249155,0.1404140414041404
35,0.1,baseline,0.22,True,0.55,0.9693969396939695,1077,0.11142061281337047,False,True,0.111744,True,,baseline,,,,,
35,0.1,bbse,0.22,False,,0.0,0,nan,False,False,,,"{""bbse"": ""failsafe""}",,failsafe,1.6919848223313354,6.017294283666799,0.4801517865249155,0.1404140414041404
36,0.05,baseline,0.22,False,,0.0,0,nan,False,False,,,"{""baseline"": ""failsafe""}",,,,,,
36,0.05,bbse,0.22,False,,0.0,0,nan,False,False,,,"{""bbse"": ""failsafe""}",,failsafe,0.81802923078901,20.78607618150664,0.4805655704656256,0.1724137931034483
36,0.1,baseline,0.22,True,0.55,0.9885057471264368,86,0.1511627906976744,False,True,0.109869,True,,baseline,,,,,
36,0.1,bbse,0.22,False,,0.0,0,nan,False,False,,,"{""bbse"": ""failsafe""}",,failsafe,0.81802923078901,20.78607618150664,0.4805655704656256,0.1724137931034483
37,0.05,baseline,0.22,False,,0.0,0,nan,False,False,,,"{""baseline"": ""failsafe""}",,,,,,
37,0.05,bbse,0.22,False,,0.0,0,nan,False,False,,,"{""bbse"": ""bbse-misspecified""}",,bbse-misspecified,,,0.5465964929187058,0.09803921568627451
37,0.1,baseline,0.22,True,0.55,0.9803921568627451,50,0.1,False,False,0.098762,False,,baseline,,,,,
37,0.1,bbse,0.22,False,,0.0,0,nan,False,False,,,"{""bbse"": ""bbse-misspecified""}",,bbse-misspecified,,,0.5465964929187058,0.09803921568627451
38,0.05,baseline,0.22,False,,0.0,0,nan,False,False,,,"{""baseline"": ""failsafe""}",,,,,,
38,0.05,bbse,0.22,False,,0.0,0,nan,False,False,,,"{""bbse"": ""failsafe""}",,failsafe,0.5346167057085338,3.0223340179154583,0.511070397645001,0.09179170344218888
38,0.1,baseline,0.22,True,0.55,0.9823477493380406,1113,0.07637017070979335,False,False,0.102606,True,,baseline,,,,,
38,0.1,bbse,0.22,False,,0.0,0,nan,False,False,,,"{""bbse"": ""failsafe""}",,failsafe,0.5346167057085338,3.0223340179154583,0.511070397645001,0.09179170344218888
39,0.05,baseline,0.22,False,,0.0,0,nan,False,False,,,"{""baseline"": ""failsafe""}",,,,,,
39,0.05,bbse,0.22,False,,0.0,0,nan,False,False,,,"{""bbse"": ""failsafe""}",,failsafe,1.6836451134954808,6.770653088089511,0.49765673170730274,0.1579778830963665
39,0.1,baseline,0.22,True,0.55,0.9652448657187994,611,0.19148936170212766,True,True,0.112848,True,,baseline,,,,,
39,0.1,bbse,0.22,False,,0.0,0,nan,False,False,,,"{""bbse"": ""failsafe""}",,failsafe,1.6836451134954808,6.770653088089511,0.49765673170730274,0.1579778830963665
40,0.05,baseline,0.22,False,,0.0,0,nan,False,False,,,"{""baseline"": ""failsafe""}",,,,,,
40,0.05,bbse,0.22,False,,0.0,0,nan,False,False,,,"{""bbse"": ""failsafe""}",,failsafe,0.3276142122764667,27.055267959875795,0.5317311487456523,0.16666666666666666
40,0.1,baseline,0.22,True,0.55,1.0,42,0.09523809523809523,False,False,0.10712,True,,baseline,,,,,
40,0.1,bbse,0.22,False,,0.0,0,nan,False,False,,,"{""bbse"": ""failsafe""}",,failsafe,0.3276142122764667,27.055267959875795,0.5317311487456523,0.16666666666666666
41,0.05,baseline,0.22,False,,0.0,0,nan,False,False,,,"{""baseline"": ""failsafe""}",,,,,,
41,0.05,bbse,0.22,False,,0.0,0,nan,False,False,,,"{""bbse"": ""failsafe""}",,failsafe,3.041583253202916,12.875478383044605,0.5265338115661834,0.23529411764705882
41,0.1,baseline,0.22,True,0.55,0.9621848739495799,458,0.16593886462882096,True,True,0.10781,True,,baseline,,,,,
41,0.1,bbse,0.22,False,,0.0,0,nan,False,False,,,"{""bbse"": ""failsafe""}",,failsafe,3.041583253202916,12.875478383044605,0.5265338115661834,0.23529411764705882
42,0.05,baseline,0.22,False,,0.0,0,nan,False,False,,,"{""baseline"": ""failsafe""}",,,,,,
42,0.05,bbse,0.22,False,,0.0,0,nan,False,False,,,"{""bbse"": ""failsafe""}",,failsafe,0.0006910512845180243,2.9344008934124752,0.5041748246331336,0.04938271604938271
42,0.1,baseline,0.22,True,0.55,0.9917695473251029,241,0.05394190871369295,False,False,0.112425,True,,baseline,,,,,
42,0.1,bbse,0.22,False,,0.0,0,nan,False,False,,,"{""bbse"": ""failsafe""}",,failsafe,0.0006910512845180243,2.9344008934124752,0.5041748246331336,0.04938271604938271
43,0.05,baseline,0.22,False,,0.0,0,nan,False,False,,,"{""baseline"": ""failsafe""}",,,,,,
43,0.05,bbse,0.22,False,,0.0,0,nan,False,False,,,"{""bbse"": ""bbse-misspecified""}",,bbse-misspecified,,,0.519552174669002,0.06896551724137931
43,0.1,baseline,0.22,True,0.55,0.9827586206896551,57,0.07017543859649122,False,False,0.111724,True,,baseline,,,,,
43,0.1,bbse,0.22,False,,0.0,0,nan,False,False,,,"{""bbse"": ""bbse-misspecified""}",,bbse-misspecified,,,0.519552174669002,0.06896551724137931
44,0.05,baseline,0.22,False,,0.0,0,nan,False,False,,,"{""baseline"": ""failsafe""}",,,,,,
44,0.05,bbse,0.22,False,,0.0,0,nan,False,False,,,"{""bbse"": ""failsafe""}",,failsafe,4.393188107296179,15.261368843876676,0.4851117533064421,0.26310947562097514
44,0.1,baseline,0.22,True,0.55,0.9595216191352346,1043,0.21188878235858102,True,True,0.112979,True,,baseline,,,,,
44,0.1,bbse,0.22,False,,0.0,0,nan,False,False,,,"{""bbse"": ""failsafe""}",,failsafe,4.393188107296179,15.261368843876676,0.4851117533064421,0.26310947562097514
45,0.05,baseline,0.22,False,,0.0,0,nan,False,False,,,"{""baseline"": ""failsafe""}",,,,,,
45,0.05,bbse,0.22,False,,0.0,0,nan,False,False,,,"{""bbse"": ""failsafe""}",,failsafe,3.702722969818706,19.297197555647188,0.49242287569836546,0.24757281553398058
45,0.1,baseline,0.22,True,0.55,0.9684466019417476,399,0.16541353383458646,True,True,0.105961,True,,baseline,,,,,
45,0.1,bbse,0.22,False,,0.0,0,nan,False,False,,,"{""bbse"": ""failsafe""}",,failsafe,3.702722969818706,19.297197555647188,0.49242287569836546,0.24757281553398058
46,0.05,baseline,0.22,False,,0.0,0,nan,False,False,,,"{""baseline"": ""failsafe""}",,,,,,
46,0.05,bbse,0.22,False,,0.0,0,nan,False,False,,,"{""bbse"": ""failsafe""}",,failsafe,1.469561862958845,6.684193785199612,0.4930568860805097,0.17625231910946196
46,0.1,baseline,0.22,True,0.55,0.9833024118738405,530,0.10754716981132076,False,True,0.111052,True,,baseline,,,,,
46,0.1,bbse,0.22,False,,0.0,0,nan,False,False,,,"{""bbse"": ""failsafe""}",,failsafe,1.469561862958845,6.684193785199612,0.4930568860805097,0.17625231910946196
47,0.05,baseline,0.22,False,,0.0,0,nan,False,False,,,"{""baseline"": ""failsafe""}",,,,,,
47,0.05,bbse,0.22,False,,0.0,0,nan,False,False,,,"{""bbse"": ""failsafe""}",,failsafe,0.000547404166030847,3.6099675946227463,0.47838915607772753,0.0603448275862069
47,0.1,baseline,0.22,True,0.55,0.9741379310344828,113,0.07964601769911504,False,False,0.108272,True,,baseline,,,,,
47,0.1,bbse,0.22,False,,0.0,0,nan,False,False,,,"{""bbse"": ""failsafe""}",,failsafe,0.000547404166030847,3.6099675946227463,0.47838915607772753,0.0603448275862069
48,0.05,baseline,0.22,False,,0.0,0,nan,False,False,,,"{""baseline"": ""failsafe""}",,,,,,
48,0.05,bbse,0.22,False,,0.0,0,nan,False,False,,,"{""bbse"": ""failsafe""}",,failsafe,0.12195609505144898,3.43281434798145,0.522155235964346,0.08275862068965517
48,0.1,baseline,0.22,True,0.55,0.9724137931034482,141,0.14184397163120568,True,True,0.106658,True,,baseline,,,,,
48,0.1,bbse,0.22,False,,0.0,0,nan,False,False,,,"{""bbse"": ""failsafe""}",,failsafe,0.12195609505144898,3.43281434798145,0.522155235964346,0.08275862068965517
49,0.05,baseline,0.22,False,,0.0,0,nan,False,False,,,"{""baseline"": ""failsafe""}",,,,,,
49,0.05,bbse,0.22,False,,0.0,0,nan,False,False,,,"{""bbse"": ""failsafe""}",,failsafe,2.2947360925854303,9.535683298150389,0.5081248263904075,0.21609907120743035
49,0.1,baseline,0.22,True,0.55,0.973374613003096,1572,0.16793893129770993,True,True,0.108393,True,,baseline,,,,,
49,0.1,bbse,0.22,False,,0.0,0,nan,False,False,,,"{""bbse"": ""failsafe""}",,failsafe,2.2947360925854303,9.535683298150389,0.5081248263904075,0.21609907120743035
50,0.05,baseline,0.22,False,,0.0,0,nan,False,False,,,"{""baseline"": ""failsafe""}",,,,,,
50,0.05,bbse,0.22,False,,0.0,0,nan,False,False,,,"{""bbse"": ""failsafe""}",,failsafe,1.1309980993445634,10.39470704776965,0.477233279050716,0.16666666666666666
50,0.1,baseline,0.22,True,0.55,0.9770114942528736,170,0.1,False,False,0.109419,True,,baseline,,,,,
50,0.1,bbse,0.22,False,,0.0,0,nan,False,False,,,"{""bbse"": ""failsafe""}",,failsafe,1.1309980993445634,10.39470704776965,0.477233279050716,0.16666666666666666
51,0.05,baseline,0.22,False,,0.0,0,nan,False,False,,,"{""baseline"": ""failsafe""}",,,,,,
51,0.05,bbse,0.22,False,,0.0,0,nan,False,False,,,"{""bbse"": ""failsafe""}",,failsafe,0.7590597821098655,2.7634612576743023,0.5091736192602648,0.10538373424971363
51,0.1,baseline,0.22,True,0.55,0.9862542955326461,861,0.09175377468060394,False,False,0.108546,True,,baseline,,,,,
51,0.1,bbse,0.22,False,,0.0,0,nan,False,False,,,"{""bbse"": ""failsafe""}",,failsafe,0.7590597821098655,2.7634612576743023,0.5091736192602648,0.10538373424971363
52,0.05,baseline,0.22,False,,0.0,0,nan,False,False,,,"{""baseline"": ""failsafe""}",,,,,,
52,0.05,bbse,0.22,False,,0.0,0,nan,False,False,,,"{""bbse"": ""failsafe""}",,failsafe,2.2275115154756295,13.726075267866438,0.4934280580427587,0.211864406779661
52,0.1,baseline,0.22,True,0.5700000000000001,0.9576271186440678,339,0.15339233038348082,True,True,0.106456,True,,baseline,,,,,
52,0.1,bbse,0.22,False,,0.0,0,nan,False,False,,,"{""bbse"": ""failsafe""}",,failsafe,2.2275115154756295,13.726075267866438,0.4934280580427587,0.211864406779661
53,0.05,baseline,0.22,False,,0.0,0,nan,False,False,,,"{""baseline"": ""failsafe""}",,,,,,
53,0.05,bbse,0.22,False,,0.0,0,nan,False,False,,,"{""bbse"": ""failsafe""}",,failsafe,2.1731436654499756,17.24227450635518,0.5102786693260838,0.24
53,0.1,baseline,0.22,True,0.55,0.9815384615384616,319,0.15047021943573669,True,True,0.105515,True,,baseline,,,,,
53,0.1,bbse,0.22,False,,0.0,0,nan,False,False,,,"{""bbse"": ""failsafe""}",,failsafe,2.1731436654499756,17.24227450635518,0.5102786693260838,0.24
54,0.05,baseline,0.22,False,,0.0,0,nan,False,False,,,"{""baseline"": ""failsafe""}",,,,,,
54,0.05,bbse,0.22,False,,0.0,0,nan,False,False,,,"{""bbse"": ""failsafe""}",,failsafe,2.3032532182977885,10.763365733791469,0.5023345089666743,0.19294605809128632
54,0.1,baseline,0.22,True,0.55,0.979253112033195,472,0.1440677966101695,True,True,0.11145,True,,baseline,,,,,
54,0.1,bbse,0.22,False,,0.0,0,nan,False,False,,,"{""bbse"": ""failsafe""}",,failsafe,2.3032532182977885,10.763365733791469,0.5023345089666743,0.19294605809128632
55,0.05,baseline,0.22,False,,0.0,0,nan,False,False,,,"{""baseline"": ""failsafe""}",,,,,,
55,0.05,bbse,0.22,False,,0.0,0,nan,False,False,,,"{""bbse"": ""failsafe""}",,failsafe,0.8249707069304827,35.499723822065114,0.5085993248913211,0.20754716981132076
55,0.1,baseline,0.22,True,0.55,0.9245283018867925,49,0.1836734693877551,True,True,0.103224,True,,baseline,,,,,
55,0.1,bbse,0.22,False,,0.0,0,nan,False,False,,,"{""bbse"": ""failsafe""}",,failsafe,0.8249707069304827,35.499723822065114,0.5085993248913211,0.20754716981132076
56,0.05,baseline,0.22,False,,0.0,0,nan,False,False,,,"{""baseline"": ""failsafe""}",,,,,,
56,0.05,bbse,0.22,False,,0.0,0,nan,False,False,,,"{""bbse"": ""failsafe""}",,failsafe,0.5467276014355963,4.584195657844349,0.5306155224463883,0.1111111111111111
56,0.1,baseline,0.22,True,0.55,0.9803921568627451,300,0.04,False,False,0.109759,True,,baseline,,,,,
56,0.1,bbse,0.22,False,,0.0,0,nan,False,False,,,"{""bbse"": ""failsafe""}",,failsafe,0.5467276014355963,4.584195657844349,0.5306155224463883,0.1111111111111111
57,0.05,baseline,0.22,False,,0.0,0,nan,False,False,,,"{""baseline"": ""failsafe""}",,,,,,
57,0.05,bbse,0.22,False,,0.0,0,nan,False,False,,,"{""bbse"": ""failsafe""}",,failsafe,0.6986636362395707,5.637432065763904,0.5268289985536981,0.14414414414414414
57,0.1,baseline,0.22,True,0.55,0.963963963963964,214,0.07476635514018691,False,False,0.102928,True,,baseline,,,,,
57,0.1,bbse,0.22,False,,0.0,0,nan,False,False,,,"{""bbse"": ""failsafe""}",,failsafe,0.6986636362395707,5.637432065763904,0.5268289985536981,0.14414414414414414
58,0.05,baseline,0.22,False,,0.0,0,nan,False,False,,,"{""baseline"": ""failsafe""}",,,,,,
58,0.05,bbse,0.22,False,,0.0,0,nan,False,False,,,"{""bbse"": ""failsafe""}",,failsafe,0.9774712787895568,6.263189314573182,0.480838828287998,0.15151515151515152
58,0.1,baseline,0.22,True,0.5900000000000001,0.9393939393939394,372,0.1424731182795699,True,True,0.109103,True,,baseline,,,,,
58,0.1,bbse,0.22,False,,0.0,0,nan,False,False,,,"{""bbse"": ""failsafe""}",,failsafe,0.9774712787895568,6.263189314573182,0.480838828287998,0.15151515151515152
59,0.05,baseline,0.22,False,,0.0,0,nan,False,False,,,"{""baseline"": ""failsafe""}",,,,,,
59,0.05,bbse,0.22,False,,0.0,0,nan,False,False,,,"{""bbse"": ""failsafe""}",,failsafe,2.180382788421364,8.11660891201154,0.5225694737324618,0.1747448979591837
59,0.1,baseline,0.22,True,0.55,0.9770408163265306,766,0.15013054830287206,True,True,0.103921,True,,baseline,,,,,
59,0.1,bbse,0.22,False,,0.0,0,nan,False,False,,,"{""bbse"": ""failsafe""}",,failsafe,2.180382788421364,8.11660891201154,0.5225694737324618,0.1747448979591837
60,0.05,baseline,0.22,False,,0.0,0,nan,False,False,,,"{""baseline"": ""failsafe""}",,,,,,
60,0.05,bbse,0.22,False,,0.0,0,nan,False,False,,,"{""bbse"": ""failsafe""}",,failsafe,0.6566777525128793,8.235286075481579,0.5096827988743814,0.13440860215053763
60,0.1,baseline,0.22,True,0.55,0.9623655913978495,179,0.09497206703910614,False,False,0.111779,True,,baseline,,,,,
60,0.1,bbse,0.22,False,,0.0,0,nan,False,False,,,"{""bbse"": ""failsafe""}",,failsafe,0.6566777525128793,8.235286075481579,0.5096827988743814,0.13440860215053763
61,0.05,baseline,0.22,False,,0.0,0,nan,False,False,,,"{""baseline"": ""failsafe""}",,,,,,
61,0.05,bbse,0.22,False,,0.0,0,nan,False,False,,,"{""bbse"": ""failsafe""}",,failsafe,2.041684961910917,8.67864632124256,0.5157588071614448,0.17592592592592593
61,0.1,baseline,0.22,True,0.55,0.9703703703703703,524,0.1316793893129771,True,True,0.114367,True,,baseline,,,,,
61,0.1,bbse,0.22,False,,0.0,0,nan,False,False,,,"{""bbse"": ""failsafe""}",,failsafe,2.041684961910917,8.67864632124256,0.5157588071614448,0.17592592592592593
62,0.05,baseline,0.22,False,,0.0,0,nan,False,False,,,"{""baseline"": ""failsafe""}",,,,,,
62,0.05,bbse,0.22,False,,0.0,0,nan,False,False,,,"{""bbse"": ""failsafe""}",,failsafe,0.4555581921554159,2.0429939206291605,0.4888698887456847,0.07758186397984887
62,0.1,baseline,0.22,True,0.55,0.9778337531486146,1941,0.07315816589386914,False,False,0.116658,True,,baseline,,,,,
62,0.1,bbse,0.22,False,,0.0,0,nan,False,False,,,"{""bbse"": ""failsafe""}",,failsafe,0.4555581921554159,2.0429939206291605,0.4888698887456847,0.07758186397984887
63,0.05,baseline,0.22,False,,0.0,0,nan,False,False,,,"{""baseline"": ""failsafe""}",,,,,,
63,0.05,bbse,0.22,False,,0.0,0,nan,False,False,,,"{""bbse"": ""failsafe""}",,failsafe,0.5367653215786078,11.977124372668245,0.5234152356260872,0.15476190476190477
63,0.1,baseline,0.22,True,0.55,0.9761904761904762,82,0.13414634146341464,False,True,0.10866,True,,baseline,,,,,
63,0.1,bbse,0.22,False,,0.0,0,nan,False,False,,,"{""bbse"": ""failsafe""}",,failsafe,0.5367653215786078,11.977124372668245,0.5234152356260872,0.15476190476190477
64,0.05,baseline,0.22,False,,0.0,0,nan,False,False,,,"{""baseline"": ""failsafe""}",,,,,,
64,0.05,bbse,0.22,False,,0.0,0,nan,False,False,,,"{""bbse"": ""failsafe""}",,failsafe,1.3433145963435336,5.173714108008177,0.507815600568035,0.13994169096209913
64,0.1,baseline,0.22,True,0.55,0.9683465222823824,2325,0.11741935483870967,True,True,0.109476,True,,baseline,,,,,
64,0.1,bbse,0.22,False,,0.0,0,nan,False,False,,,"{""bbse"": ""failsafe""}",,failsafe,1.3433145963435336,5.173714108008177,0.507815600568035,0.13994169096209913
65,0.05,baseline,0.22,False,,0.0,0,nan,False,False,,,"{""baseline"": ""failsafe""}",,,,,,
65,0.05,bbse,0.22,False,,0.0,0,nan,False,False,,,"{""bbse"": ""failsafe""}",,failsafe,0.41477050618058736,10.795209173674676,0.5194389216999982,0.13924050632911392
65,0.1,baseline,0.22,True,0.55,0.9746835443037974,77,0.2597402597402597,True,True,0.107211,True,,baseline,,,,,
65,0.1,bbse,0.22,False,,0.0,0,nan,False,False,,,"{""bbse"": ""failsafe""}",,failsafe,0.41477050618058736,10.795209173674676,0.5194389216999982,0.13924050632911392
66,0.05,baseline,0.22,False,,0.0,0,nan,False,False,,,"{""baseline"": ""failsafe""}",,,,,,
66,0.05,bbse,0.22,False,,0.0,0,nan,False,False,,,"{""bbse"": ""failsafe""}",,failsafe,1.9640296632777605,11.678071869532877,0.49989496421972274,0.19708029197080293
66,0.1,baseline,0.22,True,0.55,0.9525547445255474,261,0.12260536398467432,False,True,0.105892,True,,baseline,,,,,
66,0.1,bbse,0.22,False,,0.0,0,nan,False,False,,,"{""bbse"": ""failsafe""}",,failsafe,1.9640296632777605,11.678071869532877,0.49989496421972274,0.19708029197080293
67,0.05,baseline,0.22,False,,0.0,0,nan,False,False,,,"{""baseline"": ""failsafe""}",,,,,,
67,0.05,bbse,0.22,False,,0.0,0,nan,False,False,,,"{""bbse"": ""failsafe""}",,failsafe,0.5998109347098709,3.7596500983745513,0.46162673206927524,0.08236434108527131
67,0.1,baseline,0.22,True,0.55,0.9844961240310077,1016,0.05905511811023622,False,False,0.117234,True,,baseline,,,,,
67,0.1,bbse,0.22,False,,0.0,0,nan,False,False,,,"{""bbse"": ""failsafe""}",,failsafe,0.5998109347098709,3.7596500983745513,0.46162673206927524,0.08236434108527131
68,0.05,baseline,0.22,False,,0.0,0,nan,False,False,,,"{""baseline"": ""failsafe""}",,,,,,
68,0.05,bbse,0.22,False,,0.0,0,nan,False,False,,,"{""bbse"": ""failsafe""}",,failsafe,1.3953198675427338,9.668250046325516,0.5163474802002299,0.1975806451612903
68,0.1,baseline,0.22,True,0.55,0.9758064516129032,484,0.1446280991735537,True,True,0.109438,True,,baseline,,,,,
68,0.1,bbse,0.22,False,,0.0,0,nan,False,False,,,"{""bbse"": ""failsafe""}",,failsafe,1.3953198675427338,9.668250046325516,0.5163474802002299,0.1975806451612903
69,0.05,baseline,0.22,False,,0.0,0,nan,False,False,,,"{""baseline"": ""failsafe""}",,,,,,
69,0.05,bbse,0.22,False,,0.0,0,nan,False,False,,,"{""bbse"": ""failsafe""}",,failsafe,1.4933954020896372,9.173573469100633,0.5077126885828226,0.17052023121387283
69,0.1,baseline,0.22,True,0.55,0.9682080924855492,335,0.12238805970149254,False,True,0.106462,True,,baseline,,,,,
69,0.1,bbse,0.22,False,,0.0,0,nan,False,False,,,"{""bbse"": ""failsafe""}",,failsafe,1.4933954020896372,9.173573469100633,0.5077126885828226,0.17052023121387283
70,0.05,baseline,0.22,False,,0.0,0,nan,False,False,,,"{""baseline"": ""failsafe""}",,,,,,
70,0.05,bbse,0.22,False,,0.0,0,nan,False,False,,,"{""bbse"": ""failsafe""}",,failsafe,0.16568528998709728,7.184220576917174,0.5043810295606609,0.10638297872340426
70,0.1,baseline,0.22,True,0.55,0.9893617021276596,93,0.10752688172043011,False,True,0.111404,True,,baseline,,,,,
70,0.1,bbse,0.22,False,,0.0,0,nan,False,False,,,"{""bbse"": ""failsafe""}",,failsafe,0.16568528998709728,7.184220576917174,0.5043810295606609,0.10638297872340426
71,0.05,baseline,0.22,False,,0.0,0,nan,False,False,,,"{""baseline"": ""failsafe""}",,,,,,
71,0.05,bbse,0.22,False,,0.0,0,nan,False,False,,,"{""bbse"": ""failsafe""}",,failsafe,0.44351470414720984,2.9623796147283503,0.4861950468389272,0.07679465776293823
71,0.1,baseline,0.22,True,0.55,0.988313856427379,592,0.06587837837837837,False,False,0.113294,True,,baseline,,,,,
71,0.1,bbse,0.22,False,,0.0,0,nan,False,False,,,"{""bbse"": ""failsafe""}",,failsafe,0.44351470414720984,2.9623796147283503,0.4861950468389272,0.07679465776293823
72,0.05,baseline,0.22,False,,0.0,0,nan,False,False,,,"{""baseline"": ""failsafe""}",,,,,,
72,0.05,bbse,0.22,False,,0.0,0,nan,False,False,,,"{""bbse"": ""failsafe""}",,failsafe,0.7939302840060228,10.609378435893728,0.4967082527920245,0.1693548387096774
72,0.1,baseline,0.22,True,0.55,0.9919354838709677,123,0.14634146341463414,True,True,0.110555,True,,baseline,,,,,
72,0.1,bbse,0.22,False,,0.0,0,nan,False,False,,,"{""bbse"": ""failsafe""}",,failsafe,0.7939302840060228,10.609378435893728,0.4967082527920245,0.1693548387096774
73,0.05,baseline,0.22,False,,0.0,0,nan,False,False,,,"{""baseline"": ""failsafe""}",,,,,,
73,0.05,bbse,0.22,False,,0.0,0,nan,False,False,,,"{""bbse"": ""failsafe""}",,failsafe,0.23470558923925455,6.537553863028981,0.4485360107302402,0.07975460122699386
73,0.1,baseline,0.22,True,0.55,0.9877300613496932,161,0.08695652173913043,False,False,0.112932,True,,baseline,,,,,
73,0.1,bbse,0.22,False,,0.0,0,nan,False,False,,,"{""bbse"": ""failsafe""}",,failsafe,0.23470558923925455,6.537553863028981,0.4485360107302402,0.07975460122699386
74,0.05,baseline,0.22,False,,0.0,0,nan,False,False,,,"{""baseline"": ""failsafe""}",,,,,,
74,0.05,bbse,0.22,False,,0.0,0,nan,False,False,,,"{""bbse"": ""failsafe""}",,failsafe,5.240155371440387,45.71522798059425,0.4867848018796915,0.30566037735849055
74,0.1,baseline,0.22,True,0.55,0.9622641509433962,255,0.27058823529411763,True,True,0.114052,True,,baseline,,,,,
74,0.1,bbse,0.22,False,,0.0,0,nan,False,False,,,"{""bbse"": ""failsafe""}",,failsafe,5.240155371440387,45.71522798059425,0.4867848018796915,0.30566037735849055
75,0.05,baseline,0.22,False,,0.0,0,nan,False,False,,,"{""baseline"": ""failsafe""}",,,,,,
75,0.05,bbse,0.22,False,,0.0,0,nan,False,False,,,"{""bbse"": ""failsafe""}",,failsafe,1.0772976771277742,5.344541050435742,0.4931700386777864,0.1368653421633554
75,0.1,baseline,0.22,True,0.55,0.977924944812362,443,0.09932279909706546,False,False,0.105841,True,,baseline,,,,,
75,0.1,bbse,0.22,False,,0.0,0,nan,False,False,,,"{""bbse"": ""failsafe""}",,failsafe,1.0772976771277742,5.344541050435742,0.4931700386777864,0.1368653421633554
76,0.05,baseline,0.22,False,,0.0,0,nan,False,False,,,"{""baseline"": ""failsafe""}",,,,,,
76,0.05,bbse,0.22,False,,0.0,0,nan,False,False,,,"{""bbse"": ""failsafe""}",,failsafe,0.5071586209553365,2.999616744268273,0.4905268231714284,0.08225806451612903
76,0.1,baseline,0.22,True,0.55,0.9870967741935484,612,0.06209150326797386,False,False,0.110524,True,,baseline,,,,,
76,0.1,bbse,0.22,False,,0.0,0,nan,False,False,,,"{""bbse"": ""failsafe""}",,failsafe,0.5071586209553365,2.999616744268273,0.4905268231714284,0.08225806451612903
77,0.05,baseline,0.22,False,,0.0,0,nan,False,False,,,"{""baseline"": ""failsafe""}",,,,,,
77,0.05,bbse,0.22,False,,0.0,0,nan,False,False,,,"{""bbse"": ""failsafe""}",,failsafe,0.8771217764734498,2.865999084305758,0.48338053543946136,0.09917355371900827
77,0.1,baseline,0.22,True,0.5900000000000001,0.9675324675324676,1639,0.0835875533862111,False,False,0.112657,True,,baseline,,,,,
77,0.1,bbse,0.22,False,,0.0,0,nan,False,False,,,"{""bbse"": ""failsafe""}",,failsafe,0.8771217764734498,2.865999084305758,0.48338053543946136,0.09917355371900827
78,0.05,baseline,0.22,False,,0.0,0,nan,False,False,,,"{""baseline"": ""failsafe""}",,,,,,
78,0.05,bbse,0.22,False,,0.0,0,nan,False,False,,,"{""bbse"": ""failsafe""}",,failsafe,2.104269019499296,12.938630871018217,0.5207407528732128,0.22408026755852842
78,0.1,baseline,0.22,True,0.55,0.9665551839464883,289,0.1522491349480969,True,True,0.113645,True,,baseline,,,,,
78,0.1,bbse,0.22,False,,0.0,0,nan,False,False,,,"{""bbse"": ""failsafe""}",,failsafe,2.104269019499296,12.938630871018217,0.5207407528732128,0.22408026755852842
79,0.05,baseline,0.22,False,,0.0,0,nan,False,False,,,"{""baseline"": ""failsafe""}",,,,,,
79,0.05,bbse,0.22,False,,0.0,0,nan,False,False,,,"{""bbse"": ""failsafe""}",,failsafe,1.5204299700805548,10.708377128073316,0.5059109080472053,0.20075757575757575
79,0.1,baseline,0.22,True,0.55,0.9659090909090909,255,0.10196078431372549,False,True,0.108683,True,,baseline,,,,,
79,0.1,bbse,0.22,False,,0.0,0,nan,False,False,,,"{""bbse"": ""failsafe""}",,failsafe,1.5204299700805548,10.708377128073316,0.5059109080472053,0.20075757575757575
80,0.05,baseline,0.22,False,,0.0,0,nan,False,False,,,"{""baseline"": ""failsafe""}",,,,,,
80,0.05,bbse,0.22,False,,0.0,0,nan,False,False,,,"{""bbse"": ""failsafe""}",,failsafe,0.7506373251084313,2.478188380764815,0.5183702042192933,0.09417989417989418
80,0.1,baseline,0.22,True,0.55,0.9783068783068783,1849,0.056246619794483504,False,False,0.108635,True,,baseline,,,,,
80,0.1,bbse,0.22,False,,0.0,0,nan,False,False,,,"{""bbse"": ""failsafe""}",,failsafe,0.7506373251084313,2.478188380764815,0.5183702042192933,0.09417989417989418
81,0.05,baseline,0.22,False,,0.0,0,nan,False,False,,,"{""baseline"": ""failsafe""}",,,,,,
81,0.05,bbse,0.22,False,,0.0,0,nan,False,False,,,"{""bbse"": ""failsafe""}",,failsafe,0.9793631453983147,3.3354323402121935,0.4933123916078546,0.10931518502764781
81,0.1,baseline,0.22,True,0.55,0.9825606125053169,2310,0.08831168831168831,False,False,0.109744,True,,baseline,,,,,
81,0.1,bbse,0.22,False,,0.0,0,nan,False,False,,,"{""bbse"": ""failsafe""}",,failsafe,0.9793631453983147,3.3354323402121935,0.4933123916078546,0.10931518502764781
82,0.05,baseline,0.22,False,,0.0,0,nan,False,False,,,"{""baseline"": ""failsafe""}",,,,,,
82,0.05,bbse,0.22,False,,0.0,0,nan,False,False,,,"{""bbse"": ""failsafe""}",,failsafe,0.4683294723733556,2.4143216147038595,0.524550486358999,0.0761300555114988
82,0.1,baseline,0.22,True,0.61,0.9666931007137193,1219,0.05742411812961444,False,False,0.098944,False,,baseline,,,,,
82,0.1,bbse,0.22,False,,0.0,0,nan,False,False,,,"{""bbse"": ""failsafe""}",,failsafe,0.4683294723733556,2.4143216147038595,0.524550486358999,0.0761300555114988
83,0.05,baseline,0.22,False,,0.0,0,nan,False,False,,,"{""baseline"": ""failsafe""}",,,,,,
83,0.05,bbse,0.22,False,,0.0,0,nan,False,False,,,"{""bbse"": ""failsafe""}",,failsafe,1.3119271091332267,7.728569808172944,0.488276234785145,0.17764471057884232
83,0.1,baseline,0.22,True,0.55,0.9800399201596807,491,0.15274949083503056,True,True,0.112971,True,,baseline,,,,,
83,0.1,bbse,0.22,False,,0.0,0,nan,False,False,,,"{""bbse"": ""failsafe""}",,failsafe,1.3119271091332267,7.728569808172944,0.488276234785145,0.17764471057884232
84,0.05,baseline,0.22,False,,0.0,0,nan,False,False,,,"{""baseline"": ""failsafe""}",,,,,,
84,0.05,bbse,0.22,False,,0.0,0,nan,False,False,,,"{""bbse"": ""failsafe""}",,failsafe,2.1338884333309425,6.793112351364513,0.4713648386527684,0.1636469900642899
84,0.1,baseline,0.22,True,0.55,0.9807130333138515,1678,0.13468414779499405,True,True,0.11267,True,,baseline,,,,,
84,0.1,bbse,0.22,False,,0.0,0,nan,False,False,,,"{""bbse"": ""failsafe""}",,failsafe,2.1338884333309425,6.793112351364513,0.4713648386527684,0.1636469900642899
85,0.05,baseline,0.22,False,,0.0,0,nan,False,False,,,"{""baseline"": ""failsafe""}",,,,,,
85,0.05,bbse,0.22,False,,0.0,0,nan,False,False,,,"{""bbse"": ""failsafe""}",,failsafe,0.579417689770275,1.7289026325980015,0.5096648566372979,0.08580926656970704
85,0.1,baseline,0.22,True,0.55,0.9810928734676917,4722,0.06861499364675985,False,False,0.104329,True,,baseline,,,,,
85,0.1,bbse,0.22,False,,0.0,0,nan,False,False,,,"{""bbse"": ""failsafe""}",,failsafe,0.579417689770275,1.7289026325980015,0.5096648566372979,0.08580926656970704
86,0.05,baseline,0.22,False,,0.0,0,nan,False,False,,,"{""baseline"": ""failsafe""}",,,,,,
86,0.05,bbse,0.22,False,,0.0,0,nan,False,False,,,"{""bbse"": ""failsafe""}",,failsafe,1.7143520585106231,4.5530755455135274,0.49015248793310223,0.1394
86,0.1,baseline,0.22,True,0.5700000000000001,0.9678,4839,0.11014672452986154,True,True,0.112138,True,,baseline,,,,,
86,0.1,bbse,0.22,False,,0.0,0,nan,False,False,,,"{""bbse"": ""failsafe""}",,failsafe,1.7143520585106231,4.5530755455135274,0.49015248793310223,0.1394
87,0.05,baseline,0.22,False,,0.0,0,nan,False,False,,,"{""baseline"": ""failsafe""}",,,,,,
87,0.05,bbse,0.22,False,,0.0,0,nan,False,False,,,"{""bbse"": ""failsafe""}",,failsafe,0.19366916954741162,3.4093694792761013,0.47969952053878967,0.06986899563318777
87,0.1,baseline,0.22,True,0.5700000000000001,0.9737991266375546,223,0.08968609865470852,False,False,0.110256,True,,baseline,,,,,
87,0.1,bbse,0.22,False,,0.0,0,nan,False,False,,,"{""bbse"": ""failsafe""}",,failsafe,0.19366916954741162,3.4093694792761013,0.47969952053878967,0.06986899563318777
88,0.05,baseline,0.22,False,,0.0,0,nan,False,False,,,"{""baseline"": ""failsafe""}",,,,,,
88,0.05,bbse,0.22,False,,0.0,0,nan,False,False,,,"{""bbse"": ""failsafe""}",,failsafe,1.2514737204464181,8.898756822994736,0.512314473628751,0.16785714285714284
88,0.1,baseline,0.22,True,0.55,0.9714285714285714,272,0.11764705882352941,False,True,0.109019,True,,baseline,,,,,
88,0.1,bbse,0.22,False,,0.0,0,nan,False,False,,,"{""bbse"": ""failsafe""}",,failsafe,1.2514737204464181,8.898756822994736,0.512314473628751,0.16785714285714284
89,0.05,baseline,0.22,False,,0.0,0,nan,False,False,,,"{""baseline"": ""failsafe""}",,,,,,
89,0.05,bbse,0.22,False,,0.0,0,nan,False,False,,,"{""bbse"": ""failsafe""}",,failsafe,1.4658124085733903,4.193980084761903,0.49443492696406627,0.12053571428571429
89,0.1,baseline,0.22,True,0.55,0.9799107142857143,2195,0.12027334851936218,True,True,0.112247,True,,baseline,,,,,
89,0.1,bbse,0.22,False,,0.0,0,nan,False,False,,,"{""bbse"": ""failsafe""}",,failsafe,1.4658124085733903,4.193980084761903,0.49443492696406627,0.12053571428571429
90,0.05,baseline,0.22,False,,0.0,0,nan,False,False,,,"{""baseline"": ""failsafe""}",,,,,,
90,0.05,bbse,0.22,False,,0.0,0,nan,False,False,,,"{""bbse"": ""failsafe""}",,failsafe,0.8491924305270457,10.21031718536391,0.506905424445939,0.16666666666666666
90,0.1,baseline,0.22,True,0.55,1.0,132,0.07575757575757576,False,False,0.106164,True,,baseline,,,,,
90,0.1,bbse,0.22,False,,0.0,0,nan,False,False,,,"{""bbse"": ""failsafe""}",,failsafe,0.8491924305270457,10.21031718536391,0.506905424445939,0.16666666666666666
91,0.05,baseline,0.22,False,,0.0,0,nan,False,False,,,"{""baseline"": ""failsafe""}",,,,,,
91,0.05,bbse,0.22,False,,0.0,0,nan,False,False,,,"{""bbse"": ""failsafe""}",,failsafe,0.4872678037946882,13.616050149643094,0.5110421786360514,0.17204301075268819
91,0.1,baseline,0.22,True,0.55,0.978494623655914,91,0.12087912087912088,False,True,0.110394,True,,baseline,,,,,
91,0.1,bbse,0.22,False,,0.0,0,nan,False,False,,,"{""bbse"": ""failsafe""}",,failsafe,0.4872678037946882,13.616050149643094,0.5110421786360514,0.17204301075268819
92,0.05,baseline,0.22,False,,0.0,0,nan,False,False,,,"{""baseline"": ""failsafe""}",,,,,,
92,0.05,bbse,0.22,False,,0.0,0,nan,False,False,,,"{""bbse"": ""failsafe""}",,failsafe,1.7070775775623865,5.309470047848357,0.47406795570528315,0.14445300462249616
92,0.1,baseline,0.22,True,0.55,0.9822804314329738,2550,0.11294117647058824,True,True,0.119949,True,,baseline,,,,,
92,0.1,bbse,0.22,False,,0.0,0,nan,False,False,,,"{""bbse"": ""failsafe""}",,failsafe,1.7070775775623865,5.309470047848357,0.47406795570528315,0.14445300462249616
93,0.05,baseline,0.22,False,,0.0,0,nan,False,False,,,"{""baseline"": ""failsafe""}",,,,,,
93,0.05,bbse,0.22,False,,0.0,0,nan,False,False,,,"{""bbse"": ""failsafe""}",,failsafe,1.8946742109996437,21.406047587244455,0.47608397838270855,0.21379310344827587
93,0.1,baseline,0.22,True,0.55,0.9655172413793104,140,0.16428571428571428,True,True,0.119949,True,,baseline,,,,,
93,0.1,bbse,0.22,False,,0.0,0,nan,False,False,,,"{""bbse"": ""failsafe""}",,failsafe,1.8946742109996437,21.406047587244455,0.47608397838270855,0.21379310344827587
94,0.05,baseline,0.22,False,,0.0,0,nan,False,False,,,"{""baseline"": ""failsafe""}",,,,,,
94,0.05,bbse,0.22,False,,0.0,0,nan,False,False,,,"{""bbse"": ""failsafe""}",,failsafe,0.7905457126005773,3.4626973669227445,0.5340791089483823,0.10278578290105668
94,0.1,baseline,0.22,True,0.55,0.9865513928914506,1027,0.08081791626095423,False,False,0.110917,True,,baseline,,,,,
94,0.1,bbse,0.22,False,,0.0,0,nan,False,False,,,"{""bbse"": ""failsafe""}",,failsafe,0.7905457126005773,3.4626973669227445,0.5340791089483823,0.10278578290105668
95,0.05,baseline,0.22,False,,0.0,0,nan,False,False,,,"{""baseline"": ""failsafe""}",,,,,,
95,0.05,bbse,0.22,False,,0.0,0,nan,False,False,,,"{""bbse"": ""failsafe""}",,failsafe,1.2376112047655374,6.919303008530129,0.48670163209020767,0.13704496788008566
95,0.1,baseline,0.22,True,0.55,0.9828693790149893,459,0.14814814814814814,True,True,0.113244,True,,baseline,,,,,
95,0.1,bbse,0.22,False,,0.0,0,nan,False,False,,,"{""bbse"": ""failsafe""}",,failsafe,1.2376112047655374,6.919303008530129,0.48670163209020767,0.13704496788008566
96,0.05,baseline,0.22,False,,0.0,0,nan,False,False,,,"{""baseline"": ""failsafe""}",,,,,,
96,0.05,bbse,0.22,False,,0.0,0,nan,False,False,,,"{""bbse"": ""failsafe""}",,failsafe,1.0780702125824801,8.653401770454344,0.4624106661964774,0.1407766990291262
96,0.1,baseline,0.22,True,0.55,0.9805825242718447,202,0.12376237623762376,False,True,0.111757,True,,baseline,,,,,
96,0.1,bbse,0.22,False,,0.0,0,nan,False,False,,,"{""bbse"": ""failsafe""}",,failsafe,1.0780702125824801,8.653401770454344,0.4624106661964774,0.1407766990291262
97,0.05,baseline,0.22,False,,0.0,0,nan,False,False,,,"{""baseline"": ""failsafe""}",,,,,,
97,0.05,bbse,0.22,False,,0.0,0,nan,False,False,,,"{""bbse"": ""failsafe""}",,failsafe,1.9362391549283127,8.987359130719248,0.5262523077153377,0.18333333333333332
97,0.1,baseline,0.22,True,0.55,0.9770833333333333,469,0.13859275053304904,True,True,0.10959,True,,baseline,,,,,
97,0.1,bbse,0.22,False,,0.0,0,nan,False,False,,,"{""bbse"": ""failsafe""}",,failsafe,1.9362391549283127,8.987359130719248,0.5262523077153377,0.18333333333333332
98,0.05,baseline,0.22,False,,0.0,0,nan,False,False,,,"{""baseline"": ""failsafe""}",,,,,,
98,0.05,bbse,0.22,False,,0.0,0,nan,False,False,,,"{""bbse"": ""failsafe""}",,failsafe,3.338468801952178,35.11019318682629,0.5054339372682617,0.2875816993464052
98,0.1,baseline,0.22,True,0.55,0.9803921568627451,150,0.21333333333333335,True,True,0.110091,True,,baseline,,,,,
98,0.1,bbse,0.22,False,,0.0,0,nan,False,False,,,"{""bbse"": ""failsafe""}",,failsafe,3.338468801952178,35.11019318682629,0.5054339372682617,0.2875816993464052
99,0.05,baseline,0.22,False,,0.0,0,nan,False,False,,,"{""baseline"": ""failsafe""}",,,,,,
99,0.05,bbse,0.22,False,,0.0,0,nan,False,False,,,"{""bbse"": ""failsafe""}",,failsafe,0.6401521455164927,4.381013272785551,0.500206893228957,0.10555555555555556
99,0.1,baseline,0.22,True,0.55,0.9861111111111112,355,0.07323943661971831,False,False,0.111068,True,,baseline,,,,,
99,0.1,bbse,0.22,False,,0.0,0,nan,False,False,,,"{""bbse"": ""failsafe""}",,failsafe,0.6401521455164927,4.381013272785551,0.500206893228957,0.10555555555555556
100,0.05,baseline,0.22,False,,0.0,0,nan,False,False,,,"{""baseline"": ""failsafe""}",,,,,,
100,0.05,bbse,0.22,False,,0.0,0,nan,False,False,,,"{""bbse"": ""failsafe""}",,failsafe,1.9875522756949089,6.42940909640219,0.5276073800528903,0.1737704918032787
100,0.1,baseline,0.22,True,0.55,0.9744262295081967,1486,0.12045760430686406,True,True,0.106646,True,,baseline,,,,,
100,0.1,bbse,0.22,False,,0.0,0,nan,False,False,,,"{""bbse"": ""failsafe""}",,failsafe,1.9875522756949089,6.42940909640219,0.5276073800528903,0.1737704918032787
101,0.05,baseline,0.22,False,,0.0,0,nan,False,False,,,"{""baseline"": ""failsafe""}",,,,,,
101,0.05,bbse,0.22,False,,0.0,0,nan,False,False,,,"{""bbse"": ""failsafe""}",,failsafe,2.701938744564624,7.695237765243299,0.49051143411032994,0.1874
101,0.1,baseline,0.22,True,0.5900000000000001,0.9512,4756,0.14592094196804037,True,True,0.101416,True,,baseline,,,,,
101,0.1,bbse,0.22,False,,0.0,0,nan,False,False,,,"{""bbse"": ""failsafe""}",,failsafe,2.701938744564624,7.695237765243299,0.49051143411032994,0.1874
102,0.05,baseline,0.22,False,,0.0,0,nan,False,False,,,"{""baseline"": ""failsafe""}",,,,,,
102,0.05,bbse,0.22,False,,0.0,0,nan,False,False,,,"{""bbse"": ""failsafe""}",,failsafe,0.8666685763219711,4.657405229705921,0.5106991778947634,0.12854030501089325
102,0.1,baseline,0.22,True,0.55,0.9694989106753813,445,0.12808988764044943,True,True,0.113353,True,,baseline,,,,,
102,0.1,bbse,0.22,False,,0.0,0,nan,False,False,,,"{""bbse"": ""failsafe""}",,failsafe,0.8666685763219711,4.657405229705921,0.5106991778947634,0.12854030501089325
103,0.05,baseline,0.22,False,,0.0,0,nan,False,False,,,"{""baseline"": ""failsafe""}",,,,,,
103,0.05,bbse,0.22,False,,0.0,0,nan,False,False,,,"{""bbse"": ""failsafe""}",,failsafe,0.24252956080557744,214.67630255410566,0.5052627909382248,0.20833333333333334
103,0.1,baseline,0.22,True,0.55,0.9583333333333334,23,0.08695652173913043,False,False,0.104203,True,,baseline,,,,,
103,0.1,bbse,0.22,False,,0.0,0,nan,False,False,,,"{""bbse"": ""failsafe""}",,failsafe,0.24252956080557744,214.67630255410566,0.5052627909382248,0.20833333333333334
104,0.05,baseline,0.22,False,,0.0,0,nan,False,False,,,"{""baseline"": ""failsafe""}",,,,,,
104,0.05,bbse,0.22,False,,0.0,0,nan,False,False,,,"{""bbse"": ""failsafe""}",,failsafe,0.3925810277592028,3.0709766805241183,0.48847528144705016,0.09090909090909091
104,0.1,baseline,0.22,True,0.55,0.9905956112852664,316,0.060126582278481014,False,False,0.112097,True,,baseline,,,,,
104,0.1,bbse,0.22,False,,0.0,0,nan,False,False,,,"{""bbse"": ""failsafe""}",,failsafe,0.3925810277592028,3.0709766805241183,0.48847528144705016,0.09090909090909091
105,0.05,baseline,0.22,False,,0.0,0,nan,False,False,,,"{""baseline"": ""failsafe""}",,,,,,
105,0.05,bbse,0.22,False,,0.0,0,nan,False,False,,,"{""bbse"": ""failsafe""}",,failsafe,0.4276592153957537,8.446964291754542,0.5028749729569305,0.12403100775193798
105,0.1,baseline,0.22,True,0.55,0.9457364341085271,122,0.06557377049180328,False,False,0.11497,True,,baseline,,,,,
105,0.1,bbse,0.22,False,,0.0,0,nan,False,False,,,"{""bbse"": ""failsafe""}",,failsafe,0.4276592153957537,8.446964291754542,0.5028749729569305,0.12403100775193798
106,0.05,baseline,0.22,False,,0.0,0,nan,False,False,,,"{""baseline"": ""failsafe""}",,,,,,
106,0.05,bbse,0.22,False,,0.0,0,nan,False,False,,,"{""bbse"": ""failsafe""}",,failsafe,0.064575271906836,9.096526326368991,0.5004926705991899,0.1
106,0.1,baseline,0.22,True,0.55,0.9571428571428572,67,0.07462686567164178,False,False,0.106607,True,,baseline,,,,,
106,0.1,bbse,0.22,False,,0.0,0,nan,False,False,,,"{""bbse"": ""failsafe""}",,failsafe,0.064575271906836,9.096526326368991,0.5004926705991899,0.1
107,0.05,baseline,0.22,False,,0.0,0,nan,False,False,,,"{""baseline"": ""failsafe""}",,,,,,
107,0.05,bbse,0.22,False,,0.0,0,nan,False,False,,,"{""bbse"": ""failsafe""}",,failsafe,0.7278153726797019,2.541273033048442,0.5084120118417863,0.09187082405345212
107,0.1,baseline,0.22,True,0.5700000000000001,0.9732739420935412,1748,0.07265446224256293,False,False,0.104153,True,,baseline,,,,,
107,0.1,bbse,0.22,False,,0.0,0,nan,False,False,,,"{""bbse"": ""failsafe""}",,failsafe,0.7278153726797019,2.541273033048442,0.5084120118417863,0.09187082405345212
108,0.05,baseline,0.22,False,,0.0,0,nan,False,False,,,"{""baseline"": ""failsafe""}",,,,,,
108,0.05,bbse,0.22,False,,0.0,0,nan,False,False,,,"{""bbse"": ""failsafe""}",,failsafe,0.7655275063564405,7.379325819144597,0.4887551507372069,0.12686567164179105
108,0.1,baseline,0.22,True,0.55,0.9850746268656716,264,0.09848484848484848,False,False,0.110938,True,,baseline,,,,,
108,0.1,bbse,0.22,False,,0.0,0,nan,False,False,,,"{""bbse"": ""failsafe""}",,failsafe,0.7655275063564405,7.379325819144597,0.4887551507372069,0.12686567164179105
109,0.05,baseline,0.22,False,,0.0,0,nan,False,False,,,"{""baseline"": ""failsafe""}",,,,,,
109,0.05,bbse,0.22,False,,0.0,0,nan,False,False,,,"{""bbse"": ""failsafe""}",,failsafe,2.0190782958888147,23.763953673744297,0.49555622352282797,0.2518518518518518
109,0.1,baseline,0.22,True,0.55,0.9555555555555556,129,0.17054263565891473,True,True,0.112291,True,,baseline,,,,,
109,0.1,bbse,0.22,False,,0.0,0,nan,False,False,,,"{""bbse"": ""failsafe""}",,failsafe,2.0190782958888147,23.763953673744297,0.49555622352282797,0.2518518518518518
110,0.05,baseline,0.22,False,,0.0,0,nan,False,False,,,"{""baseline"": ""failsafe""}",,,,,,
110,0.05,bbse,0.22,False,,0.0,0,nan,False,False,,,"{""bbse"": ""failsafe""}",,failsafe,1.0239744675713416,5.454646851141944,0.49292812117905216,0.1308641975308642
110,0.1,baseline,0.22,True,0.55,0.980246913580247,397,0.13602015113350127,True,True,0.108826,True,,baseline,,,,,
110,0.1,bbse,0.22,False,,0.0,0,nan,False,False,,,"{""bbse"": ""failsafe""}",,failsafe,1.0239744675713416,5.454646851141944,0.49292812117905216,0.1308641975308642
111,0.05,baseline,0.22,False,,0.0,0,nan,False,False,,,"{""baseline"": ""failsafe""}",,,,,,
111,0.05,bbse,0.22,False,,0.0,0,nan,False,False,,,"{""bbse"": ""failsafe""}",,failsafe,0.2262526083623558,2.3614693504930933,0.49967613029322355,0.06166666666666667
111,0.1,baseline,0.22,True,0.5700000000000001,0.9816666666666667,589,0.06791171477079797,False,False,0.110097,True,,baseline,,,,,
111,0.1,bbse,0.22,False,,0.0,0,nan,False,False,,,"{""bbse"": ""failsafe""}",,failsafe,0.2262526083623558,2.3614693504930933,0.49967613029322355,0.06166666666666667
112,0.05,baseline,0.22,False,,0.0,0,nan,False,False,,,"{""baseline"": ""failsafe""}",,,,,,
112,0.05,bbse,0.22,False,,0.0,0,nan,False,False,,,"{""bbse"": ""failsafe""}",,failsafe,1.1230576730970554,4.423545553487075,0.5186218383162705,0.1488862837045721
112,0.1,baseline,0.22,True,0.55,0.9800703399765534,1672,0.1034688995215311,False,True,0.107057,True,,baseline,,,,,
112,0.1,bbse,0.22,False,,0.0,0,nan,False,False,,,"{""bbse"": ""failsafe""}",,failsafe,1.1230576730970554,4.423545553487075,0.5186218383162705,0.1488862837045721
113,0.05,baseline,0.22,False,,0.0,0,nan,False,False,,,"{""baseline"": ""failsafe""}",,,,,,
113,0.05,bbse,0.22,False,,0.0,0,nan,False,False,,,"{""bbse"": ""failsafe""}",,failsafe,0.9426228345462107,6.974122927834986,0.4803280580228382,0.13740458015267176
113,0.1,baseline,0.22,True,0.55,0.9885496183206107,259,0.06177606177606178,False,False,0.113866,True,,baseline,,,,,
113,0.1,bbse,0.22,False,,0.0,0,nan,False,False,,,"{""bbse"": ""failsafe""}",,failsafe,0.9426228345462107,6.974122927834986,0.4803280580228382,0.13740458015267176
114,0.05,baseline,0.22,False,,0.0,0,nan,False,False,,,"{""baseline"": ""failsafe""}",,,,,,
114,0.05,bbse,0.22,False,,0.0,0,nan,False,False,,,"{""bbse"": ""failsafe""}",,failsafe,2.527469857299867,12.256551817771832,0.5022053276477134,0.2204928664072633
114,0.1,baseline,0.22,True,0.55,0.9623865110246433,742,0.15363881401617252,True,True,0.105454,True,,baseline,,,,,
114,0.1,bbse,0.22,False,,0.0,0,nan,False,False,,,"{""bbse"": ""failsafe""}",,failsafe,2.527469857299867,12.256551817771832,0.5022053276477134,0.2204928664072633
115,0.05,baseline,0.22,False,,0.0,0,nan,False,False,,,"{""baseline"": ""failsafe""}",,,,,,
115,0.05,bbse,0.22,False,,0.0,0,nan,False,False,,,"{""bbse"": ""failsafe""}",,failsafe,1.4162167168413504,25.192617264688685,0.5054975555113222,0.2441860465116279
115,0.1,baseline,0.22,True,0.55,0.9767441860465116,84,0.14285714285714285,False,True,0.111362,True,,baseline,,,,,
115,0.1,bbse,0.22,False,,0.0,0,nan,False,False,,,"{""bbse"": ""failsafe""}",,failsafe,1.4162167168413504,25.192617264688685,0.5054975555113222,0.2441860465116279
116,0.05,baseline,0.22,False,,0.0,0,nan,False,False,,,"{""baseline"": ""failsafe""}",,,,,,
116,0.05,bbse,0.22,False,,0.0,0,nan,False,False,,,"{""bbse"": ""failsafe""}",,failsafe,1.3676317541664194,5.965781037077995,0.4968062621188877,0.142578125
116,0.1,baseline,0.22,True,0.55,0.96875,496,0.13709677419354838,True,True,0.111511,True,,baseline,,,,,
116,0.1,bbse,0.22,False,,0.0,0,nan,False,False,,,"{""bbse"": ""failsafe""}",,failsafe,1.3676317541664194,5.965781037077995,0.4968062621188877,0.142578125
117,0.05,baseline,0.22,False,,0.0,0,nan,False,False,,,"{""baseline"": ""failsafe""}",,,,,,
117,0.05,bbse,0.22,False,,0.0,0,nan,False,False,,,"{""bbse"": ""failsafe""}",,failsafe,1.1051533684882835,8.100115149975087,0.5409424647954115,0.16170212765957448
117,0.1,baseline,0.22,True,0.55,0.9787234042553191,230,0.08695652173913043,False,False,0.104518,True,,baseline,,,,,
117,0.1,bbse,0.22,False,,0.0,0,nan,False,False,,,"{""bbse"": ""failsafe""}",,failsafe,1.1051533684882835,8.100115149975087,0.5409424647954115,0.16170212765957448
118,0.05,baseline,0.22,False,,0.0,0,nan,False,False,,,"{""baseline"": ""failsafe""}",,,,,,
118,0.05,bbse,0.22,False,,0.0,0,nan,False,False,,,"{""bbse"": ""failsafe""}",,failsafe,0.6989695818993544,2.842713386162559,0.5293404500038452,0.09763313609467456
118,0.1,baseline,0.22,True,0.55,0.9773175542406312,991,0.07870837537840565,False,False,0.107859,True,,baseline,,,,,
118,0.1,bbse,0.22,False,,0.0,0,nan,False,False,,,"{""bbse"": ""failsafe""}",,failsafe,0.6989695818993544,2.842713386162559,0.5293404500038452,0.09763313609467456
119,0.05,baseline,0.22,False,,0.0,0,nan,False,False,,,"{""baseline"": ""failsafe""}",,,,,,
119,0.05,bbse,0.22,False,,0.0,0,nan,False,False,,,"{""bbse"": ""failsafe""}",,failsafe,2.0391760412688362,13.8191299218183,0.4815025845885206,0.2063953488372093
119,0.1,baseline,0.22,True,0.55,0.9622093023255814,331,0.1933534743202417,True,True,0.119039,True,,baseline,,,,,
119,0.1,bbse,0.22,False,,0.0,0,nan,False,False,,,"{""bbse"": ""failsafe""}",,failsafe,2.0391760412688362,13.8191299218183,0.4815025845885206,0.2063953488372093
120,0.05,baseline,0.22,False,,0.0,0,nan,False,False,,,"{""baseline"": ""failsafe""}",,,,,,
120,0.05,bbse,0.22,False,,0.0,0,nan,False,False,,,"{""bbse"": ""failsafe""}",,failsafe,3.3751816996527033,12.49456990554852,0.49072435318028446,0.2378902045209903
120,0.1,baseline,0.22,True,0.55,0.9634015069967707,895,0.17430167597765364,True,True,0.107664,True,,baseline,,,,,
120,0.1,bbse,0.22,False,,0.0,0,nan,False,False,,,"{""bbse"": ""failsafe""}",,failsafe,3.3751816996527033,12.49456990554852,0.49072435318028446,0.2378902045209903
121,0.05,baseline,0.22,False,,0.0,0,nan,False,False,,,"{""baseline"": ""failsafe""}",,,,,,
121,0.05,bbse,0.22,False,,0.0,0,nan,False,False,,,"{""bbse"": ""failsafe""}",,failsafe,1.106835676018813,5.080678864984406,0.5093220886787447,0.1303680981595092
121,0.1,baseline,0.22,True,0.55,0.9754601226993865,636,0.11635220125786164,False,True,0.109519,True,,baseline,,,,,
121,0.1,bbse,0.22,False,,0.0,0,nan,False,False,,,"{""bbse"": ""failsafe""}",,failsafe,1.106835676018813,5.080678864984406,0.5093220886787447,0.1303680981595092
122,0.05,baseline,0.22,False,,0.0,0,nan,False,False,,,"{""baseline"": ""failsafe""}",,,,,,
122,0.05,bbse,0.22,False,,0.0,0,nan,False,False,,,"{""bbse"": ""failsafe""}",,failsafe,2.090371468096423,27.398490334330976,0.49168827392326675,0.25
122,0.1,baseline,0.22,True,0.55,0.9558823529411765,130,0.16153846153846155,True,True,0.110832,True,,baseline,,,,,
122,0.1,bbse,0.22,False,,0.0,0,nan,False,False,,,"{""bbse"": ""failsafe""}",,failsafe,2.090371468096423,27.398490334330976,0.49168827392326675,0.25
123,0.05,baseline,0.22,False,,0.0,0,nan,False,False,,,"{""baseline"": ""failsafe""}",,,,,,
123,0.05,bbse,0.22,False,,0.0,0,nan,False,False,,,"{""bbse"": ""failsafe""}",,failsafe,0.7449813777803683,5.365079555108704,0.530144063500589,0.11838790931989925
123,0.1,baseline,0.22,True,0.55,0.9722921914357683,386,0.08031088082901554,False,False,0.105545,True,,baseline,,,,,
123,0.1,bbse,0.22,False,,0.0,0,nan,False,False,,,"{""bbse"": ""failsafe""}",,failsafe,0.7449813777803683,5.365079555108704,0.530144063500589,0.11838790931989925
124,0.05,baseline,0.22,False,,0.0,0,nan,False,False,,,"{""baseline"": ""failsafe""}",,,,,,
124,0.05,bbse,0.22,False,,0.0,0,nan,False,False,,,"{""bbse"": ""failsafe""}",,failsafe,1.07474238181443,17.631775345649345,0.4982103430304355,0.18803418803418803
124,0.1,baseline,0.22,True,0.55,0.9829059829059829,115,0.11304347826086956,False,True,0.108325,True,,baseline,,,,,
124,0.1,bbse,0.22,False,,0.0,0,nan,False,False,,,"{""bbse"": ""failsafe""}",,failsafe,1.07474238181443,17.631775345649345,0.4982103430304355,0.18803418803418803
125,0.05,baseline,0.22,False,,0.0,0,nan,False,False,,,"{""baseline"": ""failsafe""}",,,,,,
125,0.05,bbse,0.22,False,,0.0,0,nan,False,False,,,"{""bbse"": ""failsafe""}",,failsafe,1.9324051130229534,6.703421291461169,0.5307492434646679,0.1795937211449677
125,0.1,baseline,0.22,True,0.55,0.9718374884579871,2105,0.12304038004750593,True,True,0.105504,True,,baseline,,,,,
125,0.1,bbse,0.22,False,,0.0,0,nan,False,False,,,"{""bbse"": ""failsafe""}",,failsafe,1.9324051130229534,6.703421291461169,0.5307492434646679,0.1795937211449677
126,0.05,baseline,0.22,False,,0.0,0,nan,False,False,,,"{""baseline"": ""failsafe""}",,,,,,
126,0.05,bbse,0.22,False,,0.0,0,nan,False,False,,,"{""bbse"": ""bbse-misspecified""}",,bbse-misspecified,,,0.4900414231850509,0.04201680672268908
126,0.1,baseline,0.22,True,0.55,1.0,119,0.06722689075630252,False,False,0.111334,True,,baseline,,,,,
126,0.1,bbse,0.22,False,,0.0,0,nan,False,False,,,"{""bbse"": ""bbse-misspecified""}",,bbse-misspecified,,,0.4900414231850509,0.04201680672268908
127,0.05,baseline,0.22,False,,0.0,0,nan,False,False,,,"{""baseline"": ""failsafe""}",,,,,,
127,0.05,bbse,0.22,False,,0.0,0,nan,False,False,,,"{""bbse"": ""failsafe""}",,failsafe,0.6239896718650113,4.037912044995215,0.4990566066444146,0.09936575052854123
127,0.1,baseline,0.22,True,0.55,0.9809725158562368,464,0.07543103448275862,False,False,0.111772,True,,baseline,,,,,
127,0.1,bbse,0.22,False,,0.0,0,nan,False,False,,,"{""bbse"": ""failsafe""}",,failsafe,0.6239896718650113,4.037912044995215,0.4990566066444146,0.09936575052854123
128,0.05,baseline,0.22,False,,0.0,0,nan,False,False,,,"{""baseline"": ""failsafe""}",,,,,,
128,0.05,bbse,0.22,False,,0.0,0,nan,False,False,,,"{""bbse"": ""failsafe""}",,failsafe,1.1031751341346057,4.314685178348358,0.5068416051807364,0.13420860685630925
128,0.1,baseline,0.22,True,0.5700000000000001,0.9671772428884027,1326,0.09502262443438914,False,False,0.103891,True,,baseline,,,,,
128,0.1,bbse,0.22,False,,0.0,0,nan,False,False,,,"{""bbse"": ""failsafe""}",,failsafe,1.1031751341346057,4.314685178348358,0.5068416051807364,0.13420860685630925
129,0.05,baseline,0.22,False,,0.0,0,nan,False,False,,,"{""baseline"": ""failsafe""}",,,,,,
129,0.05,bbse,0.22,False,,0.0,0,nan,False,False,,,"{""bbse"": ""failsafe""}",,failsafe,1.3249425385785079,11.950185165540551,0.49905672661970146,0.20118343195266272
129,0.1,baseline,0.22,True,0.55,0.9674556213017751,327,0.11009174311926606,False,True,0.113283,True,,baseline,,,,,
129,0.1,bbse,0.22,False,,0.0,0,nan,False,False,,,"{""bbse"": ""failsafe""}",,failsafe,1.3249425385785079,11.950185165540551,0.49905672661970146,0.20118343195266272
130,0.05,baseline,0.22,False,,0.0,0,nan,False,False,,,"{""baseline"": ""failsafe""}",,,,,,
130,0.05,bbse,0.22,False,,0.0,0,nan,False,False,,,"{""bbse"": ""failsafe""}",,failsafe,1.5641808101838817,7.6870786899287795,0.4923701398971386,0.16644113667117727
130,0.1,baseline,0.22,True,0.55,0.9824086603518268,726,0.11570247933884298,False,True,0.113255,True,,baseline,,,,,
130,0.1,bbse,0.22,False,,0.0,0,nan,False,False,,,"{""bbse"": ""failsafe""}",,failsafe,1.5641808101838817,7.6870786899287795,0.4923701398971386,0.16644113667117727
131,0.05,baseline,0.22,False,,0.0,0,nan,False,False,,,"{""baseline"": ""failsafe""}",,,,,,
131,0.05,bbse,0.22,False,,0.0,0,nan,False,False,,,"{""bbse"": ""failsafe""}",,failsafe,2.56034598991373,6.980096499084728,0.5000992382110542,0.17082066869300913
131,0.1,baseline,0.22,True,0.5700000000000001,0.9610942249240122,1581,0.13978494623655913,True,True,0.10692,True,,baseline,,,,,
131,0.1,bbse,0.22,False,,0.0,0,nan,False,False,,,"{""bbse"": ""failsafe""}",,failsafe,2.56034598991373,6.980096499084728,0.5000992382110542,0.17082066869300913
132,0.05,baseline,0.22,False,,0.0,0,nan,False,False,,,"{""baseline"": ""failsafe""}",,,,,,
132,0.05,bbse,0.22,False,,0.0,0,nan,False,False,,,"{""bbse"": ""failsafe""}",,failsafe,0.8821860979621602,6.395287049657895,0.4601159045290548,0.12459016393442623
132,0.1,baseline,0.22,True,0.55,0.9770491803278688,298,0.13758389261744966,True,True,0.110645,True,,baseline,,,,,
132,0.1,bbse,0.22,False,,0.0,0,nan,False,False,,,"{""bbse"": ""failsafe""}",,failsafe,0.8821860979621602,6.395287049657895,0.4601159045290548,0.12459016393442623
133,0.05,baseline,0.22,False,,0.0,0,nan,False,False,,,"{""baseline"": ""failsafe""}",,,,,,
133,0.05,bbse,0.22,False,,0.0,0,nan,False,False,,,"{""bbse"": ""failsafe""}",,failsafe,0.7698134465189592,9.225118395057807,0.5187352846514838,0.13496932515337423
133,0.1,baseline,0.22,True,0.55,0.9754601226993865,159,0.07547169811320754,False,False,0.108611,True,,baseline,,,,,
133,0.1,bbse,0.22,False,,0.0,0,nan,False,False,,,"{""bbse"": ""failsafe""}",,failsafe,0.7698134465189592,9.225118395057807,0.5187352846514838,0.13496932515337423
134,0.05,baseline,0.22,False,,0.0,0,nan,False,False,,,"{""baseline"": ""failsafe""}",,,,,,
134,0.05,bbse,0.22,False,,0.0,0,nan,False,False,,,"{""bbse"": ""failsafe""}",,failsafe,0.6667794157037551,9.50027981943196,0.5000176241813785,0.13533834586466165
134,0.1,baseline,0.22,True,0.55,0.9849624060150376,131,0.0916030534351145,False,False,0.110759,True,,baseline,,,,,
134,0.1,bbse,0.22,False,,0.0,0,nan,False,False,,,"{""bbse"": ""failsafe""}",,failsafe,0.6667794157037551,9.50027981943196,0.5000176241813785,0.13533834586466165
135,0.05,baseline,0.22,False,,0.0,0,nan,False,False,,,"{""baseline"": ""failsafe""}",,,,,,
135,0.05,bbse,0.22,False,,0.0,0,nan,False,False,,,"{""bbse"": ""failsafe""}",,failsafe,1.0121097229047,4.707817569890301,0.49259035467773843,0.13053097345132744
135,0.1,baseline,0.22,True,0.55,0.9756637168141593,441,0.14058956916099774,True,True,0.105908,True,,baseline,,,,,
135,0.1,bbse,0.22,False,,0.0,0,nan,False,False,,,"{""bbse"": ""failsafe""}",,failsafe,1.0121097229047,4.707817569890301,0.49259035467773843,0.13053097345132744
136,0.05,baseline,0.22,False,,0.0,0,nan,False,False,,,"{""baseline"": ""failsafe""}",,,,,,
136,0.05,bbse,0.22,False,,0.0,0,nan,False,False,,,"{""bbse"": ""failsafe""}",,failsafe,2.618733965089933,8.963920298788024,0.5285241712504066,0.19089900110987792
136,0.1,baseline,0.22,True,0.5700000000000001,0.9678135405105438,872,0.14564220183486237,True,True,0.102576,True,,baseline,,,,,
136,0.1,bbse,0.22,False,,0.0,0,nan,False,False,,,"{""bbse"": ""failsafe""}",,failsafe,2.618733965089933,8.963920298788024,0.5285241712504066,0.19089900110987792
137,0.05,baseline,0.22,False,,0.0,0,nan,False,False,,,"{""baseline"": ""failsafe""}",,,,,,
137,0.05,bbse,0.22,False,,0.0,0,nan,False,False,,,"{""bbse"": ""failsafe""}",,failsafe,0.9610106791219025,6.244731130732612,0.5145536559456391,0.1400437636761488
137,0.1,baseline,0.22,True,0.55,0.975929978118162,446,0.08968609865470852,False,False,0.104028,True,,baseline,,,,,
137,0.1,bbse,0.22,False,,0.0,0,nan,False,False,,,"{""bbse"": ""failsafe""}",,failsafe,0.9610106791219025,6.244731130732612,0.5145536559456391,0.1400437636761488
138,0.05,baseline,0.22,False,,0.0,0,nan,False,False,,,"{""baseline"": ""failsafe""}",,,,,,
138,0.05,bbse,0.22,False,,0.0,0,nan,False,False,,,"{""bbse"": ""failsafe""}",,failsafe,1.6493881513891848,6.531127427578003,0.49306764490559796,0.15889691398555483
138,0.1,baseline,0.22,True,0.55,0.9783322390019698,1490,0.1268456375838926,True,True,0.113751,True,,baseline,,,,,
138,0.1,bbse,0.22,False,,0.0,0,nan,False,False,,,"{""bbse"": ""failsafe""}",,failsafe,1.6493881513891848,6.531127427578003,0.49306764490559796,0.15889691398555483
139,0.05,baseline,0.22,False,,0.0,0,nan,False,False,,,"{""baseline"": ""failsafe""}",,,,,,
139,0.05,bbse,0.22,False,,0.0,0,nan,False,False,,,"{""bbse"": ""failsafe""}",,failsafe,0.26503624059012154,3.3044649851977645,0.4943035504016609,0.07291666666666667
139,0.1,baseline,0.22,True,0.5900000000000001,0.9722222222222222,280,0.05357142857142857,False,False,0.104896,True,,baseline,,,,,
139,0.1,bbse,0.22,False,,0.0,0,nan,False,False,,,"{""bbse"": ""failsafe""}",,failsafe,0.26503624059012154,3.3044649851977645,0.4943035504016609,0.07291666666666667
140,0.05,baseline,0.22,False,,0.0,0,nan,False,False,,,"{""baseline"": ""failsafe""}",,,,,,
140,0.05,bbse,0.22,False,,0.0,0,nan,False,False,,,"{""bbse"": ""failsafe""}",,failsafe,1.4549147640696012,4.355802647361383,0.47786895199815843,0.13699661272111405
140,0.1,baseline,0.22,True,0.55,0.9713963116296576,2581,0.1282448663308795,True,True,0.116302,True,,baseline,,,,,
140,0.1,bbse,0.22,False,,0.0,0,nan,False,False,,,"{""bbse"": ""failsafe""}",,failsafe,1.4549147640696012,4.355802647361383,0.47786895199815843,0.13699661272111405
141,0.05,baseline,0.22,False,,0.0,0,nan,False,False,,,"{""baseline"": ""failsafe""}",,,,,,
141,0.05,bbse,0.22,False,,0.0,0,nan,False,False,,,"{""bbse"": ""failsafe""}",,failsafe,1.4028544044438744,6.394200308646033,0.48377707966073946,0.1542056074766355
141,0.1,baseline,0.22,True,0.55,0.9719626168224299,624,0.11378205128205128,False,True,0.111517,True,,baseline,,,,,
141,0.1,bbse,0.22,False,,0.0,0,nan,False,False,,,"{""bbse"": ""failsafe""}",,failsafe,1.4028544044438744,6.394200308646033,0.48377707966073946,0.1542056074766355
142,0.05,baseline,0.22,False,,0.0,0,nan,False,False,,,"{""baseline"": ""failsafe""}",,,,,,
142,0.05,bbse,0.22,False,,0.0,0,nan,False,False,,,"{""bbse"": ""failsafe""}",,failsafe,1.1982119940619473,8.762386474335107,0.47093613462540446,0.16766467065868262
142,0.1,baseline,0.22,True,0.55,0.9610778443113772,321,0.17445482866043613,True,True,0.119354,True,,baseline,,,,,
142,0.1,bbse,0.22,False,,0.0,0,nan,False,False,,,"{""bbse"": ""failsafe""}",,failsafe,1.1982119940619473,8.762386474335107,0.47093613462540446,0.16766467065868262
143,0.05,baseline,0.22,False,,0.0,0,nan,False,False,,,"{""baseline"": ""failsafe""}",,,,,,
143,0.05,bbse,0.22,False,,0.0,0,nan,False,False,,,"{""bbse"": ""failsafe""}",,failsafe,0.47601846434584894,4.343588539075668,0.549381111145127,0.11068702290076336
143,0.1,baseline,0.22,True,0.55,0.9694656488549618,254,0.06692913385826772,False,False,0.103204,True,,baseline,,,,,
143,0.1,bbse,0.22,False,,0.0,0,nan,False,False,,,"{""bbse"": ""failsafe""}",,failsafe,0.47601846434584894,4.343588539075668,0.549381111145127,0.11068702290076336
144,0.05,baseline,0.22,False,,0.0,0,nan,False,False,,,"{""baseline"": ""failsafe""}",,,,,,
144,0.05,bbse,0.22,False,,0.0,0,nan,False,False,,,"{""bbse"": ""failsafe""}",,failsafe,2.269019848821548,6.696177779917563,0.5225307888301143,0.19280916633741604
144,0.1,baseline,0.22,True,0.55,0.9695772421967602,2454,0.12550937245313773,True,True,0.10661,True,,baseline,,,,,
144,0.1,bbse,0.22,False,,0.0,0,nan,False,False,,,"{""bbse"": ""failsafe""}",,failsafe,2.269019848821548,6.696177779917563,0.5225307888301143,0.19280916633741604
145,0.05,baseline,0.22,False,,0.0,0,nan,False,False,,,"{""baseline"": ""failsafe""}",,,,,,
145,0.05,bbse,0.22,False,,0.0,0,nan,False,False,,,"{""bbse"": ""failsafe""}",,failsafe,0.4568135871099579,4.184264640132522,0.4991541626504087,0.09183673469387756
145,0.1,baseline,0.22,True,0.55,0.9761904761904762,287,0.08362369337979095,False,False,0.111384,True,,baseline,,,,,
145,0.1,bbse,0.22,False,,0.0,0,nan,False,False,,,"{""bbse"": ""failsafe""}",,failsafe,0.4568135871099579,4.184264640132522,0.4991541626504087,0.09183673469387756
146,0.05,baseline,0.22,False,,0.0,0,nan,False,False,,,"{""baseline"": ""failsafe""}",,,,,,
146,0.05,bbse,0.22,False,,0.0,0,nan,False,False,,,"{""bbse"": ""failsafe""}",,failsafe,0.7387727244924462,12.709119281953155,0.49387753308697085,0.15463917525773196
146,0.1,baseline,0.22,True,0.55,0.9690721649484536,94,0.10638297872340426,False,True,0.112471,True,,baseline,,,,,
146,0.1,bbse,0.22,False,,0.0,0,nan,False,False,,,"{""bbse"": ""failsafe""}",,failsafe,0.7387727244924462,12.709119281953155,0.49387753308697085,0.15463917525773196
147,0.05,baseline,0.22,False,,0.0,0,nan,False,False,,,"{""baseline"": ""failsafe""}",,,,,,
147,0.05,bbse,0.22,False,,0.0,0,nan,False,False,,,"{""bbse"": ""failsafe""}",,failsafe,0.7400195315269251,5.533281638446212,0.5154109596634796,0.14634146341463414
147,0.1,baseline,0.22,True,0.55,0.9792682926829268,803,0.12079701120797011,True,True,0.107757,True,,baseline,,,,,
147,0.1,bbse,0.22,False,,0.0,0,nan,False,False,,,"{""bbse"": ""failsafe""}",,failsafe,0.7400195315269251,5.533281638446212,0.5154109596634796,0.14634146341463414
148,0.05,baseline,0.22,False,,0.0,0,nan,False,False,,,"{""baseline"": ""failsafe""}",,,,,,
148,0.05,bbse,0.22,False,,0.0,0,nan,False,False,,,"{""bbse"": ""failsafe""}",,failsafe,0.4499183317134512,4.654737290015431,0.4819033408022063,0.09954751131221719
148,0.1,baseline,0.22,True,0.55,0.9909502262443439,219,0.1187214611872146,False,True,0.112397,True,,baseline,,,,,
148,0.1,bbse,0.22,False,,0.0,0,nan,False,False,,,"{""bbse"": ""failsafe""}",,failsafe,0.4499183317134512,4.654737290015431,0.4819033408022063,0.09954751131221719
149,0.05,baseline,0.22,False,,0.0,0,nan,False,False,,,"{""baseline"": ""failsafe""}",,,,,,
149,0.05,bbse,0.22,False,,0.0,0,nan,False,False,,,"{""bbse"": ""failsafe""}",,failsafe,0.43743244397190906,4.294352905460483,0.49650547024627695,0.09580838323353294
149,0.1,baseline,0.22,True,0.5700000000000001,0.9640718562874252,322,0.08385093167701864,False,False,0.113314,True,,baseline,,,,,
149,0.1,bbse,0.22,False,,0.0,0,nan,False,False,,,"{""bbse"": ""failsafe""}",,failsafe,0.43743244397190906,4.294352905460483,0.49650547024627695,0.09580838323353294
150,0.05,baseline,0.22,False,,0.0,0,nan,False,False,,,"{""baseline"": ""failsafe""}",,,,,,
150,0.05,bbse,0.22,False,,0.0,0,nan,False,False,,,"{""bbse"": ""failsafe""}",,failsafe,3.840362092213811,13.055399415316938,0.49895632514526955,0.2388
150,0.1,baseline,0.22,True,0.55,0.964,4820,0.2012448132780083,True,True,0.109004,True,,baseline,,,,,
150,0.1,bbse,0.22,False,,0.0,0,nan,False,False,,,"{""bbse"": ""failsafe""}",,failsafe,3.840362092213811,13.055399415316938,0.49895632514526955,0.2388
151,0.05,baseline,0.22,False,,0.0,0,nan,False,False,,,"{""baseline"": ""failsafe""}",,,,,,
151,0.05,bbse,0.22,False,,0.0,0,nan,False,False,,,"{""bbse"": ""failsafe""}",,failsafe,0.7238137657430259,6.010658116635348,0.5143454644139983,0.13043478260869565
151,0.1,baseline,0.22,True,0.55,0.9802371541501976,248,0.16129032258064516,True,True,0.101707,True,,baseline,,,,,
151,0.1,bbse,0.22,False,,0.0,0,nan,False,False,,,"{""bbse"": ""failsafe""}",,failsafe,0.7238137657430259,6.010658116635348,0.5143454644139983,0.13043478260869565
152,0.05,baseline,0.22,False,,0.0,0,nan,False,False,,,"{""baseline"": ""failsafe""}",,,,,,
152,0.05,bbse,0.22,False,,0.0,0,nan,False,False,,,"{""bbse"": ""failsafe""}",,failsafe,0.013346206957309295,7.134660281008502,0.49912147258984524,0.08139534883720931
152,0.1,baseline,0.22,True,0.5900000000000001,0.9651162790697675,83,0.07228915662650602,False,False,0.104966,True,,baseline,,,,,
152,0.1,bbse,0.22,False,,0.0,0,nan,False,False,,,"{""bbse"": ""failsafe""}",,failsafe,0.013346206957309295,7.134660281008502,0.49912147258984524,0.08139534883720931
153,0.05,baseline,0.22,False,,0.0,0,nan,False,False,,,"{""baseline"": ""failsafe""}",,,,,,
153,0.05,bbse,0.22,False,,0.0,0,nan,False,False,,,"{""bbse"": ""failsafe""}",,failsafe,1.8588459232737704,6.483487445507641,0.5312156233657763,0.1819645732689211
153,0.1,baseline,0.22,True,0.55,0.9758454106280193,606,0.13036303630363036,True,True,0.107898,True,,baseline,,,,,
153,0.1,bbse,0.22,False,,0.0,0,nan,False,False,,,"{""bbse"": ""failsafe""}",,failsafe,1.8588459232737704,6.483487445507641,0.5312156233657763,0.1819645732689211
154,0.05,baseline,0.22,False,,0.0,0,nan,False,False,,,"{""baseline"": ""failsafe""}",,,,,,
154,0.05,bbse,0.22,False,,0.0,0,nan,False,False,,,"{""bbse"": ""failsafe""}",,failsafe,0.607856970614212,6.302862067273317,0.5097849887066751,0.12359550561797752
154,0.1,baseline,0.22,True,0.55,0.9719101123595506,173,0.08092485549132948,False,False,0.113185,True,,baseline,,,,,
154,0.1,bbse,0.22,False,,0.0,0,nan,False,False,,,"{""bbse"": ""failsafe""}",,failsafe,0.607856970614212,6.302862067273317,0.5097849887066751,0.12359550561797752
155,0.05,baseline,0.22,False,,0.0,0,nan,False,False,,,"{""baseline"": ""failsafe""}",,,,,,
155,0.05,bbse,0.22,False,,0.0,0,nan,False,False,,,"{""bbse"": ""failsafe""}",,failsafe,1.5915253356097954,6.552932368757523,0.5009586252154076,0.1520572450805009
155,0.1,baseline,0.22,True,0.55,0.9785330948121646,547,0.12797074954296161,True,True,0.109222,True,,baseline,,,,,
155,0.1,bbse,0.22,False,,0.0,0,nan,False,False,,,"{""bbse"": ""failsafe""}",,failsafe,1.5915253356097954,6.552932368757523,0.5009586252154076,0.1520572450805009
156,0.05,baseline,0.22,False,,0.0,0,nan,False,False,,,"{""baseline"": ""failsafe""}",,,,,,
156,0.05,bbse,0.22,False,,0.0,0,nan,False,False,,,"{""bbse"": ""failsafe""}",,failsafe,1.2168290435405074,3.3064826606162443,0.4816307970840654,0.108
156,0.1,baseline,0.22,True,0.5900000000000001,0.9642,4821,0.0864965774735532,False,False,0.108222,True,,baseline,,,,,
156,0.1,bbse,0.22,False,,0.0,0,nan,False,False,,,"{""bbse"": ""failsafe""}",,failsafe,1.2168290435405074,3.3064826606162443,0.4816307970840654,0.108
157,0.05,baseline,0.22,False,,0.0,0,nan,False,False,,,"{""baseline"": ""failsafe""}",,,,,,
157,0.05,bbse,0.22,False,,0.0,0,nan,False,False,,,"{""bbse"": ""failsafe""}",,failsafe,1.3758064511106312,5.706064957534596,0.5059525352029333,0.13374233128834356
157,0.1,baseline,0.22,True,0.55,0.9693251533742331,790,0.09113924050632911,False,False,0.108883,True,,baseline,,,,,
157,0.1,bbse,0.22,False,,0.0,0,nan,False,False,,,"{""bbse"": ""failsafe""}",,failsafe,1.3758064511106312,5.706064957534596,0.5059525352029333,0.13374233128834356
158,0.05,baseline,0.22,False,,0.0,0,nan,False,False,,,"{""baseline"": ""failsafe""}",,,,,,
158,0.05,bbse,0.22,False,,0.0,0,nan,False,False,,,"{""bbse"": ""failsafe""}",,failsafe,0.33778029216204564,6.155247363329293,0.493486952311915,0.10687022900763359
158,0.1,baseline,0.22,True,0.55,0.9847328244274809,129,0.07751937984496124,False,False,0.117242,True,,baseline,,,,,
158,0.1,bbse,0.22,False,,0.0,0,nan,False,False,,,"{""bbse"": ""failsafe""}",,failsafe,0.33778029216204564,6.155247363329293,0.493486952311915,0.10687022900763359
159,0.05,baseline,0.22,False,,0.0,0,nan,False,False,,,"{""baseline"": ""failsafe""}",,,,,,
159,0.05,bbse,0.22,False,,0.0,0,nan,False,False,,,"{""bbse"": ""failsafe""}",,failsafe,0.43795945741153997,13.505107854637753,0.4844587514207026,0.13186813186813187
159,0.1,baseline,0.22,True,0.55,0.978021978021978,89,0.07865168539325842,False,False,0.112446,True,,baseline,,,,,
159,0.1,bbse,0.22,False,,0.0,0,nan,False,False,,,"{""bbse"": ""failsafe""}",,failsafe,0.43795945741153997,13.505107854637753,0.4844587514207026,0.13186813186813187
160,0.05,baseline,0.22,False,,0.0,0,nan,False,False,,,"{""baseline"": ""failsafe""}",,,,,,
160,0.05,bbse,0.22,False,,0.0,0,nan,False,False,,,"{""bbse"": ""failsafe""}",,failsafe,1.38758455952822,6.354630401406685,0.4994636755554693,0.15220700152207
160,0.1,baseline,0.22,True,0.55,0.974124809741248,640,0.134375,True,True,0.111256,True,,baseline,,,,,
160,0.1,bbse,0.22,False,,0.0,0,nan,False,False,,,"{""bbse"": ""failsafe""}",,failsafe,1.38758455952822,6.354630401406685,0.4994636755554693,0.15220700152207
161,0.05,baseline,0.22,False,,0.0,0,nan,False,False,,,"{""baseline"": ""failsafe""}",,,,,,
161,0.05,bbse,0.22,False,,0.0,0,nan,False,False,,,"{""bbse"": ""failsafe""}",,failsafe,1.5445989743044202,4.7908593075709405,0.487338370103992,0.1250808015513898
161,0.1,baseline,0.22,True,0.55,0.980284421460892,3033,0.08704253214638971,False,False,0.110765,True,,baseline,,,,,
161,0.1,bbse,0.22,False,,0.0,0,nan,False,False,,,"{""bbse"": ""failsafe""}",,failsafe,1.5445989743044202,4.7908593075709405,0.487338370103992,0.1250808015513898
162,0.05,baseline,0.22,False,,0.0,0,nan,False,False,,,"{""baseline"": ""failsafe""}",,,,,,
162,0.05,bbse,0.22,False,,0.0,0,nan,False,False,,,"{""bbse"": ""failsafe""}",,failsafe,1.7723595542626096,5.6281347802721635,0.48875891022258783,0.14955640050697086
162,0.1,baseline,0.22,True,0.55,0.973384030418251,1536,0.12434895833333333,True,True,0.109598,True,,baseline,,,,,
162,0.1,bbse,0.22,False,,0.0,0,nan,False,False,,,"{""bbse"": ""failsafe""}",,failsafe,1.7723595542626096,5.6281347802721635,0.48875891022258783,0.14955640050697086
163,0.05,baseline,0.22,False,,0.0,0,nan,False,False,,,"{""baseline"": ""failsafe""}",,,,,,
163,0.05,bbse,0.22,False,,0.0,0,nan,False,False,,,"{""bbse"": ""failsafe""}",,failsafe,1.9232054342324827,13.721862670607942,0.4924160768166298,0.23931623931623933
163,0.1,baseline,0.22,True,0.5700000000000001,0.9572649572649573,336,0.17261904761904762,True,True,0.105736,True,,baseline,,,,,
163,0.1,bbse,0.22,False,,0.0,0,nan,False,False,,,"{""bbse"": ""failsafe""}",,failsafe,1.9232054342324827,13.721862670607942,0.4924160768166298,0.23931623931623933
164,0.05,baseline,0.22,False,,0.0,0,nan,False,False,,,"{""baseline"": ""failsafe""}",,,,,,
164,0.05,bbse,0.22,False,,0.0,0,nan,False,False,,,"{""bbse"": ""failsafe""}",,failsafe,2.1894268644515478,114935.90099803802,0.4793912019513659,0.3125
164,0.1,baseline,0.22,True,0.55,0.9583333333333334,46,0.17391304347826086,True,True,0.115975,True,,baseline,,,,,
164,0.1,bbse,0.22,False,,0.0,0,nan,False,False,,,"{""bbse"": ""failsafe""}",,failsafe,2.1894268644515478,114935.90099803802,0.4793912019513659,0.3125
165,0.05,baseline,0.22,False,,0.0,0,nan,False,False,,,"{""baseline"": ""failsafe""}",,,,,,
165,0.05,bbse,0.22,False,,0.0,0,nan,False,False,,,"{""bbse"": ""failsafe""}",,failsafe,0.8633963136801819,5.94378739887142,0.49745574879870597,0.12341772151898735
165,0.1,baseline,0.22,True,0.5700000000000001,0.9715189873417721,307,0.10423452768729642,False,True,0.113708,True,,baseline,,,,,
165,0.1,bbse,0.22,False,,0.0,0,nan,False,False,,,"{""bbse"": ""failsafe""}",,failsafe,0.8633963136801819,5.94378739887142,0.49745574879870597,0.12341772151898735
166,0.05,baseline,0.22,False,,0.0,0,nan,False,False,,,"{""baseline"": ""failsafe""}",,,,,,
166,0.05,bbse,0.22,False,,0.0,0,nan,False,False,,,"{""bbse"": ""failsafe""}",,failsafe,1.516983956105829,3.961754933586287,0.4769335607534777,0.1409460105112279
166,0.1,baseline,0.22,True,0.55,0.9756330625895844,4084,0.09598432908912831,False,False,0.108932,True,,baseline,,,,,
166,0.1,bbse,0.22,False,,0.0,0,nan,False,False,,,"{""bbse"": ""failsafe""}",,failsafe,1.516983956105829,3.961754933586287,0.4769335607534777,0.1409460105112279
167,0.05,baseline,0.22,False,,0.0,0,nan,False,False,,,"{""baseline"": ""failsafe""}",,,,,,
167,0.05,bbse,0.22,False,,0.0,0,nan,False,False,,,"{""bbse"": ""failsafe""}",,failsafe,2.9242230685837924,14.825512045411017,0.4749584600704083,0.22644497228820268
167,0.1,baseline,0.22,True,0.55,0.9667458432304038,1221,0.20884520884520885,True,True,0.117306,True,,baseline,,,,,
167,0.1,bbse,0.22,False,,0.0,0,nan,False,False,,,"{""bbse"": ""failsafe""}",,failsafe,2.9242230685837924,14.825512045411017,0.4749584600704083,0.22644497228820268
168,0.05,baseline,0.22,False,,0.0,0,nan,False,False,,,"{""baseline"": ""failsafe""}",,,,,,
168,0.05,bbse,0.22,False,,0.0,0,nan,False,False,,,"{""bbse"": ""failsafe""}",,failsafe,0.582919564317416,3.5081209253579453,0.5135718828678063,0.09963768115942029
168,0.1,baseline,0.22,True,0.55,0.9836956521739131,543,0.08839779005524862,False,False,0.109869,True,,baseline,,,,,
168,0.1,bbse,0.22,False,,0.0,0,nan,False,False,,,"{""bbse"": ""failsafe""}",,failsafe,0.582919564317416,3.5081209253579453,0.5135718828678063,0.09963768115942029
169,0.05,baseline,0.22,False,,0.0,0,nan,False,False,,,"{""baseline"": ""failsafe""}",,,,,,
169,0.05,bbse,0.22,False,,0.0,0,nan,False,False,,,"{""bbse"": ""failsafe""}",,failsafe,1.1204186208698454,5.881768029955306,0.4737493434238283,0.1350293542074364
169,0.1,baseline,0.22,True,0.55,0.9804305283757339,1002,0.11976047904191617,True,True,0.116455,True,,baseline,,,,,
169,0.1,bbse,0.22,False,,0.0,0,nan,False,False,,,"{""bbse"": ""failsafe""}",,failsafe,1.1204186208698454,5.881768029955306,0.4737493434238283,0.1350293542074364
170,0.05,baseline,0.22,False,,0.0,0,nan,False,False,,,"{""baseline"": ""failsafe""}",,,,,,
170,0.05,bbse,0.22,False,,0.0,0,nan,False,False,,,"{""bbse"": ""failsafe""}",,failsafe,0.8049981277187462,4.592703175052248,0.4800481391546678,0.11045364891518737
170,0.1,baseline,0.22,True,0.55,0.9763313609467456,495,0.08080808080808081,False,False,0.117442,True,,baseline,,,,,
170,0.1,bbse,0.22,False,,0.0,0,nan,False,False,,,"{""bbse"": ""failsafe""}",,failsafe,0.8049981277187462,4.592703175052248,0.4800481391546678,0.11045364891518737
171,0.05,baseline,0.22,False,,0.0,0,nan,False,False,,,"{""baseline"": ""failsafe""}",,,,,,
171,0.05,bbse,0.22,False,,0.0,0,nan,False,False,,,"{""bbse"": ""failsafe""}",,failsafe,0.6277608352531489,8.336942875237987,0.4653493377867212,0.12209302325581395
171,0.1,baseline,0.22,True,0.5700000000000001,0.9825581395348837,169,0.10650887573964497,False,True,0.107028,True,,baseline,,,,,
171,0.1,bbse,0.22,False,,0.0,0,nan,False,False,,,"{""bbse"": ""failsafe""}",,failsafe,0.6277608352531489,8.336942875237987,0.4653493377867212,0.12209302325581395
172,0.05,baseline,0.22,False,,0.0,0,nan,False,False,,,"{""baseline"": ""failsafe""}",,,,,,
172,0.05,bbse,0.22,False,,0.0,0,nan,False,False,,,"{""bbse"": ""failsafe""}",,failsafe,1.0344825000920295,14.187174104146825,0.4888480938357399,0.18604651162790697
172,0.1,baseline,0.22,True,0.55,0.9612403100775194,124,0.14516129032258066,True,True,0.114453,True,,baseline,,,,,
172,0.1,bbse,0.22,False,,0.0,0,nan,False,False,,,"{""bbse"": ""failsafe""}",,failsafe,1.0344825000920295,14.187174104146825,0.4888480938357399,0.18604651162790697
173,0.05,baseline,0.22,False,,0.0,0,nan,False,False,,,"{""baseline"": ""failsafe""}",,,,,,
173,0.05,bbse,0.22,False,,0.0,0,nan,False,False,,,"{""bbse"": ""failsafe""}",,failsafe,0.3915801195695666,3.6254521790665133,0.49909487650242906,0.08372093023255814
173,0.1,baseline,0.22,True,0.5700000000000001,0.9837209302325581,423,0.11583924349881797,False,True,0.106801,True,,baseline,,,,,
173,0.1,bbse,0.22,False,,0.0,0,nan,False,False,,,"{""bbse"": ""failsafe""}",,failsafe,0.3915801195695666,3.6254521790665133,0.49909487650242906,0.08372093023255814
174,0.05,baseline,0.22,False,,0.0,0,nan,False,False,,,"{""baseline"": ""failsafe""}",,,,,,
174,0.05,bbse,0.22,False,,0.0,0,nan,False,False,,,"{""bbse"": ""failsafe""}",,failsafe,0.5885441668948825,5.098497497000576,0.4741910896701871,0.09887005649717515
174,0.1,baseline,0.22,True,0.55,0.9689265536723164,343,0.08454810495626822,False,False,0.108702,True,,baseline,,,,,
174,0.1,bbse,0.22,False,,0.0,0,nan,False,False,,,"{""bbse"": ""failsafe""}",,failsafe,0.5885441668948825,5.098497497000576,0.4741910896701871,0.09887005649717515
175,0.05,baseline,0.22,False,,0.0,0,nan,False,False,,,"{""baseline"": ""failsafe""}",,,,,,
175,0.05,bbse,0.22,False,,0.0,0,nan,False,False,,,"{""bbse"": ""bbse-misspecified""}",,bbse-misspecified,,,0.5013560051222304,0.06481481481481481
175,0.1,baseline,0.22,True,0.55,0.9907407407407407,107,0.056074766355140186,False,False,0.112825,True,,baseline,,,,,
175,0.1,bbse,0.22,False,,0.0,0,nan,False,False,,,"{""bbse"": ""bbse-misspecified""}",,bbse-misspecified,,,0.5013560051222304,0.06481481481481481
176,0.05,baseline,0.22,False,,0.0,0,nan,False,False,,,"{""baseline"": ""failsafe""}",,,,,,
176,0.05,bbse,0.22,False,,0.0,0,nan,False,False,,,"{""bbse"": ""failsafe""}",,failsafe,0.8479300944558839,5.41611890106384,0.4989755160206548,0.13297872340425532
176,0.1,baseline,0.22,True,0.5700000000000001,0.9627659574468085,362,0.11602209944751381,False,True,0.108575,True,,baseline,,,,,
176,0.1,bbse,0.22,False,,0.0,0,nan,False,False,,,"{""bbse"": ""failsafe""}",,failsafe,0.8479300944558839,5.41611890106384,0.4989755160206548,0.13297872340425532
177,0.05,baseline,0.22,False,,0.0,0,nan,False,False,,,"{""baseline"": ""failsafe""}",,,,,,
177,0.05,bbse,0.22,False,,0.0,0,nan,False,False,,,"{""bbse"": ""failsafe""}",,failsafe,1.6297379811799089,4.693288570468296,0.5151397926174509,0.15132323003845283
177,0.1,baseline,0.22,True,0.55,0.9798688079619996,4332,0.11034164358264081,True,True,0.11064,True,,baseline,,,,,
177,0.1,bbse,0.22,False,,0.0,0,nan,False,False,,,"{""bbse"": ""failsafe""}",,failsafe,1.6297379811799089,4.693288570468296,0.5151397926174509,0.15132323003845283
178,0.05,baseline,0.22,False,,0.0,0,nan,False,False,,,"{""baseline"": ""failsafe""}",,,,,,
178,0.05,bbse,0.22,False,,0.0,0,nan,False,False,,,"{""bbse"": ""failsafe""}",,failsafe,1.3871054901691113,8.297659603136182,0.4703530670955143,0.1469387755102041
178,0.1,baseline,0.22,True,0.63,0.9428571428571428,462,0.1277056277056277,True,True,0.099099,False,,baseline,,,,,
178,0.1,bbse,0.22,False,,0.0,0,nan,False,False,,,"{""bbse"": ""failsafe""}",,failsafe,1.3871054901691113,8.297659603136182,0.4703530670955143,0.1469387755102041
179,0.05,baseline,0.22,False,,0.0,0,nan,False,False,,,"{""baseline"": ""failsafe""}",,,,,,
179,0.05,bbse,0.22,False,,0.0,0,nan,False,False,,,"{""bbse"": ""failsafe""}",,failsafe,2.2994484580355934,7.551941450988178,0.4997496856473014,0.17852348993288591
179,0.1,baseline,0.22,True,0.55,0.9684563758389262,1443,0.13236313236313235,True,True,0.11035,True,,baseline,,,,,
179,0.1,bbse,0.22,False,,0.0,0,nan,False,False,,,"{""bbse"": ""failsafe""}",,failsafe,2.2994484580355934,7.551941450988178,0.4997496856473014,0.17852348993288591
180,0.05,baseline,0.22,False,,0.0,0,nan,False,False,,,"{""baseline"": ""failsafe""}",,,,,,
180,0.05,bbse,0.22,False,,0.0,0,nan,False,False,,,"{""bbse"": ""failsafe""}",,failsafe,0.15291275787561842,1.901006510053604,0.4824687697680469,0.04783258594917788
180,0.1,baseline,0.22,True,0.55,0.9835575485799701,658,0.041033434650455926,False,False,0.11299,True,,baseline,,,,,
180,0.1,bbse,0.22,False,,0.0,0,nan,False,False,,,"{""bbse"": ""failsafe""}",,failsafe,0.15291275787561842,1.901006510053604,0.4824687697680469,0.04783258594917788
181,0.05,baseline,0.22,False,,0.0,0,nan,False,False,,,"{""baseline"": ""failsafe""}",,,,,,
181,0.05,bbse,0.22,False,,0.0,0,nan,False,False,,,"{""bbse"": ""failsafe""}",,failsafe,0.9042261184982217,4.2571861518184315,0.5036104276186464,0.11359724612736662
181,0.1,baseline,0.22,True,0.55,0.9776247848537005,568,0.07570422535211267,False,False,0.105665,True,,baseline,,,,,
181,0.1,bbse,0.22,False,,0.0,0,nan,False,False,,,"{""bbse"": ""failsafe""}",,failsafe,0.9042261184982217,4.2571861518184315,0.5036104276186464,0.11359724612736662
182,0.05,baseline,0.22,False,,0.0,0,nan,False,False,,,"{""baseline"": ""failsafe""}",,,,,,
182,0.05,bbse,0.22,False,,0.0,0,nan,False,False,,,"{""bbse"": ""failsafe""}",,failsafe,0.2638906573676568,5.928104839228653,0.453481539687714,0.09032258064516129
182,0.1,baseline,0.22,True,0.55,0.9741935483870968,151,0.06622516556291391,False,False,0.109841,True,,baseline,,,,,
182,0.1,bbse,0.22,False,,0.0,0,nan,False,False,,,"{""bbse"": ""failsafe""}",,failsafe,0.2638906573676568,5.928104839228653,0.453481539687714,0.09032258064516129
183,0.05,baseline,0.22,False,,0.0,0,nan,False,False,,,"{""baseline"": ""failsafe""}",,,,,,
183,0.05,bbse,0.22,False,,0.0,0,nan,False,False,,,"{""bbse"": ""failsafe""}",,failsafe,0.02197292549862571,1.6723860845933314,0.5258617633793012,0.04830917874396135
183,0.1,baseline,0.22,True,0.55,0.9830917874396136,407,0.04914004914004914,False,False,0.104399,True,,baseline,,,,,
183,0.1,bbse,0.22,False,,0.0,0,nan,False,False,,,"{""bbse"": ""failsafe""}",,failsafe,0.02197292549862571,1.6723860845933314,0.5258617633793012,0.04830917874396135
184,0.05,baseline,0.22,False,,0.0,0,nan,False,False,,,"{""baseline"": ""failsafe""}",,,,,,
184,0.05,bbse,0.22,False,,0.0,0,nan,False,False,,,"{""bbse"": ""failsafe""}",,failsafe,0.32374860780366754,3.190366392083186,0.520492623130455,0.08936170212765958
184,0.1,baseline,0.22,True,0.55,0.9829787234042553,462,0.08441558441558442,False,False,0.103093,True,,baseline,,,,,
184,0.1,bbse,0.22,False,,0.0,0,nan,False,False,,,"{""bbse"": ""failsafe""}",,failsafe,0.32374860780366754,3.190366392083186,0.520492623130455,0.08936170212765958
185,0.05,baseline,0.22,False,,0.0,0,nan,False,False,,,"{""baseline"": ""failsafe""}",,,,,,
185,0.05,bbse,0.22,False,,0.0,0,nan,False,False,,,"{""bbse"": ""failsafe""}",,failsafe,0.6886999225642942,4.00973983963674,0.49166832652116016,0.09992193598750976
185,0.1,baseline,0.22,True,0.5900000000000001,0.9578454332552693,1227,0.07823960880195599,False,False,0.103433,True,,baseline,,,,,
185,0.1,bbse,0.22,False,,0.0,0,nan,False,False,,,"{""bbse"": ""failsafe""}",,failsafe,0.6886999225642942,4.00973983963674,0.49166832652116016,0.09992193598750976
186,0.05,baseline,0.22,False,,0.0,0,nan,False,False,,,"{""baseline"": ""failsafe""}",,,,,,
186,0.05,bbse,0.22,False,,0.0,0,nan,False,False,,,"{""bbse"": ""failsafe""}",,failsafe,1.055875988423085,5.842964819233922,0.5080965333752784,0.141804788213628
186,0.1,baseline,0.22,True,0.55,0.9779005524861878,531,0.08286252354048965,False,False,0.105943,True,,baseline,,,,,
186,0.1,bbse,0.22,False,,0.0,0,nan,False,False,,,"{""bbse"": ""failsafe""}",,failsafe,1.055875988423085,5.842964819233922,0.5080965333752784,0.141804788213628
187,0.05,baseline,0.22,False,,0.0,0,nan,False,False,,,"{""baseline"": ""failsafe""}",,,,,,
187,0.05,bbse,0.22,False,,0.0,0,nan,False,False,,,"{""bbse"": ""failsafe""}",,failsafe,1.5222248833046506,4.588296004995093,0.5050438814927977,0.15655577299412915
187,0.1,baseline,0.22,True,0.55,0.9784735812133072,1500,0.12866666666666668,True,True,0.111518,True,,baseline,,,,,
187,0.1,bbse,0.22,False,,0.0,0,nan,False,False,,,"{""bbse"": ""failsafe""}",,failsafe,1.5222248833046506,4.588296004995093,0.5050438814927977,0.15655577299412915
188,0.05,baseline,0.22,False,,0.0,0,nan,False,False,,,"{""baseline"": ""failsafe""}",,,,,,
188,0.05,bbse,0.22,False,,0.0,0,nan,False,False,,,"{""bbse"": ""failsafe""}",,failsafe,2.5281542279747415,7.853787353175466,0.5073212406936316,0.22094361334867663
188,0.1,baseline,0.22,True,0.55,0.9620253164556962,1672,0.13875598086124402,True,True,0.104383,True,,baseline,,,,,
188,0.1,bbse,0.22,False,,0.0,0,nan,False,False,,,"{""bbse"": ""failsafe""}",,failsafe,2.5281542279747415,7.853787353175466,0.5073212406936316,0.22094361334867663
189,0.05,baseline,0.22,False,,0.0,0,nan,False,False,,,"{""baseline"": ""failsafe""}",,,,,,
189,0.05,bbse,0.22,False,,0.0,0,nan,False,False,,,"{""bbse"": ""failsafe""}",,failsafe,0.7885319482750011,3.3189962316346624,0.5076866911572195,0.10009813542688911
189,0.1,baseline,0.22,True,0.55,0.9793915603532876,998,0.07114228456913828,False,False,0.113319,True,,baseline,,,,,
189,0.1,bbse,0.22,False,,0.0,0,nan,False,False,,,"{""bbse"": ""failsafe""}",,failsafe,0.7885319482750011,3.3189962316346624,0.5076866911572195,0.10009813542688911
190,0.05,baseline,0.22,False,,0.0,0,nan,False,False,,,"{""baseline"": ""failsafe""}",,,,,,
190,0.05,bbse,0.22,False,,0.0,0,nan,False,False,,,"{""bbse"": ""failsafe""}",,failsafe,1.5213466489643648,5.099336277971269,0.5024613154938528,0.14882655981682885
190,0.1,baseline,0.22,True,0.5700000000000001,0.9736691471093303,1701,0.09700176366843033,False,False,0.106989,True,,baseline,,,,,
190,0.1,bbse,0.22,False,,0.0,0,nan,False,False,,,"{""bbse"": ""failsafe""}",,failsafe,1.5213466489643648,5.099336277971269,0.5024613154938528,0.14882655981682885
191,0.05,baseline,0.22,False,,0.0,0,nan,False,False,,,"{""baseline"": ""failsafe""}",,,,,,
191,0.05,bbse,0.22,False,,0.0,0,nan,False,False,,,"{""bbse"": ""failsafe""}",,failsafe,0.5044747443091306,5.238243713416697,0.4817542866265777,0.10619469026548672
191,0.1,baseline,0.22,True,0.55,0.9911504424778761,224,0.10267857142857142,False,True,0.110218,True,,baseline,,,,,
191,0.1,bbse,0.22,False,,0.0,0,nan,False,False,,,"{""bbse"": ""failsafe""}",,failsafe,0.5044747443091306,5.238243713416697,0.4817542866265777,0.10619469026548672
192,0.05,baseline,0.22,False,,0.0,0,nan,False,False,,,"{""baseline"": ""failsafe""}",,,,,,
192,0.05,bbse,0.22,False,,0.0,0,nan,False,False,,,"{""bbse"": ""failsafe""}",,failsafe,0.8294378495748451,6.429535607248493,0.4723099821402945,0.13247863247863248
192,0.1,baseline,0.22,True,0.55,0.9829059829059829,230,0.10434782608695652,False,True,0.110561,True,,baseline,,,,,
192,0.1,bbse,0.22,False,,0.0,0,nan,False,False,,,"{""bbse"": ""failsafe""}",,failsafe,0.8294378495748451,6.429535607248493,0.4723099821402945,0.13247863247863248
193,0.05,baseline,0.22,False,,0.0,0,nan,False,False,,,"{""baseline"": ""failsafe""}",,,,,,
193,0.05,bbse,0.22,False,,0.0,0,nan,False,False,,,"{""bbse"": ""failsafe""}",,failsafe,1.0629586859205846,5.271986754952336,0.5069649995246698,0.12824956672443674
193,0.1,baseline,0.22,True,0.61,0.9532062391681109,550,0.06545454545454546,False,False,0.098103,False,,baseline,,,,,
193,0.1,bbse,0.22,False,,0.0,0,nan,False,False,,,"{""bbse"": ""failsafe""}",,failsafe,1.0629586859205846,5.271986754952336,0.5069649995246698,0.12824956672443674
194,0.05,baseline,0.22,False,,0.0,0,nan,False,False,,,"{""baseline"": ""failsafe""}",,,,,,
194,0.05,bbse,0.22,False,,0.0,0,nan,False,False,,,"{""bbse"": ""failsafe""}",,failsafe,1.3032917675789182,5.103104483458943,0.503393216921644,0.14368650217706821
194,0.1,baseline,0.22,True,0.55,0.965166908563135,665,0.12781954887218044,True,True,0.111432,True,,baseline,,,,,
194,0.1,bbse,0.22,False,,0.0,0,nan,False,False,,,"{""bbse"": ""failsafe""}",,failsafe,1.3032917675789182,5.103104483458943,0.503393216921644,0.14368650217706821
195,0.05,baseline,0.22,False,,0.0,0,nan,False,False,,,"{""baseline"": ""failsafe""}",,,,,,
195,0.05,bbse,0.22,False,,0.0,0,nan,False,False,,,"{""bbse"": ""failsafe""}",,failsafe,0.774718658133038,5.103167756950809,0.45706687433008103,0.10968921389396709
195,0.1,baseline,0.22,True,0.5700000000000001,0.9744058500914077,533,0.07692307692307693,False,False,0.115737,True,,baseline,,,,,
195,0.1,bbse,0.22,False,,0.0,0,nan,False,False,,,"{""bbse"": ""failsafe""}",,failsafe,0.774718658133038,5.103167756950809,0.45706687433008103,0.10968921389396709
196,0.05,baseline,0.22,False,,0.0,0,nan,False,False,,,"{""baseline"": ""failsafe""}",,,,,,
196,0.05,bbse,0.22,False,,0.0,0,nan,False,False,,,"{""bbse"": ""failsafe""}",,failsafe,1.2817598655885805,17.778599270657168,0.49092347291900573,0.1888111888111888
196,0.1,baseline,0.22,True,0.55,0.965034965034965,138,0.11594202898550725,False,True,0.113104,True,,baseline,,,,,
196,0.1,bbse,0.22,False,,0.0,0,nan,False,False,,,"{""bbse"": ""failsafe""}",,failsafe,1.2817598655885805,17.778599270657168,0.49092347291900573,0.1888111888111888
197,0.05,baseline,0.22,False,,0.0,0,nan,False,False,,,"{""baseline"": ""failsafe""}",,,,,,
197,0.05,bbse,0.22,False,,0.0,0,nan,False,False,,,"{""bbse"": ""failsafe""}",,failsafe,1.4932874969542822,9.694730920257667,0.4863716293135097,0.19746835443037974
197,0.1,baseline,0.22,True,0.5700000000000001,0.9696202531645569,383,0.1801566579634465,True,True,0.108625,True,,baseline,,,,,
197,0.1,bbse,0.22,False,,0.0,0,nan,False,False,,,"{""bbse"": ""failsafe""}",,failsafe,1.4932874969542822,9.694730920257667,0.4863716293135097,0.19746835443037974
198,0.05,baseline,0.22,False,,0.0,0,nan,False,False,,,"{""baseline"": ""failsafe""}",,,,,,
198,0.05,bbse,0.22,False,,0.0,0,nan,False,False,,,"{""bbse"": ""failsafe""}",,failsafe,1.229653824820461,10.105610831725816,0.5018906743095863,0.1807511737089202
198,0.1,baseline,0.22,True,0.55,0.9671361502347418,412,0.11650485436893204,False,True,0.112404,True,,baseline,,,,,
198,0.1,bbse,0.22,False,,0.0,0,nan,False,False,,,"{""bbse"": ""failsafe""}",,failsafe,1.229653824820461,10.105610831725816,0.5018906743095863,0.1807511737089202
199,0.05,baseline,0.22,False,,0.0,0,nan,False,False,,,"{""baseline"": ""failsafe""}",,,,,,
199,0.05,bbse,0.22,False,,0.0,0,nan,False,False,,,"{""bbse"": ""failsafe""}",,failsafe,1.3302328926987146,6.577620465666415,0.4772642150784117,0.1326530612244898
199,0.1,baseline,0.22,True,0.55,0.9823747680890538,1059,0.10764872521246459,False,True,0.11391,True,,baseline,,,,,
199,0.1,bbse,0.22,False,,0.0,0,nan,False,False,,,"{""bbse"": ""failsafe""}",,failsafe,1.3302328926987146,6.577620465666415,0.4772642150784117,0.1326530612244898
0,0.05,baseline,0.095,False,,0.0,0,nan,False,False,,,"{""baseline"": ""failsafe""}",,,,,,
0,0.05,bbse,0.095,False,,0.0,0,nan,False,False,,,"{""bbse"": ""failsafe""}",,failsafe,0.7187926819865672,2.770686699239509,0.5276950246716282,0.09442622950819672
0,0.1,baseline,0.095,True,0.55,0.9849180327868853,1502,0.06790945406125166,False,False,0.055417,False,,baseline,,,,,
0,0.1,bbse,0.095,False,,0.0,0,nan,False,False,,,"{""bbse"": ""failsafe""}",,failsafe,0.7187926819865672,2.770686699239509,0.5276950246716282,0.09442622950819672
1,0.05,baseline,0.095,False,,0.0,0,nan,False,False,,,"{""baseline"": ""failsafe""}",,,,,,
1,0.05,bbse,0.095,False,,0.0,0,nan,False,False,,,"{""bbse"": ""failsafe""}",,failsafe,0.2895144419316947,1.736536795271848,0.49989222183411064,0.06725888324873096
1,0.1,baseline,0.095,True,0.55,0.9847715736040609,776,0.04639175257731959,False,False,0.056725,False,,baseline,,,,,
1,0.1,bbse,0.095,False,,0.0,0,nan,False,False,,,"{""bbse"": ""failsafe""}",,failsafe,0.2895144419316947,1.736536795271848,0.49989222183411064,0.06725888324873096
2,0.05,baseline,0.095,False,,0.0,0,nan,False,False,,,"{""baseline"": ""failsafe""}",,,,,,
2,0.05,bbse,0.095,False,,0.0,0,nan,False,False,,,"{""bbse"": ""failsafe""}",,failsafe,0.6205525670023558,6.471549526411388,0.5174022605910642,0.12804878048780488
2,0.1,baseline,0.095,True,0.55,0.975609756097561,160,0.0875,False,False,0.058511,False,,baseline,,,,,
2,0.1,bbse,0.095,False,,0.0,0,nan,False,False,,,"{""bbse"": ""failsafe""}",,failsafe,0.6205525670023558,6.471549526411388,0.5174022605910642,0.12804878048780488
3,0.05,baseline,0.095,False,,0.0,0,nan,False,False,,,"{""baseline"": ""failsafe""}",,,,,,
3,0.05,bbse,0.095,False,,0.0,0,nan,False,False,,,"{""bbse"": ""failsafe""}",,failsafe,0.9574940227894598,12.332685708154234,0.48158973931988935,0.15625
3,0.1,baseline,0.095,True,0.55,0.9609375,123,0.0975609756097561,False,False,0.057143,False,,baseline,,,,,
3,0.1,bbse,0.095,False,,0.0,0,nan,False,False,,,"{""bbse"": ""failsafe""}",,failsafe,0.9574940227894598,12.332685708154234,0.48158973931988935,0.15625
4,0.05,baseline,0.095,False,,0.0,0,nan,False,False,,,"{""baseline"": ""failsafe""}",,,,,,
4,0.05,bbse,0.095,False,,0.0,0,nan,False,False,,,"{""bbse"": ""failsafe""}",,failsafe,0.020774451755854594,4.130935005526863,0.5194937670347031,0.07874015748031496
4,0.1,baseline,0.095,True,0.55,0.9763779527559056,124,0.04838709677419355,False,False,0.056934,False,,baseline,,,,,
4,0.1,bbse,0.095,False,,0.0,0,nan,False,False,,,"{""bbse"": ""failsafe""}",,failsafe,0.020774451755854594,4.130935005526863,0.5194937670347031,0.07874015748031496
5,0.05,baseline,0.095,False,,0.0,0,nan,False,False,,,"{""baseline"": ""failsafe""}",,,,,,
5,0.05,bbse,0.095,False,,0.0,0,nan,False,False,,,"{""bbse"": ""failsafe""}",,failsafe,0.10618580394585825,4.0154776351307415,0.4931775757637407,0.06976744186046512
5,0.1,baseline,0.095,True,0.55,0.9767441860465116,168,0.03571428571428571,False,False,0.059054,False,,baseline,,,,,
5,0.1,bbse,0.095,False,,0.0,0,nan,False,False,,,"{""bbse"": ""failsafe""}",,failsafe,0.10618580394585825,4.0154776351307415,0.4931775757637407,0.06976744186046512
6,0.05,baseline,0.095,False,,0.0,0,nan,False,False,,,"{""baseline"": ""failsafe""}",,,,,,
6,0.05,bbse,0.095,False,,0.0,0,nan,False,False,,,"{""bbse"": ""failsafe""}",,failsafe,0.1171379420996573,16.395126990241124,0.5219905942546474,0.13953488372093023
6,0.1,baseline,0.095,True,0.55,0.9767441860465116,42,0.047619047619047616,False,False,0.058209,False,,baseline,,,,,
6,0.1,bbse,0.095,False,,0.0,0,nan,False,False,,,"{""bbse"": ""failsafe""}",,failsafe,0.1171379420996573,16.395126990241124,0.5219905942546474,0.13953488372093023
7,0.05,baseline,0.095,False,,0.0,0,nan,False,False,,,"{""baseline"": ""failsafe""}",,,,,,
7,0.05,bbse,0.095,False,,0.0,0,nan,False,False,,,"{""bbse"": ""failsafe""}",,failsafe,0.1176908989732194,5.361156819138029,0.4677614087462013,0.08264462809917356
7,0.1,baseline,0.095,True,0.55,0.9834710743801653,119,0.008403361344537815,False,False,0.057359,False,,baseline,,,,,
7,0.1,bbse,0.095,False,,0.0,0,nan,False,False,,,"{""bbse"": ""failsafe""}",,failsafe,0.1176908989732194,5.361156819138029,0.4677614087462013,0.08264462809917356
8,0.05,baseline,0.095,False,,0.0,0,nan,False,False,,,"{""baseline"": ""failsafe""}",,,,,,
8,0.05,bbse,0.095,False,,0.0,0,nan,False,False,,,"{""bbse"": ""failsafe""}",,failsafe,0.29780061775241584,2.9306249540416087,0.5046672784186544,0.07458563535911603
8,0.1,baseline,0.095,True,0.55,0.9806629834254144,355,0.036619718309859155,False,False,0.056858,False,,baseline,,,,,
8,0.1,bbse,0.095,False,,0.0,0,nan,False,False,,,"{""bbse"": ""failsafe""}",,failsafe,0.29780061775241584,2.9306249540416087,0.5046672784186544,0.07458563535911603
9,0.05,baseline,0.095,False,,0.0,0,nan,False,False,,,"{""baseline"": ""failsafe""}",,,,,,
9,0.05,bbse,0.095,False,,0.0,0,nan,False,False,,,"{""bbse"": ""bbse-misspecified""}",,bbse-misspecified,,,0.5013537345333794,0.058394160583941604
9,0.1,baseline,0.095,True,0.55,1.0,137,0.014598540145985401,False,False,0.057095,False,,baseline,,,,,
9,0.1,bbse,0.095,False,,0.0,0,nan,False,False,,,"{""bbse"": ""bbse-misspecified""}",,bbse-misspecified,,,0.5013537345333794,0.058394160583941604
10,0.05,baseline,0.095,False,,0.0,0,nan,False,False,,,"{""baseline"": ""failsafe""}",,,,,,
10,0.05,bbse,0.095,False,,0.0,0,nan,False,False,,,"{""bbse"": ""failsafe""}",,failsafe,0.3363082873116236,1.8692284751785877,0.5408782434671944,0.06983240223463687
10,0.1,baseline,0.095,True,0.5700000000000001,0.9825418994413407,1407,0.0433546552949538,False,False,0.05643,False,,baseline,,,,,
10,0.1,bbse,0.095,False,,0.0,0,nan,False,False,,,"{""bbse"": ""failsafe""}",,failsafe,0.3363082873116236,1.8692284751785877,0.5408782434671944,0.06983240223463687
11,0.05,baseline,0.095,False,,0.0,0,nan,False,False,,,"{""baseline"": ""failsafe""}",,,,,,
11,0.05,bbse,0.095,False,,0.0,0,nan,False,False,,,"{""bbse"": ""failsafe""}",,failsafe,0.10710140639986832,0.905601797786924,0.5070072584653315,0.04235423542354235
11,0.1,baseline,0.095,True,0.55,0.9884488448844885,1797,0.035614913745130775,False,False,0.057245,False,,baseline,,,,,
11,0.1,bbse,0.095,True,0.61,0.9774477447744775,1777,0.030388294879009566,False,False,0.050268,False,,bbse,,0.10710140639986832,0.905601797786924,0.5070072584653315,0.04235423542354235
12,0.05,baseline,0.095,False,,0.0,0,nan,False,False,,,"{""baseline"": ""failsafe""}",,,,,,
12,0.05,bbse,0.095,False,,0.0,0,nan,False,False,,,"{""bbse"": ""bbse-misspecified""}",,bbse-misspecified,,,0.49340941123870696,0.03636363636363636
12,0.1,baseline,0.095,True,0.55,0.9878787878787879,163,0.04294478527607362,False,False,0.058146,False,,baseline,,,,,
12,0.1,bbse,0.095,False,,0.0,0,nan,False,False,,,"{""bbse"": ""bbse-misspecified""}",,bbse-misspecified,,,0.49340941123870696,0.03636363636363636
13,0.05,baseline,0.095,False,,0.0,0,nan,False,False,,,"{""baseline"": ""failsafe""}",,,,,,
13,0.05,bbse,0.095,False,,0.0,0,nan,False,False,,,"{""bbse"": ""failsafe""}",,failsafe,0.0007225015376282313,2.251429016230037,0.478104182724967,0.040268456375838924
13,0.1,baseline,0.095,True,0.5700000000000001,0.9798657718120806,292,0.06164383561643835,False,False,0.055513,False,,baseline,,,,,
13,0.1,bbse,0.095,False,,0.0,0,nan,False,False,,,"{""bbse"": ""failsafe""}",,failsafe,0.0007225015376282313,2.251429016230037,0.478104182724967,0.040268456375838924
14,0.05,baseline,0.095,False,,0.0,0,nan,False,False,,,"{""baseline"": ""failsafe""}",,,,,,
14,0.05,bbse,0.095,False,,0.0,0,nan,False,False,,,"{""bbse"": ""failsafe""}",,failsafe,0.5588418608290725,2.6939389251290695,0.5140731177842033,0.0916988416988417
14,0.1,baseline,0.095,True,0.55,0.9816602316602316,1017,0.06293018682399214,False,False,0.057697,False,,baseline,,,,,
14,0.1,bbse,0.095,False,,0.0,0,nan,False,False,,,"{""bbse"": ""failsafe""}",,failsafe,0.5588418608290725,2.6939389251290695,0.5140731177842033,0.0916988416988417
15,0.05,baseline,0.095,False,,0.0,0,nan,False,False,,,"{""baseline"": ""failsafe""}",,,,,,
15,0.05,bbse,0.095,False,,0.0,0,nan,False,False,,,"{""bbse"": ""failsafe""}",,failsafe,0.32533373827733636,1.9647477948673302,0.4996961954002285,0.06217616580310881
15,0.1,baseline,0.095,True,0.55,0.9875647668393782,953,0.055613850996852045,False,False,0.059829,False,,baseline,,,,,
15,0.1,bbse,0.095,False,,0.0,0,nan,False,False,,,"{""bbse"": ""failsafe""}",,failsafe,0.32533373827733636,1.9647477948673302,0.4996961954002285,0.06217616580310881
16,0.05,baseline,0.095,False,,0.0,0,nan,False,False,,,"{""baseline"": ""failsafe""}",,,,,,
16,0.05,bbse,0.095,False,,0.0,0,nan,False,False,,,"{""bbse"": ""failsafe""}",,failsafe,0.5781514301785894,2.3724005306926017,0.4968440803244211,0.0831858407079646
16,0.1,baseline,0.095,True,0.55,0.9870206489675516,1673,0.06455469216975493,False,False,0.054307,False,,baseline,,,,,
16,0.1,bbse,0.095,False,,0.0,0,nan,False,False,,,"{""bbse"": ""failsafe""}",,failsafe,0.5781514301785894,2.3724005306926017,0.4968440803244211,0.0831858407079646
17,0.05,baseline,0.095,False,,0.0,0,nan,False,False,,,"{""baseline"": ""failsafe""}",,,,,,
17,0.05,bbse,0.095,False,,0.0,0,nan,False,False,,,"{""bbse"": ""failsafe""}",,failsafe,0.18835877441037766,1.4193081138963628,0.503383459836641,0.05188679245283019
17,0.1,baseline,0.095,True,0.55,0.9867924528301887,1046,0.04684512428298279,False,False,0.059999,False,,baseline,,,,,
17,0.1,bbse,0.095,False,,0.0,0,nan,False,False,,,"{""bbse"": ""failsafe""}",,failsafe,0.18835877441037766,1.4193081138963628,0.503383459836641,0.05188679245283019
18,0.05,baseline,0.095,False,,0.0,0,nan,False,False,,,"{""baseline"": ""failsafe""}",,,,,,
18,0.05,bbse,0.095,False,,0.0,0,nan,False,False,,,"{""bbse"": ""bbse-misspecified""}",,bbse-misspecified,,,0.5119141946130136,0.030201342281879196
18,0.1,baseline,0.095,True,0.55,0.9899328859060402,295,0.01694915254237288,False,False,0.059146,False,,baseline,,,,,
18,0.1,bbse,0.095,False,,0.0,0,nan,False,False,,,"{""bbse"": ""bbse-misspecified""}",,bbse-misspecified,,,0.5119141946130136,0.030201342281879196
19,0.05,baseline,0.095,False,,0.0,0,nan,False,False,,,"{""baseline"": ""failsafe""}",,,,,,
19,0.05,bbse,0.095,False,,0.0,0,nan,False,False,,,"{""bbse"": ""bbse-misspecified""}",,bbse-misspecified,,,0.5018790484285459,0.03587443946188341
19,0.1,baseline,0.095,True,0.55,0.9955156950672646,222,0.036036036036036036,False,False,0.057473,False,,baseline,,,,,
19,0.1,bbse,0.095,False,,0.0,0,nan,False,False,,,"{""bbse"": ""bbse-misspecified""}",,bbse-misspecified,,,0.5018790484285459,0.03587443946188341
20,0.05,baseline,0.095,False,,0.0,0,nan,False,False,,,"{""baseline"": ""failsafe""}",,,,,,
20,0.05,bbse,0.095,False,,0.0,0,nan,False,False,,,"{""bbse"": ""failsafe""}",,failsafe,0.06606557428073402,1.7148695224800146,0.5189881524221828,0.05384615384615385
20,0.1,baseline,0.095,True,0.55,0.9871794871794872,385,0.06493506493506493,False,False,0.057074,False,,baseline,,,,,
20,0.1,bbse,0.095,False,,0.0,0,nan,False,False,,,"{""bbse"": ""failsafe""}",,failsafe,0.06606557428073402,1.7148695224800146,0.5189881524221828,0.05384615384615385
21,0.05,baseline,0.095,False,,0.0,0,nan,False,False,,,"{""baseline"": ""failsafe""}",,,,,,
21,0.05,bbse,0.095,False,,0.0,0,nan,False,False,,,"{""bbse"": ""failsafe""}",,failsafe,0.2526308564200486,2.5526278378263925,0.5150675378390218,0.07207207207207207
21,0.1,baseline,0.095,True,0.55,0.9797297297297297,435,0.05057471264367816,False,False,0.059948,False,,baseline,,,,,
21,0.1,bbse,0.095,False,,0.0,0,nan,False,False,,,"{""bbse"": ""failsafe""}",,failsafe,0.2526308564200486,2.5526278378263925,0.5150675378390218,0.07207207207207207
22,0.05,baseline,0.095,False,,0.0,0,nan,False,False,,,"{""baseline"": ""failsafe""}",,,,,,
22,0.05,bbse,0.095,False,,0.0,0,nan,False,False,,,"{""bbse"": ""bbse-misspecified""}",,bbse-misspecified,,,0.4978038741491861,0.024630541871921183
22,0.1,baseline,0.095,True,0.61,0.9753694581280788,396,0.025252525252525252,False,False,0.0509,False,,baseline,,,,,
22,0.1,bbse,0.095,False,,0.0,0,nan,False,False,,,"{""bbse"": ""bbse-misspecified""}",,bbse-misspecified,,,0.4978038741491861,0.024630541871921183
23,0.05,baseline,0.095,False,,0.0,0,nan,False,False,,,"{""baseline"": ""failsafe""}",,,,,,
23,0.05,bbse,0.095,False,,0.0,0,nan,False,False,,,"{""bbse"": ""failsafe""}",,failsafe,0.38901462556947863,2.506449741102012,0.49348944679050766,0.07924921793534932
23,0.1,baseline,0.095,True,0.55,0.9937434827945777,953,0.06610703043022036,False,False,0.055812,False,,baseline,,,,,
23,0.1,bbse,0.095,False,,0.0,0,nan,False,False,,,"{""bbse"": ""failsafe""}",,failsafe,0.38901462556947863,2.506449741102012,0.49348944679050766,0.07924921793534932
24,0.05,baseline,0.095,False,,0.0,0,nan,False,False,,,"{""baseline"": ""failsafe""}",,,,,,
24,0.05,bbse,0.095,False,,0.0,0,nan,False,False,,,"{""bbse"": ""bbse-misspecified""}",,bbse-misspecified,,,0.5326536172967331,0.03773584905660377
24,0.1,baseline,0.095,True,0.55,1.0,53,0.018867924528301886,False,False,0.057458,False,,baseline,,,,,
24,0.1,bbse,0.095,False,,0.0,0,nan,False,False,,,"{""bbse"": ""bbse-misspecified""}",,bbse-misspecified,,,0.5326536172967331,0.03773584905660377
25,0.05,baseline,0.095,False,,0.0,0,nan,False,False,,,"{""baseline"": ""failsafe""}",,,,,,
25,0.05,bbse,0.095,False,,0.0,0,nan,False,False,,,"{""bbse"": ""failsafe""}",,failsafe,0.21533762427216138,2.125331649031226,0.48255313746739475,0.056921086675291076
25,0.1,baseline,0.095,True,0.55,0.9844760672703752,761,0.0328515111695138,False,False,0.060219,False,,baseline,,,,,
25,0.1,bbse,0.095,False,,0.0,0,nan,False,False,,,"{""bbse"": ""failsafe""}",,failsafe,0.21533762427216138,2.125331649031226,0.48255313746739475,0.056921086675291076
26,0.05,baseline,0.095,False,,0.0,0,nan,False,False,,,"{""baseline"": ""failsafe""}",,,,,,
26,0.05,bbse,0.095,False,,0.0,0,nan,False,False,,,"{""bbse"": ""failsafe""}",,failsafe,0.4107355865137664,1.950391327748865,0.49868483808109226,0.06544754571703561
26,0.1,baseline,0.095,True,0.55,0.9797882579403272,1018,0.04911591355599214,False,False,0.05637,False,,baseline,,,,,
26,0.1,bbse,0.095,False,,0.0,0,nan,False,False,,,"{""bbse"": ""failsafe""}",,failsafe,0.4107355865137664,1.950391327748865,0.49868483808109226,0.06544754571703561
27,0.05,baseline,0.095,False,,0.0,0,nan,False,False,,,"{""baseline"": ""failsafe""}",,,,,,
27,0.05,bbse,0.095,False,,0.0,0,nan,False,False,,,"{""bbse"": ""failsafe""}",,failsafe,0.011875850037530057,5.207780895180307,0.5070234939769002,0.06837606837606838
27,0.1,baseline,0.095,True,0.55,1.0,117,0.09401709401709402,False,False,0.056976,False,,baseline,,,,,
27,0.1,bbse,0.095,False,,0.0,0,nan,False,False,,,"{""bbse"": ""failsafe""}",,failsafe,0.011875850037530057,5.207780895180307,0.5070234939769002,0.06837606837606838
28,0.05,baseline,0.095,False,,0.0,0,nan,False,False,,,"{""baseline"": ""failsafe""}",,,,,,
28,0.05,bbse,0.095,False,,0.0,0,nan,False,False,,,"{""bbse"": ""failsafe""}",,failsafe,0.07205258554619061,2.447004298156749,0.4841596057288114,0.05704697986577181
28,0.1,baseline,0.095,True,0.55,0.9932885906040269,296,0.05067567567567568,False,False,0.058992,False,,baseline,,,,,
28,0.1,bbse,0.095,False,,0.0,0,nan,False,False,,,"{""bbse"": ""failsafe""}",,failsafe,0.07205258554619061,2.447004298156749,0.4841596057288114,0.05704697986577181
29,0.05,baseline,0.095,False,,0.0,0,nan,False,False,,,"{""baseline"": ""failsafe""}",,,,,,
29,0.05,bbse,0.095,False,,0.0,0,nan,False,False,,,"{""bbse"": ""failsafe""}",,failsafe,0.2239529149349678,1.693466450948115,0.5210780268040759,0.055286129970902036
29,0.1,baseline,0.095,True,0.55,0.9835111542192047,1014,0.03747534516765286,False,False,0.055714,False,,baseline,,,,,
29,0.1,bbse,0.095,False,,0.0,0,nan,False,False,,,"{""bbse"": ""failsafe""}",,failsafe,0.2239529149349678,1.693466450948115,0.5210780268040759,0.055286129970902036
30,0.05,baseline,0.095,False,,0.0,0,nan,False,False,,,"{""baseline"": ""failsafe""}",,,,,,
30,0.05,bbse,0.095,False,,0.0,0,nan,False,False,,,"{""bbse"": ""failsafe""}",,failsafe,0.4454575192272836,1.8961007940718804,0.5096773417026923,0.0683453237410072
30,0.1,baseline,0.095,True,0.5700000000000001,0.9815005138746146,1910,0.0549738219895288,False,False,0.0541,False,,baseline,,,,,
30,0.1,bbse,0.095,False,,0.0,0,nan,False,False,,,"{""bbse"": ""failsafe""}",,failsafe,0.4454575192272836,1.8961007940718804,0.5096773417026923,0.0683453237410072
31,0.05,baseline,0.095,False,,0.0,0,nan,False,False,,,"{""baseline"": ""failsafe""}",,,,,,
31,0.05,bbse,0.095,False,,0.0,0,nan,False,False,,,"{""bbse"": ""failsafe""}",,failsafe,0.0008227203662856463,1.1966210297559305,0.5197400412943538,0.03710575139146568
31,0.1,baseline,0.095,True,0.55,0.9944341372912802,536,0.033582089552238806,False,False,0.059228,False,,baseline,,,,,
31,0.1,bbse,0.095,False,,0.0,0,nan,False,False,,,"{""bbse"": ""failsafe""}",,failsafe,0.0008227203662856463,1.1966210297559305,0.5197400412943538,0.03710575139146568
32,0.05,baseline,0.095,False,,0.0,0,nan,False,False,,,"{""baseline"": ""failsafe""}",,,,,,
32,0.05,bbse,0.095,False,,0.0,0,nan,False,False,,,"{""bbse"": ""failsafe""}",,failsafe,0.6555250926605676,3.9535351689956015,0.4857442407709299,0.09710743801652892
32,0.1,baseline,0.095,True,0.55,0.9855371900826446,477,0.06918238993710692,False,False,0.056079,False,,baseline,,,,,
32,0.1,bbse,0.095,False,,0.0,0,nan,False,False,,,"{""bbse"": ""failsafe""}",,failsafe,0.6555250926605676,3.9535351689956015,0.4857442407709299,0.09710743801652892
33,0.05,baseline,0.095,False,,0.0,0,nan,False,False,,,"{""baseline"": ""failsafe""}",,,,,,
33,0.05,bbse,0.095,False,,0.0,0,nan,False,False,,,"{""bbse"": ""failsafe""}",,failsafe,0.4280793425492349,1.6976018584616994,0.5139320800043191,0.06853681861651259
33,0.1,baseline,0.095,True,0.55,0.9869301880777813,3096,0.06363049095607236,False,False,0.057249,False,,baseline,,,,,
33,0.1,bbse,0.095,False,,0.0,0,nan,False,False,,,"{""bbse"": ""failsafe""}",,failsafe,0.4280793425492349,1.6976018584616994,0.5139320800043191,0.06853681861651259
34,0.05,baseline,0.095,False,,0.0,0,nan,False,False,,,"{""baseline"": ""failsafe""}",,,,,,
34,0.05,bbse,0.095,False,,0.0,0,nan,False,False,,,"{""bbse"": ""failsafe""}",,failsafe,0.33836801848221393,1.2161781531745601,0.5236225552058806,0.06037544393708777
34,0.1,baseline,0.095,True,0.55,0.9873160832064941,3892,0.03905447070914697,False,False,0.058602,False,,baseline,,,,,
34,0.1,bbse,0.095,True,0.79,0.9051243023845763,3568,0.01569506726457399,False,False,0.031723,False,,bbse,,0.33836801848221393,1.2161781531745601,0.5236225552058806,0.06037544393708777
35,0.05,baseline,0.095,False,,0.0,0,nan,False,False,,,"{""baseline"": ""failsafe""}",,,,,,
35,0.05,bbse,0.095,False,,0.0,0,nan,False,False,,,"{""bbse"": ""failsafe""}",,failsafe,0.1879960099474457,1.26651120315183,0.49416952440461837,0.05279312461632903
35,0.1,baseline,0.095,True,0.55,0.9834254143646409,1602,0.04556803995006242,False,False,0.059752,False,,baseline,,,,,
35,0.1,bbse,0.095,True,0.87,0.8612645794966237,1403,0.017106200997861726,False,False,0.022589,False,,bbse,,0.1879960099474457,1.26651120315183,0.49416952440461837,0.05279312461632903
36,0.05,baseline,0.095,False,,0.0,0,nan,False,False,,,"{""baseline"": ""failsafe""}",,,,,,
36,0.05,bbse,0.095,False,,0.0,0,nan,False,False,,,"{""bbse"": ""failsafe""}",,failsafe,0.41005303964730033,1.9093592620638657,0.49441158337091784,0.06520198440822111
36,0.1,baseline,0.095,True,0.55,0.9872430900070872,1393,0.06030150753768844,False,False,0.05588,False,,baseline,,,,,
36,0.1,bbse,0.095,False,,0.0,0,nan,False,False,,,"{""bbse"": ""failsafe""}",,failsafe,0.41005303964730033,1.9093592620638657,0.49441158337091784,0.06520198440822111
37,0.05,baseline,0.095,False,,0.0,0,nan,False,False,,,"{""baseline"": ""failsafe""}",,,,,,
37,0.05,bbse,0.095,False,,0.0,0,nan,False,False,,,"{""bbse"": ""failsafe""}",,failsafe,0.43375553594967464,3.4553662528372655,0.5075612720502009,0.07855626326963906
37,0.1,baseline,0.095,True,0.55,0.9936305732484076,468,0.05128205128205128,False,False,0.056006,False,,baseline,,,,,
37,0.1,bbse,0.095,False,,0.0,0,nan,False,False,,,"{""bbse"": ""failsafe""}",,failsafe,0.43375553594967464,3.4553662528372655,0.5075612720502009,0.07855626326963906
38,0.05,baseline,0.095,False,,0.0,0,nan,False,False,,,"{""baseline"": ""failsafe""}",,,,,,
38,0.05,bbse,0.095,False,,0.0,0,nan,False,False,,,"{""bbse"": ""failsafe""}",,failsafe,0.6528545499909416,3.398162998643626,0.5110758454796669,0.09924812030075188
38,0.1,baseline,0.095,True,0.55,0.9819548872180451,653,0.05819295558958652,False,False,0.055865,False,,baseline,,,,,
38,0.1,bbse,0.095,False,,0.0,0,nan,False,False,,,"{""bbse"": ""failsafe""}",,failsafe,0.6528545499909416,3.398162998643626,0.5110758454796669,0.09924812030075188
39,0.05,baseline,0.095,False,,0.0,0,nan,False,False,,,"{""baseline"": ""failsafe""}",,,,,,
39,0.05,bbse,0.095,False,,0.0,0,nan,False,False,,,"{""bbse"": ""failsafe""}",,failsafe,0.7203049624353339,2.954229248096691,0.5257047863214241,0.10349127182044887
39,0.1,baseline,0.095,True,0.55,0.9825436408977556,788,0.05710659898477157,False,False,0.056864,False,,baseline,,,,,
39,0.1,bbse,0.095,False,,0.0,0,nan,False,False,,,"{""bbse"": ""failsafe""}",,failsafe,0.7203049624353339,2.954229248096691,0.5257047863214241,0.10349127182044887
40,0.05,baseline,0.095,False,,0.0,0,nan,False,False,,,"{""baseline"": ""failsafe""}",,,,,,
40,0.05,bbse,0.095,False,,0.0,0,nan,False,False,,,"{""bbse"": ""failsafe""}",,failsafe,0.3039202609375784,3.134858485157308,0.49015405939984386,0.0748663101604278
40,0.1,baseline,0.095,True,0.55,0.9786096256684492,366,0.04918032786885246,False,False,0.056322,False,,baseline,,,,,
40,0.1,bbse,0.095,False,,0.0,0,nan,False,False,,,"{""bbse"": ""failsafe""}",,failsafe,0.3039202609375784,3.134858485157308,0.49015405939984386,0.0748663101604278
41,0.05,baseline,0.095,False,,0.0,0,nan,False,False,,,"{""baseline"": ""failsafe""}",,,,,,
41,0.05,bbse,0.095,False,,0.0,0,nan,False,False,,,"{""bbse"": ""failsafe""}",,failsafe,0.24562485249982433,2.9729628193312503,0.489067213216174,0.07125307125307126
41,0.1,baseline,0.095,True,0.55,0.995085995085995,405,0.04691358024691358,False,False,0.052991,False,,baseline,,,,,
41,0.1,bbse,0.095,False,,0.0,0,nan,False,False,,,"{""bbse"": ""failsafe""}",,failsafe,0.24562485249982433,2.9729628193312503,0.489067213216174,0.07125307125307126
42,0.05,baseline,0.095,False,,0.0,0,nan,False,False,,,"{""baseline"": ""failsafe""}",,,,,,
42,0.05,bbse,0.095,False,,0.0,0,nan,False,False,,,"{""bbse"": ""failsafe""}",,failsafe,0.25076948353920325,1.973058858227006,0.47482304588109364,0.0536480686695279
42,0.1,baseline,0.095,True,0.55,0.9849785407725322,918,0.032679738562091505,False,False,0.059374,False,,baseline,,,,,
42,0.1,bbse,0.095,False,,0.0,0,nan,False,False,,,"{""bbse"": ""failsafe""}",,failsafe,0.25076948353920325,1.973058858227006,0.47482304588109364,0.0536480686695279
43,0.05,baseline,0.095,False,,0.0,0,nan,False,False,,,"{""baseline"": ""failsafe""}",,,,,,
43,0.05,bbse,0.095,False,,0.0,0,nan,False,False,,,"{""bbse"": ""failsafe""}",,failsafe,0.016538932624402435,1.2404326001321673,0.5084129447385747,0.04092920353982301
43,0.1,baseline,0.095,True,0.55,0.9867256637168141,892,0.04147982062780269,False,False,0.054978,False,,baseline,,,,,
43,0.1,bbse,0.095,True,0.81,0.9081858407079646,821,0.018270401948842874,False,False,0.027854,False,,bbse,,0.016538932624402435,1.2404326001321673,0.5084129447385747,0.04092920353982301
44,0.05,baseline,0.095,False,,0.0,0,nan,False,False,,,"{""baseline"": ""failsafe""}",,,,,,
44,0.05,bbse,0.095,False,,0.0,0,nan,False,False,,,"{""bbse"": ""failsafe""}",,failsafe,0.7723710490718801,4.505865469801008,0.47182301186915676,0.11081081081081082
44,0.1,baseline,0.095,True,0.55,0.981081081081081,363,0.11570247933884298,False,True,0.057057,False,,baseline,,,,,
44,0.1,bbse,0.095,False,,0.0,0,nan,False,False,,,"{""bbse"": ""failsafe""}",,failsafe,0.7723710490718801,4.505865469801008,0.47182301186915676,0.11081081081081082
45,0.05,baseline,0.095,False,,0.0,0,nan,False,False,,,"{""baseline"": ""failsafe""}",,,,,,
45,0.05,bbse,0.095,False,,0.0,0,nan,False,False,,,"{""bbse"": ""failsafe""}",,failsafe,0.19531097276596066,1.2559402337725882,0.5258229861477909,0.05491329479768786
45,0.1,baseline,0.095,True,0.55,0.9826589595375722,1360,0.05073529411764706,False,False,0.059647,False,,baseline,,,,,
45,0.1,bbse,0.095,True,0.8300000000000001,0.8815028901734104,1220,0.022950819672131147,False,False,0.027139,False,,bbse,,0.19531097276596066,1.2559402337725882,0.5258229861477909,0.05491329479768786
46,0.05,baseline,0.095,False,,0.0,0,nan,False,False,,,"{""baseline"": ""failsafe""}",,,,,,
46,0.05,bbse,0.095,False,,0.0,0,nan,False,False,,,"{""bbse"": ""bbse-misspecified""}",,bbse-misspecified,,,0.46854490693726136,0.03717472118959108
46,0.1,baseline,0.095,True,0.55,0.9851301115241635,265,0.018867924528301886,False,False,0.05808,False,,baseline,,,,,
46,0.1,bbse,0.095,False,,0.0,0,nan,False,False,,,"{""bbse"": ""bbse-misspecified""}",,bbse-misspecified,,,0.46854490693726136,0.03717472118959108
47,0.05,baseline,0.095,False,,0.0,0,nan,False,False,,,"{""baseline"": ""failsafe""}",,,,,,
47,0.05,bbse,0.095,False,,0.0,0,nan,False,False,,,"{""bbse"": ""failsafe""}",,failsafe,0.21771438801826748,1.8796876169186103,0.47595346127277494,0.058577405857740586
47,0.1,baseline,0.095,True,0.55,0.9818688981868898,704,0.04403409090909091,False,False,0.059633,False,,baseline,,,,,
47,0.1,bbse,0.095,False,,0.0,0,nan,False,False,,,"{""bbse"": ""failsafe""}",,failsafe,0.21771438801826748,1.8796876169186103,0.47595346127277494,0.058577405857740586
48,0.05,baseline,0.095,False,,0.0,0,nan,False,False,,,"{""baseline"": ""failsafe""}",,,,,,
48,0.05,bbse,0.095,False,,0.0,0,nan,False,False,,,"{""bbse"": ""failsafe""}",,failsafe,0.26406838584757286,1.9953304706125385,0.4775608587336931,0.06206088992974239
48,0.1,baseline,0.095,True,0.55,0.9918032786885246,847,0.05194805194805195,False,False,0.058632,False,,baseline,,,,,
48,0.1,bbse,0.095,False,,0.0,0,nan,False,False,,,"{""bbse"": ""failsafe""}",,failsafe,0.26406838584757286,1.9953304706125385,0.4775608587336931,0.06206088992974239
49,0.05,baseline,0.095,False,,0.0,0,nan,False,False,,,"{""baseline"": ""failsafe""}",,,,,,
49,0.05,bbse,0.095,False,,0.0,0,nan,False,False,,,"{""bbse"": ""failsafe""}",,failsafe,0.35061036049039274,1.6798513489704243,0.49003125533690917,0.06349206349206349
49,0.1,baseline,0.095,True,0.55,0.9848171152518979,1427,0.04905395935529082,False,False,0.058286,False,,baseline,,,,,
49,0.1,bbse,0.095,False,,0.0,0,nan,False,False,,,"{""bbse"": ""failsafe""}",,failsafe,0.35061036049039274,1.6798513489704243,0.49003125533690917,0.06349206349206349
50,0.05,baseline,0.095,False,,0.0,0,nan,False,False,,,"{""baseline"": ""failsafe""}",,,,,,
50,0.05,bbse,0.095,False,,0.0,0,nan,False,False,,,"{""bbse"": ""failsafe""}",,failsafe,0.043882853239820205,0.6828298700419484,0.5012008785384451,0.03433242506811989
50,0.1,baseline,0.095,True,0.55,0.9923705722070845,1821,0.032948929159802305,False,False,0.056996,False,,baseline,,,,,
50,0.1,bbse,0.095,True,0.55,0.9923705722070845,1821,0.032948929159802305,False,False,0.056996,False,,bbse,,0.043882853239820205,0.6828298700419484,0.5012008785384451,0.03433242506811989
51,0.05,baseline,0.095,False,,0.0,0,nan,False,False,,,"{""baseline"": ""failsafe""}",,,,,,
51,0.05,bbse,0.095,False,,0.0,0,nan,False,False,,,"{""bbse"": ""failsafe""}",,failsafe,0.2005233208081483,1.8656006635050846,0.48663178200447316,0.052039381153305204
51,0.1,baseline,0.095,True,0.55,0.9901547116736991,704,0.052556818181818184,False,False,0.058277,False,,baseline,,,,,
51,0.1,bbse,0.095,False,,0.0,0,nan,False,False,,,"{""bbse"": ""failsafe""}",,failsafe,0.2005233208081483,1.8656006635050846,0.48663178200447316,0.052039381153305204
52,0.05,baseline,0.095,False,,0.0,0,nan,False,False,,,"{""baseline"": ""failsafe""}",,,,,,
52,0.05,bbse,0.095,False,,0.0,0,nan,False,False,,,"{""bbse"": ""failsafe""}",,failsafe,0.44617292472547515,1.6989593887387422,0.4831477106504085,0.06503496503496503
52,0.1,baseline,0.095,True,0.55,0.9835664335664336,2813,0.052968361180234624,False,False,0.053194,False,,baseline,,,,,
52,0.1,bbse,0.095,False,,0.0,0,nan,False,False,,,"{""bbse"": ""failsafe""}",,failsafe,0.44617292472547515,1.6989593887387422,0.4831477106504085,0.06503496503496503
53,0.05,baseline,0.095,False,,0.0,0,nan,False,False,,,"{""baseline"": ""failsafe""}",,,,,,
53,0.05,bbse,0.095,False,,0.0,0,nan,False,False,,,"{""bbse"": ""failsafe""}",,failsafe,0.42279771965435997,2.2221604097102903,0.49771241592057747,0.0724269377382465
53,0.1,baseline,0.095,True,0.55,0.9898348157560356,1558,0.04813863928112965,False,False,0.056905,False,,baseline,,,,,
53,0.1,bbse,0.095,False,,0.0,0,nan,False,False,,,"{""bbse"": ""failsafe""}",,failsafe,0.42279771965435997,2.2221604097102903,0.49771241592057747,0.0724269377382465
54,0.05,baseline,0.095,False,,0.0,0,nan,False,False,,,"{""baseline"": ""failsafe""}",,,,,,
54,0.05,bbse,0.095,False,,0.0,0,nan,False,False,,,"{""bbse"": ""failsafe""}",,failsafe,0.40079130302354127,1.9884497583341074,0.5185789417337159,0.0664819944598338
54,0.1,baseline,0.095,True,0.55,0.9826869806094183,1419,0.052854122621564484,False,False,0.057115,False,,baseline,,,,,
54,0.1,bbse,0.095,False,,0.0,0,nan,False,False,,,"{""bbse"": ""failsafe""}",,failsafe,0.40079130302354127,1.9884497583341074,0.5185789417337159,0.0664819944598338
55,0.05,baseline,0.095,False,,0.0,0,nan,False,False,,,"{""baseline"": ""failsafe""}",,,,,,
55,0.05,bbse,0.095,False,,0.0,0,nan,False,False,,,"{""bbse"": ""failsafe""}",,failsafe,0.11080198247296151,3.883054852626049,0.5044501639825191,0.07075471698113207
55,0.1,baseline,0.095,True,0.55,0.9811320754716981,208,0.03365384615384615,False,False,0.059758,False,,baseline,,,,,
55,0.1,bbse,0.095,False,,0.0,0,nan,False,False,,,"{""bbse"": ""failsafe""}",,failsafe,0.11080198247296151,3.883054852626049,0.5044501639825191,0.07075471698113207
56,0.05,baseline,0.095,False,,0.0,0,nan,False,False,,,"{""baseline"": ""failsafe""}",,,,,,
56,0.05,bbse,0.095,False,,0.0,0,nan,False,False,,,"{""bbse"": ""failsafe""}",,failsafe,0.24127977749405977,1.9550964243750313,0.5159247000928455,0.06435643564356436
56,0.1,baseline,0.095,True,0.55,0.9900990099009901,600,0.045,False,False,0.058225,False,,baseline,,,,,
56,0.1,bbse,0.095,False,,0.0,0,nan,False,False,,,"{""bbse"": ""failsafe""}",,failsafe,0.24127977749405977,1.9550964243750313,0.5159247000928455,0.06435643564356436
57,0.05,baseline,0.095,False,,0.0,0,nan,False,False,,,"{""baseline"": ""failsafe""}",,,,,,
57,0.05,bbse,0.095,False,,0.0,0,nan,False,False,,,"{""bbse"": ""bbse-misspecified""}",,bbse-misspecified,,,0.4845942323771945,0.03164556962025317
57,0.1,baseline,0.095,True,0.55,0.9873417721518988,312,0.01282051282051282,False,False,0.059911,False,,baseline,,,,,
57,0.1,bbse,0.095,False,,0.0,0,nan,False,False,,,"{""bbse"": ""bbse-misspecified""}",,bbse-misspecified,,,0.4845942323771945,0.03164556962025317
58,0.05,baseline,0.095,False,,0.0,0,nan,False,False,,,"{""baseline"": ""failsafe""}",,,,,,
58,0.05,bbse,0.095,False,,0.0,0,nan,False,False,,,"{""bbse"": ""failsafe""}",,failsafe,0.16585038834415627,1.7968121437575784,0.5124887789921013,0.05868544600938967
58,0.1,baseline,0.095,True,0.55,0.9906103286384976,422,0.061611374407582936,False,False,0.058986,False,,baseline,,,,,
58,0.1,bbse,0.095,False,,0.0,0,nan,False,False,,,"{""bbse"": ""failsafe""}",,failsafe,0.16585038834415627,1.7968121437575784,0.5124887789921013,0.05868544600938967
59,0.05,baseline,0.095,False,,0.0,0,nan,False,False,,,"{""baseline"": ""failsafe""}",,,,,,
59,0.05,bbse,0.095,False,,0.0,0,nan,False,False,,,"{""bbse"": ""failsafe""}",,failsafe,0.8859012499495365,2.811399271857526,0.4862613306592897,0.0904899135446686
59,0.1,baseline,0.095,True,0.5700000000000001,0.9815561959654179,1703,0.06400469759248385,False,False,0.056085,False,,baseline,,,,,
59,0.1,bbse,0.095,False,,0.0,0,nan,False,False,,,"{""bbse"": ""failsafe""}",,failsafe,0.8859012499495365,2.811399271857526,0.4862613306592897,0.0904899135446686
60,0.05,baseline,0.095,False,,0.0,0,nan,False,False,,,"{""baseline"": ""failsafe""}",,,,,,
60,0.05,bbse,0.095,False,,0.0,0,nan,False,False,,,"{""bbse"": ""bbse-misspecified""}",,bbse-misspecified,,,0.4869196463172876,0.05555555555555555
60,0.1,baseline,0.095,True,0.55,0.9814814814814815,53,0.018867924528301886,False,False,0.055283,False,,baseline,,,,,
60,0.1,bbse,0.095,False,,0.0,0,nan,False,False,,,"{""bbse"": ""bbse-misspecified""}",,bbse-misspecified,,,0.4869196463172876,0.05555555555555555
61,0.05,baseline,0.095,False,,0.0,0,nan,False,False,,,"{""baseline"": ""failsafe""}",,,,,,
61,0.05,bbse,0.095,False,,0.0,0,nan,False,False,,,"{""bbse"": ""failsafe""}",,failsafe,0.28335000468019844,2.0804719090832853,0.48673744361333815,0.059887005649717516
61,0.1,baseline,0.095,True,0.55,0.9887005649717514,875,0.061714285714285715,False,False,0.056316,False,,baseline,,,,,
61,0.1,bbse,0.095,False,,0.0,0,nan,False,False,,,"{""bbse"": ""failsafe""}",,failsafe,0.28335000468019844,2.0804719090832853,0.48673744361333815,0.059887005649717516
62,0.05,baseline,0.095,False,,0.0,0,nan,False,False,,,"{""baseline"": ""failsafe""}",,,,,,
62,0.05,bbse,0.095,False,,0.0,0,nan,False,False,,,"{""bbse"": ""failsafe""}",,failsafe,0.7302991856890205,5.438176120894863,0.5122710663496908,0.11191335740072202
62,0.1,baseline,0.095,True,0.55,0.9711191335740073,269,0.09293680297397769,False,False,0.056316,False,,baseline,,,,,
62,0.1,bbse,0.095,False,,0.0,0,nan,False,False,,,"{""bbse"": ""failsafe""}",,failsafe,0.7302991856890205,5.438176120894863,0.5122710663496908,0.11191335740072202
63,0.05,baseline,0.095,False,,0.0,0,nan,False,False,,,"{""baseline"": ""failsafe""}",,,,,,
63,0.05,bbse,0.095,False,,0.0,0,nan,False,False,,,"{""bbse"": ""failsafe""}",,failsafe,0.3533094927931413,4.5343963421053575,0.48082860923411835,0.08421052631578947
63,0.1,baseline,0.095,True,0.55,0.9824561403508771,280,0.06785714285714285,False,False,0.05685,False,,baseline,,,,,
63,0.1,bbse,0.095,False,,0.0,0,nan,False,False,,,"{""bbse"": ""failsafe""}",,failsafe,0.3533094927931413,4.5343963421053575,0.48082860923411835,0.08421052631578947
64,0.05,baseline,0.095,False,,0.0,0,nan,False,False,,,"{""baseline"": ""failsafe""}",,,,,,
64,0.05,bbse,0.095,False,,0.0,0,nan,False,False,,,"{""bbse"": ""failsafe""}",,failsafe,0.0006823651342942924,1.9921025732678292,0.5202587562814733,0.052884615384615384
64,0.1,baseline,0.095,True,0.55,1.0,208,0.04326923076923077,False,False,0.057673,False,,baseline,,,,,
64,0.1,bbse,0.095,False,,0.0,0,nan,False,False,,,"{""bbse"": ""failsafe""}",,failsafe,0.0006823651342942924,1.9921025732678292,0.5202587562814733,0.052884615384615384
65,0.05,baseline,0.095,False,,0.0,0,nan,False,False,,,"{""baseline"": ""failsafe""}",,,,,,
65,0.05,bbse,0.095,False,,0.0,0,nan,False,False,,,"{""bbse"": ""failsafe""}",,failsafe,0.0008474442328894479,2.519438331138195,0.4851456238348684,0.04472843450479233
65,0.1,baseline,0.095,True,0.55,0.9840255591054313,308,0.048701298701298704,False,False,0.061333,False,,baseline,,,,,
65,0.1,bbse,0.095,False,,0.0,0,nan,False,False,,,"{""bbse"": ""failsafe""}",,failsafe,0.0008474442328894479,2.519438331138195,0.4851456238348684,0.04472843450479233
66,0.05,baseline,0.095,False,,0.0,0,nan,False,False,,,"{""baseline"": ""failsafe""}",,,,,,
66,0.05,bbse,0.095,False,,0.0,0,nan,False,False,,,"{""bbse"": ""failsafe""}",,failsafe,0.10939845940191018,1.4951451837986802,0.4764104378791724,0.04783258594917788
66,0.1,baseline,0.095,True,0.55,0.992526158445441,664,0.04819277108433735,False,False,0.056459,False,,baseline,,,,,
66,0.1,bbse,0.095,False,,0.0,0,nan,False,False,,,"{""bbse"": ""failsafe""}",,failsafe,0.10939845940191018,1.4951451837986802,0.4764104378791724,0.04783258594917788
67,0.05,baseline,0.095,False,,0.0,0,nan,False,False,,,"{""baseline"": ""failsafe""}",,,,,,
67,0.05,bbse,0.095,False,,0.0,0,nan,False,False,,,"{""bbse"": ""failsafe""}",,failsafe,0.5765973373077142,3.2691010888969534,0.5195527564138149,0.1092436974789916
67,0.1,baseline,0.095,True,0.55,0.976890756302521,465,0.08172043010752689,False,False,0.05791,False,,baseline,,,,,
67,0.1,bbse,0.095,False,,0.0,0,nan,False,False,,,"{""bbse"": ""failsafe""}",,failsafe,0.5765973373077142,3.2691010888969534,0.5195527564138149,0.1092436974789916
68,0.05,baseline,0.095,False,,0.0,0,nan,False,False,,,"{""baseline"": ""failsafe""}",,,,,,
68,0.05,bbse,0.095,False,,0.0,0,nan,False,False,,,"{""bbse"": ""bbse-misspecified""}",,bbse-misspecified,,,0.5287423093084638,0.021621621621621623
68,0.1,baseline,0.095,True,0.55,0.9891891891891892,183,0.0273224043715847,False,False,0.055684,False,,baseline,,,,,
68,0.1,bbse,0.095,False,,0.0,0,nan,False,False,,,"{""bbse"": ""bbse-misspecified""}",,bbse-misspecified,,,0.5287423093084638,0.021621621621621623
69,0.05,baseline,0.095,False,,0.0,0,nan,False,False,,,"{""baseline"": ""failsafe""}",,,,,,
69,0.05,bbse,0.095,False,,0.0,0,nan,False,False,,,"{""bbse"": ""failsafe""}",,failsafe,0.45898087122791753,2.0809454476231233,0.49849387239727755,0.07357859531772576
69,0.1,baseline,0.095,True,0.55,0.9846153846153847,1472,0.049592391304347824,False,False,0.056553,False,,baseline,,,,,
69,0.1,bbse,0.095,False,,0.0,0,nan,False,False,,,"{""bbse"": ""failsafe""}",,failsafe,0.45898087122791753,2.0809454476231233,0.49849387239727755,0.07357859531772576
70,0.05,baseline,0.095,False,,0.0,0,nan,False,False,,,"{""baseline"": ""failsafe""}",,,,,,
70,0.05,bbse,0.095,False,,0.0,0,nan,False,False,,,"{""bbse"": ""failsafe""}",,failsafe,0.44590785013154166,3.5518274586246172,0.49729985239228863,0.08870967741935484
70,0.1,baseline,0.095,True,0.5700000000000001,0.9838709677419355,366,0.05191256830601093,False,False,0.052407,False,,baseline,,,,,
70,0.1,bbse,0.095,False,,0.0,0,nan,False,False,,,"{""bbse"": ""failsafe""}",,failsafe,0.44590785013154166,3.5518274586246172,0.49729985239228863,0.08870967741935484
71,0.05,baseline,0.095,False,,0.0,0,nan,False,False,,,"{""baseline"": ""failsafe""}",,,,,,
71,0.05,bbse,0.095,False,,0.0,0,nan,False,False,,,"{""bbse"": ""failsafe""}",,failsafe,0.7160936176463217,3.033343627473893,0.5204332966408709,0.1027900146842878
71,0.1,baseline,0.095,True,0.55,0.9720998531571219,662,0.07401812688821752,False,False,0.055694,False,,baseline,,,,,
71,0.1,bbse,0.095,False,,0.0,0,nan,False,False,,,"{""bbse"": ""failsafe""}",,failsafe,0.7160936176463217,3.033343627473893,0.5204332966408709,0.1027900146842878
72,0.05,baseline,0.095,False,,0.0,0,nan,False,False,,,"{""baseline"": ""failsafe""}",,,,,,
72,0.05,bbse,0.095,False,,0.0,0,nan,False,False,,,"{""bbse"": ""bbse-misspecified""}",,bbse-misspecified,,,0.5061604394927218,0.08
72,0.1,baseline,0.095,True,0.55,0.92,23,0.0,False,False,0.056734,False,,baseline,,,,,
72,0.1,bbse,0.095,False,,0.0,0,nan,False,False,,,"{""bbse"": ""bbse-misspecified""}",,bbse-misspecified,,,0.5061604394927218,0.08
73,0.05,baseline,0.095,False,,0.0,0,nan,False,False,,,"{""baseline"": ""failsafe""}",,,,,,
73,0.05,bbse,0.095,False,,0.0,0,nan,False,False,,,"{""bbse"": ""bbse-misspecified""}",,bbse-misspecified,,,0.5145106783886302,0.04285714285714286
73,0.1,baseline,0.095,True,0.55,0.9857142857142858,138,0.06521739130434782,False,False,0.054243,False,,baseline,,,,,
73,0.1,bbse,0.095,False,,0.0,0,nan,False,False,,,"{""bbse"": ""bbse-misspecified""}",,bbse-misspecified,,,0.5145106783886302,0.04285714285714286
74,0.05,baseline,0.095,False,,0.0,0,nan,False,False,,,"{""baseline"": ""failsafe""}",,,,,,
74,0.05,bbse,0.095,False,,0.0,0,nan,False,False,,,"{""bbse"": ""failsafe""}",,failsafe,0.00069739285528943,1.3364361606409059,0.48351232405770356,0.040515653775322284
74,0.1,baseline,0.095,True,0.55,0.9779005524861878,531,0.030131826741996232,False,False,0.056887,False,,baseline,,,,,
74,0.1,bbse,0.095,False,,0.0,0,nan,False,False,,,"{""bbse"": ""failsafe""}",,failsafe,0.00069739285528943,1.3364361606409059,0.48351232405770356,0.040515653775322284
75,0.05,baseline,0.095,False,,0.0,0,nan,False,False,,,"{""baseline"": ""failsafe""}",,,,,,
75,0.05,bbse,0.095,False,,0.0,0,nan,False,False,,,"{""bbse"": ""failsafe""}",,failsafe,0.25734069548849375,4.709828302075245,0.5111776760398576,0.08860759493670886
75,0.1,baseline,0.095,True,0.55,0.9936708860759493,157,0.050955414012738856,False,False,0.059111,False,,baseline,,,,,
75,0.1,bbse,0.095,False,,0.0,0,nan,False,False,,,"{""bbse"": ""failsafe""}",,failsafe,0.25734069548849375,4.709828302075245,0.5111776760398576,0.08860759493670886
76,0.05,baseline,0.095,False,,0.0,0,nan,False,False,,,"{""baseline"": ""failsafe""}",,,,,,
76,0.05,bbse,0.095,False,,0.0,0,nan,False,False,,,"{""bbse"": ""failsafe""}",,failsafe,0.19467501079109764,2.3045156051621816,0.5089369793604852,0.06181015452538632
76,0.1,baseline,0.095,True,0.55,0.977924944812362,443,0.03611738148984198,False,False,0.056137,False,,baseline,,,,,
76,0.1,bbse,0.095,False,,0.0,0,nan,False,False,,,"{""bbse"": ""failsafe""}",,failsafe,0.19467501079109764,2.3045156051621816,0.5089369793604852,0.06181015452538632
77,0.05,baseline,0.095,False,,0.0,0,nan,False,False,,,"{""baseline"": ""failsafe""}",,,,,,
77,0.05,bbse,0.095,False,,0.0,0,nan,False,False,,,"{""bbse"": ""failsafe""}",,failsafe,0.48905880345734876,5.332437933560525,0.4734890934487809,0.09777777777777778
77,0.1,baseline,0.095,True,0.5700000000000001,0.9866666666666667,222,0.07207207207207207,False,False,0.052776,False,,baseline,,,,,
77,0.1,bbse,0.095,False,,0.0,0,nan,False,False,,,"{""bbse"": ""failsafe""}",,failsafe,0.48905880345734876,5.332437933560525,0.4734890934487809,0.09777777777777778
78,0.05,baseline,0.095,False,,0.0,0,nan,False,False,,,"{""baseline"": ""failsafe""}",,,,,,
78,0.05,bbse,0.095,False,,0.0,0,nan,False,False,,,"{""bbse"": ""failsafe""}",,failsafe,0.16732315710925708,2.424245298537797,0.5121468569910788,0.0631163708086785
78,0.1,baseline,0.095,True,0.55,0.9861932938856016,500,0.036,False,False,0.054549,False,,baseline,,,,,
78,0.1,bbse,0.095,False,,0.0,0,nan,False,False,,,"{""bbse"": ""failsafe""}",,failsafe,0.16732315710925708,2.424245298537797,0.5121468569910788,0.0631163708086785
79,0.05,baseline,0.095,False,,0.0,0,nan,False,False,,,"{""baseline"": ""failsafe""}",,,,,,
79,0.05,bbse,0.095,False,,0.0,0,nan,False,False,,,"{""bbse"": ""failsafe""}",,failsafe,0.2977674245485713,4.48207836552115,0.48194813818993537,0.07942238267148015
79,0.1,baseline,0.095,True,0.55,0.9819494584837545,272,0.04779411764705882,False,False,0.060103,False,,baseline,,,,,
79,0.1,bbse,0.095,False,,0.0,0,nan,False,False,,,"{""bbse"": ""failsafe""}",,failsafe,0.2977674245485713,4.48207836552115,0.48194813818993537,0.07942238267148015
80,0.05,baseline,0.095,False,,0.0,0,nan,False,False,,,"{""baseline"": ""failsafe""}",,,,,,
80,0.05,bbse,0.095,False,,0.0,0,nan,False,False,,,"{""bbse"": ""bbse-misspecified""}",,bbse-misspecified,,,0.5077597015920646,0.03862660944206009
80,0.1,baseline,0.095,True,0.55,0.9699570815450643,226,0.030973451327433628,False,False,0.057373,False,,baseline,,,,,
80,0.1,bbse,0.095,False,,0.0,0,nan,False,False,,,"{""bbse"": ""bbse-misspecified""}",,bbse-misspecified,,,0.5077597015920646,0.03862660944206009
81,0.05,baseline,0.095,False,,0.0,0,nan,False,False,,,"{""baseline"": ""failsafe""}",,,,,,
81,0.05,bbse,0.095,False,,0.0,0,nan,False,False,,,"{""bbse"": ""failsafe""}",,failsafe,0.585227671660106,3.3044395322082196,0.47551289172328265,0.09384775808133472
81,0.1,baseline,0.095,True,0.55,0.9760166840458812,936,0.056623931623931624,False,False,0.055322,False,,baseline,,,,,
81,0.1,bbse,0.095,False,,0.0,0,nan,False,False,,,"{""bbse"": ""failsafe""}",,failsafe,0.585227671660106,3.3044395322082196,0.47551289172328265,0.09384775808133472
82,0.05,baseline,0.095,False,,0.0,0,nan,False,False,,,"{""baseline"": ""failsafe""}",,,,,,
82,0.05,bbse,0.095,False,,0.0,0,nan,False,False,,,"{""bbse"": ""failsafe""}",,failsafe,0.0006683950197830866,1.111126503993238,0.5038143753362664,0.038461538461538464
82,0.1,baseline,0.095,True,0.55,0.9855769230769231,410,0.024390243902439025,False,False,0.057041,False,,baseline,,,,,
82,0.1,bbse,0.095,True,0.73,0.9399038461538461,391,0.017902813299232736,False,False,0.036269,False,,bbse,,0.0006683950197830866,1.111126503993238,0.5038143753362664,0.038461538461538464
83,0.05,baseline,0.095,False,,0.0,0,nan,False,False,,,"{""baseline"": ""failsafe""}",,,,,,
83,0.05,bbse,0.095,False,,0.0,0,nan,False,False,,,"{""bbse"": ""failsafe""}",,failsafe,0.9305988247972008,5.4204654084672415,0.4879465700157595,0.11714589989350373
83,0.1,baseline,0.095,True,0.55,0.9755058572949947,916,0.0906113537117904,False,False,0.054284,False,,baseline,,,,,
83,0.1,bbse,0.095,False,,0.0,0,nan,False,False,,,"{""bbse"": ""failsafe""}",,failsafe,0.9305988247972008,5.4204654084672415,0.4879465700157595,0.11714589989350373
84,0.05,baseline,0.095,False,,0.0,0,nan,False,False,,,"{""baseline"": ""failsafe""}",,,,,,
84,0.05,bbse,0.095,False,,0.0,0,nan,False,False,,,"{""bbse"": ""failsafe""}",,failsafe,0.7155824952259509,3.7310761517821827,0.4992522813519226,0.1048252911813644
84,0.1,baseline,0.095,True,0.5900000000000001,0.9683860232945092,582,0.06529209621993128,False,False,0.052397,False,,baseline,,,,,
84,0.1,bbse,0.095,False,,0.0,0,nan,False,False,,,"{""bbse"": ""failsafe""}",,failsafe,0.7155824952259509,3.7310761517821827,0.4992522813519226,0.1048252911813644
85,0.05,baseline,0.095,False,,0.0,0,nan,False,False,,,"{""baseline"": ""failsafe""}",,,,,,
85,0.05,bbse,0.095,False,,0.0,0,nan,False,False,,,"{""bbse"": ""failsafe""}",,failsafe,0.0006406965245112008,2.800907665234802,0.5014050899993279,0.05747126436781609
85,0.1,baseline,0.095,True,0.5900000000000001,0.9712643678160919,169,0.029585798816568046,False,False,0.052086,False,,baseline,,,,,
85,0.1,bbse,0.095,False,,0.0,0,nan,False,False,,,"{""bbse"": ""failsafe""}",,failsafe,0.0006406965245112008,2.800907665234802,0.5014050899993279,0.05747126436781609
86,0.05,baseline,0.095,False,,0.0,0,nan,False,False,,,"{""baseline"": ""failsafe""}",,,,,,
86,0.05,bbse,0.095,False,,0.0,0,nan,False,False,,,"{""bbse"": ""bbse-misspecified""}",,bbse-misspecified,,,0.48859299306723514,0.021739130434782608
86,0.1,baseline,0.095,True,0.55,0.9782608695652174,45,0.044444444444444446,False,False,0.058723,False,,baseline,,,,,
86,0.1,bbse,0.095,False,,0.0,0,nan,False,False,,,"{""bbse"": ""bbse-misspecified""}",,bbse-misspecified,,,0.48859299306723514,0.021739130434782608
87,0.05,baseline,0.095,False,,0.0,0,nan,False,False,,,"{""baseline"": ""failsafe""}",,,,,,
87,0.05,bbse,0.095,False,,0.0,0,nan,False,False,,,"{""bbse"": ""failsafe""}",,failsafe,0.08426113623495872,1.8780809644267666,0.5020629585484283,0.04811715481171548
87,0.1,baseline,0.095,True,0.55,0.9853556485355649,471,0.036093418259023353,False,False,0.060042,False,,baseline,,,,,
87,0.1,bbse,0.095,False,,0.0,0,nan,False,False,,,"{""bbse"": ""failsafe""}",,failsafe,0.08426113623495872,1.8780809644267666,0.5020629585484283,0.04811715481171548
88,0.05,baseline,0.095,False,,0.0,0,nan,False,False,,,"{""baseline"": ""failsafe""}",,,,,,
88,0.05,bbse,0.095,False,,0.0,0,nan,False,False,,,"{""bbse"": ""failsafe""}",,failsafe,0.12141819038684638,1.0998592393062896,0.52680539275145,0.04921135646687697
88,0.1,baseline,0.095,True,0.55,0.9873817034700315,1565,0.03769968051118211,False,False,0.059706,False,,baseline,,,,,
88,0.1,bbse,0.095,True,0.63,0.9684542586750788,1535,0.031270358306188926,False,False,0.049714,False,,bbse,,0.12141819038684638,1.0998592393062896,0.52680539275145,0.04921135646687697
89,0.05,baseline,0.095,False,,0.0,0,nan,False,False,,,"{""baseline"": ""failsafe""}",,,,,,
89,0.05,bbse,0.095,False,,0.0,0,nan,False,False,,,"{""bbse"": ""failsafe""}",,failsafe,0.19873891641810074,2.6626132953432973,0.5371911422399328,0.07238605898123325
89,0.1,baseline,0.095,True,0.55,0.9839142091152815,367,0.07629427792915532,False,False,0.059337,False,,baseline,,,,,
89,0.1,bbse,0.095,False,,0.0,0,nan,False,False,,,"{""bbse"": ""failsafe""}",,failsafe,0.19873891641810074,2.6626132953432973,0.5371911422399328,0.07238605898123325
90,0.05,baseline,0.095,False,,0.0,0,nan,False,False,,,"{""baseline"": ""failsafe""}",,,,,,
90,0.05,bbse,0.095,False,,0.0,0,nan,False,False,,,"{""bbse"": ""failsafe""}",,failsafe,0.2658418734357097,3.6215433459093345,0.5071528112952197,0.08370044052863436
90,0.1,baseline,0.095,True,0.55,0.9823788546255506,223,0.05829596412556054,False,False,0.056442,False,,baseline,,,,,
90,0.1,bbse,0.095,False,,0.0,0,nan,False,False,,,"{""bbse"": ""failsafe""}",,failsafe,0.2658418734357097,3.6215433459093345,0.5071528112952197,0.08370044052863436
91,0.05,baseline,0.095,False,,0.0,0,nan,False,False,,,"{""baseline"": ""failsafe""}",,,,,,
91,0.05,bbse,0.095,False,,0.0,0,nan,False,False,,,"{""bbse"": ""bbse-misspecified""}",,bbse-misspecified,,,0.494713578733871,0.030303030303030304
91,0.1,baseline,0.095,True,0.55,1.0,33,0.030303030303030304,False,False,0.058609,False,,baseline,,,,,
91,0.1,bbse,0.095,False,,0.0,0,nan,False,False,,,"{""bbse"": ""bbse-misspecified""}",,bbse-misspecified,,,0.494713578733871,0.030303030303030304
92,0.05,baseline,0.095,False,,0.0,0,nan,False,False,,,"{""baseline"": ""failsafe""}",,,,,,
92,0.05,bbse,0.095,False,,0.0,0,nan,False,False,,,"{""bbse"": ""failsafe""}",,failsafe,1.0920800708853071,5.4288238367196975,0.5082137076501131,0.1132596685082873
92,0.1,baseline,0.095,True,0.55,0.9792817679558011,709,0.11142454160789844,False,True,0.057075,False,,baseline,,,,,
92,0.1,bbse,0.095,False,,0.0,0,nan,False,False,,,"{""bbse"": ""failsafe""}",,failsafe,1.0920800708853071,5.4288238367196975,0.5082137076501131,0.1132596685082873
93,0.05,baseline,0.095,False,,0.0,0,nan,False,False,,,"{""baseline"": ""failsafe""}",,,,,,
93,0.05,bbse,0.095,False,,0.0,0,nan,False,False,,,"{""bbse"": ""failsafe""}",,failsafe,0.3330246143865054,1.8494486435733604,0.5389199657248673,0.07570621468926554
93,0.1,baseline,0.095,True,0.55,0.9785310734463277,866,0.04157043879907621,False,False,0.058868,False,,baseline,,,,,
93,0.1,bbse,0.095,False,,0.0,0,nan,False,False,,,"{""bbse"": ""failsafe""}",,failsafe,0.3330246143865054,1.8494486435733604,0.5389199657248673,0.07570621468926554
94,0.05,baseline,0.095,False,,0.0,0,nan,False,False,,,"{""baseline"": ""failsafe""}",,,,,,
94,0.05,bbse,0.095,False,,0.0,0,nan,False,False,,,"{""bbse"": ""failsafe""}",,failsafe,0.8089524507325776,17.716984186852077,0.4995518962659043,0.18666666666666668
94,0.1,baseline,0.095,True,0.55,0.9733333333333334,73,0.0547945205479452,False,False,0.059189,False,,baseline,,,,,
94,0.1,bbse,0.095,False,,0.0,0,nan,False,False,,,"{""bbse"": ""failsafe""}",,failsafe,0.8089524507325776,17.716984186852077,0.4995518962659043,0.18666666666666668
95,0.05,baseline,0.095,False,,0.0,0,nan,False,False,,,"{""baseline"": ""failsafe""}",,,,,,
95,0.05,bbse,0.095,False,,0.0,0,nan,False,False,,,"{""bbse"": ""failsafe""}",,failsafe,0.01617885396959623,1.1675895978049156,0.5126175469102899,0.041884816753926704
95,0.1,baseline,0.095,True,0.55,0.9930191972076788,569,0.029876977152899824,False,False,0.05831,False,,baseline,,,,,
95,0.1,bbse,0.095,True,0.75,0.9476439790575916,543,0.01841620626151013,False,False,0.035452,False,,bbse,,0.01617885396959623,1.1675895978049156,0.5126175469102899,0.041884816753926704
96,0.05,baseline,0.095,False,,0.0,0,nan,False,False,,,"{""baseline"": ""failsafe""}",,,,,,
96,0.05,bbse,0.095,False,,0.0,0,nan,False,False,,,"{""bbse"": ""failsafe""}",,failsafe,0.5113577454863935,31.18104577417986,0.5106464871135032,0.18181818181818182
96,0.1,baseline,0.095,True,0.55,0.9545454545454546,42,0.023809523809523808,False,False,0.057496,False,,baseline,,,,,
96,0.1,bbse,0.095,False,,0.0,0,nan,False,False,,,"{""bbse"": ""failsafe""}",,failsafe,0.5113577454863935,31.18104577417986,0.5106464871135032,0.18181818181818182
97,0.05,baseline,0.095,False,,0.0,0,nan,False,False,,,"{""baseline"": ""failsafe""}",,,,,,
97,0.05,bbse,0.095,False,,0.0,0,nan,False,False,,,"{""bbse"": ""failsafe""}",,failsafe,0.09006613316192447,2.1948768231123594,0.4915372949286449,0.049891540130151846
97,0.1,baseline,0.095,True,0.55,0.9956616052060737,459,0.04793028322440087,False,False,0.057538,False,,baseline,,,,,
97,0.1,bbse,0.095,False,,0.0,0,nan,False,False,,,"{""bbse"": ""failsafe""}",,failsafe,0.09006613316192447,2.1948768231123594,0.4915372949286449,0.049891540130151846
98,0.05,baseline,0.095,False,,0.0,0,nan,False,False,,,"{""baseline"": ""failsafe""}",,,,,,
98,0.05,bbse,0.095,False,,0.0,0,nan,False,False,,,"{""bbse"": ""failsafe""}",,failsafe,0.586350199129452,2.36317263095356,0.508359530452,0.09763424708974841
98,0.1,baseline,0.095,True,0.55,0.9774690199023658,2603,0.06300422589320015,False,False,0.057856,False,,baseline,,,,,
98,0.1,bbse,0.095,False,,0.0,0,nan,False,False,,,"{""bbse"": ""failsafe""}",,failsafe,0.586350199129452,2.36317263095356,0.508359530452,0.09763424708974841
99,0.05,baseline,0.095,False,,0.0,0,nan,False,False,,,"{""baseline"": ""failsafe""}",,,,,,
99,0.05,bbse,0.095,False,,0.0,0,nan,False,False,,,"{""bbse"": ""failsafe""}",,failsafe,0.22449270067572305,1.459993157589282,0.4701203905895001,0.0450281425891182
99,0.1,baseline,0.095,True,0.55,0.9874921826141339,1579,0.04179860671310956,False,False,0.057719,False,,baseline,,,,,
99,0.1,bbse,0.095,False,,0.0,0,nan,False,False,,,"{""bbse"": ""failsafe""}",,failsafe,0.22449270067572305,1.459993157589282,0.4701203905895001,0.0450281425891182
0,0.05,baseline,0.13,False,,0.0,0,nan,False,False,,,"{""baseline"": ""failsafe""}",,,,,,
0,0.05,bbse,0.13,False,,0.0,0,nan,False,False,,,"{""bbse"": ""failsafe""}",,failsafe,1.2849906852676425,3.9805163961068657,0.4899896146354915,0.12
0,0.1,baseline,0.13,True,0.5900000000000001,0.9656,4828,0.09631317315658658,False,False,0.064923,False,,baseline,,,,,
0,0.1,bbse,0.13,False,,0.0,0,nan,False,False,,,"{""bbse"": ""failsafe""}",,failsafe,1.2849906852676425,3.9805163961068657,0.4899896146354915,0.12
1,0.05,baseline,0.13,False,,0.0,0,nan,False,False,,,"{""baseline"": ""failsafe""}",,,,,,
1,0.05,bbse,0.13,False,,0.0,0,nan,False,False,,,"{""bbse"": ""failsafe""}",,failsafe,1.1644553222321716,9.280567404293507,0.48017830266685,0.1605351170568562
1,0.1,baseline,0.13,True,0.5700000000000001,0.9698996655518395,290,0.09655172413793103,False,False,0.072341,False,,baseline,,,,,
1,0.1,bbse,0.13,False,,0.0,0,nan,False,False,,,"{""bbse"": ""failsafe""}",,failsafe,1.1644553222321716,9.280567404293507,0.48017830266685,0.1605351170568562
2,0.05,baseline,0.13,False,,0.0,0,nan,False,False,,,"{""baseline"": ""failsafe""}",,,,,,
2,0.05,bbse,0.13,False,,0.0,0,nan,False,False,,,"{""bbse"": ""failsafe""}",,failsafe,1.298636628632427,6.502802125465954,0.5341852320781122,0.16796267496111975
2,0.1,baseline,0.13,True,0.5700000000000001,0.9657853810264385,621,0.11272141706924316,False,True,0.069695,False,,baseline,,,,,
2,0.1,bbse,0.13,False,,0.0,0,nan,False,False,,,"{""bbse"": ""failsafe""}",,failsafe,1.298636628632427,6.502802125465954,0.5341852320781122,0.16796267496111975
3,0.05,baseline,0.13,False,,0.0,0,nan,False,False,,,"{""baseline"": ""failsafe""}",,,,,,
3,0.05,bbse,0.13,False,,0.0,0,nan,False,False,,,"{""bbse"": ""failsafe""}",,failsafe,0.23540524428102258,2.6035614920702694,0.4941721530673663,0.06339468302658487
3,0.1,baseline,0.13,True,0.5700000000000001,0.9815950920245399,480,0.058333333333333334,False,False,0.06796,False,,baseline,,,,,
3,0.1,bbse,0.13,False,,0.0,0,nan,False,False,,,"{""bbse"": ""failsafe""}",,failsafe,0.23540524428102258,2.6035614920702694,0.4941721530673663,0.06339468302658487
4,0.05,baseline,0.13,False,,0.0,0,nan,False,False,,,"{""baseline"": ""failsafe""}",,,,,,
4,0.05,bbse,0.13,False,,0.0,0,nan,False,False,,,"{""bbse"": ""failsafe""}",,failsafe,1.5601530053834949,6.075187654713668,0.4998131529242617,0.15206878022568512
4,0.1,baseline,0.13,True,0.55,0.9758194519075766,1816,0.13215859030837004,True,True,0.070856,False,,baseline,,,,,
4,0.1,bbse,0.13,False,,0.0,0,nan,False,False,,,"{""bbse"": ""failsafe""}",,failsafe,1.5601530053834949,6.075187654713668,0.4998131529242617,0.15206878022568512
5,0.05,baseline,0.13,False,,0.0,0,nan,False,False,,,"{""baseline"": ""failsafe""}",,,,,,
5,0.05,bbse,0.13,False,,0.0,0,nan,False,False,,,"{""bbse"": ""failsafe""}",,failsafe,0.30169403253681226,1.0389827860299372,0.5045616370543697,0.054198650849034656
5,0.1,baseline,0.13,True,0.55,0.9899976738776459,4256,0.03900375939849624,False,False,0.076605,False,,baseline,,,,,
5,0.1,bbse,0.13,True,0.67,0.9574319609211445,4116,0.025510204081632654,False,False,0.06057,False,,bbse,,0.30169403253681226,1.0389827860299372,0.5045616370543697,0.054198650849034656
6,0.05,baseline,0.13,False,,0.0,0,nan,False,False,,,"{""baseline"": ""failsafe""}",,,,,,
6,0.05,bbse,0.13,False,,0.0,0,nan,False,False,,,"{""bbse"": ""failsafe""}",,failsafe,0.5965875152569242,3.173267351378967,0.5112709358702805,0.09147609147609148
6,0.1,baseline,0.13,True,0.55,0.9875259875259875,950,0.06210526315789474,False,False,0.072416,False,,baseline,,,,,
6,0.1,bbse,0.13,False,,0.0,0,nan,False,False,,,"{""bbse"": ""failsafe""}",,failsafe,0.5965875152569242,3.173267351378967,0.5112709358702805,0.09147609147609148
7,0.05,baseline,0.13,False,,0.0,0,nan,False,False,,,"{""baseline"": ""failsafe""}",,,,,,
7,0.05,bbse,0.13,False,,0.0,0,nan,False,False,,,"{""bbse"": ""failsafe""}",,failsafe,0.5875472329379664,3.2916376733255857,0.48705485165527757,0.08053691275167785
7,0.1,baseline,0.13,True,0.55,0.9817833173537871,1024,0.0693359375,False,False,0.071864,False,,baseline,,,,,
7,0.1,bbse,0.13,False,,0.0,0,nan,False,False,,,"{""bbse"": ""failsafe""}",,failsafe,0.5875472329379664,3.2916376733255857,0.48705485165527757,0.08053691275167785
8,0.05,baseline,0.13,False,,0.0,0,nan,False,False,,,"{""baseline"": ""failsafe""}",,,,,,
8,0.05,bbse,0.13,False,,0.0,0,nan,False,False,,,"{""bbse"": ""failsafe""}",,failsafe,1.0752179735013607,2.848184734543022,0.49703122877358136,0.11143317230273753
8,0.1,baseline,0.13,True,0.55,0.9793880837359098,3041,0.08056560341992766,False,False,0.071866,False,,baseline,,,,,
8,0.1,bbse,0.13,False,,0.0,0,nan,False,False,,,"{""bbse"": ""failsafe""}",,failsafe,1.0752179735013607,2.848184734543022,0.49703122877358136,0.11143317230273753
9,0.05,baseline,0.13,False,,0.0,0,nan,False,False,,,"{""baseline"": ""failsafe""}",,,,,,
9,0.05,bbse,0.13,False,,0.0,0,nan,False,False,,,"{""bbse"": ""failsafe""}",,failsafe,0.24727215437484015,1.288000936069427,0.519548525247258,0.06102987921169739
9,0.1,baseline,0.13,True,0.55,0.9872854418308964,1553,0.05280103026400515,False,False,0.075226,False,,baseline,,,,,
9,0.1,bbse,0.13,True,0.85,0.8550540368722187,1345,0.020074349442379184,False,False,0.033237,False,,bbse,,0.24727215437484015,1.288000936069427,0.519548525247258,0.06102987921169739
10,0.05,baseline,0.13,False,,0.0,0,nan,False,False,,,"{""baseline"": ""failsafe""}",,,,,,
10,0.05,bbse,0.13,False,,0.0,0,nan,False,False,,,"{""bbse"": ""failsafe""}",,failsafe,0.7801522063599274,2.6478767692140783,0.47076001757226166,0.09242695289206918
10,0.1,baseline,0.13,True,0.55,0.9844961240310077,1651,0.07995154451847365,False,False,0.070772,False,,baseline,,,,,
10,0.1,bbse,0.13,False,,0.0,0,nan,False,False,,,"{""bbse"": ""failsafe""}",,failsafe,0.7801522063599274,2.6478767692140783,0.47076001757226166,0.09242695289206918
11,0.05,baseline,0.13,False,,0.0,0,nan,False,False,,,"{""baseline"": ""failsafe""}",,,,,,
11,0.05,bbse,0.13,False,,0.0,0,nan,False,False,,,"{""bbse"": ""bbse-misspecified""}",,bbse-misspecified,,,0.5432127450759027,0.08695652173913043
11,0.1,baseline,0.13,True,0.55,0.9782608695652174,45,0.06666666666666667,False,False,0.069995,False,,baseline,,,,,
11,0.1,bbse,0.13,False,,0.0,0,nan,False,False,,,"{""bbse"": ""bbse-misspecified""}",,bbse-misspecified,,,0.5432127450759027,0.08695652173913043
12,0.05,baseline,0.13,False,,0.0,0,nan,False,False,,,"{""baseline"": ""failsafe""}",,,,,,
12,0.05,bbse,0.13,False,,0.0,0,nan,False,False,,,"{""bbse"": ""failsafe""}",,failsafe,0.36833455153573447,1.7072427216074906,0.5065037749867988,0.07404458598726114
12,0.1,baseline,0.13,True,0.55,0.9800955414012739,1231,0.08042242079610074,False,False,0.075583,False,,baseline,,,,,
12,0.1,bbse,0.13,False,,0.0,0,nan,False,False,,,"{""bbse"": ""failsafe""}",,failsafe,0.36833455153573447,1.7072427216074906,0.5065037749867988,0.07404458598726114
13,0.05,baseline,0.13,False,,0.0,0,nan,False,False,,,"{""baseline"": ""failsafe""}",,,,,,
13,0.05,bbse,0.13,False,,0.0,0,nan,False,False,,,"{""bbse"": ""failsafe""}",,failsafe,0.3863635415881892,2.5630302514915795,0.5300794798919082,0.08429926238145416
13,0.1,baseline,0.13,True,0.55,0.9873551106427819,937,0.07043756670224119,False,False,0.07292,False,,baseline,,,,,
13,0.1,bbse,0.13,False,,0.0,0,nan,False,False,,,"{""bbse"": ""failsafe""}",,failsafe,0.3863635415881892,2.5630302514915795,0.5300794798919082,0.08429926238145416
14,0.05,baseline,0.13,False,,0.0,0,nan,False,False,,,"{""baseline"": ""failsafe""}",,,,,,
14,0.05,bbse,0.13,False,,0.0,0,nan,False,False,,,"{""bbse"": ""failsafe""}",,failsafe,1.7339559327978995,5.69788206265471,0.503893775846365,0.15703824247355574
14,0.1,baseline,0.13,True,0.55,0.9739625711960944,1197,0.11445279866332497,True,True,0.070553,False,,baseline,,,,,
14,0.1,bbse,0.13,False,,0.0,0,nan,False,False,,,"{""bbse"": ""failsafe""}",,failsafe,1.7339559327978995,5.69788206265471,0.503893775846365,0.15703824247355574
15,0.05,baseline,0.13,False,,0.0,0,nan,False,False,,,"{""baseline"": ""failsafe""}",,,,,,
15,0.05,bbse,0.13,False,,0.0,0,nan,False,False,,,"{""bbse"": ""failsafe""}",,failsafe,0.21687671253438212,4.0831449516847105,0.5141595632653859,0.08368200836820083
15,0.1,baseline,0.13,True,0.55,0.9916317991631799,237,0.08860759493670886,False,False,0.071716,False,,baseline,,,,,
15,0.1,bbse,0.13,False,,0.0,0,nan,False,False,,,"{""bbse"": ""failsafe""}",,failsafe,0.21687671253438212,4.0831449516847105,0.5141595632653859,0.08368200836820083
16,0.05,baseline,0.13,False,,0.0,0,nan,False,False,,,"{""baseline"": ""failsafe""}",,,,,,
16,0.05,bbse,0.13,False,,0.0,0,nan,False,False,,,"{""bbse"": ""failsafe""}",,failsafe,0.2535067256281037,2.721342887624651,0.5042381723807745,0.07102272727272728
16,0.1,baseline,0.13,True,0.55,0.9943181818181818,350,0.06571428571428571,False,False,0.078076,False,,baseline,,,,,
16,0.1,bbse,0.13,False,,0.0,0,nan,False,False,,,"{""bbse"": ""failsafe""}",,failsafe,0.2535067256281037,2.721342887624651,0.5042381723807745,0.07102272727272728
17,0.05,baseline,0.13,False,,0.0,0,nan,False,False,,,"{""baseline"": ""failsafe""}",,,,,,
17,0.05,bbse,0.13,False,,0.0,0,nan,False,False,,,"{""bbse"": ""failsafe""}",,failsafe,0.6003288752554848,3.109657818847019,0.4776817911972192,0.075
17,0.1,baseline,0.13,True,0.55,0.990625,1268,0.07570977917981073,False,False,0.075594,False,,baseline,,,,,
17,0.1,bbse,0.13,False,,0.0,0,nan,False,False,,,"{""bbse"": ""failsafe""}",,failsafe,0.6003288752554848,3.109657818847019,0.4776817911972192,0.075
18,0.05,baseline,0.13,False,,0.0,0,nan,False,False,,,"{""baseline"": ""failsafe""}",,,,,,
18,0.05,bbse,0.13,False,,0.0,0,nan,False,False,,,"{""bbse"": ""failsafe""}",,failsafe,0.0007556376963741404,1.7358690734029703,0.5206418040532931,0.03869047619047619
18,0.1,baseline,0.13,True,0.55,0.9970238095238095,335,0.03582089552238806,False,False,0.068563,False,,baseline,,,,,
18,0.1,bbse,0.13,False,,0.0,0,nan,False,False,,,"{""bbse"": ""failsafe""}",,failsafe,0.0007556376963741404,1.7358690734029703,0.5206418040532931,0.03869047619047619
19,0.05,baseline,0.13,False,,0.0,0,nan,False,False,,,"{""baseline"": ""failsafe""}",,,,,,
19,0.05,bbse,0.13,False,,0.0,0,nan,False,False,,,"{""bbse"": ""failsafe""}",,failsafe,0.1959201656353662,4.604712886744284,0.498402297890012,0.08333333333333333
19,0.1,baseline,0.13,True,0.55,0.9880952380952381,166,0.03614457831325301,False,False,0.071626,False,,baseline,,,,,
19,0.1,bbse,0.13,False,,0.0,0,nan,False,False,,,"{""bbse"": ""failsafe""}",,failsafe,0.1959201656353662,4.604712886744284,0.498402297890012,0.08333333333333333
20,0.05,baseline,0.13,False,,0.0,0,nan,False,False,,,"{""baseline"": ""failsafe""}",,,,,,
20,0.05,bbse,0.13,False,,0.0,0,nan,False,False,,,"{""bbse"": ""failsafe""}",,failsafe,0.3603545452395924,27.33130640601602,0.46114379791904475,0.14583333333333334
20,0.1,baseline,0.13,True,0.55,0.9791666666666666,47,0.10638297872340426,False,True,0.074682,False,,baseline,,,,,
20,0.1,bbse,0.13,False,,0.0,0,nan,False,False,,,"{""bbse"": ""failsafe""}",,failsafe,0.3603545452395924,27.33130640601602,0.46114379791904475,0.14583333333333334
21,0.05,baseline,0.13,False,,0.0,0,nan,False,False,,,"{""baseline"": ""failsafe""}",,,,,,
21,0.05,bbse,0.13,False,,0.0,0,nan,False,False,,,"{""bbse"": ""bbse-misspecified""}",,bbse-misspecified,,,0.5203133848599313,0.04285714285714286
21,0.1,baseline,0.13,True,0.55,1.0,70,0.08571428571428572,False,False,0.073806,False,,baseline,,,,,
21,0.1,bbse,0.13,False,,0.0,0,nan,False,False,,,"{""bbse"": ""bbse-misspecified""}",,bbse-misspecified,,,0.5203133848599313,0.04285714285714286
22,0.05,baseline,0.13,False,,0.0,0,nan,False,False,,,"{""baseline"": ""failsafe""}",,,,,,
22,0.05,bbse,0.13,False,,0.0,0,nan,False,False,,,"{""bbse"": ""failsafe""}",,failsafe,0.3420482153951897,3.520020929666711,0.4848014449084718,0.08307692307692308
22,0.1,baseline,0.13,True,0.55,0.9815384615384616,319,0.08150470219435736,False,False,0.076329,False,,baseline,,,,,
22,0.1,bbse,0.13,False,,0.0,0,nan,False,False,,,"{""bbse"": ""failsafe""}",,failsafe,0.3420482153951897,3.520020929666711,0.4848014449084718,0.08307692307692308
23,0.05,baseline,0.13,False,,0.0,0,nan,False,False,,,"{""baseline"": ""failsafe""}",,,,,,
23,0.05,bbse,0.13,False,,0.0,0,nan,False,False,,,"{""bbse"": ""failsafe""}",,failsafe,0.45434224926462535,2.5624879148599624,0.5202743766103315,0.08180535966149506
23,0.1,baseline,0.13,True,0.55,0.9844851904090268,698,0.06446991404011461,False,False,0.071378,False,,baseline,,,,,
23,0.1,bbse,0.13,False,,0.0,0,nan,False,False,,,"{""bbse"": ""failsafe""}",,failsafe,0.45434224926462535,2.5624879148599624,0.5202743766103315,0.08180535966149506
24,0.05,baseline,0.13,False,,0.0,0,nan,False,False,,,"{""baseline"": ""failsafe""}",,,,,,
24,0.05,bbse,0.13,False,,0.0,0,nan,False,False,,,"{""bbse"": ""failsafe""}",,failsafe,0.15338998877204604,1.207059958741401,0.4955780067744852,0.04841997961264016
24,0.1,baseline,0.13,True,0.55,0.9882772680937818,1939,0.039195461578133056,False,False,0.071416,False,,baseline,,,,,
24,0.1,bbse,0.13,True,0.75,0.9220183486238532,1809,0.021006080707573246,False,False,0.04538,False,,bbse,,0.15338998877204604,1.207059958741401,0.4955780067744852,0.04841997961264016
25,0.05,baseline,0.13,False,,0.0,0,nan,False,False,,,"{""baseline"": ""failsafe""}",,,,,,
25,0.05,bbse,0.13,False,,0.0,0,nan,False,False,,,"{""bbse"": ""failsafe""}",,failsafe,1.1998148278878717,5.973132960290144,0.49145873319336275,0.1391465677179963
25,0.1,baseline,0.13,True,0.55,0.9758812615955473,526,0.0741444866920152,False,False,0.072084,False,,baseline,,,,,
25,0.1,bbse,0.13,False,,0.0,0,nan,False,False,,,"{""bbse"": ""failsafe""}",,failsafe,1.1998148278878717,5.973132960290144,0.49145873319336275,0.1391465677179963
26,0.05,baseline,0.13,False,,0.0,0,nan,False,False,,,"{""baseline"": ""failsafe""}",,,,,,
26,0.05,bbse,0.13,False,,0.0,0,nan,False,False,,,"{""bbse"": ""failsafe""}",,failsafe,0.9256329236733848,4.3025424890402215,0.4815835448187588,0.11162790697674418
26,0.1,baseline,0.13,True,0.55,0.9829457364341085,634,0.06309148264984227,False,False,0.074868,False,,baseline,,,,,
26,0.1,bbse,0.13,False,,0.0,0,nan,False,False,,,"{""bbse"": ""failsafe""}",,failsafe,0.9256329236733848,4.3025424890402215,0.4815835448187588,0.11162790697674418
27,0.05,baseline,0.13,False,,0.0,0,nan,False,False,,,"{""baseline"": ""failsafe""}",,,,,,
27,0.05,bbse,0.13,False,,0.0,0,nan,False,False,,,"{""bbse"": ""bbse-misspecified""}",,bbse-misspecified,,,0.5078923919557644,0.024691358024691357
27,0.1,baseline,0.13,True,0.55,0.9629629629629629,78,0.0641025641025641,False,False,0.070744,False,,baseline,,,,,
27,0.1,bbse,0.13,False,,0.0,0,nan,False,False,,,"{""bbse"": ""bbse-misspecified""}",,bbse-misspecified,,,0.5078923919557644,0.024691358024691357
28,0.05,baseline,0.13,False,,0.0,0,nan,False,False,,,"{""baseline"": ""failsafe""}",,,,,,
28,0.05,bbse,0.13,False,,0.0,0,nan,False,False,,,"{""bbse"": ""failsafe""}",,failsafe,0.2508910246550205,2.4928033084503047,0.5134925171744193,0.07506053268765134
28,0.1,baseline,0.13,True,0.55,0.9806295399515739,405,0.05185185185185185,False,False,0.071591,False,,baseline,,,,,
28,0.1,bbse,0.13,False,,0.0,0,nan,False,False,,,"{""bbse"": ""failsafe""}",,failsafe,0.2508910246550205,2.4928033084503047,0.5134925171744193,0.07506053268765134
29,0.05,baseline,0.13,False,,0.0,0,nan,False,False,,,"{""baseline"": ""failsafe""}",,,,,,
29,0.05,bbse,0.13,False,,0.0,0,nan,False,False,,,"{""bbse"": ""failsafe""}",,failsafe,0.6660290175156506,2.9181080497656255,0.5065775855715621,0.10059880239520957
29,0.1,baseline,0.13,True,0.55,0.9796407185628743,818,0.0843520782396088,False,False,0.073256,False,,baseline,,,,,
29,0.1,bbse,0.13,False,,0.0,0,nan,False,False,,,"{""bbse"": ""failsafe""}",,failsafe,0.6660290175156506,2.9181080497656255,0.5065775855715621,0.10059880239520957
30,0.05,baseline,0.13,False,,0.0,0,nan,False,False,,,"{""baseline"": ""failsafe""}",,,,,,
30,0.05,bbse,0.13,False,,0.0,0,nan,False,False,,,"{""bbse"": ""failsafe""}",,failsafe,0.02533902254752309,1.105063460910564,0.5254551180220274,0.04064272211720227
30,0.1,baseline,0.13,True,0.55,0.9905482041587902,1048,0.029580152671755726,False,False,0.07293,False,,baseline,,,,,
30,0.1,bbse,0.13,True,0.6900000000000001,0.9574669187145558,1013,0.022704837117472853,False,False,0.053567,False,,bbse,,0.02533902254752309,1.105063460910564,0.5254551180220274,0.04064272211720227
31,0.05,baseline,0.13,False,,0.0,0,nan,False,False,,,"{""baseline"": ""failsafe""}",,,,,,
31,0.05,bbse,0.13,False,,0.0,0,nan,False,False,,,"{""bbse"": ""failsafe""}",,failsafe,0.04152093228731934,3.479298098865665,0.534626685845233,0.07333333333333333
31,0.1,baseline,0.13,True,0.55,0.9866666666666667,148,0.06756756756756757,False,False,0.073167,False,,baseline,,,,,
31,0.1,bbse,0.13,False,,0.0,0,nan,False,False,,,"{""bbse"": ""failsafe""}",,failsafe,0.04152093228731934,3.479298098865665,0.534626685845233,0.07333333333333333
32,0.05,baseline,0.13,False,,0.0,0,nan,False,False,,,"{""baseline"": ""failsafe""}",,,,,,
32,0.05,bbse,0.13,False,,0.0,0,nan,False,False,,,"{""bbse"": ""failsafe""}",,failsafe,0.9394939392634047,2.637303577594274,0.4929314046273461,0.0892
32,0.1,baseline,0.13,True,0.55,0.9842,4921,0.06766917293233082,False,False,0.07306,False,,baseline,,,,,
32,0.1,bbse,0.13,False,,0.0,0,nan,False,False,,,"{""bbse"": ""failsafe""}",,failsafe,0.9394939392634047,2.637303577594274,0.4929314046273461,0.0892
33,0.05,baseline,0.13,False,,0.0,0,nan,False,False,,,"{""baseline"": ""failsafe""}",,,,,,
33,0.05,bbse,0.13,False,,0.0,0,nan,False,False,,,"{""bbse"": ""failsafe""}",,failsafe,0.9974550064647573,4.180410140333906,0.4877926451720404,0.13003663003663005
33,0.1,baseline,0.13,True,0.55,0.9761904761904762,533,0.1200750469043152,False,True,0.072505,False,,baseline,,,,,
33,0.1,bbse,0.13,False,,0.0,0,nan,False,False,,,"{""bbse"": ""failsafe""}",,failsafe,0.9974550064647573,4.180410140333906,0.4877926451720404,0.13003663003663005
34,0.05,baseline,0.13,False,,0.0,0,nan,False,False,,,"{""baseline"": ""failsafe""}",,,,,,
34,0.05,bbse,0.13,False,,0.0,0,nan,False,False,,,"{""bbse"": ""failsafe""}",,failsafe,0.3912363913560748,11.246312191056408,0.5061374456058028,0.12222222222222222
34,0.1,baseline,0.13,True,0.55,0.9555555555555556,86,0.05813953488372093,False,False,0.06866,False,,baseline,,,,,
34,0.1,bbse,0.13,False,,0.0,0,nan,False,False,,,"{""bbse"": ""failsafe""}",,failsafe,0.3912363913560748,11.246312191056408,0.5061374456058028,0.12222222222222222
35,0.05,baseline,0.13,False,,0.0,0,nan,False,False,,,"{""baseline"": ""failsafe""}",,,,,,
35,0.05,bbse,0.13,False,,0.0,0,nan,False,False,,,"{""bbse"": ""failsafe""}",,failsafe,0.4063182174270215,2.1355069537426616,0.48894366160420744,0.07142857142857142
35,0.1,baseline,0.13,True,0.55,0.9880952380952381,747,0.07362784471218206,False,False,0.074933,False,,baseline,,,,,
35,0.1,bbse,0.13,False,,0.0,0,nan,False,False,,,"{""bbse"": ""failsafe""}",,failsafe,0.4063182174270215,2.1355069537426616,0.48894366160420744,0.07142857142857142
36,0.05,baseline,0.13,False,,0.0,0,nan,False,False,,,"{""baseline"": ""failsafe""}",,,,,,
36,0.05,bbse,0.13,False,,0.0,0,nan,False,False,,,"{""bbse"": ""failsafe""}",,failsafe,1.7927574446538737,7.033571078627547,0.5116513789973595,0.17693836978131214
36,0.1,baseline,0.13,True,0.55,0.9721669980119284,978,0.12576687116564417,True,True,0.070208,False,,baseline,,,,,
36,0.1,bbse,0.13,False,,0.0,0,nan,False,False,,,"{""bbse"": ""failsafe""}",,failsafe,1.7927574446538737,7.033571078627547,0.5116513789973595,0.17693836978131214
37,0.05,baseline,0.13,False,,0.0,0,nan,False,False,,,"{""baseline"": ""failsafe""}",,,,,,
37,0.05,bbse,0.13,False,,0.0,0,nan,False,False,,,"{""bbse"": ""failsafe""}",,failsafe,0.2737798975779322,2.1302551512731243,0.5113838700541706,0.06721536351165981
37,0.1,baseline,0.13,True,0.5700000000000001,0.9711934156378601,708,0.062146892655367235,False,False,0.071444,False,,baseline,,,,,
37,0.1,bbse,0.13,False,,0.0,0,nan,False,False,,,"{""bbse"": ""failsafe""}",,failsafe,0.2737798975779322,2.1302551512731243,0.5113838700541706,0.06721536351165981
38,0.05,baseline,0.13,False,,0.0,0,nan,False,False,,,"{""baseline"": ""failsafe""}",,,,,,
38,0.05,bbse,0.13,False,,0.0,0,nan,False,False,,,"{""bbse"": ""failsafe""}",,failsafe,0.8348533453645809,4.684391190797884,0.4889600613056222,0.1043613707165109
38,0.1,baseline,0.13,True,0.55,0.9813084112149533,630,0.10158730158730159,False,True,0.070825,False,,baseline,,,,,
38,0.1,bbse,0.13,False,,0.0,0,nan,False,False,,,"{""bbse"": ""failsafe""}",,failsafe,0.8348533453645809,4.684391190797884,0.4889600613056222,0.1043613707165109
39,0.05,baseline,0.13,False,,0.0,0,nan,False,False,,,"{""baseline"": ""failsafe""}",,,,,,
39,0.05,bbse,0.13,False,,0.0,0,nan,False,False,,,"{""bbse"": ""failsafe""}",,failsafe,1.4147254892894117,11.242052121715904,0.5110302410334113,0.17674418604651163
39,0.1,baseline,0.13,True,0.55,0.9674418604651163,208,0.11057692307692307,False,True,0.071215,False,,baseline,,,,,
39,0.1,bbse,0.13,False,,0.0,0,nan,False,False,,,"{""bbse"": ""failsafe""}",,failsafe,1.4147254892894117,11.242052121715904,0.5110302410334113,0.17674418604651163
40,0.05,baseline,0.13,False,,0.0,0,nan,False,False,,,"{""baseline"": ""failsafe""}",,,,,,
40,0.05,bbse,0.13,False,,0.0,0,nan,False,False,,,"{""bbse"": ""failsafe""}",,failsafe,0.24776301242487686,3.944861028456,0.5075184181543057,0.08558558558558559
40,0.1,baseline,0.13,True,0.55,0.9819819819819819,218,0.05045871559633028,False,False,0.069702,False,,baseline,,,,,
40,0.1,bbse,0.13,False,,0.0,0,nan,False,False,,,"{""bbse"": ""failsafe""}",,failsafe,0.24776301242487686,3.944861028456,0.5075184181543057,0.08558558558558559
41,0.05,baseline,0.13,False,,0.0,0,nan,False,False,,,"{""baseline"": ""failsafe""}",,,,,,
41,0.05,bbse,0.13,False,,0.0,0,nan,False,False,,,"{""bbse"": ""failsafe""}",,failsafe,0.7824892559628229,2.64802015186486,0.5405170620876775,0.10397553516819572
41,0.1,baseline,0.13,True,0.55,0.980428134556575,1603,0.06674984404242046,False,False,0.069771,False,,baseline,,,,,
41,0.1,bbse,0.13,False,,0.0,0,nan,False,False,,,"{""bbse"": ""failsafe""}",,failsafe,0.7824892559628229,2.64802015186486,0.5405170620876775,0.10397553516819572
42,0.05,baseline,0.13,False,,0.0,0,nan,False,False,,,"{""baseline"": ""failsafe""}",,,,,,
42,0.05,bbse,0.13,False,,0.0,0,nan,False,False,,,"{""bbse"": ""failsafe""}",,failsafe,0.0005966988725881446,20.175794239094117,0.5342502437628344,0.12903225806451613
42,0.1,baseline,0.13,True,0.55,0.9354838709677419,29,0.10344827586206896,False,True,0.071459,False,,baseline,,,,,
42,0.1,bbse,0.13,False,,0.0,0,nan,False,False,,,"{""bbse"": ""failsafe""}",,failsafe,0.0005966988725881446,20.175794239094117,0.5342502437628344,0.12903225806451613
43,0.05,baseline,0.13,False,,0.0,0,nan,False,False,,,"{""baseline"": ""failsafe""}",,,,,,
43,0.05,bbse,0.13,False,,0.0,0,nan,False,False,,,"{""bbse"": ""failsafe""}",,failsafe,1.295719821695194,3.610318759889078,0.49897795456646993,0.12153708668453976
43,0.1,baseline,0.13,True,0.55,0.9754244861483468,2183,0.08291342189647274,False,False,0.075812,False,,baseline,,,,,
43,0.1,bbse,0.13,False,,0.0,0,nan,False,False,,,"{""bbse"": ""failsafe""}",,failsafe,1.295719821695194,3.610318759889078,0.49897795456646993,0.12153708668453976
44,0.05,baseline,0.13,False,,0.0,0,nan,False,False,,,"{""baseline"": ""failsafe""}",,,,,,
44,0.05,bbse,0.13,False,,0.0,0,nan,False,False,,,"{""bbse"": ""failsafe""}",,failsafe,0.10120532901706203,27.751238875307667,0.4911734515579206,0.1388888888888889
44,0.1,baseline,0.13,True,0.55,1.0,36,0.08333333333333333,False,False,0.071387,False,,baseline,,,,,
44,0.1,bbse,0.13,False,,0.0,0,nan,False,False,,,"{""bbse"": ""failsafe""}",,failsafe,0.10120532901706203,27.751238875307667,0.4911734515579206,0.1388888888888889
45,0.05,baseline,0.13,False,,0.0,0,nan,False,False,,,"{""baseline"": ""failsafe""}",,,,,,
45,0.05,bbse,0.13,False,,0.0,0,nan,False,False,,,"{""bbse"": ""failsafe""}",,failsafe,0.34338103836299644,1.340610969111845,0.49213495900725174,0.06447397081245916
45,0.1,baseline,0.13,True,0.5700000000000001,0.980396427793509,4501,0.056654076871806264,False,False,0.067264,False,,baseline,,,,,
45,0.1,bbse,0.13,False,,0.0,0,nan,False,False,,,"{""bbse"": ""failsafe""}",,failsafe,0.34338103836299644,1.340610969111845,0.49213495900725174,0.06447397081245916
46,0.05,baseline,0.13,False,,0.0,0,nan,False,False,,,"{""baseline"": ""failsafe""}",,,,,,
46,0.05,bbse,0.13,False,,0.0,0,nan,False,False,,,"{""bbse"": ""failsafe""}",,failsafe,0.15299414139177256,1.538933317177895,0.5176236936245306,0.05500705218617771
46,0.1,baseline,0.13,True,0.5700000000000001,0.9858956276445698,699,0.03719599427753934,False,False,0.068731,False,,baseline,,,,,
46,0.1,bbse,0.13,False,,0.0,0,nan,False,False,,,"{""bbse"": ""failsafe""}",,failsafe,0.15299414139177256,1.538933317177895,0.5176236936245306,0.05500705218617771
47,0.05,baseline,0.13,False,,0.0,0,nan,False,False,,,"{""baseline"": ""failsafe""}",,,,,,
47,0.05,bbse,0.13,False,,0.0,0,nan,False,False,,,"{""bbse"": ""bbse-misspecified""}",,bbse-misspecified,,,0.4584929854779571,0.05263157894736842
47,0.1,baseline,0.13,True,0.55,1.0,76,0.039473684210526314,False,False,0.07722,False,,baseline,,,,,
47,0.1,bbse,0.13,False,,0.0,0,nan,False,False,,,"{""bbse"": ""bbse-misspecified""}",,bbse-misspecified,,,0.4584929854779571,0.05263157894736842
48,0.05,baseline,0.13,False,,0.0,0,nan,False,False,,,"{""baseline"": ""failsafe""}",,,,,,
48,0.05,bbse,0.13,False,,0.0,0,nan,False,False,,,"{""bbse"": ""bbse-misspecified""}",,bbse-misspecified,,,0.5006593524711458,0.05555555555555555
48,0.1,baseline,0.13,True,0.55,0.9629629629629629,104,0.04807692307692308,False,False,0.07138,False,,baseline,,,,,
48,0.1,bbse,0.13,False,,0.0,0,nan,False,False,,,"{""bbse"": ""bbse-misspecified""}",,bbse-misspecified,,,0.5006593524711458,0.05555555555555555
49,0.05,baseline,0.13,False,,0.0,0,nan,False,False,,,"{""baseline"": ""failsafe""}",,,,,,
49,0.05,bbse,0.13,False,,0.0,0,nan,False,False,,,"{""bbse"": ""failsafe""}",,failsafe,1.5384392663389093,6.521303889495105,0.5177102120682712,0.14847512038523275
49,0.1,baseline,0.13,True,0.55,0.9775280898876404,1218,0.10426929392446634,False,True,0.070324,False,,baseline,,,,,
49,0.1,bbse,0.13,False,,0.0,0,nan,False,False,,,"{""bbse"": ""failsafe""}",,failsafe,1.5384392663389093,6.521303889495105,0.5177102120682712,0.14847512038523275
50,0.05,baseline,0.13,False,,0.0,0,nan,False,False,,,"{""baseline"": ""failsafe""}",,,,,,
50,0.05,bbse,0.13,False,,0.0,0,nan,False,False,,,"{""bbse"": ""failsafe""}",,failsafe,0.7432418825868169,5.383580224840746,0.522046735433767,0.1259259259259259
50,0.1,baseline,0.13,True,0.55,0.9740740740740741,263,0.08365019011406843,False,False,0.069316,False,,baseline,,,,,
50,0.1,bbse,0.13,False,,0.0,0,nan,False,False,,,"{""bbse"": ""failsafe""}",,failsafe,0.7432418825868169,5.383580224840746,0.522046735433767,0.1259259259259259
51,0.05,baseline,0.13,False,,0.0,0,nan,False,False,,,"{""baseline"": ""failsafe""}",,,,,,
51,0.05,bbse,0.13,False,,0.0,0,nan,False,False,,,"{""bbse"": ""failsafe""}",,failsafe,0.3178505397185872,5.679738367883301,0.48803361340020024,0.1
51,0.1,baseline,0.13,True,0.5700000000000001,0.9785714285714285,137,0.051094890510948905,False,False,0.071816,False,,baseline,,,,,
51,0.1,bbse,0.13,False,,0.0,0,nan,False,False,,,"{""bbse"": ""failsafe""}",,failsafe,0.3178505397185872,5.679738367883301,0.48803361340020024,0.1
52,0.05,baseline,0.13,False,,0.0,0,nan,False,False,,,"{""baseline"": ""failsafe""}",,,,,,
52,0.05,bbse,0.13,False,,0.0,0,nan,False,False,,,"{""bbse"": ""failsafe""}",,failsafe,0.0057640026253154295,0.7311056538552831,0.4858101519678869,0.03319502074688797
52,0.1,baseline,0.13,True,0.55,0.9910096818810512,1433,0.030006978367062107,False,False,0.076371,False,,baseline,,,,,
52,0.1,bbse,0.13,True,0.55,0.9910096818810512,1433,0.030006978367062107,False,False,0.076371,False,,bbse,,0.0057640026253154295,0.7311056538552831,0.4858101519678869,0.03319502074688797
53,0.05,baseline,0.13,False,,0.0,0,nan,False,False,,,"{""baseline"": ""failsafe""}",,,,,,
53,0.05,bbse,0.13,False,,0.0,0,nan,False,False,,,"{""bbse"": ""failsafe""}",,failsafe,0.15707208801489053,2.145718231306353,0.5337366097112073,0.05891472868217054
53,0.1,baseline,0.13,True,0.55,0.9813953488372092,633,0.053712480252764615,False,False,0.070318,False,,baseline,,,,,
53,0.1,bbse,0.13,False,,0.0,0,nan,False,False,,,"{""bbse"": ""failsafe""}",,failsafe,0.15707208801489053,2.145718231306353,0.5337366097112073,0.05891472868217054
54,0.05,baseline,0.13,False,,0.0,0,nan,False,False,,,"{""baseline"": ""failsafe""}",,,,,,
54,0.05,bbse,0.13,False,,0.0,0,nan,False,False,,,"{""bbse"": ""failsafe""}",,failsafe,0.2504319143474345,1.522914751188833,0.4912965820881697,0.053449347420758235
54,0.1,baseline,0.13,True,0.55,0.9912989434431324,1595,0.04326018808777429,False,False,0.072234,False,,baseline,,,,,
54,0.1,bbse,0.13,False,,0.0,0,nan,False,False,,,"{""bbse"": ""failsafe""}",,failsafe,0.2504319143474345,1.522914751188833,0.4912965820881697,0.053449347420758235
55,0.05,baseline,0.13,False,,0.0,0,nan,False,False,,,"{""baseline"": ""failsafe""}",,,,,,
55,0.05,bbse,0.13,False,,0.0,0,nan,False,False,,,"{""bbse"": ""failsafe""}",,failsafe,0.041296093985979256,5.427869256108896,0.5089877143098775,0.08536585365853659
55,0.1,baseline,0.13,True,0.55,0.9878048780487805,81,0.12345679012345678,False,True,0.076692,False,,baseline,,,,,
55,0.1,bbse,0.13,False,,0.0,0,nan,False,False,,,"{""bbse"": ""failsafe""}",,failsafe,0.041296093985979256,5.427869256108896,0.5089877143098775,0.08536585365853659
56,0.05,baseline,0.13,False,,0.0,0,nan,False,False,,,"{""baseline"": ""failsafe""}",,,,,,
56,0.05,bbse,0.13,False,,0.0,0,nan,False,False,,,"{""bbse"": ""failsafe""}",,failsafe,0.13873317407891894,2.0444905846651955,0.5123977323653405,0.06595744680851064
56,0.1,baseline,0.13,True,0.55,0.9893617021276596,465,0.03870967741935484,False,False,0.069556,False,,baseline,,,,,
56,0.1,bbse,0.13,False,,0.0,0,nan,False,False,,,"{""bbse"": ""failsafe""}",,failsafe,0.13873317407891894,2.0444905846651955,0.5123977323653405,0.06595744680851064
57,0.05,baseline,0.13,False,,0.0,0,nan,False,False,,,"{""baseline"": ""failsafe""}",,,,,,
57,0.05,bbse,0.13,False,,0.0,0,nan,False,False,,,"{""bbse"": ""failsafe""}",,failsafe,0.37331434301160077,2.004330237065589,0.5138169830699081,0.07848324514991181
57,0.1,baseline,0.13,True,0.55,0.9894179894179894,1122,0.06506238859180036,False,False,0.072624,False,,baseline,,,,,
57,0.1,bbse,0.13,False,,0.0,0,nan,False,False,,,"{""bbse"": ""failsafe""}",,failsafe,0.37331434301160077,2.004330237065589,0.5138169830699081,0.07848324514991181
58,0.05,baseline,0.13,False,,0.0,0,nan,False,False,,,"{""baseline"": ""failsafe""}",,,,,,
58,0.05,bbse,0.13,False,,0.0,0,nan,False,False,,,"{""bbse"": ""failsafe""}",,failsafe,0.25801409325375363,2.831895928196433,0.5217792062342931,0.07584269662921349
58,0.1,baseline,0.13,True,0.55,0.9859550561797753,351,0.06837606837606838,False,False,0.070919,False,,baseline,,,,,
58,0.1,bbse,0.13,False,,0.0,0,nan,False,False,,,"{""bbse"": ""failsafe""}",,failsafe,0.25801409325375363,2.831895928196433,0.5217792062342931,0.07584269662921349
59,0.05,baseline,0.13,False,,0.0,0,nan,False,False,,,"{""baseline"": ""failsafe""}",,,,,,
59,0.05,bbse,0.13,False,,0.0,0,nan,False,False,,,"{""bbse"": ""failsafe""}",,failsafe,0.03946964376044875,19.704458858959903,0.5147640237097285,0.1388888888888889
59,0.1,baseline,0.13,True,0.5900000000000001,1.0,36,0.05555555555555555,False,False,0.063976,False,,baseline,,,,,
59,0.1,bbse,0.13,False,,0.0,0,nan,False,False,,,"{""bbse"": ""failsafe""}",,failsafe,0.03946964376044875,19.704458858959903,0.5147640237097285,0.1388888888888889
60,0.05,baseline,0.13,False,,0.0,0,nan,False,False,,,"{""baseline"": ""failsafe""}",,,,,,
60,0.05,bbse,0.13,False,,0.0,0,nan,False,False,,,"{""bbse"": ""failsafe""}",,failsafe,0.41923623298273566,2.172609743896722,0.5120078127995608,0.07162790697674419
60,0.1,baseline,0.13,True,0.55,0.9823255813953489,1056,0.056818181818181816,False,False,0.074054,False,,baseline,,,,,
60,0.1,bbse,0.13,False,,0.0,0,nan,False,False,,,"{""bbse"": ""failsafe""}",,failsafe,0.41923623298273566,2.172609743896722,0.5120078127995608,0.07162790697674419
61,0.05,baseline,0.13,False,,0.0,0,nan,False,False,,,"{""baseline"": ""failsafe""}",,,,,,
61,0.05,bbse,0.13,False,,0.0,0,nan,False,False,,,"{""bbse"": ""failsafe""}",,failsafe,0.2999575069670406,3.330775904154736,0.5260683339545024,0.08571428571428572
61,0.1,baseline,0.13,True,0.55,0.9678571428571429,271,0.08856088560885608,False,False,0.069714,False,,baseline,,,,,
61,0.1,bbse,0.13,False,,0.0,0,nan,False,False,,,"{""bbse"": ""failsafe""}",,failsafe,0.2999575069670406,3.330775904154736,0.5260683339545024,0.08571428571428572
62,0.05,baseline,0.13,False,,0.0,0,nan,False,False,,,"{""baseline"": ""failsafe""}",,,,,,
62,0.05,bbse,0.13,False,,0.0,0,nan,False,False,,,"{""bbse"": ""failsafe""}",,failsafe,0.646605796525492,3.1432654789030297,0.5421262405633098,0.10302197802197802
62,0.1,baseline,0.13,True,0.55,0.9862637362637363,718,0.06545961002785515,False,False,0.069834,False,,baseline,,,,,
62,0.1,bbse,0.13,False,,0.0,0,nan,False,False,,,"{""bbse"": ""failsafe""}",,failsafe,0.646605796525492,3.1432654789030297,0.5421262405633098,0.10302197802197802
63,0.05,baseline,0.13,False,,0.0,0,nan,False,False,,,"{""baseline"": ""failsafe""}",,,,,,
63,0.05,bbse,0.13,False,,0.0,0,nan,False,False,,,"{""bbse"": ""failsafe""}",,failsafe,0.9277426772668282,4.177655818769279,0.4733543482916923,0.13226744186046513
63,0.1,baseline,0.13,True,0.55,0.9811046511627907,1350,0.10296296296296296,False,True,0.074904,False,,baseline,,,,,
63,0.1,bbse,0.13,False,,0.0,0,nan,False,False,,,"{""bbse"": ""failsafe""}",,failsafe,0.9277426772668282,4.177655818769279,0.4733543482916923,0.13226744186046513
64,0.05,baseline,0.13,False,,0.0,0,nan,False,False,,,"{""baseline"": ""failsafe""}",,,,,,
64,0.05,bbse,0.13,False,,0.0,0,nan,False,False,,,"{""bbse"": ""failsafe""}",,failsafe,0.16023142664469744,1.53804731910926,0.4967189425815258,0.048824593128390596
64,0.1,baseline,0.13,True,0.55,0.9864376130198915,1091,0.043996333638863426,False,False,0.072443,False,,baseline,,,,,
64,0.1,bbse,0.13,False,,0.0,0,nan,False,False,,,"{""bbse"": ""failsafe""}",,failsafe,0.16023142664469744,1.53804731910926,0.4967189425815258,0.048824593128390596
65,0.05,baseline,0.13,False,,0.0,0,nan,False,False,,,"{""baseline"": ""failsafe""}",,,,,,
65,0.05,bbse,0.13,False,,0.0,0,nan,False,False,,,"{""bbse"": ""failsafe""}",,failsafe,0.2865973502932582,4.037869149714015,0.503083655269878,0.09505703422053231
65,0.1,baseline,0.13,True,0.5900000000000001,0.9695817490494296,255,0.0784313725490196,False,False,0.067022,False,,baseline,,,,,
65,0.1,bbse,0.13,False,,0.0,0,nan,False,False,,,"{""bbse"": ""failsafe""}",,failsafe,0.2865973502932582,4.037869149714015,0.503083655269878,0.09505703422053231
66,0.05,baseline,0.13,False,,0.0,0,nan,False,False,,,"{""baseline"": ""failsafe""}",,,,,,
66,0.05,bbse,0.13,False,,0.0,0,nan,False,False,,,"{""bbse"": ""bbse-misspecified""}",,bbse-misspecified,,,0.49784261497240684,0.0
66,0.1,baseline,0.13,True,0.5900000000000001,1.0,57,0.08771929824561403,False,False,0.069289,False,,baseline,,,,,
66,0.1,bbse,0.13,False,,0.0,0,nan,False,False,,,"{""bbse"": ""bbse-misspecified""}",,bbse-misspecified,,,0.49784261497240684,0.0
67,0.05,baseline,0.13,False,,0.0,0,nan,False,False,,,"{""baseline"": ""failsafe""}",,,,,,
67,0.05,bbse,0.13,False,,0.0,0,nan,False,False,,,"{""bbse"": ""failsafe""}",,failsafe,1.6820603518115684,5.616823714346487,0.4990795337194712,0.14916151809355693
67,0.1,baseline,0.13,True,0.55,0.9788172992056487,1109,0.11812443642921551,True,True,0.075124,False,,baseline,,,,,
67,0.1,bbse,0.13,False,,0.0,0,nan,False,False,,,"{""bbse"": ""failsafe""}",,failsafe,1.6820603518115684,5.616823714346487,0.4990795337194712,0.14916151809355693
68,0.05,baseline,0.13,False,,0.0,0,nan,False,False,,,"{""baseline"": ""failsafe""}",,,,,,
68,0.05,bbse,0.13,False,,0.0,0,nan,False,False,,,"{""bbse"": ""failsafe""}",,failsafe,0.47267530525690193,4.186548228222394,0.500844885316506,0.09420289855072464
68,0.1,baseline,0.13,True,0.55,0.9782608695652174,270,0.05925925925925926,False,False,0.0723,False,,baseline,,,,,
68,0.1,bbse,0.13,False,,0.0,0,nan,False,False,,,"{""bbse"": ""failsafe""}",,failsafe,0.47267530525690193,4.186548228222394,0.500844885316506,0.09420289855072464
69,0.05,baseline,0.13,False,,0.0,0,nan,False,False,,,"{""baseline"": ""failsafe""}",,,,,,
69,0.05,bbse,0.13,False,,0.0,0,nan,False,False,,,"{""bbse"": ""bbse-misspecified""}",,bbse-misspecified,,,0.48054608576506613,0.07692307692307693
69,0.1,baseline,0.13,True,0.5700000000000001,0.9692307692307692,63,0.12698412698412698,False,True,0.069393,False,,baseline,,,,,
69,0.1,bbse,0.13,False,,0.0,0,nan,False,False,,,"{""bbse"": ""bbse-misspecified""}",,bbse-misspecified,,,0.48054608576506613,0.07692307692307693
70,0.05,baseline,0.13,False,,0.0,0,nan,False,False,,,"{""baseline"": ""failsafe""}",,,,,,
70,0.05,bbse,0.13,False,,0.0,0,nan,False,False,,,"{""bbse"": ""failsafe""}",,failsafe,0.6513424126779336,7.163413567845716,0.4890899110650969,0.12727272727272726
70,0.1,baseline,0.13,True,0.55,0.9863636363636363,217,0.06451612903225806,False,False,0.07693,False,,baseline,,,,,
70,0.1,bbse,0.13,False,,0.0,0,nan,False,False,,,"{""bbse"": ""failsafe""}",,failsafe,0.6513424126779336,7.163413567845716,0.4890899110650969,0.12727272727272726
71,0.05,baseline,0.13,False,,0.0,0,nan,False,False,,,"{""baseline"": ""failsafe""}",,,,,,
71,0.05,bbse,0.13,False,,0.0,0,nan,False,False,,,"{""bbse"": ""failsafe""}",,failsafe,0.8987867858848004,4.51862504356895,0.4885195596113111,0.11812080536912752
71,0.1,baseline,0.13,True,0.5700000000000001,0.9677852348993289,721,0.07489597780859916,False,False,0.068661,False,,baseline,,,,,
71,0.1,bbse,0.13,False,,0.0,0,nan,False,False,,,"{""bbse"": ""failsafe""}",,failsafe,0.8987867858848004,4.51862504356895,0.4885195596113111,0.11812080536912752
72,0.05,baseline,0.13,False,,0.0,0,nan,False,False,,,"{""baseline"": ""failsafe""}",,,,,,
72,0.05,bbse,0.13,False,,0.0,0,nan,False,False,,,"{""bbse"": ""failsafe""}",,failsafe,0.0005889781048358881,29.393884332338295,0.5296210288183799,0.13793103448275862
72,0.1,baseline,0.13,True,0.55,0.9655172413793104,28,0.07142857142857142,False,False,0.071467,False,,baseline,,,,,
72,0.1,bbse,0.13,False,,0.0,0,nan,False,False,,,"{""bbse"": ""failsafe""}",,failsafe,0.0005889781048358881,29.393884332338295,0.5296210288183799,0.13793103448275862
73,0.05,baseline,0.13,False,,0.0,0,nan,False,False,,,"{""baseline"": ""failsafe""}",,,,,,
73,0.05,bbse,0.13,False,,0.0,0,nan,False,False,,,"{""bbse"": ""failsafe""}",,failsafe,2.189980867521505,6.873761588104249,0.5012355399152304,0.18807339449541285
73,0.1,baseline,0.13,True,0.55,0.9770642201834863,1065,0.13427230046948357,True,True,0.07044,False,,baseline,,,,,
73,0.1,bbse,0.13,False,,0.0,0,nan,False,False,,,"{""bbse"": ""failsafe""}",,failsafe,2.189980867521505,6.873761588104249,0.5012355399152304,0.18807339449541285
74,0.05,baseline,0.13,False,,0.0,0,nan,False,False,,,"{""baseline"": ""failsafe""}",,,,,,
74,0.05,bbse,0.13,False,,0.0,0,nan,False,False,,,"{""bbse"": ""failsafe""}",,failsafe,0.8487277074913118,7.99700656919446,0.48832724200464056,0.1368421052631579
74,0.1,baseline,0.13,True,0.55,0.9894736842105263,188,0.07446808510638298,False,False,0.070633,False,,baseline,,,,,
74,0.1,bbse,0.13,False,,0.0,0,nan,False,False,,,"{""bbse"": ""failsafe""}",,failsafe,0.8487277074913118,7.99700656919446,0.48832724200464056,0.1368421052631579
75,0.05,baseline,0.13,False,,0.0,0,nan,False,False,,,"{""baseline"": ""failsafe""}",,,,,,
75,0.05,bbse,0.13,False,,0.0,0,nan,False,False,,,"{""bbse"": ""failsafe""}",,failsafe,1.2293971287500205,7.830653434416314,0.5090692859423799,0.15281501340482573
75,0.1,baseline,0.13,True,0.55,0.9705093833780161,362,0.09668508287292818,False,False,0.072738,False,,baseline,,,,,
75,0.1,bbse,0.13,False,,0.0,0,nan,False,False,,,"{""bbse"": ""failsafe""}",,failsafe,1.2293971287500205,7.830653434416314,0.5090692859423799,0.15281501340482573
76,0.05,baseline,0.13,False,,0.0,0,nan,False,False,,,"{""baseline"": ""failsafe""}",,,,,,
76,0.05,bbse,0.13,False,,0.0,0,nan,False,False,,,"{""bbse"": ""failsafe""}",,failsafe,0.8226404911537452,2.405362461109215,0.4894985783492094,0.09563567362428843
76,0.1,baseline,0.13,True,0.55,0.9829222011385199,2590,0.06602316602316602,False,False,0.073048,False,,baseline,,,,,
76,0.1,bbse,0.13,False,,0.0,0,nan,False,False,,,"{""bbse"": ""failsafe""}",,failsafe,0.8226404911537452,2.405362461109215,0.4894985783492094,0.09563567362428843
77,0.05,baseline,0.13,False,,0.0,0,nan,False,False,,,"{""baseline"": ""failsafe""}",,,,,,
77,0.05,bbse,0.13,False,,0.0,0,nan,False,False,,,"{""bbse"": ""failsafe""}",,failsafe,0.24005218982464574,2.95492105739186,0.5110104829766583,0.0755813953488372
77,0.1,baseline,0.13,True,0.55,0.9883720930232558,340,0.05,False,False,0.072979,False,,baseline,,,,,
77,0.1,bbse,0.13,False,,0.0,0,nan,False,False,,,"{""bbse"": ""failsafe""}",,failsafe,0.24005218982464574,2.95492105739186,0.5110104829766583,0.0755813953488372
78,0.05,baseline,0.13,False,,0.0,0,nan,False,False,,,"{""baseline"": ""failsafe""}",,,,,,
78,0.05,bbse,0.13,False,,0.0,0,nan,False,False,,,"{""bbse"": ""failsafe""}",,failsafe,1.2992157173519845,6.611215768584743,0.49527310326916085,0.14038461538461539
78,0.1,baseline,0.13,True,0.55,0.975,507,0.10650887573964497,False,True,0.073935,False,,baseline,,,,,
78,0.1,bbse,0.13,False,,0.0,0,nan,False,False,,,"{""bbse"": ""failsafe""}",,failsafe,1.2992157173519845,6.611215768584743,0.49527310326916085,0.14038461538461539
79,0.05,baseline,0.13,False,,0.0,0,nan,False,False,,,"{""baseline"": ""failsafe""}",,,,,,
79,0.05,bbse,0.13,False,,0.0,0,nan,False,False,,,"{""bbse"": ""failsafe""}",,failsafe,1.5121767453735864,8.408106364316994,0.4738063219724505,0.14488636363636365
79,0.1,baseline,0.13,True,0.5700000000000001,0.9573863636363636,337,0.13649851632047477,True,True,0.072711,False,,baseline,,,,,
79,0.1,bbse,0.13,False,,0.0,0,nan,False,False,,,"{""bbse"": ""failsafe""}",,failsafe,1.5121767453735864,8.408106364316994,0.4738063219724505,0.14488636363636365
80,0.05,baseline,0.13,False,,0.0,0,nan,False,False,,,"{""baseline"": ""failsafe""}",,,,,,
80,0.05,bbse,0.13,False,,0.0,0,nan,False,False,,,"{""bbse"": ""failsafe""}",,failsafe,1.059922115539782,4.609028473888306,0.5379069330287509,0.13538461538461538
80,0.1,baseline,0.13,True,0.55,0.9815384615384616,638,0.0987460815047022,False,False,0.069502,False,,baseline,,,,,
80,0.1,bbse,0.13,False,,0.0,0,nan,False,False,,,"{""bbse"": ""failsafe""}",,failsafe,1.059922115539782,4.609028473888306,0.5379069330287509,0.13538461538461538
81,0.05,baseline,0.13,False,,0.0,0,nan,False,False,,,"{""baseline"": ""failsafe""}",,,,,,
81,0.05,bbse,0.13,False,,0.0,0,nan,False,False,,,"{""bbse"": ""failsafe""}",,failsafe,0.0007197311433656773,2.8938867424854355,0.49067372131933756,0.05357142857142857
81,0.1,baseline,0.13,True,0.55,0.9880952380952381,166,0.05421686746987952,False,False,0.072425,False,,baseline,,,,,
81,0.1,bbse,0.13,False,,0.0,0,nan,False,False,,,"{""bbse"": ""failsafe""}",,failsafe,0.0007197311433656773,2.8938867424854355,0.49067372131933756,0.05357142857142857
82,0.05,baseline,0.13,False,,0.0,0,nan,False,False,,,"{""baseline"": ""failsafe""}",,,,,,
82,0.05,bbse,0.13,False,,0.0,0,nan,False,False,,,"{""bbse"": ""failsafe""}",,failsafe,0.715953327046685,3.7324778194234915,0.4984381332246842,0.09803921568627451
82,0.1,baseline,0.13,True,0.55,0.9820261437908496,601,0.08818635607321132,False,False,0.073119,False,,baseline,,,,,
82,0.1,bbse,0.13,False,,0.0,0,nan,False,False,,,"{""bbse"": ""failsafe""}",,failsafe,0.715953327046685,3.7324778194234915,0.4984381332246842,0.09803921568627451
83,0.05,baseline,0.13,False,,0.0,0,nan,False,False,,,"{""baseline"": ""failsafe""}",,,,,,
83,0.05,bbse,0.13,False,,0.0,0,nan,False,False,,,"{""bbse"": ""failsafe""}",,failsafe,0.21561447657611488,3.1043939315310896,0.5150500838959524,0.07865168539325842
83,0.1,baseline,0.13,True,0.55,0.9775280898876404,261,0.06513409961685823,False,False,0.068688,False,,baseline,,,,,
83,0.1,bbse,0.13,False,,0.0,0,nan,False,False,,,"{""bbse"": ""failsafe""}",,failsafe,0.21561447657611488,3.1043939315310896,0.5150500838959524,0.07865168539325842
84,0.05,baseline,0.13,False,,0.0,0,nan,False,False,,,"{""baseline"": ""failsafe""}",,,,,,
84,0.05,bbse,0.13,False,,0.0,0,nan,False,False,,,"{""bbse"": ""failsafe""}",,failsafe,0.4460675659161884,2.6492389155523672,0.5225753076335055,0.08069620253164557
84,0.1,baseline,0.13,True,0.55,0.9810126582278481,620,0.054838709677419356,False,False,0.07111,False,,baseline,,,,,
84,0.1,bbse,0.13,False,,0.0,0,nan,False,False,,,"{""bbse"": ""failsafe""}",,failsafe,0.4460675659161884,2.6492389155523672,0.5225753076335055,0.08069620253164557
85,0.05,baseline,0.13,False,,0.0,0,nan,False,False,,,"{""baseline"": ""failsafe""}",,,,,,
85,0.05,bbse,0.13,False,,0.0,0,nan,False,False,,,"{""bbse"": ""failsafe""}",,failsafe,0.12301922715224144,1.5970312558264492,0.511549960710449,0.06359300476947535
85,0.1,baseline,0.13,True,0.55,0.9872813990461049,621,0.06280193236714976,False,False,0.073648,False,,baseline,,,,,
85,0.1,bbse,0.13,False,,0.0,0,nan,False,False,,,"{""bbse"": ""failsafe""}",,failsafe,0.12301922715224144,1.5970312558264492,0.511549960710449,0.06359300476947535
86,0.05,baseline,0.13,False,,0.0,0,nan,False,False,,,"{""baseline"": ""failsafe""}",,,,,,
86,0.05,bbse,0.13,False,,0.0,0,nan,False,False,,,"{""bbse"": ""failsafe""}",,failsafe,1.007641684986352,3.3568340324519927,0.48035820268489643,0.10749014454664915
86,0.1,baseline,0.13,True,0.5700000000000001,0.9705650459921157,3693,0.0982940698619009,False,False,0.071906,False,,baseline,,,,,
86,0.1,bbse,0.13,False,,0.0,0,nan,False,False,,,"{""bbse"": ""failsafe""}",,failsafe,1.007641684986352,3.3568340324519927,0.48035820268489643,0.10749014454664915
87,0.05,baseline,0.13,False,,0.0,0,nan,False,False,,,"{""baseline"": ""failsafe""}",,,,,,
87,0.05,bbse,0.13,False,,0.0,0,nan,False,False,,,"{""bbse"": ""failsafe""}",,failsafe,1.2197894950345485,6.1273944505121065,0.5078789196415813,0.14831460674157304
87,0.1,baseline,0.13,True,0.55,0.9820224719101124,437,0.08695652173913043,False,False,0.077871,False,,baseline,,,,,
87,0.1,bbse,0.13,False,,0.0,0,nan,False,False,,,"{""bbse"": ""failsafe""}",,failsafe,1.2197894950345485,6.1273944505121065,0.5078789196415813,0.14831460674157304
88,0.05,baseline,0.13,False,,0.0,0,nan,False,False,,,"{""baseline"": ""failsafe""}",,,,,,
88,0.05,bbse,0.13,False,,0.0,0,nan,False,False,,,"{""bbse"": ""bbse-misspecified""}",,bbse-misspecified,,,0.4923423026888908,0.05555555555555555
88,0.1,baseline,0.13,True,0.5700000000000001,0.9814814814814815,159,0.06289308176100629,False,False,0.066441,False,,baseline,,,,,
88,0.1,bbse,0.13,False,,0.0,0,nan,False,False,,,"{""bbse"": ""bbse-misspecified""}",,bbse-misspecified,,,0.4923423026888908,0.05555555555555555
89,0.05,baseline,0.13,False,,0.0,0,nan,False,False,,,"{""baseline"": ""failsafe""}",,,,,,
89,0.05,bbse,0.13,False,,0.0,0,nan,False,False,,,"{""bbse"": ""failsafe""}",,failsafe,0.20933352661133775,2.3758634498179454,0.49737005007075386,0.06333973128598848
89,0.1,baseline,0.13,True,0.55,0.9846449136276392,513,0.05458089668615984,False,False,0.073123,False,,baseline,,,,,
89,0.1,bbse,0.13,False,,0.0,0,nan,False,False,,,"{""bbse"": ""failsafe""}",,failsafe,0.20933352661133775,2.3758634498179454,0.49737005007075386,0.06333973128598848
90,0.05,baseline,0.13,False,,0.0,0,nan,False,False,,,"{""baseline"": ""failsafe""}",,,,,,
90,0.05,bbse,0.13,False,,0.0,0,nan,False,False,,,"{""bbse"": ""failsafe""}",,failsafe,0.2871093091547473,3.2978863469018904,0.5029799099144594,0.07947019867549669
90,0.1,baseline,0.13,True,0.55,0.9801324503311258,296,0.06756756756756757,False,False,0.075087,False,,baseline,,,,,
90,0.1,bbse,0.13,False,,0.0,0,nan,False,False,,,"{""bbse"": ""failsafe""}",,failsafe,0.2871093091547473,3.2978863469018904,0.5029799099144594,0.07947019867549669
91,0.05,baseline,0.13,False,,0.0,0,nan,False,False,,,"{""baseline"": ""failsafe""}",,,,,,
91,0.05,bbse,0.13,False,,0.0,0,nan,False,False,,,"{""bbse"": ""bbse-misspecified""}",,bbse-misspecified,,,0.45871838686117483,0.025974025974025976
91,0.1,baseline,0.13,True,0.55,0.987012987012987,76,0.05263157894736842,False,False,0.076581,False,,baseline,,,,,
91,0.1,bbse,0.13,False,,0.0,0,nan,False,False,,,"{""bbse"": ""bbse-misspecified""}",,bbse-misspecified,,,0.45871838686117483,0.025974025974025976
92,0.05,baseline,0.13,False,,0.0,0,nan,False,False,,,"{""baseline"": ""failsafe""}",,,,,,
92,0.05,bbse,0.13,False,,0.0,0,nan,False,False,,,"{""bbse"": ""failsafe""}",,failsafe,0.3015920001938403,5.13321859296107,0.4574230921404036,0.09333333333333334
92,0.1,baseline,0.13,True,0.55,0.9933333333333333,149,0.06040268456375839,False,False,0.075796,False,,baseline,,,,,
92,0.1,bbse,0.13,False,,0.0,0,nan,False,False,,,"{""bbse"": ""failsafe""}",,failsafe,0.3015920001938403,5.13321859296107,0.4574230921404036,0.09333333333333334
93,0.05,baseline,0.13,False,,0.0,0,nan,False,False,,,"{""baseline"": ""failsafe""}",,,,,,
93,0.05,bbse,0.13,False,,0.0,0,nan,False,False,,,"{""bbse"": ""failsafe""}",,failsafe,0.8840827524215858,3.5081913544289303,0.49588965227122633,0.10642709053213545
93,0.1,baseline,0.13,True,0.55,0.9778852798894264,1415,0.07279151943462897,False,False,0.070567,False,,baseline,,,,,
93,0.1,bbse,0.13,False,,0.0,0,nan,False,False,,,"{""bbse"": ""failsafe""}",,failsafe,0.8840827524215858,3.5081913544289303,0.49588965227122633,0.10642709053213545
94,0.05,baseline,0.13,False,,0.0,0,nan,False,False,,,"{""baseline"": ""failsafe""}",,,,,,
94,0.05,bbse,0.13,False,,0.0,0,nan,False,False,,,"{""bbse"": ""failsafe""}",,failsafe,0.23213067909576413,3.5140116157636476,0.4337819629226397,0.061170212765957445
94,0.1,baseline,0.13,True,0.5900000000000001,0.9654255319148937,363,0.046831955922865015,False,False,0.074247,False,,baseline,,,,,
94,0.1,bbse,0.13,False,,0.0,0,nan,False,False,,,"{""bbse"": ""failsafe""}",,failsafe,0.23213067909576413,3.5140116157636476,0.4337819629226397,0.061170212765957445
95,0.05,baseline,0.13,False,,0.0,0,nan,False,False,,,"{""baseline"": ""failsafe""}",,,,,,
95,0.05,bbse,0.13,False,,0.0,0,nan,False,False,,,"{""bbse"": ""failsafe""}",,failsafe,1.1666205711192879,6.623333926837374,0.508340458796751,0.16376306620209058
95,0.1,baseline,0.13,True,0.55,0.9651567944250871,277,0.10108303249097472,False,True,0.070862,False,,baseline,,,,,
95,0.1,bbse,0.13,False,,0.0,0,nan,False,False,,,"{""bbse"": ""failsafe""}",,failsafe,1.1666205711192879,6.623333926837374,0.508340458796751,0.16376306620209058
96,0.05,baseline,0.13,False,,0.0,0,nan,False,False,,,"{""baseline"": ""failsafe""}",,,,,,
96,0.05,bbse,0.13,False,,0.0,0,nan,False,False,,,"{""bbse"": ""failsafe""}",,failsafe,1.4072175299771943,3.7596181332780954,0.5014720922448066,0.1274
96,0.1,baseline,0.13,True,0.55,0.983,4915,0.09298067141403865,False,False,0.070756,False,,baseline,,,,,
96,0.1,bbse,0.13,False,,0.0,0,nan,False,False,,,"{""bbse"": ""failsafe""}",,failsafe,1.4072175299771943,3.7596181332780954,0.5014720922448066,0.1274
97,0.05,baseline,0.13,False,,0.0,0,nan,False,False,,,"{""baseline"": ""failsafe""}",,,,,,
97,0.05,bbse,0.13,False,,0.0,0,nan,False,False,,,"{""bbse"": ""failsafe""}",,failsafe,0.11815074768481848,4.660075902423754,0.5134638383905742,0.08823529411764706
97,0.1,baseline,0.13,True,0.55,0.9779411764705882,133,0.06015037593984962,False,False,0.070943,False,,baseline,,,,,
97,0.1,bbse,0.13,False,,0.0,0,nan,False,False,,,"{""bbse"": ""failsafe""}",,failsafe,0.11815074768481848,4.660075902423754,0.5134638383905742,0.08823529411764706
98,0.05,baseline,0.13,False,,0.0,0,nan,False,False,,,"{""baseline"": ""failsafe""}",,,,,,
98,0.05,bbse,0.13,False,,0.0,0,nan,False,False,,,"{""bbse"": ""failsafe""}",,failsafe,0.04699097641731648,5.3766575672380466,0.49560358124565146,0.08
98,0.1,baseline,0.13,True,0.55,1.0,100,0.05,False,False,0.075078,False,,baseline,,,,,
98,0.1,bbse,0.13,False,,0.0,0,nan,False,False,,,"{""bbse"": ""failsafe""}",,failsafe,0.04699097641731648,5.3766575672380466,0.49560358124565146,0.08
99,0.05,baseline,0.13,False,,0.0,0,nan,False,False,,,"{""baseline"": ""failsafe""}",,,,,,
99,0.05,bbse,0.13,False,,0.0,0,nan,False,False,,,"{""bbse"": ""failsafe""}",,failsafe,1.5878423602112919,8.34476938050344,0.4855256153959609,0.14990138067061143
99,0.1,baseline,0.13,True,0.55,0.9625246548323472,488,0.12704918032786885,True,True,0.076626,False,,baseline,,,,,
99,0.1,bbse,0.13,False,,0.0,0,nan,False,False,,,"{""bbse"": ""failsafe""}",,failsafe,1.5878423602112919,8.34476938050344,0.4855256153959609,0.14990138067061143
0,0.05,baseline,0.16,False,,0.0,0,nan,False,False,,,"{""baseline"": ""failsafe""}",,,,,,
0,0.05,bbse,0.16,False,,0.0,0,nan,False,False,,,"{""bbse"": ""failsafe""}",,failsafe,0.45356835204693907,3.0762563998387944,0.5109405099264401,0.0915032679738562
0,0.1,baseline,0.16,True,0.55,0.9738562091503268,447,0.09395973154362416,False,False,0.088453,False,,baseline,,,,,
0,0.1,bbse,0.16,False,,0.0,0,nan,False,False,,,"{""bbse"": ""failsafe""}",,failsafe,0.45356835204693907,3.0762563998387944,0.5109405099264401,0.0915032679738562
1,0.05,baseline,0.16,False,,0.0,0,nan,False,False,,,"{""baseline"": ""failsafe""}",,,,,,
1,0.05,bbse,0.16,False,,0.0,0,nan,False,False,,,"{""bbse"": ""failsafe""}",,failsafe,0.2894249329759506,8.958646050421448,0.5235739953445154,0.10714285714285714
1,0.1,baseline,0.16,True,0.55,0.9732142857142857,109,0.14678899082568808,False,True,0.085347,False,,baseline,,,,,
1,0.1,bbse,0.16,False,,0.0,0,nan,False,False,,,"{""bbse"": ""failsafe""}",,failsafe,0.2894249329759506,8.958646050421448,0.5235739953445154,0.10714285714285714
2,0.05,baseline,0.16,False,,0.0,0,nan,False,False,,,"{""baseline"": ""failsafe""}",,,,,,
2,0.05,bbse,0.16,False,,0.0,0,nan,False,False,,,"{""bbse"": ""failsafe""}",,failsafe,0.9414532178929087,6.399661276366337,0.4825759268802286,0.12467532467532468
2,0.1,baseline,0.16,True,0.55,0.987012987012987,380,0.10263157894736842,False,True,0.083083,False,,baseline,,,,,
2,0.1,bbse,0.16,False,,0.0,0,nan,False,False,,,"{""bbse"": ""failsafe""}",,failsafe,0.9414532178929087,6.399661276366337,0.4825759268802286,0.12467532467532468
3,0.05,baseline,0.16,False,,0.0,0,nan,False,False,,,"{""baseline"": ""failsafe""}",,,,,,
3,0.05,bbse,0.16,False,,0.0,0,nan,False,False,,,"{""bbse"": ""failsafe""}",,failsafe,0.7248044346991283,2.3499171058412744,0.479085278146643,0.08221737776393646
3,0.1,baseline,0.16,True,0.55,0.9847399563998754,3162,0.07273877292852625,False,False,0.085493,False,,baseline,,,,,
3,0.1,bbse,0.16,False,,0.0,0,nan,False,False,,,"{""bbse"": ""failsafe""}",,failsafe,0.7248044346991283,2.3499171058412744,0.479085278146643,0.08221737776393646
4,0.05,baseline,0.16,False,,0.0,0,nan,False,False,,,"{""baseline"": ""failsafe""}",,,,,,
4,0.05,bbse,0.16,False,,0.0,0,nan,False,False,,,"{""bbse"": ""failsafe""}",,failsafe,2.056831796295354,18.98962378587788,0.47024438736280527,0.20588235294117646
4,0.1,baseline,0.16,True,0.55,0.9735294117647059,331,0.14501510574018128,True,True,0.084362,False,,baseline,,,,,
4,0.1,bbse,0.16,False,,0.0,0,nan,False,False,,,"{""bbse"": ""failsafe""}",,failsafe,2.056831796295354,18.98962378587788,0.47024438736280527,0.20588235294117646
5,0.05,baseline,0.16,False,,0.0,0,nan,False,False,,,"{""baseline"": ""failsafe""}",,,,,,
5,0.05,bbse,0.16,False,,0.0,0,nan,False,False,,,"{""bbse"": ""failsafe""}",,failsafe,0.1298492438244072,3.9314305835563195,0.4875496901834606,0.06363636363636363
5,0.1,baseline,0.16,True,0.55,0.9818181818181818,216,0.046296296296296294,False,False,0.088363,False,,baseline,,,,,
5,0.1,bbse,0.16,False,,0.0,0,nan,False,False,,,"{""bbse"": ""failsafe""}",,failsafe,0.1298492438244072,3.9314305835563195,0.4875496901834606,0.06363636363636363
6,0.05,baseline,0.16,False,,0.0,0,nan,False,False,,,"{""baseline"": ""failsafe""}",,,,,,
6,0.05,bbse,0.16,False,,0.0,0,nan,False,False,,,"{""bbse"": ""failsafe""}",,failsafe,0.8647793754938405,3.1691463228086634,0.4647728553527767,0.08535688005886681
6,0.1,baseline,0.16,True,0.55,0.986019131714496,1340,0.06791044776119402,False,False,0.086026,False,,baseline,,,,,
6,0.1,bbse,0.16,False,,0.0,0,nan,False,False,,,"{""bbse"": ""failsafe""}",,failsafe,0.8647793754938405,3.1691463228086634,0.4647728553527767,0.08535688005886681
7,0.05,baseline,0.16,False,,0.0,0,nan,False,False,,,"{""baseline"": ""failsafe""}",,,,,,
7,0.05,bbse,0.16,False,,0.0,0,nan,False,False,,,"{""bbse"": ""failsafe""}",,failsafe,0.6033333118020098,3.5004366632110946,0.5036759487203377,0.09596928982725528
7,0.1,baseline,0.16,True,0.55,0.9712092130518234,506,0.1007905138339921,False,True,0.080452,False,,baseline,,,,,
7,0.1,bbse,0.16,False,,0.0,0,nan,False,False,,,"{""bbse"": ""failsafe""}",,failsafe,0.6033333118020098,3.5004366632110946,0.5036759487203377,0.09596928982725528
8,0.05,baseline,0.16,False,,0.0,0,nan,False,False,,,"{""baseline"": ""failsafe""}",,,,,,
8,0.05,bbse,0.16,False,,0.0,0,nan,False,False,,,"{""bbse"": ""failsafe""}",,failsafe,0.9508926232852307,23.28183488086583,0.5188334084487929,0.2
8,0.1,baseline,0.16,True,0.55,0.96,72,0.06944444444444445,False,False,0.083323,False,,baseline,,,,,
8,0.1,bbse,0.16,False,,0.0,0,nan,False,False,,,"{""bbse"": ""failsafe""}",,failsafe,0.9508926232852307,23.28183488086583,0.5188334084487929,0.2
9,0.05,baseline,0.16,False,,0.0,0,nan,False,False,,,"{""baseline"": ""failsafe""}",,,,,,
9,0.05,bbse,0.16,False,,0.0,0,nan,False,False,,,"{""bbse"": ""failsafe""}",,failsafe,1.049059696301354,4.295394227690212,0.5018845484839543,0.1254125412541254
9,0.1,baseline,0.16,True,0.5900000000000001,0.9471947194719472,574,0.10104529616724739,False,True,0.078223,False,,baseline,,,,,
9,0.1,bbse,0.16,False,,0.0,0,nan,False,False,,,"{""bbse"": ""failsafe""}",,failsafe,1.049059696301354,4.295394227690212,0.5018845484839543,0.1254125412541254
10,0.05,baseline,0.16,False,,0.0,0,nan,False,False,,,"{""baseline"": ""failsafe""}",,,,,,
10,0.05,bbse,0.16,False,,0.0,0,nan,False,False,,,"{""bbse"": ""failsafe""}",,failsafe,0.8261234269114875,2.9281691050071244,0.5229741917973494,0.10340226817878585
10,0.1,baseline,0.16,True,0.55,0.9833222148098733,1474,0.06919945725915876,False,False,0.083992,False,,baseline,,,,,
10,0.1,bbse,0.16,False,,0.0,0,nan,False,False,,,"{""bbse"": ""failsafe""}",,failsafe,0.8261234269114875,2.9281691050071244,0.5229741917973494,0.10340226817878585
11,0.05,baseline,0.16,False,,0.0,0,nan,False,False,,,"{""baseline"": ""failsafe""}",,,,,,
11,0.05,bbse,0.16,False,,0.0,0,nan,False,False,,,"{""bbse"": ""failsafe""}",,failsafe,0.22839923823532066,2.6624358357091436,0.5266243582265432,0.07888040712468193
11,0.1,baseline,0.16,True,0.55,0.9872773536895675,388,0.061855670103092786,False,False,0.081907,False,,baseline,,,,,
11,0.1,bbse,0.16,False,,0.0,0,nan,False,False,,,"{""bbse"": ""failsafe""}",,failsafe,0.22839923823532066,2.6624358357091436,0.5266243582265432,0.07888040712468193
12,0.05,baseline,0.16,False,,0.0,0,nan,False,False,,,"{""baseline"": ""failsafe""}",,,,,,
12,0.05,bbse,0.16,False,,0.0,0,nan,False,False,,,"{""bbse"": ""failsafe""}",,failsafe,1.5991531769138756,5.087747292978163,0.4928040497535602,0.12992455993294216
12,0.1,baseline,0.16,True,0.55,0.9819782062028499,2343,0.09688433632095604,False,False,0.08371,False,,baseline,,,,,
12,0.1,bbse,0.16,False,,0.0,0,nan,False,False,,,"{""bbse"": ""failsafe""}",,failsafe,1.5991531769138756,5.087747292978163,0.4928040497535602,0.12992455993294216
13,0.05,baseline,0.16,False,,0.0,0,nan,False,False,,,"{""baseline"": ""failsafe""}",,,,,,
13,0.05,bbse,0.16,False,,0.0,0,nan,False,False,,,"{""bbse"": ""failsafe""}",,failsafe,0.2551258913428265,2.4394164393099755,0.4784300445574695,0.06182212581344902
13,0.1,baseline,0.16,True,0.55,0.9913232104121475,914,0.0711159737417943,False,False,0.087507,False,,baseline,,,,,
13,0.1,bbse,0.16,False,,0.0,0,nan,False,False,,,"{""bbse"": ""failsafe""}",,failsafe,0.2551258913428265,2.4394164393099755,0.4784300445574695,0.06182212581344902
14,0.05,baseline,0.16,False,,0.0,0,nan,False,False,,,"{""baseline"": ""failsafe""}",,,,,,
14,0.05,bbse,0.16,False,,0.0,0,nan,False,False,,,"{""bbse"": ""failsafe""}",,failsafe,0.5702288935071582,2.0994797736943283,0.4985384901873209,0.08459743290548424
14,0.1,baseline,0.16,True,0.55,0.9801633605600933,1680,0.07380952380952381,False,False,0.085114,False,,baseline,,,,,
14,0.1,bbse,0.16,False,,0.0,0,nan,False,False,,,"{""bbse"": ""failsafe""}",,failsafe,0.5702288935071582,2.0994797736943283,0.4985384901873209,0.08459743290548424
15,0.05,baseline,0.16,False,,0.0,0,nan,False,False,,,"{""baseline"": ""failsafe""}",,,,,,
15,0.05,bbse,0.16,False,,0.0,0,nan,False,False,,,"{""bbse"": ""failsafe""}",,failsafe,0.6555952787204824,4.5052332187390345,0.5129155983839649,0.11357340720221606
15,0.1,baseline,0.16,True,0.55,0.9778393351800554,353,0.0764872521246459,False,False,0.083512,False,,baseline,,,,,
15,0.1,bbse,0.16,False,,0.0,0,nan,False,False,,,"{""bbse"": ""failsafe""}",,failsafe,0.6555952787204824,4.5052332187390345,0.5129155983839649,0.11357340720221606
16,0.05,baseline,0.16,False,,0.0,0,nan,False,False,,,"{""baseline"": ""failsafe""}",,,,,,
16,0.05,bbse,0.16,False,,0.0,0,nan,False,False,,,"{""bbse"": ""failsafe""}",,failsafe,0.7941027844090912,4.264252058439643,0.4821823646551583,0.10756972111553785
16,0.1,baseline,0.16,True,0.55,0.9701195219123506,487,0.09034907597535935,False,False,0.088313,False,,baseline,,,,,
16,0.1,bbse,0.16,False,,0.0,0,nan,False,False,,,"{""bbse"": ""failsafe""}",,failsafe,0.7941027844090912,4.264252058439643,0.4821823646551583,0.10756972111553785
17,0.05,baseline,0.16,False,,0.0,0,nan,False,False,,,"{""baseline"": ""failsafe""}",,,,,,
17,0.05,bbse,0.16,False,,0.0,0,nan,False,False,,,"{""bbse"": ""failsafe""}",,failsafe,0.09561853979862588,2.06770234547304,0.4959009708482966,0.05962059620596206
17,0.1,baseline,0.16,True,0.5700000000000001,0.978319783197832,361,0.027700831024930747,False,False,0.081336,False,,baseline,,,,,
17,0.1,bbse,0.16,False,,0.0,0,nan,False,False,,,"{""bbse"": ""failsafe""}",,failsafe,0.09561853979862588,2.06770234547304,0.4959009708482966,0.05962059620596206
18,0.05,baseline,0.16,False,,0.0,0,nan,False,False,,,"{""baseline"": ""failsafe""}",,,,,,
18,0.05,bbse,0.16,False,,0.0,0,nan,False,False,,,"{""bbse"": ""failsafe""}",,failsafe,0.10297614938127436,2.7378510711030204,0.5369858562918284,0.066006600660066
18,0.1,baseline,0.16,True,0.55,0.9966996699669967,302,0.06291390728476821,False,False,0.08182,False,,baseline,,,,,
18,0.1,bbse,0.16,False,,0.0,0,nan,False,False,,,"{""bbse"": ""failsafe""}",,failsafe,0.10297614938127436,2.7378510711030204,0.5369858562918284,0.066006600660066
19,0.05,baseline,0.16,False,,0.0,0,nan,False,False,,,"{""baseline"": ""failsafe""}",,,,,,
19,0.05,bbse,0.16,False,,0.0,0,nan,False,False,,,"{""bbse"": ""failsafe""}",,failsafe,0.03723034500469041,4.863470152535264,0.5005251337918638,0.075
19,0.1,baseline,0.16,True,0.55,1.0,120,0.11666666666666667,False,True,0.084833,False,,baseline,,,,,
19,0.1,bbse,0.16,False,,0.0,0,nan,False,False,,,"{""bbse"": ""failsafe""}",,failsafe,0.03723034500469041,4.863470152535264,0.5005251337918638,0.075
20,0.05,baseline,0.16,False,,0.0,0,nan,False,False,,,"{""baseline"": ""failsafe""}",,,,,,
20,0.05,bbse,0.16,False,,0.0,0,nan,False,False,,,"{""bbse"": ""failsafe""}",,failsafe,0.0008262933765127435,4.9380068213827935,0.5179310650856883,0.06722689075630252
20,0.1,baseline,0.16,True,0.55,0.9915966386554622,118,0.059322033898305086,False,False,0.090003,False,,baseline,,,,,
20,0.1,bbse,0.16,False,,0.0,0,nan,False,False,,,"{""bbse"": ""failsafe""}",,failsafe,0.0008262933765127435,4.9380068213827935,0.5179310650856883,0.06722689075630252
21,0.05,baseline,0.16,False,,0.0,0,nan,False,False,,,"{""baseline"": ""failsafe""}",,,,,,
21,0.05,bbse,0.16,False,,0.0,0,nan,False,False,,,"{""bbse"": ""failsafe""}",,failsafe,0.4202085082030744,3.0187295164444286,0.4937569410822651,0.08169440242057488
21,0.1,baseline,0.16,True,0.55,0.9818456883509834,649,0.0724191063174114,False,False,0.084043,False,,baseline,,,,,
21,0.1,bbse,0.16,False,,0.0,0,nan,False,False,,,"{""bbse"": ""failsafe""}",,failsafe,0.4202085082030744,3.0187295164444286,0.4937569410822651,0.08169440242057488
22,0.05,baseline,0.16,False,,0.0,0,nan,False,False,,,"{""baseline"": ""failsafe""}",,,,,,
22,0.05,bbse,0.16,False,,0.0,0,nan,False,False,,,"{""bbse"": ""failsafe""}",,failsafe,0.9837496290636717,4.938618705668583,0.4989713393565537,0.11790393013100436
22,0.1,baseline,0.16,True,0.5700000000000001,0.9606986899563319,440,0.1,False,False,0.083835,False,,baseline,,,,,
22,0.1,bbse,0.16,False,,0.0,0,nan,False,False,,,"{""bbse"": ""failsafe""}",,failsafe,0.9837496290636717,4.938618705668583,0.4989713393565537,0.11790393013100436
23,0.05,baseline,0.16,False,,0.0,0,nan,False,False,,,"{""baseline"": ""failsafe""}",,,,,,
23,0.05,bbse,0.16,False,,0.0,0,nan,False,False,,,"{""bbse"": ""failsafe""}",,failsafe,0.0006433065305632491,7.232500858849054,0.5010748326819716,0.08108108108108109
23,0.1,baseline,0.16,True,0.55,0.9864864864864865,73,0.0821917808219178,False,False,0.08407,False,,baseline,,,,,
23,0.1,bbse,0.16,False,,0.0,0,nan,False,False,,,"{""bbse"": ""failsafe""}",,failsafe,0.0006433065305632491,7.232500858849054,0.5010748326819716,0.08108108108108109
24,0.05,baseline,0.16,False,,0.0,0,nan,False,False,,,"{""baseline"": ""failsafe""}",,,,,,
24,0.05,bbse,0.16,False,,0.0,0,nan,False,False,,,"{""bbse"": ""failsafe""}",,failsafe,0.7556872928297468,4.159101451251843,0.4870915894778795,0.10276073619631902
24,0.1,baseline,0.16,True,0.55,0.9831288343558282,641,0.08892355694227769,False,False,0.087206,False,,baseline,,,,,
24,0.1,bbse,0.16,False,,0.0,0,nan,False,False,,,"{""bbse"": ""failsafe""}",,failsafe,0.7556872928297468,4.159101451251843,0.4870915894778795,0.10276073619631902
25,0.05,baseline,0.16,False,,0.0,0,nan,False,False,,,"{""baseline"": ""failsafe""}",,,,,,
25,0.05,bbse,0.16,False,,0.0,0,nan,False,False,,,"{""bbse"": ""failsafe""}",,failsafe,0.9442715495669529,7.357329927845187,0.5088326811930682,0.14285714285714285
25,0.1,baseline,0.16,True,0.55,0.9789915966386554,233,0.07725321888412018,False,False,0.082364,False,,baseline,,,,,
25,0.1,bbse,0.16,False,,0.0,0,nan,False,False,,,"{""bbse"": ""failsafe""}",,failsafe,0.9442715495669529,7.357329927845187,0.5088326811930682,0.14285714285714285
26,0.05,baseline,0.16,False,,0.0,0,nan,False,False,,,"{""baseline"": ""failsafe""}",,,,,,
26,0.05,bbse,0.16,False,,0.0,0,nan,False,False,,,"{""bbse"": ""failsafe""}",,failsafe,0.3570179373996517,2.363696723775176,0.48333668590535195,0.07658643326039387
26,0.1,baseline,0.16,True,0.5700000000000001,0.9748358862144421,891,0.06285072951739619,False,False,0.086392,False,,baseline,,,,,
26,0.1,bbse,0.16,False,,0.0,0,nan,False,False,,,"{""bbse"": ""failsafe""}",,failsafe,0.3570179373996517,2.363696723775176,0.48333668590535195,0.07658643326039387
27,0.05,baseline,0.16,False,,0.0,0,nan,False,False,,,"{""baseline"": ""failsafe""}",,,,,,
27,0.05,bbse,0.16,False,,0.0,0,nan,False,False,,,"{""bbse"": ""failsafe""}",,failsafe,1.2288625866785554,7.937370175666672,0.47253065502294983,0.15079365079365079
27,0.1,baseline,0.16,True,0.55,0.9642857142857143,243,0.15637860082304528,True,True,0.08578,False,,baseline,,,,,
27,0.1,bbse,0.16,False,,0.0,0,nan,False,False,,,"{""bbse"": ""failsafe""}",,failsafe,1.2288625866785554,7.937370175666672,0.47253065502294983,0.15079365079365079
28,0.05,baseline,0.16,False,,0.0,0,nan,False,False,,,"{""baseline"": ""failsafe""}",,,,,,
28,0.05,bbse,0.16,False,,0.0,0,nan,False,False,,,"{""bbse"": ""failsafe""}",,failsafe,0.5665636902207953,7.657049301415752,0.5062211285483786,0.13333333333333333
28,0.1,baseline,0.16,True,0.55,0.9933333333333333,149,0.087248322147651,False,False,0.086615,False,,baseline,,,,,
28,0.1,bbse,0.16,False,,0.0,0,nan,False,False,,,"{""bbse"": ""failsafe""}",,failsafe,0.5665636902207953,7.657049301415752,0.5062211285483786,0.13333333333333333
29,0.05,baseline,0.16,False,,0.0,0,nan,False,False,,,"{""baseline"": ""failsafe""}",,,,,,
29,0.05,bbse,0.16,False,,0.0,0,nan,False,False,,,"{""bbse"": ""failsafe""}",,failsafe,0.43660621235047026,7.035044125472929,0.5100213347090701,0.1095890410958904
29,0.1,baseline,0.16,True,0.55,0.9794520547945206,143,0.08391608391608392,False,False,0.086252,False,,baseline,,,,,
29,0.1,bbse,0.16,False,,0.0,0,nan,False,False,,,"{""bbse"": ""failsafe""}",,failsafe,0.43660621235047026,7.035044125472929,0.5100213347090701,0.1095890410958904
30,0.05,baseline,0.16,False,,0.0,0,nan,False,False,,,"{""baseline"": ""failsafe""}",,,,,,
30,0.05,bbse,0.16,False,,0.0,0,nan,False,False,,,"{""bbse"": ""failsafe""}",,failsafe,0.9806949098938788,3.976357387272491,0.4890186717410562,0.11348383160463697
30,0.1,baseline,0.16,True,0.55,0.9786455155582673,1604,0.09663341645885287,False,False,0.087222,False,,baseline,,,,,
30,0.1,bbse,0.16,False,,0.0,0,nan,False,False,,,"{""bbse"": ""failsafe""}",,failsafe,0.9806949098938788,3.976357387272491,0.4890186717410562,0.11348383160463697
31,0.05,baseline,0.16,False,,0.0,0,nan,False,False,,,"{""baseline"": ""failsafe""}",,,,,,
31,0.05,bbse,0.16,False,,0.0,0,nan,False,False,,,"{""bbse"": ""failsafe""}",,failsafe,0.48562179502185576,2.7728735805700397,0.5260318864323439,0.09274873524451939
31,0.1,baseline,0.16,True,0.5700000000000001,0.9831365935919055,583,0.06174957118353345,False,False,0.081414,False,,baseline,,,,,
31,0.1,bbse,0.16,False,,0.0,0,nan,False,False,,,"{""bbse"": ""failsafe""}",,failsafe,0.48562179502185576,2.7728735805700397,0.5260318864323439,0.09274873524451939
32,0.05,baseline,0.16,False,,0.0,0,nan,False,False,,,"{""baseline"": ""failsafe""}",,,,,,
32,0.05,bbse,0.16,False,,0.0,0,nan,False,False,,,"{""bbse"": ""failsafe""}",,failsafe,0.4918131711480628,4.717569570103961,0.5168769255194655,0.10416666666666667
32,0.1,baseline,0.16,True,0.55,0.9921875,381,0.07611548556430446,False,False,0.083307,False,,baseline,,,,,
32,0.1,bbse,0.16,False,,0.0,0,nan,False,False,,,"{""bbse"": ""failsafe""}",,failsafe,0.4918131711480628,4.717569570103961,0.5168769255194655,0.10416666666666667
33,0.05,baseline,0.16,False,,0.0,0,nan,False,False,,,"{""baseline"": ""failsafe""}",,,,,,
33,0.05,bbse,0.16,False,,0.0,0,nan,False,False,,,"{""bbse"": ""failsafe""}",,failsafe,0.11403090876320847,2.3036061973734125,0.512072010417808,0.061068702290076333
33,0.1,baseline,0.16,True,0.55,0.9872773536895675,388,0.04381443298969072,False,False,0.085808,False,,baseline,,,,,
33,0.1,bbse,0.16,False,,0.0,0,nan,False,False,,,"{""bbse"": ""failsafe""}",,failsafe,0.11403090876320847,2.3036061973734125,0.512072010417808,0.061068702290076333
34,0.05,baseline,0.16,False,,0.0,0,nan,False,False,,,"{""baseline"": ""failsafe""}",,,,,,
34,0.05,bbse,0.16,False,,0.0,0,nan,False,False,,,"{""bbse"": ""failsafe""}",,failsafe,0.0008391723218934007,2.8661558857221436,0.49756251642375277,0.05714285714285714
34,0.1,baseline,0.16,True,0.55,0.9809523809523809,206,0.03398058252427184,False,False,0.082056,False,,baseline,,,,,
34,0.1,bbse,0.16,False,,0.0,0,nan,False,False,,,"{""bbse"": ""failsafe""}",,failsafe,0.0008391723218934007,2.8661558857221436,0.49756251642375277,0.05714285714285714
35,0.05,baseline,0.16,False,,0.0,0,nan,False,False,,,"{""baseline"": ""failsafe""}",,,,,,
35,0.05,bbse,0.16,False,,0.0,0,nan,False,False,,,"{""bbse"": ""failsafe""}",,failsafe,0.4677788259634459,4.572248031006337,0.5189026380894117,0.09956709956709957
35,0.1,baseline,0.16,True,0.55,0.9913419913419913,229,0.06986899563318777,False,False,0.082321,False,,baseline,,,,,
35,0.1,bbse,0.16,False,,0.0,0,nan,False,False,,,"{""bbse"": ""failsafe""}",,failsafe,0.4677788259634459,4.572248031006337,0.5189026380894117,0.09956709956709957
36,0.05,baseline,0.16,False,,0.0,0,nan,False,False,,,"{""baseline"": ""failsafe""}",,,,,,
36,0.05,bbse,0.16,False,,0.0,0,nan,False,False,,,"{""bbse"": ""failsafe""}",,failsafe,0.28588709781696175,5.328198318238736,0.49016723490824543,0.08415841584158416
36,0.1,baseline,0.16,True,0.55,0.9900990099009901,200,0.06,False,False,0.087029,False,,baseline,,,,,
36,0.1,bbse,0.16,False,,0.0,0,nan,False,False,,,"{""bbse"": ""failsafe""}",,failsafe,0.28588709781696175,5.328198318238736,0.49016723490824543,0.08415841584158416
37,0.05,baseline,0.16,False,,0.0,0,nan,False,False,,,"{""baseline"": ""failsafe""}",,,,,,
37,0.05,bbse,0.16,False,,0.0,0,nan,False,False,,,"{""bbse"": ""failsafe""}",,failsafe,0.8047886544735802,6.465278040086435,0.5044437748861889,0.12779552715654952
37,0.1,baseline,0.16,True,0.55,0.9808306709265175,307,0.05537459283387622,False,False,0.083117,False,,baseline,,,,,
37,0.1,bbse,0.16,False,,0.0,0,nan,False,False,,,"{""bbse"": ""failsafe""}",,failsafe,0.8047886544735802,6.465278040086435,0.5044437748861889,0.12779552715654952
38,0.05,baseline,0.16,False,,0.0,0,nan,False,False,,,"{""baseline"": ""failsafe""}",,,,,,
38,0.05,bbse,0.16,False,,0.0,0,nan,False,False,,,"{""bbse"": ""failsafe""}",,failsafe,0.05329049216627606,2.793502345114673,0.4464565737417152,0.04794520547945205
38,0.1,baseline,0.16,True,0.55,0.9965753424657534,291,0.054982817869415807,False,False,0.086397,False,,baseline,,,,,
38,0.1,bbse,0.16,False,,0.0,0,nan,False,False,,,"{""bbse"": ""failsafe""}",,failsafe,0.05329049216627606,2.793502345114673,0.4464565737417152,0.04794520547945205
39,0.05,baseline,0.16,False,,0.0,0,nan,False,False,,,"{""baseline"": ""failsafe""}",,,,,,
39,0.05,bbse,0.16,False,,0.0,0,nan,False,False,,,"{""bbse"": ""failsafe""}",,failsafe,0.9212529411666591,6.0153968840618735,0.47926946263863757,0.12312312312312312
39,0.1,baseline,0.16,True,0.55,0.984984984984985,328,0.09146341463414634,False,False,0.087548,False,,baseline,,,,,
39,0.1,bbse,0.16,False,,0.0,0,nan,False,False,,,"{""bbse"": ""failsafe""}",,failsafe,0.9212529411666591,6.0153968840618735,0.47926946263863757,0.12312312312312312
40,0.05,baseline,0.16,False,,0.0,0,nan,False,False,,,"{""baseline"": ""failsafe""}",,,,,,
40,0.05,bbse,0.16,False,,0.0,0,nan,False,False,,,"{""bbse"": ""failsafe""}",,failsafe,1.8347116895175786,16.216032223867828,0.4685801957036927,0.21487603305785125
40,0.1,baseline,0.16,True,0.55,0.9586776859504132,232,0.15086206896551724,True,True,0.088354,False,,baseline,,,,,
40,0.1,bbse,0.16,False,,0.0,0,nan,False,False,,,"{""bbse"": ""failsafe""}",,failsafe,1.8347116895175786,16.216032223867828,0.4685801957036927,0.21487603305785125
41,0.05,baseline,0.16,False,,0.0,0,nan,False,False,,,"{""baseline"": ""failsafe""}",,,,,,
41,0.05,bbse,0.16,False,,0.0,0,nan,False,False,,,"{""bbse"": ""failsafe""}",,failsafe,1.3609338326100884,6.915065639469249,0.5289419927143542,0.14138817480719795
41,0.1,baseline,0.16,True,0.55,0.9794344473007712,381,0.15223097112860892,True,True,0.085001,False,,baseline,,,,,
41,0.1,bbse,0.16,False,,0.0,0,nan,False,False,,,"{""bbse"": ""failsafe""}",,failsafe,1.3609338326100884,6.915065639469249,0.5289419927143542,0.14138817480719795
42,0.05,baseline,0.16,False,,0.0,0,nan,False,False,,,"{""baseline"": ""failsafe""}",,,,,,
42,0.05,bbse,0.16,False,,0.0,0,nan,False,False,,,"{""bbse"": ""failsafe""}",,failsafe,0.6732238773320554,1.9651632078734058,0.49316588059770733,0.07586558044806517
42,0.1,baseline,0.16,True,0.55,0.9831975560081466,3862,0.06784049715173485,False,False,0.084046,False,,baseline,,,,,
42,0.1,bbse,0.16,False,,0.0,0,nan,False,False,,,"{""bbse"": ""failsafe""}",,failsafe,0.6732238773320554,1.9651632078734058,0.49316588059770733,0.07586558044806517
43,0.05,baseline,0.16,False,,0.0,0,nan,False,False,,,"{""baseline"": ""failsafe""}",,,,,,
43,0.05,bbse,0.16,False,,0.0,0,nan,False,False,,,"{""bbse"": ""bbse-misspecified""}",,bbse-misspecified,,,0.5003556603860858,0.0
43,0.1,baseline,0.16,True,0.55,1.0,33,0.09090909090909091,False,False,0.088232,False,,baseline,,,,,
43,0.1,bbse,0.16,False,,0.0,0,nan,False,False,,,"{""bbse"": ""bbse-misspecified""}",,bbse-misspecified,,,0.5003556603860858,0.0
44,0.05,baseline,0.16,False,,0.0,0,nan,False,False,,,"{""baseline"": ""failsafe""}",,,,,,
44,0.05,bbse,0.16,False,,0.0,0,nan,False,False,,,"{""bbse"": ""failsafe""}",,failsafe,0.6767134191340509,2.7476875252079407,0.504961907391521,0.09778225806451613
44,0.1,baseline,0.16,True,0.55,0.9868951612903226,979,0.06537282941777324,False,False,0.088899,False,,baseline,,,,,
44,0.1,bbse,0.16,False,,0.0,0,nan,False,False,,,"{""bbse"": ""failsafe""}",,failsafe,0.6767134191340509,2.7476875252079407,0.504961907391521,0.09778225806451613
45,0.05,baseline,0.16,False,,0.0,0,nan,False,False,,,"{""baseline"": ""failsafe""}",,,,,,
45,0.05,bbse,0.16,False,,0.0,0,nan,False,False,,,"{""bbse"": ""failsafe""}",,failsafe,0.16425163302683227,2.8496621021207624,0.4877664008981582,0.0684931506849315
45,0.1,baseline,0.16,True,0.55,0.9794520547945206,286,0.06643356643356643,False,False,0.08599,False,,baseline,,,,,
45,0.1,bbse,0.16,False,,0.0,0,nan,False,False,,,"{""bbse"": ""failsafe""}",,failsafe,0.16425163302683227,2.8496621021207624,0.4877664008981582,0.0684931506849315
46,0.05,baseline,0.16,False,,0.0,0,nan,False,False,,,"{""baseline"": ""failsafe""}",,,,,,
46,0.05,bbse,0.16,False,,0.0,0,nan,False,False,,,"{""bbse"": ""failsafe""}",,failsafe,0.07810813963191608,1.9973261931180823,0.5138265260430351,0.05263157894736842
46,0.1,baseline,0.16,True,0.5700000000000001,0.9824561403508771,392,0.03571428571428571,False,False,0.079934,False,,baseline,,,,,
46,0.1,bbse,0.16,False,,0.0,0,nan,False,False,,,"{""bbse"": ""failsafe""}",,failsafe,0.07810813963191608,1.9973261931180823,0.5138265260430351,0.05263157894736842
47,0.05,baseline,0.16,False,,0.0,0,nan,False,False,,,"{""baseline"": ""failsafe""}",,,,,,
47,0.05,bbse,0.16,False,,0.0,0,nan,False,False,,,"{""bbse"": ""failsafe""}",,failsafe,0.2286004021065743,3.5334436202585655,0.501583795377052,0.07723577235772358
47,0.1,baseline,0.16,True,0.55,0.9959349593495935,245,0.09387755102040816,False,False,0.08364,False,,baseline,,,,,
47,0.1,bbse,0.16,False,,0.0,0,nan,False,False,,,"{""bbse"": ""failsafe""}",,failsafe,0.2286004021065743,3.5334436202585655,0.501583795377052,0.07723577235772358
48,0.05,baseline,0.16,False,,0.0,0,nan,False,False,,,"{""baseline"": ""failsafe""}",,,,,,
48,0.05,bbse,0.16,False,,0.0,0,nan,False,False,,,"{""bbse"": ""failsafe""}",,failsafe,0.756030439738753,3.124365859168947,0.48449366203554234,0.0888529886914378
48,0.1,baseline,0.16,True,0.55,0.9846526655896607,1219,0.05660377358490566,False,False,0.085147,False,,baseline,,,,,
48,0.1,bbse,0.16,False,,0.0,0,nan,False,False,,,"{""bbse"": ""failsafe""}",,failsafe,0.756030439738753,3.124365859168947,0.48449366203554234,0.0888529886914378
49,0.05,baseline,0.16,False,,0.0,0,nan,False,False,,,"{""baseline"": ""failsafe""}",,,,,,
49,0.05,bbse,0.16,False,,0.0,0,nan,False,False,,,"{""bbse"": ""failsafe""}",,failsafe,3.340434688338714,14.226663149702029,0.5144780187322425,0.24466750313676286
49,0.1,baseline,0.16,True,0.55,0.9623588456712673,767,0.17340286831812254,True,True,0.084569,False,,baseline,,,,,
49,0.1,bbse,0.16,False,,0.0,0,nan,False,False,,,"{""bbse"": ""failsafe""}",,failsafe,3.340434688338714,14.226663149702029,0.5144780187322425,0.24466750313676286
50,0.05,baseline,0.16,False,,0.0,0,nan,False,False,,,"{""baseline"": ""failsafe""}",,,,,,
50,0.05,bbse,0.16,False,,0.0,0,nan,False,False,,,"{""bbse"": ""failsafe""}",,failsafe,0.32970224394745806,3.064205544846613,0.4677749298597575,0.0642361111111111
50,0.1,baseline,0.16,True,0.5700000000000001,0.9861111111111112,568,0.04929577464788732,False,False,0.088639,False,,baseline,,,,,
50,0.1,bbse,0.16,False,,0.0,0,nan,False,False,,,"{""bbse"": ""failsafe""}",,failsafe,0.32970224394745806,3.064205544846613,0.4677749298597575,0.0642361111111111
51,0.05,baseline,0.16,False,,0.0,0,nan,False,False,,,"{""baseline"": ""failsafe""}",,,,,,
51,0.05,bbse,0.16,False,,0.0,0,nan,False,False,,,"{""bbse"": ""failsafe""}",,failsafe,1.0504361936728899,4.373818311273216,0.520717470281017,0.13127001067235858
51,0.1,baseline,0.16,True,0.55,0.9711846318036286,910,0.0945054945054945,False,False,0.084345,False,,baseline,,,,,
51,0.1,bbse,0.16,False,,0.0,0,nan,False,False,,,"{""bbse"": ""failsafe""}",,failsafe,1.0504361936728899,4.373818311273216,0.520717470281017,0.13127001067235858
52,0.05,baseline,0.16,False,,0.0,0,nan,False,False,,,"{""baseline"": ""failsafe""}",,,,,,
52,0.05,bbse,0.16,False,,0.0,0,nan,False,False,,,"{""bbse"": ""failsafe""}",,failsafe,0.43128036318379726,3.1744034989159644,0.4883748567521573,0.08085106382978724
52,0.1,baseline,0.16,True,0.55,0.9851063829787234,463,0.08855291576673865,False,False,0.087023,False,,baseline,,,,,
52,0.1,bbse,0.16,False,,0.0,0,nan,False,False,,,"{""bbse"": ""failsafe""}",,failsafe,0.43128036318379726,3.1744034989159644,0.4883748567521573,0.08085106382978724
53,0.05,baseline,0.16,False,,0.0,0,nan,False,False,,,"{""baseline"": ""failsafe""}",,,,,,
53,0.05,bbse,0.16,False,,0.0,0,nan,False,False,,,"{""bbse"": ""failsafe""}",,failsafe,1.0407898757721112,5.560060527359728,0.5245077920341704,0.14380530973451328
53,0.1,baseline,0.16,True,0.55,0.9800884955752213,443,0.11963882618510158,False,True,0.085578,False,,baseline,,,,,
53,0.1,bbse,0.16,False,,0.0,0,nan,False,False,,,"{""bbse"": ""failsafe""}",,failsafe,1.0407898757721112,5.560060527359728,0.5245077920341704,0.14380530973451328
54,0.05,baseline,0.16,False,,0.0,0,nan,False,False,,,"{""baseline"": ""failsafe""}",,,,,,
54,0.05,bbse,0.16,False,,0.0,0,nan,False,False,,,"{""bbse"": ""failsafe""}",,failsafe,0.7457386611506774,2.2970788146226813,0.522070310634257,0.112
54,0.1,baseline,0.16,True,0.55,0.9774,4887,0.08512379783098015,False,False,0.084596,False,,baseline,,,,,
54,0.1,bbse,0.16,False,,0.0,0,nan,False,False,,,"{""bbse"": ""failsafe""}",,failsafe,0.7457386611506774,2.2970788146226813,0.522070310634257,0.112
55,0.05,baseline,0.16,False,,0.0,0,nan,False,False,,,"{""baseline"": ""failsafe""}",,,,,,
55,0.05,bbse,0.16,False,,0.0,0,nan,False,False,,,"{""bbse"": ""failsafe""}",,failsafe,0.698603871255361,6.515955989133287,0.49829399079541864,0.125
55,0.1,baseline,0.16,True,0.55,0.9913793103448276,230,0.08695652173913043,False,False,0.087357,False,,baseline,,,,,
55,0.1,bbse,0.16,False,,0.0,0,nan,False,False,,,"{""bbse"": ""failsafe""}",,failsafe,0.698603871255361,6.515955989133287,0.49829399079541864,0.125
56,0.05,baseline,0.16,False,,0.0,0,nan,False,False,,,"{""baseline"": ""failsafe""}",,,,,,
56,0.05,bbse,0.16,False,,0.0,0,nan,False,False,,,"{""bbse"": ""failsafe""}",,failsafe,0.8042905909869957,4.531902811430043,0.49355588548049484,0.11754068716094032
56,0.1,baseline,0.16,True,0.5900000000000001,0.9584086799276673,530,0.0660377358490566,False,False,0.079791,False,,baseline,,,,,
56,0.1,bbse,0.16,False,,0.0,0,nan,False,False,,,"{""bbse"": ""failsafe""}",,failsafe,0.8042905909869957,4.531902811430043,0.49355588548049484,0.11754068716094032
57,0.05,baseline,0.16,False,,0.0,0,nan,False,False,,,"{""baseline"": ""failsafe""}",,,,,,
57,0.05,bbse,0.16,False,,0.0,0,nan,False,False,,,"{""bbse"": ""failsafe""}",,failsafe,1.1380897110353345,7.8746087486204965,0.496274002983521,0.15492957746478872
57,0.1,baseline,0.16,True,0.55,0.9765258215962441,208,0.11538461538461539,False,True,0.085434,False,,baseline,,,,,
57,0.1,bbse,0.16,False,,0.0,0,nan,False,False,,,"{""bbse"": ""failsafe""}",,failsafe,1.1380897110353345,7.8746087486204965,0.496274002983521,0.15492957746478872
58,0.05,baseline,0.16,False,,0.0,0,nan,False,False,,,"{""baseline"": ""failsafe""}",,,,,,
58,0.05,bbse,0.16,False,,0.0,0,nan,False,False,,,"{""bbse"": ""failsafe""}",,failsafe,0.5662135065117723,6.2002122059661025,0.500729645750694,0.116751269035533
58,0.1,baseline,0.16,True,0.55,0.9898477157360406,195,0.14871794871794872,True,True,0.083051,False,,baseline,,,,,
58,0.1,bbse,0.16,False,,0.0,0,nan,False,False,,,"{""bbse"": ""failsafe""}",,failsafe,0.5662135065117723,6.2002122059661025,0.500729645750694,0.116751269035533
59,0.05,baseline,0.16,False,,0.0,0,nan,False,False,,,"{""baseline"": ""failsafe""}",,,,,,
59,0.05,bbse,0.16,False,,0.0,0,nan,False,False,,,"{""bbse"": ""failsafe""}",,failsafe,0.6674718880813544,6.786931299906459,0.5134188594832424,0.11764705882352941
59,0.1,baseline,0.16,True,0.55,0.9773755656108597,216,0.07407407407407407,False,False,0.081636,False,,baseline,,,,,
59,0.1,bbse,0.16,False,,0.0,0,nan,False,False,,,"{""bbse"": ""failsafe""}",,failsafe,0.6674718880813544,6.786931299906459,0.5134188594832424,0.11764705882352941
60,0.05,baseline,0.16,False,,0.0,0,nan,False,False,,,"{""baseline"": ""failsafe""}",,,,,,
60,0.05,bbse,0.16,False,,0.0,0,nan,False,False,,,"{""bbse"": ""failsafe""}",,failsafe,1.3825283994175555,5.83470418733626,0.5078577621460695,0.1548731642189586
60,0.1,baseline,0.16,True,0.55,0.9773030707610146,732,0.09972677595628415,False,False,0.085895,False,,baseline,,,,,
60,0.1,bbse,0.16,False,,0.0,0,nan,False,False,,,"{""bbse"": ""failsafe""}",,failsafe,1.3825283994175555,5.83470418733626,0.5078577621460695,0.1548731642189586
61,0.05,baseline,0.16,False,,0.0,0,nan,False,False,,,"{""baseline"": ""failsafe""}",,,,,,
61,0.05,bbse,0.16,False,,0.0,0,nan,False,False,,,"{""bbse"": ""failsafe""}",,failsafe,0.0005579169051640872,8.580254815461009,0.5030649692940936,0.08823529411764706
61,0.1,baseline,0.16,True,0.55,1.0,68,0.014705882352941176,False,False,0.085869,False,,baseline,,,,,
61,0.1,bbse,0.16,False,,0.0,0,nan,False,False,,,"{""bbse"": ""failsafe""}",,failsafe,0.0005579169051640872,8.580254815461009,0.5030649692940936,0.08823529411764706
62,0.05,baseline,0.16,False,,0.0,0,nan,False,False,,,"{""baseline"": ""failsafe""}",,,,,,
62,0.05,bbse,0.16,False,,0.0,0,nan,False,False,,,"{""bbse"": ""failsafe""}",,failsafe,0.5600211093789234,2.774314510557926,0.5233056192610565,0.09859154929577464
62,0.1,baseline,0.16,True,0.55,0.9765258215962441,832,0.0625,False,False,0.081458,False,,baseline,,,,,
62,0.1,bbse,0.16,False,,0.0,0,nan,False,False,,,"{""bbse"": ""failsafe""}",,failsafe,0.5600211093789234,2.774314510557926,0.5233056192610565,0.09859154929577464
63,0.05,baseline,0.16,False,,0.0,0,nan,False,False,,,"{""baseline"": ""failsafe""}",,,,,,
63,0.05,bbse,0.16,False,,0.0,0,nan,False,False,,,"{""bbse"": ""failsafe""}",,failsafe,1.1220695111086647,5.069656632136788,0.5037387084309343,0.14266929651545035
63,0.1,baseline,0.16,True,0.55,0.9769888231426693,1486,0.11305518169582772,True,True,0.083119,False,,baseline,,,,,
63,0.1,bbse,0.16,False,,0.0,0,nan,False,False,,,"{""bbse"": ""failsafe""}",,failsafe,1.1220695111086647,5.069656632136788,0.5037387084309343,0.14266929651545035
64,0.05,baseline,0.16,False,,0.0,0,nan,False,False,,,"{""baseline"": ""failsafe""}",,,,,,
64,0.05,bbse,0.16,False,,0.0,0,nan,False,False,,,"{""bbse"": ""failsafe""}",,failsafe,0.32785400551490385,1.4697313245815689,0.4981118060544535,0.06106612685560054
64,0.1,baseline,0.16,True,0.5700000000000001,0.9817813765182186,2910,0.0443298969072165,False,False,0.081027,False,,baseline,,,,,
64,0.1,bbse,0.16,False,,0.0,0,nan,False,False,,,"{""bbse"": ""failsafe""}",,failsafe,0.32785400551490385,1.4697313245815689,0.4981118060544535,0.06106612685560054
65,0.05,baseline,0.16,False,,0.0,0,nan,False,False,,,"{""baseline"": ""failsafe""}",,,,,,
65,0.05,bbse,0.16,False,,0.0,0,nan,False,False,,,"{""bbse"": ""failsafe""}",,failsafe,0.11445427315828807,3.791229332795372,0.500735383155469,0.07514450867052024
65,0.1,baseline,0.16,True,0.5700000000000001,0.9884393063583815,171,0.07017543859649122,False,False,0.084986,False,,baseline,,,,,
65,0.1,bbse,0.16,False,,0.0,0,nan,False,False,,,"{""bbse"": ""failsafe""}",,failsafe,0.11445427315828807,3.791229332795372,0.500735383155469,0.07514450867052024
66,0.05,baseline,0.16,False,,0.0,0,nan,False,False,,,"{""baseline"": ""failsafe""}",,,,,,
66,0.05,bbse,0.16,False,,0.0,0,nan,False,False,,,"{""bbse"": ""failsafe""}",,failsafe,0.6100023879558422,3.5510026950947866,0.4677180842844404,0.08536585365853659
66,0.1,baseline,0.16,True,0.55,0.978319783197832,722,0.09556786703601108,False,False,0.086558,False,,baseline,,,,,
66,0.1,bbse,0.16,False,,0.0,0,nan,False,False,,,"{""bbse"": ""failsafe""}",,failsafe,0.6100023879558422,3.5510026950947866,0.4677180842844404,0.08536585365853659
67,0.05,baseline,0.16,False,,0.0,0,nan,False,False,,,"{""baseline"": ""failsafe""}",,,,,,
67,0.05,bbse,0.16,False,,0.0,0,nan,False,False,,,"{""bbse"": ""failsafe""}",,failsafe,0.8566469054536452,3.4281218012369865,0.485124456918122,0.09595070422535211
67,0.1,baseline,0.16,True,0.55,0.9876760563380281,1122,0.0855614973262032,False,False,0.085062,False,,baseline,,,,,
67,0.1,bbse,0.16,False,,0.0,0,nan,False,False,,,"{""bbse"": ""failsafe""}",,failsafe,0.8566469054536452,3.4281218012369865,0.485124456918122,0.09595070422535211
68,0.05,baseline,0.16,False,,0.0,0,nan,False,False,,,"{""baseline"": ""failsafe""}",,,,,,
68,0.05,bbse,0.16,False,,0.0,0,nan,False,False,,,"{""bbse"": ""failsafe""}",,failsafe,0.7924578313519564,4.567790706107767,0.5275222455377141,0.13402061855670103
68,0.1,baseline,0.16,True,0.55,0.9768041237113402,379,0.12401055408970976,False,True,0.082726,False,,baseline,,,,,
68,0.1,bbse,0.16,False,,0.0,0,nan,False,False,,,"{""bbse"": ""failsafe""}",,failsafe,0.7924578313519564,4.567790706107767,0.5275222455377141,0.13402061855670103
69,0.05,baseline,0.16,False,,0.0,0,nan,False,False,,,"{""baseline"": ""failsafe""}",,,,,,
69,0.05,bbse,0.16,False,,0.0,0,nan,False,False,,,"{""bbse"": ""failsafe""}",,failsafe,0.0007750775915941985,1.8046590278573964,0.5044085517275827,0.04126984126984127
69,0.1,baseline,0.16,True,0.55,0.9809523809523809,309,0.0744336569579288,False,False,0.086131,False,,baseline,,,,,
69,0.1,bbse,0.16,False,,0.0,0,nan,False,False,,,"{""bbse"": ""failsafe""}",,failsafe,0.0007750775915941985,1.8046590278573964,0.5044085517275827,0.04126984126984127
70,0.05,baseline,0.16,False,,0.0,0,nan,False,False,,,"{""baseline"": ""failsafe""}",,,,,,
70,0.05,bbse,0.16,False,,0.0,0,nan,False,False,,,"{""bbse"": ""failsafe""}",,failsafe,1.039723504347913,5.458190764543318,0.5176255868298988,0.12150837988826815
70,0.1,baseline,0.16,True,0.55,0.9832402234636871,704,0.07528409090909091,False,False,0.083709,False,,baseline,,,,,
70,0.1,bbse,0.16,False,,0.0,0,nan,False,False,,,"{""bbse"": ""failsafe""}",,failsafe,1.039723504347913,5.458190764543318,0.5176255868298988,0.12150837988826815
71,0.05,baseline,0.16,False,,0.0,0,nan,False,False,,,"{""baseline"": ""failsafe""}",,,,,,
71,0.05,bbse,0.16,False,,0.0,0,nan,False,False,,,"{""bbse"": ""failsafe""}",,failsafe,0.017948699435850302,3.0276088828531926,0.44795820113754187,0.04827586206896552
71,0.1,baseline,0.16,True,0.55,0.9896551724137931,287,0.020905923344947737,False,False,0.08659,False,,baseline,,,,,
71,0.1,bbse,0.16,False,,0.0,0,nan,False,False,,,"{""bbse"": ""failsafe""}",,failsafe,0.017948699435850302,3.0276088828531926,0.44795820113754187,0.04827586206896552
72,0.05,baseline,0.16,False,,0.0,0,nan,False,False,,,"{""baseline"": ""failsafe""}",,,,,,
72,0.05,bbse,0.16,False,,0.0,0,nan,False,False,,,"{""bbse"": ""failsafe""}",,failsafe,1.150939781659036,6.360316203131848,0.5073588901560556,0.14416475972540047
72,0.1,baseline,0.16,True,0.5900000000000001,0.9633867276887872,421,0.07838479809976247,False,False,0.075402,False,,baseline,,,,,
72,0.1,bbse,0.16,False,,0.0,0,nan,False,False,,,"{""bbse"": ""failsafe""}",,failsafe,1.150939781659036,6.360316203131848,0.5073588901560556,0.14416475972540047
73,0.05,baseline,0.16,False,,0.0,0,nan,False,False,,,"{""baseline"": ""failsafe""}",,,,,,
73,0.05,bbse,0.16,False,,0.0,0,nan,False,False,,,"{""bbse"": ""failsafe""}",,failsafe,0.8488618624874685,4.332483774677605,0.4976036457715047,0.10615384615384615
73,0.1,baseline,0.16,True,0.5700000000000001,0.9692307692307692,630,0.06507936507936508,False,False,0.080018,False,,baseline,,,,,
73,0.1,bbse,0.16,False,,0.0,0,nan,False,False,,,"{""bbse"": ""failsafe""}",,failsafe,0.8488618624874685,4.332483774677605,0.4976036457715047,0.10615384615384615
74,0.05,baseline,0.16,False,,0.0,0,nan,False,False,,,"{""baseline"": ""failsafe""}",,,,,,
74,0.05,bbse,0.16,False,,0.0,0,nan,False,False,,,"{""bbse"": ""failsafe""}",,failsafe,1.063771351591141,4.739981702465015,0.518325330024541,0.1190253045923149
74,0.1,baseline,0.16,True,0.55,0.985941893158388,1052,0.07224334600760456,False,False,0.084999,False,,baseline,,,,,
74,0.1,bbse,0.16,False,,0.0,0,nan,False,False,,,"{""bbse"": ""failsafe""}",,failsafe,1.063771351591141,4.739981702465015,0.518325330024541,0.1190253045923149
75,0.05,baseline,0.16,False,,0.0,0,nan,False,False,,,"{""baseline"": ""failsafe""}",,,,,,
75,0.05,bbse,0.16,False,,0.0,0,nan,False,False,,,"{""bbse"": ""failsafe""}",,failsafe,0.11586945884878048,8.107125876529246,0.47956483790542653,0.0975609756097561
75,0.1,baseline,0.16,True,0.55,0.9878048780487805,81,0.12345679012345678,False,True,0.090809,False,,baseline,,,,,
75,0.1,bbse,0.16,False,,0.0,0,nan,False,False,,,"{""bbse"": ""failsafe""}",,failsafe,0.11586945884878048,8.107125876529246,0.47956483790542653,0.0975609756097561
76,0.05,baseline,0.16,False,,0.0,0,nan,False,False,,,"{""baseline"": ""failsafe""}",,,,,,
76,0.05,bbse,0.16,False,,0.0,0,nan,False,False,,,"{""bbse"": ""failsafe""}",,failsafe,1.3978219587035463,7.17139720360405,0.4885744640760572,0.14195583596214512
76,0.1,baseline,0.16,True,0.55,0.9858044164037855,625,0.1024,False,True,0.089268,False,,baseline,,,,,
76,0.1,bbse,0.16,False,,0.0,0,nan,False,False,,,"{""bbse"": ""failsafe""}",,failsafe,1.3978219587035463,7.17139720360405,0.4885744640760572,0.14195583596214512
77,0.05,baseline,0.16,False,,0.0,0,nan,False,False,,,"{""baseline"": ""failsafe""}",,,,,,
77,0.05,bbse,0.16,False,,0.0,0,nan,False,False,,,"{""bbse"": ""failsafe""}",,failsafe,0.6350447295814934,2.139277564700809,0.5032115282837968,0.07619348719570028
77,0.1,baseline,0.16,True,0.55,0.9838760670249763,3112,0.06940874035989718,False,False,0.084191,False,,baseline,,,,,
77,0.1,bbse,0.16,False,,0.0,0,nan,False,False,,,"{""bbse"": ""failsafe""}",,failsafe,0.6350447295814934,2.139277564700809,0.5032115282837968,0.07619348719570028
78,0.05,baseline,0.16,False,,0.0,0,nan,False,False,,,"{""baseline"": ""failsafe""}",,,,,,
78,0.05,bbse,0.16,False,,0.0,0,nan,False,False,,,"{""bbse"": ""failsafe""}",,failsafe,0.6760842882184925,4.66440085867934,0.5149119951087122,0.09347181008902077
78,0.1,baseline,0.16,True,0.55,0.9792284866468842,660,0.06818181818181818,False,False,0.082739,False,,baseline,,,,,
78,0.1,bbse,0.16,False,,0.0,0,nan,False,False,,,"{""bbse"": ""failsafe""}",,failsafe,0.6760842882184925,4.66440085867934,0.5149119951087122,0.09347181008902077
79,0.05,baseline,0.16,False,,0.0,0,nan,False,False,,,"{""baseline"": ""failsafe""}",,,,,,
79,0.05,bbse,0.16,False,,0.0,0,nan,False,False,,,"{""bbse"": ""bbse-misspecified""}",,bbse-misspecified,,,0.5177259499337686,0.049586776859504134
79,0.1,baseline,0.16,True,0.55,0.9834710743801653,119,0.04201680672268908,False,False,0.0833,False,,baseline,,,,,
79,0.1,bbse,0.16,False,,0.0,0,nan,False,False,,,"{""bbse"": ""bbse-misspecified""}",,bbse-misspecified,,,0.5177259499337686,0.049586776859504134
80,0.05,baseline,0.16,False,,0.0,0,nan,False,False,,,"{""baseline"": ""failsafe""}",,,,,,
80,0.05,bbse,0.16,False,,0.0,0,nan,False,False,,,"{""bbse"": ""failsafe""}",,failsafe,0.9191552369387179,5.919817855504345,0.5038609769616249,0.13372093023255813
80,0.1,baseline,0.16,True,0.55,0.9825581395348837,338,0.08579881656804733,False,False,0.080963,False,,baseline,,,,,
80,0.1,bbse,0.16,False,,0.0,0,nan,False,False,,,"{""bbse"": ""failsafe""}",,failsafe,0.9191552369387179,5.919817855504345,0.5038609769616249,0.13372093023255813
81,0.05,baseline,0.16,False,,0.0,0,nan,False,False,,,"{""baseline"": ""failsafe""}",,,,,,
81,0.05,bbse,0.16,False,,0.0,0,nan,False,False,,,"{""bbse"": ""failsafe""}",,failsafe,0.2537835271875091,3.9657083086011817,0.5074399199798348,0.07719298245614035
81,0.1,baseline,0.16,True,0.55,0.9754385964912281,278,0.0539568345323741,False,False,0.086846,False,,baseline,,,,,
81,0.1,bbse,0.16,False,,0.0,0,nan,False,False,,,"{""bbse"": ""failsafe""}",,failsafe,0.2537835271875091,3.9657083086011817,0.5074399199798348,0.07719298245614035
82,0.05,baseline,0.16,False,,0.0,0,nan,False,False,,,"{""baseline"": ""failsafe""}",,,,,,
82,0.05,bbse,0.16,False,,0.0,0,nan,False,False,,,"{""bbse"": ""bbse-misspecified""}",,bbse-misspecified,,,0.5217366570067761,0.053763440860215055
82,0.1,baseline,0.16,True,0.55,0.989247311827957,92,0.06521739130434782,False,False,0.079835,False,,baseline,,,,,
82,0.1,bbse,0.16,False,,0.0,0,nan,False,False,,,"{""bbse"": ""bbse-misspecified""}",,bbse-misspecified,,,0.5217366570067761,0.053763440860215055
83,0.05,baseline,0.16,False,,0.0,0,nan,False,False,,,"{""baseline"": ""failsafe""}",,,,,,
83,0.05,bbse,0.16,False,,0.0,0,nan,False,False,,,"{""bbse"": ""failsafe""}",,failsafe,0.890690265719289,5.096022722878245,0.5073069087757134,0.12993039443155452
83,0.1,baseline,0.16,True,0.55,0.9721577726218097,419,0.09785202863961814,False,False,0.08456,False,,baseline,,,,,
83,0.1,bbse,0.16,False,,0.0,0,nan,False,False,,,"{""bbse"": ""failsafe""}",,failsafe,0.890690265719289,5.096022722878245,0.5073069087757134,0.12993039443155452
84,0.05,baseline,0.16,False,,0.0,0,nan,False,False,,,"{""baseline"": ""failsafe""}",,,,,,
84,0.05,bbse,0.16,False,,0.0,0,nan,False,False,,,"{""bbse"": ""failsafe""}",,failsafe,0.09280333336347436,2.003264441907064,0.49867437187487434,0.05898876404494382
84,0.1,baseline,0.16,True,0.55,0.9859550561797753,351,0.039886039886039885,False,False,0.081738,False,,baseline,,,,,
84,0.1,bbse,0.16,False,,0.0,0,nan,False,False,,,"{""bbse"": ""failsafe""}",,failsafe,0.09280333336347436,2.003264441907064,0.49867437187487434,0.05898876404494382
85,0.05,baseline,0.16,False,,0.0,0,nan,False,False,,,"{""baseline"": ""failsafe""}",,,,,,
85,0.05,bbse,0.16,False,,0.0,0,nan,False,False,,,"{""bbse"": ""failsafe""}",,failsafe,0.7141039907923096,3.766734919709365,0.506924492504591,0.10176125244618395
85,0.1,baseline,0.16,True,0.55,0.9804305283757339,501,0.06986027944111776,False,False,0.084629,False,,baseline,,,,,
85,0.1,bbse,0.16,False,,0.0,0,nan,False,False,,,"{""bbse"": ""failsafe""}",,failsafe,0.7141039907923096,3.766734919709365,0.506924492504591,0.10176125244618395
86,0.05,baseline,0.16,False,,0.0,0,nan,False,False,,,"{""baseline"": ""failsafe""}",,,,,,
86,0.05,bbse,0.16,False,,0.0,0,nan,False,False,,,"{""bbse"": ""failsafe""}",,failsafe,0.552739776903768,2.224169293725869,0.5007829511899661,0.0812807881773399
86,0.1,baseline,0.16,True,0.55,0.9770114942528736,1190,0.07983193277310924,False,False,0.084939,False,,baseline,,,,,
86,0.1,bbse,0.16,False,,0.0,0,nan,False,False,,,"{""bbse"": ""failsafe""}",,failsafe,0.552739776903768,2.224169293725869,0.5007829511899661,0.0812807881773399
87,0.05,baseline,0.16,False,,0.0,0,nan,False,False,,,"{""baseline"": ""failsafe""}",,,,,,
87,0.05,bbse,0.16,False,,0.0,0,nan,False,False,,,"{""bbse"": ""failsafe""}",,failsafe,0.4442718573029875,2.376737099821614,0.5222964313298387,0.08253358925143954
87,0.1,baseline,0.16,True,0.55,0.9865642994241842,1028,0.05544747081712062,False,False,0.085732,False,,baseline,,,,,
87,0.1,bbse,0.16,False,,0.0,0,nan,False,False,,,"{""bbse"": ""failsafe""}",,failsafe,0.4442718573029875,2.376737099821614,0.5222964313298387,0.08253358925143954
88,0.05,baseline,0.16,False,,0.0,0,nan,False,False,,,"{""baseline"": ""failsafe""}",,,,,,
88,0.05,bbse,0.16,False,,0.0,0,nan,False,False,,,"{""bbse"": ""failsafe""}",,failsafe,0.19979917397937275,1.9954729324422924,0.5020812267553026,0.05925925925925926
88,0.1,baseline,0.16,True,0.55,0.9827160493827161,796,0.059045226130653265,False,False,0.08604,False,,baseline,,,,,
88,0.1,bbse,0.16,False,,0.0,0,nan,False,False,,,"{""bbse"": ""failsafe""}",,failsafe,0.19979917397937275,1.9954729324422924,0.5020812267553026,0.05925925925925926
89,0.05,baseline,0.16,False,,0.0,0,nan,False,False,,,"{""baseline"": ""failsafe""}",,,,,,
89,0.05,bbse,0.16,False,,0.0,0,nan,False,False,,,"{""bbse"": ""failsafe""}",,failsafe,1.4816711019716284,4.820392466647927,0.5097438069814894,0.11864406779661017
89,0.1,baseline,0.16,True,0.55,0.9837288135593221,1451,0.08201240523776705,False,False,0.08868,False,,baseline,,,,,
89,0.1,bbse,0.16,False,,0.0,0,nan,False,False,,,"{""bbse"": ""failsafe""}",,failsafe,1.4816711019716284,4.820392466647927,0.5097438069814894,0.11864406779661017
90,0.05,baseline,0.16,False,,0.0,0,nan,False,False,,,"{""baseline"": ""failsafe""}",,,,,,
90,0.05,bbse,0.16,False,,0.0,0,nan,False,False,,,"{""bbse"": ""failsafe""}",,failsafe,0.18731569820591232,2.003675935557092,0.5181182931954085,0.0625
90,0.1,baseline,0.16,True,0.55,0.9878472222222222,569,0.050966608084358524,False,False,0.081948,False,,baseline,,,,,
90,0.1,bbse,0.16,False,,0.0,0,nan,False,False,,,"{""bbse"": ""failsafe""}",,failsafe,0.18731569820591232,2.003675935557092,0.5181182931954085,0.0625
91,0.05,baseline,0.16,False,,0.0,0,nan,False,False,,,"{""baseline"": ""failsafe""}",,,,,,
91,0.05,bbse,0.16,False,,0.0,0,nan,False,False,,,"{""bbse"": ""failsafe""}",,failsafe,0.5290046532276503,5.531444989368903,0.510766831186514,0.11210762331838565
91,0.1,baseline,0.16,True,0.55,0.9730941704035875,217,0.1152073732718894,False,True,0.081173,False,,baseline,,,,,
91,0.1,bbse,0.16,False,,0.0,0,nan,False,False,,,"{""bbse"": ""failsafe""}",,failsafe,0.5290046532276503,5.531444989368903,0.510766831186514,0.11210762331838565
92,0.05,baseline,0.16,False,,0.0,0,nan,False,False,,,"{""baseline"": ""failsafe""}",,,,,,
92,0.05,bbse,0.16,False,,0.0,0,nan,False,False,,,"{""bbse"": ""failsafe""}",,failsafe,0.7205211457283321,3.348717150281113,0.48347579338488134,0.10008857395925598
92,0.1,baseline,0.16,True,0.55,0.9805137289636847,1107,0.0921409214092141,False,False,0.087393,False,,baseline,,,,,
92,0.1,bbse,0.16,False,,0.0,0,nan,False,False,,,"{""bbse"": ""failsafe""}",,failsafe,0.7205211457283321,3.348717150281113,0.48347579338488134,0.10008857395925598
93,0.05,baseline,0.16,False,,0.0,0,nan,False,False,,,"{""baseline"": ""failsafe""}",,,,,,
93,0.05,bbse,0.16,False,,0.0,0,nan,False,False,,,"{""bbse"": ""failsafe""}",,failsafe,1.17453839631182,3.8510617655639026,0.46656635471808,0.11400651465798045
93,0.1,baseline,0.16,True,0.5700000000000001,0.9710097719869707,2981,0.08554176450855418,False,False,0.084858,False,,baseline,,,,,
93,0.1,bbse,0.16,False,,0.0,0,nan,False,False,,,"{""bbse"": ""failsafe""}",,failsafe,1.17453839631182,3.8510617655639026,0.46656635471808,0.11400651465798045
94,0.05,baseline,0.16,False,,0.0,0,nan,False,False,,,"{""baseline"": ""failsafe""}",,,,,,
94,0.05,bbse,0.16,False,,0.0,0,nan,False,False,,,"{""bbse"": ""failsafe""}",,failsafe,0.9187167666886615,3.3650848557017667,0.48129306710178144,0.10938924339106655
94,0.1,baseline,0.16,True,0.55,0.9799453053783045,2150,0.07441860465116279,False,False,0.083516,False,,baseline,,,,,
94,0.1,bbse,0.16,False,,0.0,0,nan,False,False,,,"{""bbse"": ""failsafe""}",,failsafe,0.9187167666886615,3.3650848557017667,0.48129306710178144,0.10938924339106655
95,0.05,baseline,0.16,False,,0.0,0,nan,False,False,,,"{""baseline"": ""failsafe""}",,,,,,
95,0.05,bbse,0.16,False,,0.0,0,nan,False,False,,,"{""bbse"": ""failsafe""}",,failsafe,0.6879815415244169,5.260129215945305,0.5300682376795,0.1174785100286533
95,0.1,baseline,0.16,True,0.5700000000000001,0.9684813753581661,338,0.08579881656804733,False,False,0.079017,False,,baseline,,,,,
95,0.1,bbse,0.16,False,,0.0,0,nan,False,False,,,"{""bbse"": ""failsafe""}",,failsafe,0.6879815415244169,5.260129215945305,0.5300682376795,0.1174785100286533
96,0.05,baseline,0.16,False,,0.0,0,nan,False,False,,,"{""baseline"": ""failsafe""}",,,,,,
96,0.05,bbse,0.16,False,,0.0,0,nan,False,False,,,"{""bbse"": ""failsafe""}",,failsafe,1.20674621841774,3.922748327839625,0.5104822702326447,0.13345091122868902
96,0.1,baseline,0.16,True,0.55,0.9770723104056437,1662,0.11672683513838748,True,True,0.083974,False,,baseline,,,,,
96,0.1,bbse,0.16,False,,0.0,0,nan,False,False,,,"{""bbse"": ""failsafe""}",,failsafe,1.20674621841774,3.922748327839625,0.5104822702326447,0.13345091122868902
97,0.05,baseline,0.16,False,,0.0,0,nan,False,False,,,"{""baseline"": ""failsafe""}",,,,,,
97,0.05,bbse,0.16,False,,0.0,0,nan,False,False,,,"{""bbse"": ""failsafe""}",,failsafe,0.611651329853955,2.973813522263113,0.5239406078264996,0.11038961038961038
97,0.1,baseline,0.16,True,0.55,0.987012987012987,608,0.08552631578947369,False,False,0.081473,False,,baseline,,,,,
97,0.1,bbse,0.16,False,,0.0,0,nan,False,False,,,"{""bbse"": ""failsafe""}",,failsafe,0.611651329853955,2.973813522263113,0.5239406078264996,0.11038961038961038
98,0.05,baseline,0.16,False,,0.0,0,nan,False,False,,,"{""baseline"": ""failsafe""}",,,,,,
98,0.05,bbse,0.16,False,,0.0,0,nan,False,False,,,"{""bbse"": ""failsafe""}",,failsafe,0.03849742837660415,3.69846314041628,0.48156054528952963,0.06382978723404255
98,0.1,baseline,0.16,True,0.55,0.9929078014184397,140,0.06428571428571428,False,False,0.084203,False,,baseline,,,,,
98,0.1,bbse,0.16,False,,0.0,0,nan,False,False,,,"{""bbse"": ""failsafe""}",,failsafe,0.03849742837660415,3.69846314041628,0.48156054528952963,0.06382978723404255
99,0.05,baseline,0.16,False,,0.0,0,nan,False,False,,,"{""baseline"": ""failsafe""}",,,,,,
99,0.05,bbse,0.16,False,,0.0,0,nan,False,False,,,"{""bbse"": ""failsafe""}",,failsafe,0.5939608884287946,2.848627330791742,0.5172109258767996,0.09398099260823653
99,0.1,baseline,0.16,True,0.55,0.9809926082365364,929,0.0581270182992465,False,False,0.083852,False,,baseline,,,,,
99,0.1,bbse,0.16,False,,0.0,0,nan,False,False,,,"{""bbse"": ""failsafe""}",,failsafe,0.5939608884287946,2.848627330791742,0.5172109258767996,0.09398099260823653
0,0.05,baseline,0.19,False,,0.0,0,nan,False,False,,,"{""baseline"": ""failsafe""}",,,,,,
0,0.05,bbse,0.19,False,,0.0,0,nan,False,False,,,"{""bbse"": ""failsafe""}",,failsafe,0.05553784280254332,62.8315536570779,0.5066993099413064,0.16666666666666666
0,0.1,baseline,0.19,True,0.55,0.9583333333333334,23,0.08695652173913043,False,False,0.091557,False,,baseline,,,,,
0,0.1,bbse,0.19,False,,0.0,0,nan,False,False,,,"{""bbse"": ""failsafe""}",,failsafe,0.05553784280254332,62.8315536570779,0.5066993099413064,0.16666666666666666
1,0.05,baseline,0.19,False,,0.0,0,nan,False,False,,,"{""baseline"": ""failsafe""}",,,,,,
1,0.05,bbse,0.19,False,,0.0,0,nan,False,False,,,"{""bbse"": ""failsafe""}",,failsafe,2.2974889168996984,28.92742891617528,0.4974064388132757,0.23529411764705882
1,0.1,baseline,0.19,True,0.61,0.9327731092436975,111,0.11711711711711711,False,True,0.082779,False,,baseline,,,,,
1,0.1,bbse,0.19,False,,0.0,0,nan,False,False,,,"{""bbse"": ""failsafe""}",,failsafe,2.2974889168996984,28.92742891617528,0.4974064388132757,0.23529411764705882
2,0.05,baseline,0.19,False,,0.0,0,nan,False,False,,,"{""baseline"": ""failsafe""}",,,,,,
2,0.05,bbse,0.19,False,,0.0,0,nan,False,False,,,"{""bbse"": ""failsafe""}",,failsafe,1.4212369959598365,7.927766894173551,0.5234183276173376,0.16793893129770993
2,0.1,baseline,0.19,True,0.55,0.9720101781170484,382,0.12303664921465969,False,True,0.093985,False,,baseline,,,,,
2,0.1,bbse,0.19,False,,0.0,0,nan,False,False,,,"{""bbse"": ""failsafe""}",,failsafe,1.4212369959598365,7.927766894173551,0.5234183276173376,0.16793893129770993
3,0.05,baseline,0.19,False,,0.0,0,nan,False,False,,,"{""baseline"": ""failsafe""}",,,,,,
3,0.05,bbse,0.19,False,,0.0,0,nan,False,False,,,"{""bbse"": ""failsafe""}",,failsafe,1.0355530514640374,6.820147890615928,0.5050090753377321,0.1511627906976744
3,0.1,baseline,0.19,True,0.55,0.9728682170542635,251,0.12749003984063745,False,True,0.099307,False,,baseline,,,,,
3,0.1,bbse,0.19,False,,0.0,0,nan,False,False,,,"{""bbse"": ""failsafe""}",,failsafe,1.0355530514640374,6.820147890615928,0.5050090753377321,0.1511627906976744
4,0.05,baseline,0.19,False,,0.0,0,nan,False,False,,,"{""baseline"": ""failsafe""}",,,,,,
4,0.05,bbse,0.19,False,,0.0,0,nan,False,False,,,"{""bbse"": ""failsafe""}",,failsafe,1.5514924556930652,5.645581087064913,0.5075873861738732,0.15858585858585858
4,0.1,baseline,0.19,True,0.55,0.9717171717171718,962,0.11954261954261955,True,True,0.098598,False,,baseline,,,,,
4,0.1,bbse,0.19,False,,0.0,0,nan,False,False,,,"{""bbse"": ""failsafe""}",,failsafe,1.5514924556930652,5.645581087064913,0.5075873861738732,0.15858585858585858
5,0.05,baseline,0.19,False,,0.0,0,nan,False,False,,,"{""baseline"": ""failsafe""}",,,,,,
5,0.05,bbse,0.19,False,,0.0,0,nan,False,False,,,"{""bbse"": ""failsafe""}",,failsafe,0.43997162192806916,7.813552974455651,0.4929281627825155,0.11851851851851852
5,0.1,baseline,0.19,True,0.55,1.0,135,0.0962962962962963,False,False,0.099284,False,,baseline,,,,,
5,0.1,bbse,0.19,False,,0.0,0,nan,False,False,,,"{""bbse"": ""failsafe""}",,failsafe,0.43997162192806916,7.813552974455651,0.4929281627825155,0.11851851851851852
6,0.05,baseline,0.19,False,,0.0,0,nan,False,False,,,"{""baseline"": ""failsafe""}",,,,,,
6,0.05,bbse,0.19,False,,0.0,0,nan,False,False,,,"{""bbse"": ""failsafe""}",,failsafe,0.4224597191655403,3.62978911438623,0.4634572657939344,0.07462686567164178
6,0.1,baseline,0.19,True,0.55,0.9776119402985075,655,0.06259541984732825,False,False,0.10336,True,,baseline,,,,,
6,0.1,bbse,0.19,False,,0.0,0,nan,False,False,,,"{""bbse"": ""failsafe""}",,failsafe,0.4224597191655403,3.62978911438623,0.4634572657939344,0.07462686567164178
7,0.05,baseline,0.19,False,,0.0,0,nan,False,False,,,"{""baseline"": ""failsafe""}",,,,,,
7,0.05,bbse,0.19,False,,0.0,0,nan,False,False,,,"{""bbse"": ""failsafe""}",,failsafe,1.1687506574429067,42.90803447707626,0.4826589942132722,0.2318840579710145
7,0.1,baseline,0.19,True,0.55,0.9855072463768116,68,0.16176470588235295,True,True,0.100537,True,,baseline,,,,,
7,0.1,bbse,0.19,False,,0.0,0,nan,False,False,,,"{""bbse"": ""failsafe""}",,failsafe,1.1687506574429067,42.90803447707626,0.4826589942132722,0.2318840579710145
8,0.05,baseline,0.19,False,,0.0,0,nan,False,False,,,"{""baseline"": ""failsafe""}",,,,,,
8,0.05,bbse,0.19,False,,0.0,0,nan,False,False,,,"{""bbse"": ""failsafe""}",,failsafe,1.4516272647113202,9.361841100287277,0.5169352102549336,0.16666666666666666
8,0.1,baseline,0.19,True,0.55,0.9694444444444444,349,0.10888252148997135,False,True,0.102458,True,,baseline,,,,,
8,0.1,bbse,0.19,False,,0.0,0,nan,False,False,,,"{""bbse"": ""failsafe""}",,failsafe,1.4516272647113202,9.361841100287277,0.5169352102549336,0.16666666666666666
9,0.05,baseline,0.19,False,,0.0,0,nan,False,False,,,"{""baseline"": ""failsafe""}",,,,,,
9,0.05,bbse,0.19,False,,0.0,0,nan,False,False,,,"{""bbse"": ""failsafe""}",,failsafe,1.9581898458734939,8.16405570701974,0.5085452162609099,0.17986577181208055
9,0.1,baseline,0.19,True,0.55,0.9758389261744966,727,0.1279229711141678,True,True,0.09947,False,,baseline,,,,,
9,0.1,bbse,0.19,False,,0.0,0,nan,False,False,,,"{""bbse"": ""failsafe""}",,failsafe,1.9581898458734939,8.16405570701974,0.5085452162609099,0.17986577181208055
10,0.05,baseline,0.19,False,,0.0,0,nan,False,False,,,"{""baseline"": ""failsafe""}",,,,,,
10,0.05,bbse,0.19,False,,0.0,0,nan,False,False,,,"{""bbse"": ""failsafe""}",,failsafe,1.5665893494574548,7.720485701723704,0.5178624726599729,0.16707616707616707
10,0.1,baseline,0.19,True,0.55,0.9803439803439803,399,0.12531328320802004,True,True,0.097553,False,,baseline,,,,,
10,0.1,bbse,0.19,False,,0.0,0,nan,False,False,,,"{""bbse"": ""failsafe""}",,failsafe,1.5665893494574548,7.720485701723704,0.5178624726599729,0.16707616707616707
11,0.05,baseline,0.19,False,,0.0,0,nan,False,False,,,"{""baseline"": ""failsafe""}",,,,,,
11,0.05,bbse,0.19,False,,0.0,0,nan,False,False,,,"{""bbse"": ""failsafe""}",,failsafe,0.0535754738989008,5.915989687251814,0.4719970333677681,0.07407407407407407
11,0.1,baseline,0.19,True,0.55,0.9814814814814815,106,0.10377358490566038,False,True,0.102083,True,,baseline,,,,,
11,0.1,bbse,0.19,False,,0.0,0,nan,False,False,,,"{""bbse"": ""failsafe""}",,failsafe,0.0535754738989008,5.915989687251814,0.4719970333677681,0.07407407407407407
12,0.05,baseline,0.19,False,,0.0,0,nan,False,False,,,"{""baseline"": ""failsafe""}",,,,,,
12,0.05,bbse,0.19,False,,0.0,0,nan,False,False,,,"{""bbse"": ""failsafe""}",,failsafe,0.7172197258335893,5.315687922233463,0.5148400880833991,0.12166172106824925
12,0.1,baseline,0.19,True,0.55,0.9881305637982196,333,0.09009009009009009,False,False,0.097712,False,,baseline,,,,,
12,0.1,bbse,0.19,False,,0.0,0,nan,False,False,,,"{""bbse"": ""failsafe""}",,failsafe,0.7172197258335893,5.315687922233463,0.5148400880833991,0.12166172106824925
13,0.05,baseline,0.19,False,,0.0,0,nan,False,False,,,"{""baseline"": ""failsafe""}",,,,,,
13,0.05,bbse,0.19,False,,0.0,0,nan,False,False,,,"{""bbse"": ""failsafe""}",,failsafe,1.7073581928373467,6.46570854064168,0.5006569910619725,0.15006150061500614
13,0.1,baseline,0.19,True,0.55,0.9704797047970479,789,0.09885931558935361,False,False,0.099762,False,,baseline,,,,,
13,0.1,bbse,0.19,False,,0.0,0,nan,False,False,,,"{""bbse"": ""failsafe""}",,failsafe,1.7073581928373467,6.46570854064168,0.5006569910619725,0.15006150061500614
14,0.05,baseline,0.19,False,,0.0,0,nan,False,False,,,"{""baseline"": ""failsafe""}",,,,,,
14,0.05,bbse,0.19,False,,0.0,0,nan,False,False,,,"{""bbse"": ""failsafe""}",,failsafe,1.8311987470482205,9.713164184437458,0.5023476252431357,0.18037135278514588
14,0.1,baseline,0.19,True,0.55,0.9602122015915119,362,0.143646408839779,True,True,0.095779,False,,baseline,,,,,
14,0.1,bbse,0.19,False,,0.0,0,nan,False,False,,,"{""bbse"": ""failsafe""}",,failsafe,1.8311987470482205,9.713164184437458,0.5023476252431357,0.18037135278514588
15,0.05,baseline,0.19,False,,0.0,0,nan,False,False,,,"{""baseline"": ""failsafe""}",,,,,,
15,0.05,bbse,0.19,False,,0.0,0,nan,False,False,,,"{""bbse"": ""failsafe""}",,failsafe,1.0188147580010463,11.411105172994802,0.5149454938482364,0.16766467065868262
15,0.1,baseline,0.19,True,0.55,0.9760479041916168,163,0.1165644171779141,False,True,0.095657,False,,baseline,,,,,
15,0.1,bbse,0.19,False,,0.0,0,nan,False,False,,,"{""bbse"": ""failsafe""}",,failsafe,1.0188147580010463,11.411105172994802,0.5149454938482364,0.16766467065868262
16,0.05,baseline,0.19,False,,0.0,0,nan,False,False,,,"{""baseline"": ""failsafe""}",,,,,,
16,0.05,bbse,0.19,False,,0.0,0,nan,False,False,,,"{""bbse"": ""failsafe""}",,failsafe,3.5207190257994028,12.401768766562242,0.5057845569020081,0.2457293035479632
16,0.1,baseline,0.19,True,0.5700000000000001,0.9290407358738502,707,0.1768033946251768,True,True,0.094697,False,,baseline,,,,,
16,0.1,bbse,0.19,False,,0.0,0,nan,False,False,,,"{""bbse"": ""failsafe""}",,failsafe,3.5207190257994028,12.401768766562242,0.5057845569020081,0.2457293035479632
17,0.05,baseline,0.19,False,,0.0,0,nan,False,False,,,"{""baseline"": ""failsafe""}",,,,,,
17,0.05,bbse,0.19,False,,0.0,0,nan,False,False,,,"{""bbse"": ""failsafe""}",,failsafe,0.7189126845136328,7.712145858020326,0.514820374816698,0.12337662337662338
17,0.1,baseline,0.19,True,0.55,0.9675324675324676,149,0.12080536912751678,False,True,0.100799,True,,baseline,,,,,
17,0.1,bbse,0.19,False,,0.0,0,nan,False,False,,,"{""bbse"": ""failsafe""}",,failsafe,0.7189126845136328,7.712145858020326,0.514820374816698,0.12337662337662338
18,0.05,baseline,0.19,False,,0.0,0,nan,False,False,,,"{""baseline"": ""failsafe""}",,,,,,
18,0.05,bbse,0.19,False,,0.0,0,nan,False,False,,,"{""bbse"": ""failsafe""}",,failsafe,1.192414677384002,4.203976171641559,0.5073905205737658,0.13099415204678364
18,0.1,baseline,0.19,True,0.55,0.9789473684210527,1674,0.08542413381123058,False,False,0.092672,False,,baseline,,,,,
18,0.1,bbse,0.19,False,,0.0,0,nan,False,False,,,"{""bbse"": ""failsafe""}",,failsafe,1.192414677384002,4.203976171641559,0.5073905205737658,0.13099415204678364
19,0.05,baseline,0.19,False,,0.0,0,nan,False,False,,,"{""baseline"": ""failsafe""}",,,,,,
19,0.05,bbse,0.19,False,,0.0,0,nan,False,False,,,"{""bbse"": ""failsafe""}",,failsafe,3.391142106911678,19.51731380973505,0.4798093077164427,0.2518676627534685
19,0.1,baseline,0.19,True,0.55,0.9743863393810032,913,0.18729463307776562,True,True,0.09832,False,,baseline,,,,,
19,0.1,bbse,0.19,False,,0.0,0,nan,False,False,,,"{""bbse"": ""failsafe""}",,failsafe,3.391142106911678,19.51731380973505,0.4798093077164427,0.2518676627534685
20,0.05,baseline,0.19,False,,0.0,0,nan,False,False,,,"{""baseline"": ""failsafe""}",,,,,,
20,0.05,bbse,0.19,False,,0.0,0,nan,False,False,,,"{""bbse"": ""failsafe""}",,failsafe,1.1438270127213344,5.749910481794273,0.48802410765656223,0.12464589235127478
20,0.1,baseline,0.19,True,0.55,0.9844192634560907,695,0.0776978417266187,False,False,0.096181,False,,baseline,,,,,
20,0.1,bbse,0.19,False,,0.0,0,nan,False,False,,,"{""bbse"": ""failsafe""}",,failsafe,1.1438270127213344,5.749910481794273,0.48802410765656223,0.12464589235127478
21,0.05,baseline,0.19,False,,0.0,0,nan,False,False,,,"{""baseline"": ""failsafe""}",,,,,,
21,0.05,bbse,0.19,False,,0.0,0,nan,False,False,,,"{""bbse"": ""failsafe""}",,failsafe,0.48298741166044395,1.2966224306350462,0.48955491085681907,0.0602
21,0.1,baseline,0.19,True,0.55,0.9884,4942,0.05301497369486038,False,False,0.099021,False,,baseline,,,,,
21,0.1,bbse,0.19,True,0.89,0.8288,4144,0.017615830115830115,False,False,0.039738,False,,bbse,,0.48298741166044395,1.2966224306350462,0.48955491085681907,0.0602
22,0.05,baseline,0.19,False,,0.0,0,nan,False,False,,,"{""baseline"": ""failsafe""}",,,,,,
22,0.05,bbse,0.19,False,,0.0,0,nan,False,False,,,"{""bbse"": ""failsafe""}",,failsafe,0.2830421180272021,5.770786592600626,0.5012129304107256,0.1015625
22,0.1,baseline,0.19,True,0.55,0.984375,126,0.11904761904761904,False,True,0.098337,False,,baseline,,,,,
22,0.1,bbse,0.19,False,,0.0,0,nan,False,False,,,"{""bbse"": ""failsafe""}",,failsafe,0.2830421180272021,5.770786592600626,0.5012129304107256,0.1015625
23,0.05,baseline,0.19,False,,0.0,0,nan,False,False,,,"{""baseline"": ""failsafe""}",,,,,,
23,0.05,bbse,0.19,False,,0.0,0,nan,False,False,,,"{""bbse"": ""failsafe""}",,failsafe,0.3436301786972052,4.691261643476071,0.49270459540728645,0.10382513661202186
23,0.1,baseline,0.19,True,0.55,0.9836065573770492,180,0.08333333333333333,False,False,0.100642,True,,baseline,,,,,
23,0.1,bbse,0.19,False,,0.0,0,nan,False,False,,,"{""bbse"": ""failsafe""}",,failsafe,0.3436301786972052,4.691261643476071,0.49270459540728645,0.10382513661202186
24,0.05,baseline,0.19,False,,0.0,0,nan,False,False,,,"{""baseline"": ""failsafe""}",,,,,,
24,0.05,bbse,0.19,False,,0.0,0,nan,False,False,,,"{""bbse"": ""failsafe""}",,failsafe,1.70982608204967,5.578698400337399,0.5050976334666695,0.14285714285714285
24,0.1,baseline,0.19,True,0.55,0.9764309764309764,2030,0.1103448275862069,False,True,0.09651,False,,baseline,,,,,
24,0.1,bbse,0.19,False,,0.0,0,nan,False,False,,,"{""bbse"": ""failsafe""}",,failsafe,1.70982608204967,5.578698400337399,0.5050976334666695,0.14285714285714285
25,0.05,baseline,0.19,False,,0.0,0,nan,False,False,,,"{""baseline"": ""failsafe""}",,,,,,
25,0.05,bbse,0.19,False,,0.0,0,nan,False,False,,,"{""bbse"": ""failsafe""}",,failsafe,1.846158266215209,12.728613037094721,0.5206036243037457,0.20481927710843373
25,0.1,baseline,0.19,True,0.55,0.9799196787148594,244,0.14754098360655737,True,True,0.095544,False,,baseline,,,,,
25,0.1,bbse,0.19,False,,0.0,0,nan,False,False,,,"{""bbse"": ""failsafe""}",,failsafe,1.846158266215209,12.728613037094721,0.5206036243037457,0.20481927710843373
26,0.05,baseline,0.19,False,,0.0,0,nan,False,False,,,"{""baseline"": ""failsafe""}",,,,,,
26,0.05,bbse,0.19,False,,0.0,0,nan,False,False,,,"{""bbse"": ""failsafe""}",,failsafe,0.7233177820777462,7.809085920692233,0.48269148331484313,0.1210762331838565
26,0.1,baseline,0.19,True,0.55,0.9775784753363229,218,0.11009174311926606,False,True,0.093659,False,,baseline,,,,,
26,0.1,bbse,0.19,False,,0.0,0,nan,False,False,,,"{""bbse"": ""failsafe""}",,failsafe,0.7233177820777462,7.809085920692233,0.48269148331484313,0.1210762331838565
27,0.05,baseline,0.19,False,,0.0,0,nan,False,False,,,"{""baseline"": ""failsafe""}",,,,,,
27,0.05,bbse,0.19,False,,0.0,0,nan,False,False,,,"{""bbse"": ""failsafe""}",,failsafe,0.7100772250298399,3.174243136307901,0.5059828580998794,0.09411764705882353
27,0.1,baseline,0.19,True,0.55,0.9819004524886877,1085,0.07373271889400922,False,False,0.093761,False,,baseline,,,,,
27,0.1,bbse,0.19,False,,0.0,0,nan,False,False,,,"{""bbse"": ""failsafe""}",,failsafe,0.7100772250298399,3.174243136307901,0.5059828580998794,0.09411764705882353
28,0.05,baseline,0.19,False,,0.0,0,nan,False,False,,,"{""baseline"": ""failsafe""}",,,,,,
28,0.05,bbse,0.19,False,,0.0,0,nan,False,False,,,"{""bbse"": ""failsafe""}",,failsafe,0.5765237503461806,5.176760557278828,0.5157705019204857,0.10714285714285714
28,0.1,baseline,0.19,True,0.5700000000000001,0.9785714285714285,274,0.058394160583941604,False,False,0.097657,False,,baseline,,,,,
28,0.1,bbse,0.19,False,,0.0,0,nan,False,False,,,"{""bbse"": ""failsafe""}",,failsafe,0.5765237503461806,5.176760557278828,0.5157705019204857,0.10714285714285714
29,0.05,baseline,0.19,False,,0.0,0,nan,False,False,,,"{""baseline"": ""failsafe""}",,,,,,
29,0.05,bbse,0.19,False,,0.0,0,nan,False,False,,,"{""bbse"": ""failsafe""}",,failsafe,0.57987211119477,4.671995796657867,0.5077089128594112,0.12195121951219512
29,0.1,baseline,0.19,True,0.55,0.9634146341463414,237,0.06751054852320675,False,False,0.094951,False,,baseline,,,,,
29,0.1,bbse,0.19,False,,0.0,0,nan,False,False,,,"{""bbse"": ""failsafe""}",,failsafe,0.57987211119477,4.671995796657867,0.5077089128594112,0.12195121951219512
30,0.05,baseline,0.19,False,,0.0,0,nan,False,False,,,"{""baseline"": ""failsafe""}",,,,,,
30,0.05,bbse,0.19,False,,0.0,0,nan,False,False,,,"{""bbse"": ""failsafe""}",,failsafe,0.78169068042801,2.741389206771466,0.5226308999825524,0.09913793103448276
30,0.1,baseline,0.19,True,0.55,0.9795258620689655,1818,0.07205720572057206,False,False,0.094422,False,,baseline,,,,,
30,0.1,bbse,0.19,False,,0.0,0,nan,False,False,,,"{""bbse"": ""failsafe""}",,failsafe,0.78169068042801,2.741389206771466,0.5226308999825524,0.09913793103448276
31,0.05,baseline,0.19,False,,0.0,0,nan,False,False,,,"{""baseline"": ""failsafe""}",,,,,,
31,0.05,bbse,0.19,False,,0.0,0,nan,False,False,,,"{""bbse"": ""failsafe""}",,failsafe,0.9039265301260822,70.33394775050819,0.5001865938757318,0.23404255319148937
31,0.1,baseline,0.19,True,0.55,1.0,47,0.06382978723404255,False,False,0.094915,False,,baseline,,,,,
31,0.1,bbse,0.19,False,,0.0,0,nan,False,False,,,"{""bbse"": ""failsafe""}",,failsafe,0.9039265301260822,70.33394775050819,0.5001865938757318,0.23404255319148937
32,0.05,baseline,0.19,False,,0.0,0,nan,False,False,,,"{""baseline"": ""failsafe""}",,,,,,
32,0.05,bbse,0.19,False,,0.0,0,nan,False,False,,,"{""bbse"": ""failsafe""}",,failsafe,0.1024774382421047,1.7656519848051078,0.4973948888647334,0.051188299817184646
32,0.1,baseline,0.19,True,0.55,0.9853747714808044,539,0.0575139146567718,False,False,0.094651,False,,baseline,,,,,
32,0.1,bbse,0.19,False,,0.0,0,nan,False,False,,,"{""bbse"": ""failsafe""}",,failsafe,0.1024774382421047,1.7656519848051078,0.4973948888647334,0.051188299817184646
33,0.05,baseline,0.19,False,,0.0,0,nan,False,False,,,"{""baseline"": ""failsafe""}",,,,,,
33,0.05,bbse,0.19,False,,0.0,0,nan,False,False,,,"{""bbse"": ""failsafe""}",,failsafe,1.9885621577544508,10.525755462877987,0.47989146364848023,0.17823639774859287
33,0.1,baseline,0.19,True,0.55,0.9662288930581614,515,0.2,True,True,0.097865,False,,baseline,,,,,
33,0.1,bbse,0.19,False,,0.0,0,nan,False,False,,,"{""bbse"": ""failsafe""}",,failsafe,1.9885621577544508,10.525755462877987,0.47989146364848023,0.17823639774859287
34,0.05,baseline,0.19,False,,0.0,0,nan,False,False,,,"{""baseline"": ""failsafe""}",,,,,,
34,0.05,bbse,0.19,False,,0.0,0,nan,False,False,,,"{""bbse"": ""failsafe""}",,failsafe,1.0110529638044505,21.867721266497394,0.5181609764173998,0.20253164556962025
34,0.1,baseline,0.19,True,0.55,0.9620253164556962,76,0.15789473684210525,True,True,0.095331,False,,baseline,,,,,
34,0.1,bbse,0.19,False,,0.0,0,nan,False,False,,,"{""bbse"": ""failsafe""}",,failsafe,1.0110529638044505,21.867721266497394,0.5181609764173998,0.20253164556962025
35,0.05,baseline,0.19,False,,0.0,0,nan,False,False,,,"{""baseline"": ""failsafe""}",,,,,,
35,0.05,bbse,0.19,False,,0.0,0,nan,False,False,,,"{""bbse"": ""failsafe""}",,failsafe,4.069559256559786,15.834604318240723,0.48228729577051116,0.2841981132075472
35,0.1,baseline,0.19,True,0.55,0.9658018867924528,819,0.2222222222222222,True,True,0.095144,False,,baseline,,,,,
35,0.1,bbse,0.19,False,,0.0,0,nan,False,False,,,"{""bbse"": ""failsafe""}",,failsafe,4.069559256559786,15.834604318240723,0.48228729577051116,0.2841981132075472
36,0.05,baseline,0.19,False,,0.0,0,nan,False,False,,,"{""baseline"": ""failsafe""}",,,,,,
36,0.05,bbse,0.19,False,,0.0,0,nan,False,False,,,"{""bbse"": ""failsafe""}",,failsafe,0.5789195965001858,2.8315442473965873,0.5163800818773504,0.09270704573547589
36,0.1,baseline,0.19,True,0.55,0.9839307787391842,796,0.06030150753768844,False,False,0.094334,False,,baseline,,,,,
36,0.1,bbse,0.19,False,,0.0,0,nan,False,False,,,"{""bbse"": ""failsafe""}",,failsafe,0.5789195965001858,2.8315442473965873,0.5163800818773504,0.09270704573547589
37,0.05,baseline,0.19,False,,0.0,0,nan,False,False,,,"{""baseline"": ""failsafe""}",,,,,,
37,0.05,bbse,0.19,False,,0.0,0,nan,False,False,,,"{""bbse"": ""failsafe""}",,failsafe,1.12017638210983,9.798842560564236,0.49578435496047635,0.15458937198067632
37,0.1,baseline,0.19,True,0.55,0.9758454106280193,202,0.11386138613861387,False,True,0.10057,True,,baseline,,,,,
37,0.1,bbse,0.19,False,,0.0,0,nan,False,False,,,"{""bbse"": ""failsafe""}",,failsafe,1.12017638210983,9.798842560564236,0.49578435496047635,0.15458937198067632
38,0.05,baseline,0.19,False,,0.0,0,nan,False,False,,,"{""baseline"": ""failsafe""}",,,,,,
38,0.05,bbse,0.19,False,,0.0,0,nan,False,False,,,"{""bbse"": ""failsafe""}",,failsafe,0.6375018313084463,4.916730527438421,0.5014013346680283,0.10730593607305935
38,0.1,baseline,0.19,True,0.55,0.9748858447488584,427,0.07259953161592506,False,False,0.100082,True,,baseline,,,,,
38,0.1,bbse,0.19,False,,0.0,0,nan,False,False,,,"{""bbse"": ""failsafe""}",,failsafe,0.6375018313084463,4.916730527438421,0.5014013346680283,0.10730593607305935
39,0.05,baseline,0.19,False,,0.0,0,nan,False,False,,,"{""baseline"": ""failsafe""}",,,,,,
39,0.05,bbse,0.19,False,,0.0,0,nan,False,False,,,"{""bbse"": ""failsafe""}",,failsafe,0.844191874245188,6.096574020283547,0.47549801662904506,0.12302839116719243
39,0.1,baseline,0.19,True,0.55,0.9779179810725552,310,0.11612903225806452,False,True,0.098284,False,,baseline,,,,,
39,0.1,bbse,0.19,False,,0.0,0,nan,False,False,,,"{""bbse"": ""failsafe""}",,failsafe,0.844191874245188,6.096574020283547,0.47549801662904506,0.12302839116719243
40,0.05,baseline,0.19,False,,0.0,0,nan,False,False,,,"{""baseline"": ""failsafe""}",,,,,,
40,0.05,bbse,0.19,False,,0.0,0,nan,False,False,,,"{""bbse"": ""failsafe""}",,failsafe,0.1485133007933562,2.2901920453193254,0.5238760314166152,0.07364341085271318
40,0.1,baseline,0.19,True,0.55,0.9689922480620154,250,0.044,False,False,0.091222,False,,baseline,,,,,
40,0.1,bbse,0.19,False,,0.0,0,nan,False,False,,,"{""bbse"": ""failsafe""}",,failsafe,0.1485133007933562,2.2901920453193254,0.5238760314166152,0.07364341085271318
41,0.05,baseline,0.19,False,,0.0,0,nan,False,False,,,"{""baseline"": ""failsafe""}",,,,,,
41,0.05,bbse,0.19,False,,0.0,0,nan,False,False,,,"{""bbse"": ""failsafe""}",,failsafe,1.7356721701077091,5.648040844041983,0.5034635345642092,0.14691270404542228
41,0.1,baseline,0.19,True,0.55,0.9751596877217885,1374,0.11499272197962154,True,True,0.098747,False,,baseline,,,,,
41,0.1,bbse,0.19,False,,0.0,0,nan,False,False,,,"{""bbse"": ""failsafe""}",,failsafe,1.7356721701077091,5.648040844041983,0.5034635345642092,0.14691270404542228
42,0.05,baseline,0.19,False,,0.0,0,nan,False,False,,,"{""baseline"": ""failsafe""}",,,,,,
42,0.05,bbse,0.19,False,,0.0,0,nan,False,False,,,"{""bbse"": ""failsafe""}",,failsafe,1.0738900732373042,5.89555717581059,0.50213171192081,0.13523809523809524
42,0.1,baseline,0.19,True,0.55,0.9752380952380952,512,0.115234375,False,True,0.092147,False,,baseline,,,,,
42,0.1,bbse,0.19,False,,0.0,0,nan,False,False,,,"{""bbse"": ""failsafe""}",,failsafe,1.0738900732373042,5.89555717581059,0.50213171192081,0.13523809523809524
43,0.05,baseline,0.19,False,,0.0,0,nan,False,False,,,"{""baseline"": ""failsafe""}",,,,,,
43,0.05,bbse,0.19,False,,0.0,0,nan,False,False,,,"{""bbse"": ""failsafe""}",,failsafe,0.49605293484556195,1.7864540854469555,0.5186270023267013,0.08759469696969698
43,0.1,baseline,0.19,True,0.55,0.9824810606060606,2075,0.06939759036144579,False,False,0.094202,False,,baseline,,,,,
43,0.1,bbse,0.19,False,,0.0,0,nan,False,False,,,"{""bbse"": ""failsafe""}",,failsafe,0.49605293484556195,1.7864540854469555,0.5186270023267013,0.08759469696969698
44,0.05,baseline,0.19,False,,0.0,0,nan,False,False,,,"{""baseline"": ""failsafe""}",,,,,,
44,0.05,bbse,0.19,False,,0.0,0,nan,False,False,,,"{""bbse"": ""failsafe""}",,failsafe,0.1907020245964877,1.4783684912760093,0.48705208909539377,0.045586107091172216
44,0.1,baseline,0.19,True,0.55,0.9848046309696092,1361,0.03967670830271859,False,False,0.103743,True,,baseline,,,,,
44,0.1,bbse,0.19,False,,0.0,0,nan,False,False,,,"{""bbse"": ""failsafe""}",,failsafe,0.1907020245964877,1.4783684912760093,0.48705208909539377,0.045586107091172216
45,0.05,baseline,0.19,False,,0.0,0,nan,False,False,,,"{""baseline"": ""failsafe""}",,,,,,
45,0.05,bbse,0.19,False,,0.0,0,nan,False,False,,,"{""bbse"": ""failsafe""}",,failsafe,0.7051678788165737,5.02872736687914,0.49995080293773864,0.10537190082644628
45,0.1,baseline,0.19,True,0.55,0.9731404958677686,471,0.08280254777070063,False,False,0.098461,False,,baseline,,,,,
45,0.1,bbse,0.19,False,,0.0,0,nan,False,False,,,"{""bbse"": ""failsafe""}",,failsafe,0.7051678788165737,5.02872736687914,0.49995080293773864,0.10537190082644628
46,0.05,baseline,0.19,False,,0.0,0,nan,False,False,,,"{""baseline"": ""failsafe""}",,,,,,
46,0.05,bbse,0.19,False,,0.0,0,nan,False,False,,,"{""bbse"": ""failsafe""}",,failsafe,0.7001937025322592,8.095885675871642,0.4999362069190125,0.14814814814814814
46,0.1,baseline,0.19,True,0.5700000000000001,0.9691358024691358,157,0.1464968152866242,True,True,0.09087,False,,baseline,,,,,
46,0.1,bbse,0.19,False,,0.0,0,nan,False,False,,,"{""bbse"": ""failsafe""}",,failsafe,0.7001937025322592,8.095885675871642,0.4999362069190125,0.14814814814814814
47,0.05,baseline,0.19,False,,0.0,0,nan,False,False,,,"{""baseline"": ""failsafe""}",,,,,,
47,0.05,bbse,0.19,False,,0.0,0,nan,False,False,,,"{""bbse"": ""failsafe""}",,failsafe,0.2865445052154582,3.6356769980445143,0.5335370417674883,0.09
47,0.1,baseline,0.19,True,0.5700000000000001,0.9866666666666667,296,0.057432432432432436,False,False,0.08942,False,,baseline,,,,,
47,0.1,bbse,0.19,False,,0.0,0,nan,False,False,,,"{""bbse"": ""failsafe""}",,failsafe,0.2865445052154582,3.6356769980445143,0.5335370417674883,0.09
48,0.05,baseline,0.19,False,,0.0,0,nan,False,False,,,"{""baseline"": ""failsafe""}",,,,,,
48,0.05,bbse,0.19,False,,0.0,0,nan,False,False,,,"{""bbse"": ""failsafe""}",,failsafe,0.5323601409214243,5.677470741719306,0.4856188916505939,0.10377358490566038
48,0.1,baseline,0.19,True,0.55,0.9811320754716981,208,0.07692307692307693,False,False,0.097761,False,,baseline,,,,,
48,0.1,bbse,0.19,False,,0.0,0,nan,False,False,,,"{""bbse"": ""failsafe""}",,failsafe,0.5323601409214243,5.677470741719306,0.4856188916505939,0.10377358490566038
49,0.05,baseline,0.19,False,,0.0,0,nan,False,False,,,"{""baseline"": ""failsafe""}",,,,,,
49,0.05,bbse,0.19,False,,0.0,0,nan,False,False,,,"{""bbse"": ""failsafe""}",,failsafe,0.9082708870604248,5.650771466224611,0.5455188833795628,0.14516129032258066
49,0.1,baseline,0.19,True,0.55,0.9858870967741935,489,0.08997955010224949,False,False,0.096901,False,,baseline,,,,,
49,0.1,bbse,0.19,False,,0.0,0,nan,False,False,,,"{""bbse"": ""failsafe""}",,failsafe,0.9082708870604248,5.650771466224611,0.5455188833795628,0.14516129032258066
50,0.05,baseline,0.19,False,,0.0,0,nan,False,False,,,"{""baseline"": ""failsafe""}",,,,,,
50,0.05,bbse,0.19,False,,0.0,0,nan,False,False,,,"{""bbse"": ""failsafe""}",,failsafe,1.6712832366265642,4.949888812480547,0.4935144217584552,0.1554
50,0.1,baseline,0.19,True,0.55,0.976,4880,0.11741803278688524,True,True,0.099715,False,,baseline,,,,,
50,0.1,bbse,0.19,False,,0.0,0,nan,False,False,,,"{""bbse"": ""failsafe""}",,failsafe,1.6712832366265642,4.949888812480547,0.4935144217584552,0.1554
51,0.05,baseline,0.19,False,,0.0,0,nan,False,False,,,"{""baseline"": ""failsafe""}",,,,,,
51,0.05,bbse,0.19,False,,0.0,0,nan,False,False,,,"{""bbse"": ""failsafe""}",,failsafe,0.5257451780280418,2.8835126047595154,0.491829506622237,0.07265774378585087
51,0.1,baseline,0.19,True,0.5900000000000001,0.9732313575525813,1018,0.0412573673870334,False,False,0.091801,False,,baseline,,,,,
51,0.1,bbse,0.19,False,,0.0,0,nan,False,False,,,"{""bbse"": ""failsafe""}",,failsafe,0.5257451780280418,2.8835126047595154,0.491829506622237,0.07265774378585087
52,0.05,baseline,0.19,False,,0.0,0,nan,False,False,,,"{""baseline"": ""failsafe""}",,,,,,
52,0.05,bbse,0.19,False,,0.0,0,nan,False,False,,,"{""bbse"": ""failsafe""}",,failsafe,1.5051446549911471,5.588494724748573,0.5139276871255535,0.15447154471544716
52,0.1,baseline,0.19,True,0.55,0.983739837398374,968,0.10537190082644628,False,True,0.098647,False,,baseline,,,,,
52,0.1,bbse,0.19,False,,0.0,0,nan,False,False,,,"{""bbse"": ""failsafe""}",,failsafe,1.5051446549911471,5.588494724748573,0.5139276871255535,0.15447154471544716
53,0.05,baseline,0.19,False,,0.0,0,nan,False,False,,,"{""baseline"": ""failsafe""}",,,,,,
53,0.05,bbse,0.19,False,,0.0,0,nan,False,False,,,"{""bbse"": ""failsafe""}",,failsafe,0.5342692255007099,4.581843010066808,0.5203514733680246,0.11552346570397112
53,0.1,baseline,0.19,True,0.55,0.9891696750902527,274,0.06934306569343066,False,False,0.097303,False,,baseline,,,,,
53,0.1,bbse,0.19,False,,0.0,0,nan,False,False,,,"{""bbse"": ""failsafe""}",,failsafe,0.5342692255007099,4.581843010066808,0.5203514733680246,0.11552346570397112
54,0.05,baseline,0.19,False,,0.0,0,nan,False,False,,,"{""baseline"": ""failsafe""}",,,,,,
54,0.05,bbse,0.19,False,,0.0,0,nan,False,False,,,"{""bbse"": ""failsafe""}",,failsafe,1.022843585610042,5.426713864770796,0.49417724451224926,0.13454545454545455
54,0.1,baseline,0.19,True,0.55,0.98,539,0.09461966604823747,False,False,0.09632,False,,baseline,,,,,
54,0.1,bbse,0.19,False,,0.0,0,nan,False,False,,,"{""bbse"": ""failsafe""}",,failsafe,1.022843585610042,5.426713864770796,0.49417724451224926,0.13454545454545455
55,0.05,baseline,0.19,False,,0.0,0,nan,False,False,,,"{""baseline"": ""failsafe""}",,,,,,
55,0.05,bbse,0.19,False,,0.0,0,nan,False,False,,,"{""bbse"": ""failsafe""}",,failsafe,3.960596571098193,10.193084758398458,0.48211522486045083,0.2264
55,0.1,baseline,0.19,True,0.55,0.9632,4816,0.20203488372093023,True,True,0.099116,False,,baseline,,,,,
55,0.1,bbse,0.19,False,,0.0,0,nan,False,False,,,"{""bbse"": ""failsafe""}",,failsafe,3.960596571098193,10.193084758398458,0.48211522486045083,0.2264
56,0.05,baseline,0.19,False,,0.0,0,nan,False,False,,,"{""baseline"": ""failsafe""}",,,,,,
56,0.05,bbse,0.19,False,,0.0,0,nan,False,False,,,"{""bbse"": ""failsafe""}",,failsafe,0.9952523096116328,4.307470875975279,0.5088216020496912,0.12454212454212454
56,0.1,baseline,0.19,True,0.5900000000000001,0.9652014652014652,527,0.07590132827324478,False,False,0.08881,False,,baseline,,,,,
56,0.1,bbse,0.19,False,,0.0,0,nan,False,False,,,"{""bbse"": ""failsafe""}",,failsafe,0.9952523096116328,4.307470875975279,0.5088216020496912,0.12454212454212454
57,0.05,baseline,0.19,False,,0.0,0,nan,False,False,,,"{""baseline"": ""failsafe""}",,,,,,
57,0.05,bbse,0.19,False,,0.0,0,nan,False,False,,,"{""bbse"": ""failsafe""}",,failsafe,0.4656739379866372,4.76616607262527,0.48901139063877025,0.10104529616724739
57,0.1,baseline,0.19,True,0.5700000000000001,0.9616724738675958,276,0.08695652173913043,False,False,0.096468,False,,baseline,,,,,
57,0.1,bbse,0.19,False,,0.0,0,nan,False,False,,,"{""bbse"": ""failsafe""}",,failsafe,0.4656739379866372,4.76616607262527,0.48901139063877025,0.10104529616724739
58,0.05,baseline,0.19,False,,0.0,0,nan,False,False,,,"{""baseline"": ""failsafe""}",,,,,,
58,0.05,bbse,0.19,False,,0.0,0,nan,False,False,,,"{""bbse"": ""failsafe""}",,failsafe,0.1660260456521884,3.763290187096081,0.4894333856386077,0.08376963350785341
58,0.1,baseline,0.19,True,0.55,0.9790575916230366,187,0.058823529411764705,False,False,0.098664,False,,baseline,,,,,
58,0.1,bbse,0.19,False,,0.0,0,nan,False,False,,,"{""bbse"": ""failsafe""}",,failsafe,0.1660260456521884,3.763290187096081,0.4894333856386077,0.08376963350785341
59,0.05,baseline,0.19,False,,0.0,0,nan,False,False,,,"{""baseline"": ""failsafe""}",,,,,,
59,0.05,bbse,0.19,False,,0.0,0,nan,False,False,,,"{""bbse"": ""failsafe""}",,failsafe,0.9855464066408547,3.326062653814602,0.4697062873288302,0.10711188204683435
59,0.1,baseline,0.19,True,0.5900000000000001,0.9575021682567216,2208,0.08333333333333333,False,False,0.096826,False,,baseline,,,,,
59,0.1,bbse,0.19,False,,0.0,0,nan,False,False,,,"{""bbse"": ""failsafe""}",,failsafe,0.9855464066408547,3.326062653814602,0.4697062873288302,0.10711188204683435
60,0.05,baseline,0.19,False,,0.0,0,nan,False,False,,,"{""baseline"": ""failsafe""}",,,,,,
60,0.05,bbse,0.19,False,,0.0,0,nan,False,False,,,"{""bbse"": ""failsafe""}",,failsafe,0.4733738444997049,5.346009636323766,0.5039346332391829,0.11016949152542373
60,0.1,baseline,0.19,True,0.5700000000000001,0.9745762711864406,230,0.09565217391304348,False,False,0.097367,False,,baseline,,,,,
60,0.1,bbse,0.19,False,,0.0,0,nan,False,False,,,"{""bbse"": ""failsafe""}",,failsafe,0.4733738444997049,5.346009636323766,0.5039346332391829,0.11016949152542373
61,0.05,baseline,0.19,False,,0.0,0,nan,False,False,,,"{""baseline"": ""failsafe""}",,,,,,
61,0.05,bbse,0.19,False,,0.0,0,nan,False,False,,,"{""bbse"": ""failsafe""}",,failsafe,0.4828565272128736,3.596157914471423,0.4909870574794393,0.08278867102396514
61,0.1,baseline,0.19,True,0.55,0.9825708061002179,451,0.07982261640798226,False,False,0.101671,True,,baseline,,,,,
61,0.1,bbse,0.19,False,,0.0,0,nan,False,False,,,"{""bbse"": ""failsafe""}",,failsafe,0.4828565272128736,3.596157914471423,0.4909870574794393,0.08278867102396514
62,0.05,baseline,0.19,False,,0.0,0,nan,False,False,,,"{""baseline"": ""failsafe""}",,,,,,
62,0.05,bbse,0.19,False,,0.0,0,nan,False,False,,,"{""bbse"": ""failsafe""}",,failsafe,1.3040293235669345,4.315344750761047,0.49372360870638354,0.11779704232534421
62,0.1,baseline,0.19,True,0.5700000000000001,0.9678735339112697,1898,0.08798735511064278,False,False,0.090063,False,,baseline,,,,,
62,0.1,bbse,0.19,False,,0.0,0,nan,False,False,,,"{""bbse"": ""failsafe""}",,failsafe,1.3040293235669345,4.315344750761047,0.49372360870638354,0.11779704232534421
63,0.05,baseline,0.19,False,,0.0,0,nan,False,False,,,"{""baseline"": ""failsafe""}",,,,,,
63,0.05,bbse,0.19,False,,0.0,0,nan,False,False,,,"{""bbse"": ""failsafe""}",,failsafe,0.665410068442784,4.850741623479817,0.5092174343123037,0.1118421052631579
63,0.1,baseline,0.19,True,0.55,0.9802631578947368,447,0.07829977628635347,False,False,0.099005,False,,baseline,,,,,
63,0.1,bbse,0.19,False,,0.0,0,nan,False,False,,,"{""bbse"": ""failsafe""}",,failsafe,0.665410068442784,4.850741623479817,0.5092174343123037,0.1118421052631579
64,0.05,baseline,0.19,False,,0.0,0,nan,False,False,,,"{""baseline"": ""failsafe""}",,,,,,
64,0.05,bbse,0.19,False,,0.0,0,nan,False,False,,,"{""bbse"": ""failsafe""}",,failsafe,1.490186613777629,5.850295954456887,0.49474189627430365,0.12544547398431932
64,0.1,baseline,0.19,True,0.55,0.9757662152530292,1369,0.11614317019722425,True,True,0.10341,True,,baseline,,,,,
64,0.1,bbse,0.19,False,,0.0,0,nan,False,False,,,"{""bbse"": ""failsafe""}",,failsafe,1.490186613777629,5.850295954456887,0.49474189627430365,0.12544547398431932
65,0.05,baseline,0.19,False,,0.0,0,nan,False,False,,,"{""baseline"": ""failsafe""}",,,,,,
65,0.05,bbse,0.19,False,,0.0,0,nan,False,False,,,"{""bbse"": ""failsafe""}",,failsafe,1.219710084520589,4.524513957649947,0.5300650263001397,0.14326647564469913
65,0.1,baseline,0.19,True,0.55,0.9770773638968482,682,0.08944281524926687,False,False,0.093987,False,,baseline,,,,,
65,0.1,bbse,0.19,False,,0.0,0,nan,False,False,,,"{""bbse"": ""failsafe""}",,failsafe,1.219710084520589,4.524513957649947,0.5300650263001397,0.14326647564469913
66,0.05,baseline,0.19,False,,0.0,0,nan,False,False,,,"{""baseline"": ""failsafe""}",,,,,,
66,0.05,bbse,0.19,False,,0.0,0,nan,False,False,,,"{""bbse"": ""failsafe""}",,failsafe,0.8887613348754748,3.0492195587118442,0.49560134738771594,0.11159305993690852
66,0.1,baseline,0.19,True,0.55,0.9818611987381703,2490,0.09076305220883533,False,False,0.096669,False,,baseline,,,,,
66,0.1,bbse,0.19,False,,0.0,0,nan,False,False,,,"{""bbse"": ""failsafe""}",,failsafe,0.8887613348754748,3.0492195587118442,0.49560134738771594,0.11159305993690852
67,0.05,baseline,0.19,False,,0.0,0,nan,False,False,,,"{""baseline"": ""failsafe""}",,,,,,
67,0.05,bbse,0.19,False,,0.0,0,nan,False,False,,,"{""bbse"": ""failsafe""}",,failsafe,0.3529942074337314,6.586206588113174,0.5443743949833774,0.12307692307692308
67,0.1,baseline,0.19,True,0.55,0.9923076923076923,129,0.10852713178294573,False,True,0.093386,False,,baseline,,,,,
67,0.1,bbse,0.19,False,,0.0,0,nan,False,False,,,"{""bbse"": ""failsafe""}",,failsafe,0.3529942074337314,6.586206588113174,0.5443743949833774,0.12307692307692308
68,0.05,baseline,0.19,False,,0.0,0,nan,False,False,,,"{""baseline"": ""failsafe""}",,,,,,
68,0.05,bbse,0.19,False,,0.0,0,nan,False,False,,,"{""bbse"": ""failsafe""}",,failsafe,0.9813680592988707,3.7210285064030586,0.48092796992490605,0.12044006948465547
68,0.1,baseline,0.19,True,0.55,0.9855240301100173,1702,0.10105757931844889,False,True,0.10516,True,,baseline,,,,,
68,0.1,bbse,0.19,False,,0.0,0,nan,False,False,,,"{""bbse"": ""failsafe""}",,failsafe,0.9813680592988707,3.7210285064030586,0.48092796992490605,0.12044006948465547
69,0.05,baseline,0.19,False,,0.0,0,nan,False,False,,,"{""baseline"": ""failsafe""}",,,,,,
69,0.05,bbse,0.19,False,,0.0,0,nan,False,False,,,"{""bbse"": ""failsafe""}",,failsafe,2.168291449543861,11.48282874863686,0.5264885084387725,0.24798711755233493
69,0.1,baseline,0.19,True,0.55,0.9774557165861514,607,0.15650741350906094,True,True,0.095156,False,,baseline,,,,,
69,0.1,bbse,0.19,False,,0.0,0,nan,False,False,,,"{""bbse"": ""failsafe""}",,failsafe,2.168291449543861,11.48282874863686,0.5264885084387725,0.24798711755233493
70,0.05,baseline,0.19,False,,0.0,0,nan,False,False,,,"{""baseline"": ""failsafe""}",,,,,,
70,0.05,bbse,0.19,False,,0.0,0,nan,False,False,,,"{""bbse"": ""failsafe""}",,failsafe,0.7719663827030069,7.086761789771663,0.4923739757958595,0.13395638629283488
70,0.1,baseline,0.19,True,0.55,0.9781931464174455,314,0.1178343949044586,False,True,0.098617,False,,baseline,,,,,
70,0.1,bbse,0.19,False,,0.0,0,nan,False,False,,,"{""bbse"": ""failsafe""}",,failsafe,0.7719663827030069,7.086761789771663,0.4923739757958595,0.13395638629283488
71,0.05,baseline,0.19,False,,0.0,0,nan,False,False,,,"{""baseline"": ""failsafe""}",,,,,,
71,0.05,bbse,0.19,False,,0.0,0,nan,False,False,,,"{""bbse"": ""failsafe""}",,failsafe,0.3567498351745047,2.617538154123651,0.514348321686494,0.07524752475247524
71,0.1,baseline,0.19,True,0.55,0.9801980198019802,495,0.08282828282828283,False,False,0.092019,False,,baseline,,,,,
71,0.1,bbse,0.19,False,,0.0,0,nan,False,False,,,"{""bbse"": ""failsafe""}",,failsafe,0.3567498351745047,2.617538154123651,0.514348321686494,0.07524752475247524
72,0.05,baseline,0.19,False,,0.0,0,nan,False,False,,,"{""baseline"": ""failsafe""}",,,,,,
72,0.05,bbse,0.19,False,,0.0,0,nan,False,False,,,"{""bbse"": ""failsafe""}",,failsafe,0.6551467026137283,3.1611566110474842,0.49913251968146893,0.09552495697074011
72,0.1,baseline,0.19,True,0.55,0.9827882960413081,1142,0.07005253940455342,False,False,0.098391,False,,baseline,,,,,
72,0.1,bbse,0.19,False,,0.0,0,nan,False,False,,,"{""bbse"": ""failsafe""}",,failsafe,0.6551467026137283,3.1611566110474842,0.49913251968146893,0.09552495697074011
73,0.05,baseline,0.19,False,,0.0,0,nan,False,False,,,"{""baseline"": ""failsafe""}",,,,,,
73,0.05,bbse,0.19,False,,0.0,0,nan,False,False,,,"{""bbse"": ""failsafe""}",,failsafe,0.26410436582156765,5.098018904494993,0.48655951645271894,0.09210526315789473
73,0.1,baseline,0.19,True,0.55,0.9912280701754386,226,0.07079646017699115,False,False,0.102007,True,,baseline,,,,,
73,0.1,bbse,0.19,False,,0.0,0,nan,False,False,,,"{""bbse"": ""failsafe""}",,failsafe,0.26410436582156765,5.098018904494993,0.48655951645271894,0.09210526315789473
74,0.05,baseline,0.19,False,,0.0,0,nan,False,False,,,"{""baseline"": ""failsafe""}",,,,,,
74,0.05,bbse,0.19,False,,0.0,0,nan,False,False,,,"{""bbse"": ""failsafe""}",,failsafe,0.5518803967649931,4.717215338834719,0.5372793697167335,0.10869565217391304
74,0.1,baseline,0.19,True,0.55,0.9720496894409938,313,0.03514376996805112,False,False,0.094372,False,,baseline,,,,,
74,0.1,bbse,0.19,False,,0.0,0,nan,False,False,,,"{""bbse"": ""failsafe""}",,failsafe,0.5518803967649931,4.717215338834719,0.5372793697167335,0.10869565217391304
75,0.05,baseline,0.19,False,,0.0,0,nan,False,False,,,"{""baseline"": ""failsafe""}",,,,,,
75,0.05,bbse,0.19,False,,0.0,0,nan,False,False,,,"{""bbse"": ""failsafe""}",,failsafe,0.8208770269296755,4.021871220349006,0.48556030301038217,0.09375
75,0.1,baseline,0.19,True,0.55,0.9782608695652174,720,0.09305555555555556,False,False,0.095032,False,,baseline,,,,,
75,0.1,bbse,0.19,False,,0.0,0,nan,False,False,,,"{""bbse"": ""failsafe""}",,failsafe,0.8208770269296755,4.021871220349006,0.48556030301038217,0.09375
76,0.05,baseline,0.19,False,,0.0,0,nan,False,False,,,"{""baseline"": ""failsafe""}",,,,,,
76,0.05,bbse,0.19,False,,0.0,0,nan,False,False,,,"{""bbse"": ""failsafe""}",,failsafe,1.1648617890770447,16.270797162294475,0.5148599368885941,0.21428571428571427
76,0.1,baseline,0.19,True,0.55,0.9910714285714286,111,0.0990990990990991,False,False,0.095546,False,,baseline,,,,,
76,0.1,bbse,0.19,False,,0.0,0,nan,False,False,,,"{""bbse"": ""failsafe""}",,failsafe,1.1648617890770447,16.270797162294475,0.5148599368885941,0.21428571428571427
77,0.05,baseline,0.19,False,,0.0,0,nan,False,False,,,"{""baseline"": ""failsafe""}",,,,,,
77,0.05,bbse,0.19,False,,0.0,0,nan,False,False,,,"{""bbse"": ""failsafe""}",,failsafe,1.459830171150882,11.574150098433805,0.4991649744538136,0.1674641148325359
77,0.1,baseline,0.19,True,0.55,0.9808612440191388,205,0.14634146341463414,True,True,0.093873,False,,baseline,,,,,
77,0.1,bbse,0.19,False,,0.0,0,nan,False,False,,,"{""bbse"": ""failsafe""}",,failsafe,1.459830171150882,11.574150098433805,0.4991649744538136,0.1674641148325359
78,0.05,baseline,0.19,False,,0.0,0,nan,False,False,,,"{""baseline"": ""failsafe""}",,,,,,
78,0.05,bbse,0.19,False,,0.0,0,nan,False,False,,,"{""bbse"": ""failsafe""}",,failsafe,0.043197688225282437,5.518450300356838,0.49539809437896193,0.0784313725490196
78,0.1,baseline,0.19,True,0.55,0.9901960784313726,101,0.0297029702970297,False,False,0.095155,False,,baseline,,,,,
78,0.1,bbse,0.19,False,,0.0,0,nan,False,False,,,"{""bbse"": ""failsafe""}",,failsafe,0.043197688225282437,5.518450300356838,0.49539809437896193,0.0784313725490196
79,0.05,baseline,0.19,False,,0.0,0,nan,False,False,,,"{""baseline"": ""failsafe""}",,,,,,
79,0.05,bbse,0.19,False,,0.0,0,nan,False,False,,,"{""bbse"": ""failsafe""}",,failsafe,2.5740101092970886,18.714805268244206,0.5051644249706703,0.24867724867724866
79,0.1,baseline,0.19,True,0.55,0.9417989417989417,178,0.10112359550561797,False,True,0.096038,False,,baseline,,,,,
79,0.1,bbse,0.19,False,,0.0,0,nan,False,False,,,"{""bbse"": ""failsafe""}",,failsafe,2.5740101092970886,18.714805268244206,0.5051644249706703,0.24867724867724866
80,0.05,baseline,0.19,False,,0.0,0,nan,False,False,,,"{""baseline"": ""failsafe""}",,,,,,
80,0.05,bbse,0.19,False,,0.0,0,nan,False,False,,,"{""bbse"": ""failsafe""}",,failsafe,0.9423741896130761,10.158342250745749,0.5011620668459394,0.1503267973856209
80,0.1,baseline,0.19,True,0.55,0.9738562091503268,149,0.06711409395973154,False,False,0.092868,False,,baseline,,,,,
80,0.1,bbse,0.19,False,,0.0,0,nan,False,False,,,"{""bbse"": ""failsafe""}",,failsafe,0.9423741896130761,10.158342250745749,0.5011620668459394,0.1503267973856209
81,0.05,baseline,0.19,False,,0.0,0,nan,False,False,,,"{""baseline"": ""failsafe""}",,,,,,
81,0.05,bbse,0.19,False,,0.0,0,nan,False,False,,,"{""bbse"": ""failsafe""}",,failsafe,0.8014582178839176,3.181234233999673,0.5053733939710714,0.11312964492155243
81,0.1,baseline,0.19,True,0.55,0.9843104872006606,1192,0.10151006711409397,False,True,0.101488,True,,baseline,,,,,
81,0.1,bbse,0.19,False,,0.0,0,nan,False,False,,,"{""bbse"": ""failsafe""}",,failsafe,0.8014582178839176,3.181234233999673,0.5053733939710714,0.11312964492155243
82,0.05,baseline,0.19,False,,0.0,0,nan,False,False,,,"{""baseline"": ""failsafe""}",,,,,,
82,0.05,bbse,0.19,False,,0.0,0,nan,False,False,,,"{""bbse"": ""failsafe""}",,failsafe,0.7937039707916501,2.3774883223580545,0.5015328982812813,0.09078260869565218
82,0.1,baseline,0.19,True,0.5900000000000001,0.9735652173913043,2799,0.07288317256162916,False,False,0.093662,False,,baseline,,,,,
82,0.1,bbse,0.19,False,,0.0,0,nan,False,False,,,"{""bbse"": ""failsafe""}",,failsafe,0.7937039707916501,2.3774883223580545,0.5015328982812813,0.09078260869565218
83,0.05,baseline,0.19,False,,0.0,0,nan,False,False,,,"{""baseline"": ""failsafe""}",,,,,,
83,0.05,bbse,0.19,False,,0.0,0,nan,False,False,,,"{""bbse"": ""failsafe""}",,failsafe,0.48545475599834376,2.274852297618534,0.49178618170309996,0.07680835197613721
83,0.1,baseline,0.19,True,0.55,0.9865771812080537,1323,0.045351473922902494,False,False,0.098602,False,,baseline,,,,,
83,0.1,bbse,0.19,False,,0.0,0,nan,False,False,,,"{""bbse"": ""failsafe""}",,failsafe,0.48545475599834376,2.274852297618534,0.49178618170309996,0.07680835197613721
84,0.05,baseline,0.19,False,,0.0,0,nan,False,False,,,"{""baseline"": ""failsafe""}",,,,,,
84,0.05,bbse,0.19,False,,0.0,0,nan,False,False,,,"{""bbse"": ""failsafe""}",,failsafe,0.6992636259047145,3.2898942975023777,0.5102354801853204,0.10060472787245739
84,0.1,baseline,0.19,True,0.55,0.9752611324903794,1774,0.07328072153325817,False,False,0.094523,False,,baseline,,,,,
84,0.1,bbse,0.19,False,,0.0,0,nan,False,False,,,"{""bbse"": ""failsafe""}",,failsafe,0.6992636259047145,3.2898942975023777,0.5102354801853204,0.10060472787245739
85,0.05,baseline,0.19,False,,0.0,0,nan,False,False,,,"{""baseline"": ""failsafe""}",,,,,,
85,0.05,bbse,0.19,False,,0.0,0,nan,False,False,,,"{""bbse"": ""failsafe""}",,failsafe,0.4869828361881361,3.178539416649436,0.5046118791079744,0.08469055374592833
85,0.1,baseline,0.19,True,0.55,0.9788273615635179,601,0.05823627287853577,False,False,0.096783,False,,baseline,,,,,
85,0.1,bbse,0.19,False,,0.0,0,nan,False,False,,,"{""bbse"": ""failsafe""}",,failsafe,0.4869828361881361,3.178539416649436,0.5046118791079744,0.08469055374592833
86,0.05,baseline,0.19,False,,0.0,0,nan,False,False,,,"{""baseline"": ""failsafe""}",,,,,,
86,0.05,bbse,0.19,False,,0.0,0,nan,False,False,,,"{""bbse"": ""failsafe""}",,failsafe,0.40336367265698875,8.12198327681329,0.4897783537340263,0.1206896551724138
86,0.1,baseline,0.19,True,0.5700000000000001,0.9913793103448276,115,0.05217391304347826,False,False,0.093896,False,,baseline,,,,,
86,0.1,bbse,0.19,False,,0.0,0,nan,False,False,,,"{""bbse"": ""failsafe""}",,failsafe,0.40336367265698875,8.12198327681329,0.4897783537340263,0.1206896551724138
87,0.05,baseline,0.19,False,,0.0,0,nan,False,False,,,"{""baseline"": ""failsafe""}",,,,,,
87,0.05,bbse,0.19,False,,0.0,0,nan,False,False,,,"{""bbse"": ""failsafe""}",,failsafe,0.8221451886405939,5.430424972573654,0.5424507185102991,0.15081967213114755
87,0.1,baseline,0.19,True,0.55,0.9672131147540983,295,0.08135593220338982,False,False,0.095357,False,,baseline,,,,,
87,0.1,bbse,0.19,False,,0.0,0,nan,False,False,,,"{""bbse"": ""failsafe""}",,failsafe,0.8221451886405939,5.430424972573654,0.5424507185102991,0.15081967213114755
88,0.05,baseline,0.19,False,,0.0,0,nan,False,False,,,"{""baseline"": ""failsafe""}",,,,,,
88,0.05,bbse,0.19,False,,0.0,0,nan,False,False,,,"{""bbse"": ""failsafe""}",,failsafe,2.030689848391378,7.643772681073995,0.47896477470239035,0.15523156089193826
88,0.1,baseline,0.19,True,0.55,0.9768439108061749,1139,0.14223002633889376,True,True,0.102613,True,,baseline,,,,,
88,0.1,bbse,0.19,False,,0.0,0,nan,False,False,,,"{""bbse"": ""failsafe""}",,failsafe,2.030689848391378,7.643772681073995,0.47896477470239035,0.15523156089193826
89,0.05,baseline,0.19,False,,0.0,0,nan,False,False,,,"{""baseline"": ""failsafe""}",,,,,,
89,0.05,bbse,0.19,False,,0.0,0,nan,False,False,,,"{""bbse"": ""failsafe""}",,failsafe,0.1294047691499,10.62189577345023,0.47720039578367596,0.11290322580645161
89,0.1,baseline,0.19,True,0.55,0.9838709677419355,61,0.08196721311475409,False,False,0.101557,True,,baseline,,,,,
89,0.1,bbse,0.19,False,,0.0,0,nan,False,False,,,"{""bbse"": ""failsafe""}",,failsafe,0.1294047691499,10.62189577345023,0.47720039578367596,0.11290322580645161
90,0.05,baseline,0.19,False,,0.0,0,nan,False,False,,,"{""baseline"": ""failsafe""}",,,,,,
90,0.05,bbse,0.19,False,,0.0,0,nan,False,False,,,"{""bbse"": ""failsafe""}",,failsafe,2.189006761728054,6.826099346687346,0.5008860426519189,0.18267148014440432
90,0.1,baseline,0.19,True,0.55,0.9696750902527076,1343,0.1355174981384959,True,True,0.098219,False,,baseline,,,,,
90,0.1,bbse,0.19,False,,0.0,0,nan,False,False,,,"{""bbse"": ""failsafe""}",,failsafe,2.189006761728054,6.826099346687346,0.5008860426519189,0.18267148014440432
91,0.05,baseline,0.19,False,,0.0,0,nan,False,False,,,"{""baseline"": ""failsafe""}",,,,,,
91,0.05,bbse,0.19,False,,0.0,0,nan,False,False,,,"{""bbse"": ""failsafe""}",,failsafe,0.8071436370436894,5.457272941774474,0.49032420222094436,0.1198044009779951
91,0.1,baseline,0.19,True,0.55,0.9951100244498777,407,0.08845208845208845,False,False,0.102924,True,,baseline,,,,,
91,0.1,bbse,0.19,False,,0.0,0,nan,False,False,,,"{""bbse"": ""failsafe""}",,failsafe,0.8071436370436894,5.457272941774474,0.49032420222094436,0.1198044009779951
92,0.05,baseline,0.19,False,,0.0,0,nan,False,False,,,"{""baseline"": ""failsafe""}",,,,,,
92,0.05,bbse,0.19,False,,0.0,0,nan,False,False,,,"{""bbse"": ""failsafe""}",,failsafe,0.5934616515013613,3.613442455436319,0.48574677585569925,0.09700176366843033
92,0.1,baseline,0.19,True,0.55,0.982363315696649,557,0.0718132854578097,False,False,0.097442,False,,baseline,,,,,
92,0.1,bbse,0.19,False,,0.0,0,nan,False,False,,,"{""bbse"": ""failsafe""}",,failsafe,0.5934616515013613,3.613442455436319,0.48574677585569925,0.09700176366843033
93,0.05,baseline,0.19,False,,0.0,0,nan,False,False,,,"{""baseline"": ""failsafe""}",,,,,,
93,0.05,bbse,0.19,False,,0.0,0,nan,False,False,,,"{""bbse"": ""failsafe""}",,failsafe,0.5477701266202969,6.220270018225912,0.505523076203799,0.11979166666666667
93,0.1,baseline,0.19,True,0.55,0.9479166666666666,182,0.1043956043956044,False,True,0.092933,False,,baseline,,,,,
93,0.1,bbse,0.19,False,,0.0,0,nan,False,False,,,"{""bbse"": ""failsafe""}",,failsafe,0.5477701266202969,6.220270018225912,0.505523076203799,0.11979166666666667
94,0.05,baseline,0.19,False,,0.0,0,nan,False,False,,,"{""baseline"": ""failsafe""}",,,,,,
94,0.05,bbse,0.19,False,,0.0,0,nan,False,False,,,"{""bbse"": ""failsafe""}",,failsafe,0.8501628495856003,5.582110943898988,0.5005456586955638,0.12
94,0.1,baseline,0.19,True,0.55,0.9768421052631578,464,0.11206896551724138,False,True,0.097643,False,,baseline,,,,,
94,0.1,bbse,0.19,False,,0.0,0,nan,False,False,,,"{""bbse"": ""failsafe""}",,failsafe,0.8501628495856003,5.582110943898988,0.5005456586955638,0.12
95,0.05,baseline,0.19,False,,0.0,0,nan,False,False,,,"{""baseline"": ""failsafe""}",,,,,,
95,0.05,bbse,0.19,False,,0.0,0,nan,False,False,,,"{""bbse"": ""failsafe""}",,failsafe,0.7053754245134715,8.659634431865072,0.48806560369270663,0.11920529801324503
95,0.1,baseline,0.19,True,0.55,1.0,151,0.09933774834437085,False,False,0.097571,False,,baseline,,,,,
95,0.1,bbse,0.19,False,,0.0,0,nan,False,False,,,"{""bbse"": ""failsafe""}",,failsafe,0.7053754245134715,8.659634431865072,0.48806560369270663,0.11920529801324503
96,0.05,baseline,0.19,False,,0.0,0,nan,False,False,,,"{""baseline"": ""failsafe""}",,,,,,
96,0.05,bbse,0.19,False,,0.0,0,nan,False,False,,,"{""bbse"": ""failsafe""}",,failsafe,0.0005537369315057329,126.12039311520546,0.48946634645544734,0.15
96,0.1,baseline,0.19,True,0.55,0.95,19,0.0,False,False,0.095088,False,,baseline,,,,,
96,0.1,bbse,0.19,False,,0.0,0,nan,False,False,,,"{""bbse"": ""failsafe""}",,failsafe,0.0005537369315057329,126.12039311520546,0.48946634645544734,0.15
97,0.05,baseline,0.19,False,,0.0,0,nan,False,False,,,"{""baseline"": ""failsafe""}",,,,,,
97,0.05,bbse,0.19,False,,0.0,0,nan,False,False,,,"{""bbse"": ""bbse-misspecified""}",,bbse-misspecified,,,0.4909051033653488,0.060240963855421686
97,0.1,baseline,0.19,True,0.55,1.0,83,0.13253012048192772,False,True,0.098828,False,,baseline,,,,,
97,0.1,bbse,0.19,False,,0.0,0,nan,False,False,,,"{""bbse"": ""bbse-misspecified""}",,bbse-misspecified,,,0.4909051033653488,0.060240963855421686
98,0.05,baseline,0.19,False,,0.0,0,nan,False,False,,,"{""baseline"": ""failsafe""}",,,,,,
98,0.05,bbse,0.19,False,,0.0,0,nan,False,False,,,"{""bbse"": ""failsafe""}",,failsafe,0.5897542332316577,6.461043976452334,0.5073764696856722,0.1270718232044199
98,0.1,baseline,0.19,True,0.55,0.9668508287292817,175,0.09142857142857143,False,False,0.09745,False,,baseline,,,,,
98,0.1,bbse,0.19,False,,0.0,0,nan,False,False,,,"{""bbse"": ""failsafe""}",,failsafe,0.5897542332316577,6.461043976452334,0.5073764696856722,0.1270718232044199
99,0.05,baseline,0.19,False,,0.0,0,nan,False,False,,,"{""baseline"": ""failsafe""}",,,,,,
99,0.05,bbse,0.19,False,,0.0,0,nan,False,False,,,"{""bbse"": ""failsafe""}",,failsafe,2.408918118603604,11.032721168158393,0.4600074129970169,0.19293478260869565
99,0.1,baseline,0.19,True,0.63,0.9130434782608695,336,0.14285714285714285,True,True,0.094562,False,,baseline,,,,,
99,0.1,bbse,0.19,False,,0.0,0,nan,False,False,,,"{""bbse"": ""failsafe""}",,failsafe,2.408918118603604,11.032721168158393,0.4600074129970169,0.19293478260869565
