n_sites,draw,alpha,method,certified,tau,coverage,rm_fresh,rm_exceed
60,0,0.05,wsr,False,,,,
60,0,0.05,hoeffding,False,,,,
60,0,0.05,mpeb,False,,,,
60,0,0.05,t,True,0.71,0.9334,0.04142,False
60,0,0.05,site_boot,True,0.69,0.9406,0.043508,False
60,0,0.1,wsr,False,,,,
60,0,0.1,hoeffding,False,,,,
60,0,0.1,mpeb,False,,,,
60,0,0.1,t,True,0.55,0.9858,0.058945,False
60,0,0.1,site_boot,True,0.55,0.9858,0.058945,False
60,1,0.05,wsr,False,,,,
60,1,0.05,hoeffding,False,,,,
60,1,0.05,mpeb,False,,,,
60,1,0.05,t,True,0.71,0.9375,0.041192,False
60,1,0.05,site_boot,True,0.69,0.9445,0.04293,False
60,1,0.1,wsr,False,,,,
60,1,0.1,hoeffding,False,,,,
60,1,0.1,mpeb,False,,,,
60,1,0.1,t,True,0.55,0.9861,0.056856,False
60,1,0.1,site_boot,True,0.55,0.9861,0.056856,False
60,2,0.05,wsr,False,,,,
60,2,0.05,hoeffding,False,,,,
60,2,0.05,mpeb,False,,,,
60,2,0.05,t,True,0.69,0.9441,0.042736,False
60,2,0.05,site_boot,True,0.69,0.9441,0.042736,False
60,2,0.1,wsr,False,,,,
60,2,0.1,hoeffding,False,,,,
60,2,0.1,mpeb,False,,,,
60,2,0.1,t,True,0.55,0.9864,0.058154,False
60,2,0.1,site_boot,True,0.55,0.9864,0.058154,False
60,3,0.05,wsr,False,,,,
60,3,0.05,hoeffding,False,,,,
60,3,0.05,mpeb,False,,,,
60,3,0.05,t,True,0.67,0.9462,0.043154,False
60,3,0.05,site_boot,True,0.69,0.939,0.041305,False
60,3,0.1,wsr,False,,,,
60,3,0.1,hoeffding,False,,,,
60,3,0.1,mpeb,False,,,,
60,3,0.1,t,True,0.55,0.9851,0.056924,False
60,3,0.1,site_boot,True,0.55,0.9851,0.056924,False
60,4,0.05,wsr,False,,,,
60,4,0.05,hoeffding,False,,,,
60,4,0.05,mpeb,False,,,,
60,4,0.05,t,True,0.59,0.9709,0.053789,True
60,4,0.05,site_boot,True,0.57,0.9777,0.056266,True
60,4,0.1,wsr,False,,,,
60,4,0.1,hoeffding,False,,,,
60,4,0.1,mpeb,False,,,,
60,4,0.1,t,True,0.55,0.9839,0.058558,False
60,4,0.1,site_boot,True,0.55,0.9839,0.058558,False
60,5,0.05,wsr,False,,,,
60,5,0.05,hoeffding,False,,,,
60,5,0.05,mpeb,False,,,,
60,5,0.05,t,True,0.75,0.9181,0.035749,False
60,5,0.05,site_boot,True,0.75,0.9181,0.035749,False
60,5,0.1,wsr,False,,,,
60,5,0.1,hoeffding,False,,,,
60,5,0.1,mpeb,False,,,,
60,5,0.1,t,True,0.55,0.9856,0.056184,False
60,5,0.1,site_boot,True,0.55,0.9856,0.056184,False
60,6,0.05,wsr,False,,,,
60,6,0.05,hoeffding,False,,,,
60,6,0.05,mpeb,False,,,,
60,6,0.05,t,True,0.73,0.928,0.037459,False
60,6,0.05,site_boot,True,0.73,0.928,0.037459,False
60,6,0.1,wsr,False,,,,
60,6,0.1,hoeffding,False,,,,
60,6,0.1,mpeb,False,,,,
60,6,0.1,t,True,0.55,0.9862,0.05722,False
60,6,0.1,site_boot,True,0.55,0.9862,0.05722,False
60,7,0.05,wsr,False,,,,
60,7,0.05,hoeffding,False,,,,
60,7,0.05,mpeb,False,,,,
60,7,0.05,t,True,0.71,0.93,0.040155,False
60,7,0.05,site_boot,True,0.71,0.93,0.040155,False
60,7,0.1,wsr,False,,,,
60,7,0.1,hoeffding,False,,,,
60,7,0.1,mpeb,False,,,,
60,7,0.1,t,True,0.55,0.9841,0.057732,False
60,7,0.1,site_boot,True,0.55,0.9841,0.057732,False
60,8,0.05,wsr,False,,,,
60,8,0.05,hoeffding,False,,,,
60,8,0.05,mpeb,False,,,,
60,8,0.05,t,True,0.61,0.9655,0.050957,True
60,8,0.05,site_boot,True,0.61,0.9655,0.050957,True
60,8,0.1,wsr,False,,,,
60,8,0.1,hoeffding,False,,,,
60,8,0.1,mpeb,False,,,,
60,8,0.1,t,True,0.55,0.9849,0.059092,False
60,8,0.1,site_boot,True,0.55,0.9849,0.059092,False
60,9,0.05,wsr,False,,,,
60,9,0.05,hoeffding,False,,,,
60,9,0.05,mpeb,False,,,,
60,9,0.05,t,True,0.69,0.9418,0.043672,False
60,9,0.05,site_boot,True,0.69,0.9418,0.043672,False
60,9,0.1,wsr,False,,,,
60,9,0.1,hoeffding,False,,,,
60,9,0.1,mpeb,False,,,,
60,9,0.1,t,True,0.55,0.9858,0.05867,False
60,9,0.1,site_boot,True,0.55,0.9858,0.05867,False
60,10,0.05,wsr,False,,,,
60,10,0.05,hoeffding,False,,,,
60,10,0.05,mpeb,False,,,,
60,10,0.05,t,True,0.65,0.9569,0.04633,False
60,10,0.05,site_boot,True,0.65,0.9569,0.04633,False
60,10,0.1,wsr,False,,,,
60,10,0.1,hoeffding,False,,,,
60,10,0.1,mpeb,False,,,,
60,10,0.1,t,True,0.55,0.9862,0.056868,False
60,10,0.1,site_boot,True,0.55,0.9862,0.056868,False
60,11,0.05,wsr,False,,,,
60,11,0.05,hoeffding,False,,,,
60,11,0.05,mpeb,False,,,,
60,11,0.05,t,True,0.69,0.944,0.043946,False
60,11,0.05,site_boot,True,0.69,0.944,0.043946,False
60,11,0.1,wsr,False,,,,
60,11,0.1,hoeffding,False,,,,
60,11,0.1,mpeb,False,,,,
60,11,0.1,t,True,0.55,0.9864,0.058955,False
60,11,0.1,site_boot,True,0.55,0.9864,0.058955,False
60,12,0.05,wsr,False,,,,
60,12,0.05,hoeffding,False,,,,
60,12,0.05,mpeb,False,,,,
60,12,0.05,t,True,0.71,0.927,0.043017,False
60,12,0.05,site_boot,True,0.71,0.927,0.043017,False
60,12,0.1,wsr,False,,,,
60,12,0.1,hoeffding,False,,,,
60,12,0.1,mpeb,False,,,,
60,12,0.1,t,True,0.55,0.9834,0.061912,False
60,12,0.1,site_boot,True,0.55,0.9834,0.061912,False
60,13,0.05,wsr,False,,,,
60,13,0.05,hoeffding,False,,,,
60,13,0.05,mpeb,False,,,,
60,13,0.05,t,True,0.81,0.8886,0.02797,False
60,13,0.05,site_boot,True,0.81,0.8886,0.02797,False
60,13,0.1,wsr,False,,,,
60,13,0.1,hoeffding,False,,,,
60,13,0.1,mpeb,False,,,,
60,13,0.1,t,True,0.55,0.986,0.054147,False
60,13,0.1,site_boot,True,0.55,0.986,0.054147,False
60,14,0.05,wsr,False,,,,
60,14,0.05,hoeffding,False,,,,
60,14,0.05,mpeb,False,,,,
60,14,0.05,t,True,0.69,0.9428,0.042723,False
60,14,0.05,site_boot,True,0.69,0.9428,0.042723,False
60,14,0.1,wsr,False,,,,
60,14,0.1,hoeffding,False,,,,
60,14,0.1,mpeb,False,,,,
60,14,0.1,t,True,0.55,0.9866,0.05755,False
60,14,0.1,site_boot,True,0.55,0.9866,0.05755,False
60,15,0.05,wsr,False,,,,
60,15,0.05,hoeffding,False,,,,
60,15,0.05,mpeb,False,,,,
60,15,0.05,t,True,0.73,0.9303,0.037213,False
60,15,0.05,site_boot,True,0.73,0.9303,0.037213,False
60,15,0.1,wsr,False,,,,
60,15,0.1,hoeffding,False,,,,
60,15,0.1,mpeb,False,,,,
60,15,0.1,t,True,0.55,0.9861,0.055358,False
60,15,0.1,site_boot,True,0.55,0.9861,0.055358,False
60,16,0.05,wsr,False,,,,
60,16,0.05,hoeffding,False,,,,
60,16,0.05,mpeb,False,,,,
60,16,0.05,t,True,0.71,0.9326,0.040108,False
60,16,0.05,site_boot,True,0.71,0.9326,0.040108,False
60,16,0.1,wsr,False,,,,
60,16,0.1,hoeffding,False,,,,
60,16,0.1,mpeb,False,,,,
60,16,0.1,t,True,0.55,0.9855,0.057711,False
60,16,0.1,site_boot,True,0.55,0.9855,0.057711,False
60,17,0.05,wsr,False,,,,
60,17,0.05,hoeffding,False,,,,
60,17,0.05,mpeb,False,,,,
60,17,0.05,t,True,0.67,0.9485,0.046269,False
60,17,0.05,site_boot,True,0.67,0.9485,0.046269,False
60,17,0.1,wsr,False,,,,
60,17,0.1,hoeffding,False,,,,
60,17,0.1,mpeb,False,,,,
60,17,0.1,t,True,0.55,0.9857,0.059563,False
60,17,0.1,site_boot,True,0.55,0.9857,0.059563,False
60,18,0.05,wsr,False,,,,
60,18,0.05,hoeffding,False,,,,
60,18,0.05,mpeb,False,,,,
60,18,0.05,t,True,0.67,0.9467,0.046443,False
60,18,0.05,site_boot,True,0.67,0.9467,0.046443,False
60,18,0.1,wsr,False,,,,
60,18,0.1,hoeffding,False,,,,
60,18,0.1,mpeb,False,,,,
60,18,0.1,t,True,0.55,0.9852,0.059076,False
60,18,0.1,site_boot,True,0.55,0.9852,0.059076,False
60,19,0.05,wsr,False,,,,
60,19,0.05,hoeffding,False,,,,
60,19,0.05,mpeb,False,,,,
60,19,0.05,t,True,0.65,0.9487,0.044634,False
60,19,0.05,site_boot,True,0.65,0.9487,0.044634,False
60,19,0.1,wsr,False,,,,
60,19,0.1,hoeffding,False,,,,
60,19,0.1,mpeb,False,,,,
60,19,0.1,t,True,0.55,0.9836,0.056812,False
60,19,0.1,site_boot,True,0.55,0.9836,0.056812,False
60,20,0.05,wsr,False,,,,
60,20,0.05,hoeffding,False,,,,
60,20,0.05,mpeb,False,,,,
60,20,0.05,t,True,0.71,0.924,0.040819,False
60,20,0.05,site_boot,True,0.71,0.924,0.040819,False
60,20,0.1,wsr,False,,,,
60,20,0.1,hoeffding,False,,,,
60,20,0.1,mpeb,False,,,,
60,20,0.1,t,True,0.55,0.9834,0.060883,False
60,20,0.1,site_boot,True,0.55,0.9834,0.060883,False
60,21,0.05,wsr,False,,,,
60,21,0.05,hoeffding,False,,,,
60,21,0.05,mpeb,False,,,,
60,21,0.05,t,True,0.67,0.9506,0.043226,False
60,21,0.05,site_boot,True,0.67,0.9506,0.043226,False
60,21,0.1,wsr,False,,,,
60,21,0.1,hoeffding,False,,,,
60,21,0.1,mpeb,False,,,,
60,21,0.1,t,True,0.55,0.9868,0.055889,False
60,21,0.1,site_boot,True,0.55,0.9868,0.055889,False
60,22,0.05,wsr,False,,,,
60,22,0.05,hoeffding,False,,,,
60,22,0.05,mpeb,False,,,,
60,22,0.05,t,True,0.67,0.9453,0.042685,False
60,22,0.05,site_boot,True,0.67,0.9453,0.042685,False
60,22,0.1,wsr,False,,,,
60,22,0.1,hoeffding,False,,,,
60,22,0.1,mpeb,False,,,,
60,22,0.1,t,True,0.55,0.9848,0.056724,False
60,22,0.1,site_boot,True,0.55,0.9848,0.056724,False
60,23,0.05,wsr,False,,,,
60,23,0.05,hoeffding,False,,,,
60,23,0.05,mpeb,False,,,,
60,23,0.05,t,True,0.67,0.9492,0.044711,False
60,23,0.05,site_boot,True,0.67,0.9492,0.044711,False
60,23,0.1,wsr,False,,,,
60,23,0.1,hoeffding,False,,,,
60,23,0.1,mpeb,False,,,,
60,23,0.1,t,True,0.55,0.9861,0.057861,False
60,23,0.1,site_boot,True,0.55,0.9861,0.057861,False
60,24,0.05,wsr,False,,,,
60,24,0.05,hoeffding,False,,,,
60,24,0.05,mpeb,False,,,,
60,24,0.05,t,True,0.73,0.9227,0.039586,False
60,24,0.05,site_boot,True,0.73,0.9227,0.039586,False
60,24,0.1,wsr,False,,,,
60,24,0.1,hoeffding,False,,,,
60,24,0.1,mpeb,False,,,,
60,24,0.1,t,True,0.55,0.9851,0.060175,False
60,24,0.1,site_boot,True,0.55,0.9851,0.060175,False
60,25,0.05,wsr,False,,,,
60,25,0.05,hoeffding,False,,,,
60,25,0.05,mpeb,False,,,,
60,25,0.05,t,True,0.73,0.9215,0.04092,False
60,25,0.05,site_boot,True,0.73,0.9215,0.04092,False
60,25,0.1,wsr,False,,,,
60,25,0.1,hoeffding,False,,,,
60,25,0.1,mpeb,False,,,,
60,25,0.1,t,True,0.55,0.9846,0.060602,False
60,25,0.1,site_boot,True,0.55,0.9846,0.060602,False
60,26,0.05,wsr,False,,,,
60,26,0.05,hoeffding,False,,,,
60,26,0.05,mpeb,False,,,,
60,26,0.05,t,True,0.71,0.9344,0.041158,False
60,26,0.05,site_boot,True,0.71,0.9344,0.041158,False
60,26,0.1,wsr,False,,,,
60,26,0.1,hoeffding,False,,,,
60,26,0.1,mpeb,False,,,,
60,26,0.1,t,True,0.55,0.9861,0.05896,False
60,26,0.1,site_boot,True,0.55,0.9861,0.05896,False
60,27,0.05,wsr,False,,,,
60,27,0.05,hoeffding,False,,,,
60,27,0.05,mpeb,False,,,,
60,27,0.05,t,True,0.67,0.9437,0.043775,False
60,27,0.05,site_boot,True,0.67,0.9437,0.043775,False
60,27,0.1,wsr,False,,,,
60,27,0.1,hoeffding,False,,,,
60,27,0.1,mpeb,False,,,,
60,27,0.1,t,True,0.55,0.9843,0.058284,False
60,27,0.1,site_boot,True,0.55,0.9843,0.058284,False
60,28,0.05,wsr,False,,,,
60,28,0.05,hoeffding,False,,,,
60,28,0.05,mpeb,False,,,,
60,28,0.05,t,True,0.65,0.9521,0.048222,False
60,28,0.05,site_boot,True,0.65,0.9521,0.048222,False
60,28,0.1,wsr,False,,,,
60,28,0.1,hoeffding,False,,,,
60,28,0.1,mpeb,False,,,,
60,28,0.1,t,True,0.55,0.9844,0.060384,False
60,28,0.1,site_boot,True,0.55,0.9844,0.060384,False
60,29,0.05,wsr,False,,,,
60,29,0.05,hoeffding,False,,,,
60,29,0.05,mpeb,False,,,,
60,29,0.05,t,True,0.61,0.9663,0.051395,True
60,29,0.05,site_boot,True,0.63,0.9594,0.048966,False
60,29,0.1,wsr,False,,,,
60,29,0.1,hoeffding,False,,,,
60,29,0.1,mpeb,False,,,,
60,29,0.1,t,True,0.55,0.9853,0.058758,False
60,29,0.1,site_boot,True,0.55,0.9853,0.058758,False
60,30,0.05,wsr,False,,,,
60,30,0.05,hoeffding,False,,,,
60,30,0.05,mpeb,False,,,,
60,30,0.05,t,True,0.71,0.925,0.040368,False
60,30,0.05,site_boot,True,0.71,0.925,0.040368,False
60,30,0.1,wsr,False,,,,
60,30,0.1,hoeffding,False,,,,
60,30,0.1,mpeb,False,,,,
60,30,0.1,t,True,0.55,0.9838,0.059553,False
60,30,0.1,site_boot,True,0.55,0.9838,0.059553,False
60,31,0.05,wsr,False,,,,
60,31,0.05,hoeffding,False,,,,
60,31,0.05,mpeb,False,,,,
60,31,0.05,t,True,0.69,0.9335,0.041035,False
60,31,0.05,site_boot,True,0.69,0.9335,0.041035,False
60,31,0.1,wsr,False,,,,
60,31,0.1,hoeffding,False,,,,
60,31,0.1,mpeb,False,,,,
60,31,0.1,t,True,0.55,0.9833,0.056992,False
60,31,0.1,site_boot,True,0.55,0.9833,0.056992,False
60,32,0.05,wsr,False,,,,
60,32,0.05,hoeffding,False,,,,
60,32,0.05,mpeb,False,,,,
60,32,0.05,t,True,0.67,0.9508,0.043462,False
60,32,0.05,site_boot,True,0.67,0.9508,0.043462,False
60,32,0.1,wsr,False,,,,
60,32,0.1,hoeffding,False,,,,
60,32,0.1,mpeb,False,,,,
60,32,0.1,t,True,0.55,0.986,0.05582,False
60,32,0.1,site_boot,True,0.55,0.986,0.05582,False
60,33,0.05,wsr,False,,,,
60,33,0.05,hoeffding,False,,,,
60,33,0.05,mpeb,False,,,,
60,33,0.05,t,True,0.75,0.9221,0.03477,False
60,33,0.05,site_boot,True,0.75,0.9221,0.03477,False
60,33,0.1,wsr,False,,,,
60,33,0.1,hoeffding,False,,,,
60,33,0.1,mpeb,False,,,,
60,33,0.1,t,True,0.55,0.9864,0.055952,False
60,33,0.1,site_boot,True,0.55,0.9864,0.055952,False
60,34,0.05,wsr,False,,,,
60,34,0.05,hoeffding,False,,,,
60,34,0.05,mpeb,False,,,,
60,34,0.05,t,True,0.73,0.9279,0.038631,False
60,34,0.05,site_boot,True,0.73,0.9279,0.038631,False
60,34,0.1,wsr,False,,,,
60,34,0.1,hoeffding,False,,,,
60,34,0.1,mpeb,False,,,,
60,34,0.1,t,True,0.55,0.9865,0.057502,False
60,34,0.1,site_boot,True,0.55,0.9865,0.057502,False
60,35,0.05,wsr,False,,,,
60,35,0.05,hoeffding,False,,,,
60,35,0.05,mpeb,False,,,,
60,35,0.05,t,True,0.59,0.9724,0.054219,True
60,35,0.05,site_boot,True,0.59,0.9724,0.054219,True
60,35,0.1,wsr,False,,,,
60,35,0.1,hoeffding,False,,,,
60,35,0.1,mpeb,False,,,,
60,35,0.1,t,True,0.55,0.9849,0.058719,False
60,35,0.1,site_boot,True,0.55,0.9849,0.058719,False
60,36,0.05,wsr,False,,,,
60,36,0.05,hoeffding,False,,,,
60,36,0.05,mpeb,False,,,,
60,36,0.05,t,True,0.75,0.9227,0.039298,False
60,36,0.05,site_boot,True,0.75,0.9227,0.039298,False
60,36,0.1,wsr,False,,,,
60,36,0.1,hoeffding,False,,,,
60,36,0.1,mpeb,False,,,,
60,36,0.1,t,True,0.55,0.9866,0.059694,False
60,36,0.1,site_boot,True,0.55,0.9866,0.059694,False
60,37,0.05,wsr,False,,,,
60,37,0.05,hoeffding,False,,,,
60,37,0.05,mpeb,False,,,,
60,37,0.05,t,True,0.67,0.9444,0.04531,False
60,37,0.05,site_boot,True,0.65,0.9518,0.047595,False
60,37,0.1,wsr,False,,,,
60,37,0.1,hoeffding,False,,,,
60,37,0.1,mpeb,False,,,,
60,37,0.1,t,True,0.55,0.9842,0.058398,False
60,37,0.1,site_boot,True,0.55,0.9842,0.058398,False
60,38,0.05,wsr,False,,,,
60,38,0.05,hoeffding,False,,,,
60,38,0.05,mpeb,False,,,,
60,38,0.05,t,True,0.65,0.955,0.047405,False
60,38,0.05,site_boot,True,0.65,0.955,0.047405,False
60,38,0.1,wsr,False,,,,
60,38,0.1,hoeffding,False,,,,
60,38,0.1,mpeb,False,,,,
60,38,0.1,t,True,0.55,0.986,0.058222,False
60,38,0.1,site_boot,True,0.55,0.986,0.058222,False
60,39,0.05,wsr,False,,,,
60,39,0.05,hoeffding,False,,,,
60,39,0.05,mpeb,False,,,,
60,39,0.05,t,True,0.75,0.9197,0.036227,False
60,39,0.05,site_boot,True,0.75,0.9197,0.036227,False
60,39,0.1,wsr,False,,,,
60,39,0.1,hoeffding,False,,,,
60,39,0.1,mpeb,False,,,,
60,39,0.1,t,True,0.55,0.9852,0.057002,False
60,39,0.1,site_boot,True,0.55,0.9852,0.057002,False
60,40,0.05,wsr,False,,,,
60,40,0.05,hoeffding,False,,,,
60,40,0.05,mpeb,False,,,,
60,40,0.05,t,True,0.67,0.9434,0.043791,False
60,40,0.05,site_boot,True,0.67,0.9434,0.043791,False
60,40,0.1,wsr,False,,,,
60,40,0.1,hoeffding,False,,,,
60,40,0.1,mpeb,False,,,,
60,40,0.1,t,True,0.55,0.9845,0.057957,False
60,40,0.1,site_boot,True,0.55,0.9845,0.057957,False
60,41,0.05,wsr,False,,,,
60,41,0.05,hoeffding,False,,,,
60,41,0.05,mpeb,False,,,,
60,41,0.05,t,True,0.71,0.931,0.041437,False
60,41,0.05,site_boot,True,0.71,0.931,0.041437,False
60,41,0.1,wsr,False,,,,
60,41,0.1,hoeffding,False,,,,
60,41,0.1,mpeb,False,,,,
60,41,0.1,t,True,0.55,0.9848,0.05829,False
60,41,0.1,site_boot,True,0.55,0.9848,0.05829,False
60,42,0.05,wsr,False,,,,
60,42,0.05,hoeffding,False,,,,
60,42,0.05,mpeb,False,,,,
60,42,0.05,t,True,0.63,0.9605,0.048583,False
60,42,0.05,site_boot,True,0.63,0.9605,0.048583,False
60,42,0.1,wsr,False,,,,
60,42,0.1,hoeffding,False,,,,
60,42,0.1,mpeb,False,,,,
60,42,0.1,t,True,0.55,0.985,0.056751,False
60,42,0.1,site_boot,True,0.55,0.985,0.056751,False
60,43,0.05,wsr,False,,,,
60,43,0.05,hoeffding,False,,,,
60,43,0.05,mpeb,False,,,,
60,43,0.05,t,True,0.67,0.9411,0.042627,False
60,43,0.05,site_boot,True,0.67,0.9411,0.042627,False
60,43,0.1,wsr,False,,,,
60,43,0.1,hoeffding,False,,,,
60,43,0.1,mpeb,False,,,,
60,43,0.1,t,True,0.55,0.9835,0.056267,False
60,43,0.1,site_boot,True,0.55,0.9835,0.056267,False
60,44,0.05,wsr,False,,,,
60,44,0.05,hoeffding,False,,,,
60,44,0.05,mpeb,False,,,,
60,44,0.05,t,True,0.77,0.9064,0.033292,False
60,44,0.05,site_boot,True,0.77,0.9064,0.033292,False
60,44,0.1,wsr,False,,,,
60,44,0.1,hoeffding,False,,,,
60,44,0.1,mpeb,False,,,,
60,44,0.1,t,True,0.55,0.9855,0.0577,False
60,44,0.1,site_boot,True,0.55,0.9855,0.0577,False
60,45,0.05,wsr,False,,,,
60,45,0.05,hoeffding,False,,,,
60,45,0.05,mpeb,False,,,,
60,45,0.05,t,True,0.67,0.9507,0.045741,False
60,45,0.05,site_boot,True,0.67,0.9507,0.045741,False
60,45,0.1,wsr,False,,,,
60,45,0.1,hoeffding,False,,,,
60,45,0.1,mpeb,False,,,,
60,45,0.1,t,True,0.55,0.9864,0.058042,False
60,45,0.1,site_boot,True,0.55,0.9864,0.058042,False
60,46,0.05,wsr,False,,,,
60,46,0.05,hoeffding,False,,,,
60,46,0.05,mpeb,False,,,,
60,46,0.05,t,True,0.69,0.9448,0.049423,False
60,46,0.05,site_boot,True,0.69,0.9448,0.049423,False
60,46,0.1,wsr,False,,,,
60,46,0.1,hoeffding,False,,,,
60,46,0.1,mpeb,False,,,,
60,46,0.1,t,True,0.55,0.9864,0.064017,False
60,46,0.1,site_boot,True,0.55,0.9864,0.064017,False
60,47,0.05,wsr,False,,,,
60,47,0.05,hoeffding,False,,,,
60,47,0.05,mpeb,False,,,,
60,47,0.05,t,True,0.69,0.9367,0.04189,False
60,47,0.05,site_boot,True,0.69,0.9367,0.04189,False
60,47,0.1,wsr,False,,,,
60,47,0.1,hoeffding,False,,,,
60,47,0.1,mpeb,False,,,,
60,47,0.1,t,True,0.55,0.984,0.057774,False
60,47,0.1,site_boot,True,0.55,0.984,0.057774,False
60,48,0.05,wsr,False,,,,
60,48,0.05,hoeffding,False,,,,
60,48,0.05,mpeb,False,,,,
60,48,0.05,t,True,0.67,0.9516,0.048327,False
60,48,0.05,site_boot,True,0.67,0.9516,0.048327,False
60,48,0.1,wsr,False,,,,
60,48,0.1,hoeffding,False,,,,
60,48,0.1,mpeb,False,,,,
60,48,0.1,t,True,0.55,0.9865,0.061011,False
60,48,0.1,site_boot,True,0.55,0.9865,0.061011,False
60,49,0.05,wsr,False,,,,
60,49,0.05,hoeffding,False,,,,
60,49,0.05,mpeb,False,,,,
60,49,0.05,t,True,0.67,0.944,0.04439,False
60,49,0.05,site_boot,True,0.67,0.944,0.04439,False
60,49,0.1,wsr,False,,,,
60,49,0.1,hoeffding,False,,,,
60,49,0.1,mpeb,False,,,,
60,49,0.1,t,True,0.55,0.9845,0.058454,False
60,49,0.1,site_boot,True,0.55,0.9845,0.058454,False
60,50,0.05,wsr,False,,,,
60,50,0.05,hoeffding,False,,,,
60,50,0.05,mpeb,False,,,,
60,50,0.05,t,True,0.65,0.9527,0.047286,False
60,50,0.05,site_boot,True,0.65,0.9527,0.047286,False
60,50,0.1,wsr,False,,,,
60,50,0.1,hoeffding,False,,,,
60,50,0.1,mpeb,False,,,,
60,50,0.1,t,True,0.55,0.9854,0.059803,False
60,50,0.1,site_boot,True,0.55,0.9854,0.059803,False
60,51,0.05,wsr,False,,,,
60,51,0.05,hoeffding,False,,,,
60,51,0.05,mpeb,False,,,,
60,51,0.05,t,True,0.77,0.9066,0.033172,False
60,51,0.05,site_boot,True,0.77,0.9066,0.033172,False
60,51,0.1,wsr,False,,,,
60,51,0.1,hoeffding,False,,,,
60,51,0.1,mpeb,False,,,,
60,51,0.1,t,True,0.55,0.9851,0.056611,False
60,51,0.1,site_boot,True,0.55,0.9851,0.056611,False
60,52,0.05,wsr,False,,,,
60,52,0.05,hoeffding,False,,,,
60,52,0.05,mpeb,False,,,,
60,52,0.05,t,True,0.63,0.959,0.049919,False
60,52,0.05,site_boot,True,0.63,0.959,0.049919,False
60,52,0.1,wsr,False,,,,
60,52,0.1,hoeffding,False,,,,
60,52,0.1,mpeb,False,,,,
60,52,0.1,t,True,0.55,0.9849,0.059484,False
60,52,0.1,site_boot,True,0.55,0.9849,0.059484,False
60,53,0.05,wsr,False,,,,
60,53,0.05,hoeffding,False,,,,
60,53,0.05,mpeb,False,,,,
60,53,0.05,t,True,0.65,0.9546,0.042195,False
60,53,0.05,site_boot,True,0.65,0.9546,0.042195,False
60,53,0.1,wsr,False,,,,
60,53,0.1,hoeffding,False,,,,
60,53,0.1,mpeb,False,,,,
60,53,0.1,t,True,0.55,0.9856,0.053402,False
60,53,0.1,site_boot,True,0.55,0.9856,0.053402,False
60,54,0.05,wsr,False,,,,
60,54,0.05,hoeffding,False,,,,
60,54,0.05,mpeb,False,,,,
60,54,0.05,t,True,0.71,0.9364,0.040564,False
60,54,0.05,site_boot,True,0.71,0.9364,0.040564,False
60,54,0.1,wsr,False,,,,
60,54,0.1,hoeffding,False,,,,
60,54,0.1,mpeb,False,,,,
60,54,0.1,t,True,0.55,0.9865,0.057646,False
60,54,0.1,site_boot,True,0.55,0.9865,0.057646,False
60,55,0.05,wsr,False,,,,
60,55,0.05,hoeffding,False,,,,
60,55,0.05,mpeb,False,,,,
60,55,0.05,t,True,0.71,0.9333,0.03916,False
60,55,0.05,site_boot,True,0.71,0.9333,0.03916,False
60,55,0.1,wsr,False,,,,
60,55,0.1,hoeffding,False,,,,
60,55,0.1,mpeb,False,,,,
60,55,0.1,t,True,0.55,0.9854,0.057214,False
60,55,0.1,site_boot,True,0.55,0.9854,0.057214,False
60,56,0.05,wsr,False,,,,
60,56,0.05,hoeffding,False,,,,
60,56,0.05,mpeb,False,,,,
60,56,0.05,t,True,0.65,0.9538,0.0431,False
60,56,0.05,site_boot,True,0.65,0.9538,0.0431,False
60,56,0.1,wsr,False,,,,
60,56,0.1,hoeffding,False,,,,
60,56,0.1,mpeb,False,,,,
60,56,0.1,t,True,0.55,0.9849,0.054723,False
60,56,0.1,site_boot,True,0.55,0.9849,0.054723,False
60,57,0.05,wsr,False,,,,
60,57,0.05,hoeffding,False,,,,
60,57,0.05,mpeb,False,,,,
60,57,0.05,t,True,0.71,0.9246,0.036629,False
60,57,0.05,site_boot,True,0.69,0.933,0.03892,False
60,57,0.1,wsr,False,,,,
60,57,0.1,hoeffding,False,,,,
60,57,0.1,mpeb,False,,,,
60,57,0.1,t,True,0.55,0.9831,0.055523,False
60,57,0.1,site_boot,True,0.55,0.9831,0.055523,False
60,58,0.05,wsr,False,,,,
60,58,0.05,hoeffding,False,,,,
60,58,0.05,mpeb,False,,,,
60,58,0.05,t,True,0.67,0.9448,0.044887,False
60,58,0.05,site_boot,True,0.67,0.9448,0.044887,False
60,58,0.1,wsr,False,,,,
60,58,0.1,hoeffding,False,,,,
60,58,0.1,mpeb,False,,,,
60,58,0.1,t,True,0.55,0.9843,0.058827,False
60,58,0.1,site_boot,True,0.55,0.9843,0.058827,False
60,59,0.05,wsr,False,,,,
60,59,0.05,hoeffding,False,,,,
60,59,0.05,mpeb,False,,,,
60,59,0.05,t,True,0.69,0.9436,0.042642,False
60,59,0.05,site_boot,True,0.69,0.9436,0.042642,False
60,59,0.1,wsr,False,,,,
60,59,0.1,hoeffding,False,,,,
60,59,0.1,mpeb,False,,,,
60,59,0.1,t,True,0.55,0.9859,0.057011,False
60,59,0.1,site_boot,True,0.55,0.9859,0.057011,False
60,60,0.05,wsr,False,,,,
60,60,0.05,hoeffding,False,,,,
60,60,0.05,mpeb,False,,,,
60,60,0.05,t,True,0.65,0.953,0.044694,False
60,60,0.05,site_boot,True,0.65,0.953,0.044694,False
60,60,0.1,wsr,False,,,,
60,60,0.1,hoeffding,False,,,,
60,60,0.1,mpeb,False,,,,
60,60,0.1,t,True,0.55,0.9854,0.055734,False
60,60,0.1,site_boot,True,0.55,0.9854,0.055734,False
60,61,0.05,wsr,False,,,,
60,61,0.05,hoeffding,False,,,,
60,61,0.05,mpeb,False,,,,
60,61,0.05,t,True,0.71,0.9263,0.037434,False
60,61,0.05,site_boot,True,0.71,0.9263,0.037434,False
60,61,0.1,wsr,False,,,,
60,61,0.1,hoeffding,False,,,,
60,61,0.1,mpeb,False,,,,
60,61,0.1,t,True,0.55,0.9839,0.05568,False
60,61,0.1,site_boot,True,0.55,0.9839,0.05568,False
60,62,0.05,wsr,False,,,,
60,62,0.05,hoeffding,False,,,,
60,62,0.05,mpeb,False,,,,
60,62,0.05,t,True,0.65,0.9485,0.045063,False
60,62,0.05,site_boot,True,0.65,0.9485,0.045063,False
60,62,0.1,wsr,False,,,,
60,62,0.1,hoeffding,False,,,,
60,62,0.1,mpeb,False,,,,
60,62,0.1,t,True,0.55,0.9837,0.05769,False
60,62,0.1,site_boot,True,0.55,0.9837,0.05769,False
60,63,0.05,wsr,False,,,,
60,63,0.05,hoeffding,False,,,,
60,63,0.05,mpeb,False,,,,
60,63,0.05,t,True,0.65,0.9534,0.04392,False
60,63,0.05,site_boot,True,0.65,0.9534,0.04392,False
60,63,0.1,wsr,False,,,,
60,63,0.1,hoeffding,False,,,,
60,63,0.1,mpeb,False,,,,
60,63,0.1,t,True,0.55,0.9852,0.056225,False
60,63,0.1,site_boot,True,0.55,0.9852,0.056225,False
60,64,0.05,wsr,False,,,,
60,64,0.05,hoeffding,False,,,,
60,64,0.05,mpeb,False,,,,
60,64,0.05,t,True,0.73,0.9183,0.036526,False
60,64,0.05,site_boot,True,0.73,0.9183,0.036526,False
60,64,0.1,wsr,False,,,,
60,64,0.1,hoeffding,False,,,,
60,64,0.1,mpeb,False,,,,
60,64,0.1,t,True,0.55,0.9839,0.057253,False
60,64,0.1,site_boot,True,0.55,0.9839,0.057253,False
60,65,0.05,wsr,False,,,,
60,65,0.05,hoeffding,False,,,,
60,65,0.05,mpeb,False,,,,
60,65,0.05,t,True,0.61,0.9639,0.049279,False
60,65,0.05,site_boot,True,0.63,0.9568,0.046894,False
60,65,0.1,wsr,False,,,,
60,65,0.1,hoeffding,False,,,,
60,65,0.1,mpeb,False,,,,
60,65,0.1,t,True,0.55,0.9843,0.056987,False
60,65,0.1,site_boot,True,0.55,0.9843,0.056987,False
60,66,0.05,wsr,False,,,,
60,66,0.05,hoeffding,False,,,,
60,66,0.05,mpeb,False,,,,
60,66,0.05,t,True,0.73,0.9277,0.03816,False
60,66,0.05,site_boot,True,0.73,0.9277,0.03816,False
60,66,0.1,wsr,False,,,,
60,66,0.1,hoeffding,False,,,,
60,66,0.1,mpeb,False,,,,
60,66,0.1,t,True,0.55,0.986,0.058171,False
60,66,0.1,site_boot,True,0.55,0.986,0.058171,False
60,67,0.05,wsr,False,,,,
60,67,0.05,hoeffding,False,,,,
60,67,0.05,mpeb,False,,,,
60,67,0.05,t,True,0.69,0.9372,0.042192,False
60,67,0.05,site_boot,True,0.69,0.9372,0.042192,False
60,67,0.1,wsr,False,,,,
60,67,0.1,hoeffding,False,,,,
60,67,0.1,mpeb,False,,,,
60,67,0.1,t,True,0.55,0.9851,0.05886,False
60,67,0.1,site_boot,True,0.55,0.9851,0.05886,False
60,68,0.05,wsr,False,,,,
60,68,0.05,hoeffding,False,,,,
60,68,0.05,mpeb,False,,,,
60,68,0.05,t,True,0.61,0.9647,0.050818,True
60,68,0.05,site_boot,True,0.61,0.9647,0.050818,True
60,68,0.1,wsr,False,,,,
60,68,0.1,hoeffding,False,,,,
60,68,0.1,mpeb,False,,,,
60,68,0.1,t,True,0.55,0.9847,0.058129,False
60,68,0.1,site_boot,True,0.55,0.9847,0.058129,False
60,69,0.05,wsr,False,,,,
60,69,0.05,hoeffding,False,,,,
60,69,0.05,mpeb,False,,,,
60,69,0.05,t,True,0.61,0.9623,0.051495,True
60,69,0.05,site_boot,True,0.61,0.9623,0.051495,True
60,69,0.1,wsr,False,,,,
60,69,0.1,hoeffding,False,,,,
60,69,0.1,mpeb,False,,,,
60,69,0.1,t,True,0.55,0.9835,0.059676,False
60,69,0.1,site_boot,True,0.55,0.9835,0.059676,False
60,70,0.05,wsr,False,,,,
60,70,0.05,hoeffding,False,,,,
60,70,0.05,mpeb,False,,,,
60,70,0.05,t,True,0.65,0.9486,0.04731,False
60,70,0.05,site_boot,True,0.65,0.9486,0.04731,False
60,70,0.1,wsr,False,,,,
60,70,0.1,hoeffding,False,,,,
60,70,0.1,mpeb,False,,,,
60,70,0.1,t,True,0.55,0.9838,0.059237,False
60,70,0.1,site_boot,True,0.55,0.9838,0.059237,False
60,71,0.05,wsr,False,,,,
60,71,0.05,hoeffding,False,,,,
60,71,0.05,mpeb,False,,,,
60,71,0.05,t,True,0.65,0.9534,0.047206,False
60,71,0.05,site_boot,True,0.65,0.9534,0.047206,False
60,71,0.1,wsr,False,,,,
60,71,0.1,hoeffding,False,,,,
60,71,0.1,mpeb,False,,,,
60,71,0.1,t,True,0.55,0.9851,0.059156,False
60,71,0.1,site_boot,True,0.55,0.9851,0.059156,False
60,72,0.05,wsr,False,,,,
60,72,0.05,hoeffding,False,,,,
60,72,0.05,mpeb,False,,,,
60,72,0.05,t,True,0.71,0.93,0.04002,False
60,72,0.05,site_boot,True,0.71,0.93,0.04002,False
60,72,0.1,wsr,False,,,,
60,72,0.1,hoeffding,False,,,,
60,72,0.1,mpeb,False,,,,
60,72,0.1,t,True,0.55,0.9845,0.058611,False
60,72,0.1,site_boot,True,0.55,0.9845,0.058611,False
60,73,0.05,wsr,False,,,,
60,73,0.05,hoeffding,False,,,,
60,73,0.05,mpeb,False,,,,
60,73,0.05,t,True,0.67,0.9382,0.042076,False
60,73,0.05,site_boot,True,0.67,0.9382,0.042076,False
60,73,0.1,wsr,False,,,,
60,73,0.1,hoeffding,False,,,,
60,73,0.1,mpeb,False,,,,
60,73,0.1,t,True,0.55,0.9829,0.057478,False
60,73,0.1,site_boot,True,0.55,0.9829,0.057478,False
60,74,0.05,wsr,False,,,,
60,74,0.05,hoeffding,False,,,,
60,74,0.05,mpeb,False,,,,
60,74,0.05,t,True,0.63,0.96,0.047463,False
60,74,0.05,site_boot,True,0.63,0.96,0.047463,False
60,74,0.1,wsr,False,,,,
60,74,0.1,hoeffding,False,,,,
60,74,0.1,mpeb,False,,,,
60,74,0.1,t,True,0.55,0.9854,0.056878,False
60,74,0.1,site_boot,True,0.55,0.9854,0.056878,False
60,75,0.05,wsr,False,,,,
60,75,0.05,hoeffding,False,,,,
60,75,0.05,mpeb,False,,,,
60,75,0.05,t,True,0.61,0.9644,0.049959,False
60,75,0.05,site_boot,True,0.61,0.9644,0.049959,False
60,75,0.1,wsr,False,,,,
60,75,0.1,hoeffding,False,,,,
60,75,0.1,mpeb,False,,,,
60,75,0.1,t,True,0.55,0.9845,0.057203,False
60,75,0.1,site_boot,True,0.55,0.9845,0.057203,False
60,76,0.05,wsr,False,,,,
60,76,0.05,hoeffding,False,,,,
60,76,0.05,mpeb,False,,,,
60,76,0.05,t,True,0.67,0.9463,0.042772,False
60,76,0.05,site_boot,True,0.65,0.9531,0.04505,False
60,76,0.1,wsr,False,,,,
60,76,0.1,hoeffding,False,,,,
60,76,0.1,mpeb,False,,,,
60,76,0.1,t,True,0.55,0.9854,0.056623,False
60,76,0.1,site_boot,True,0.55,0.9854,0.056623,False
60,77,0.05,wsr,False,,,,
60,77,0.05,hoeffding,False,,,,
60,77,0.05,mpeb,False,,,,
60,77,0.05,t,True,0.65,0.9469,0.044013,False
60,77,0.05,site_boot,True,0.65,0.9469,0.044013,False
60,77,0.1,wsr,False,,,,
60,77,0.1,hoeffding,False,,,,
60,77,0.1,mpeb,False,,,,
60,77,0.1,t,True,0.55,0.9829,0.056839,False
60,77,0.1,site_boot,True,0.55,0.9829,0.056839,False
60,78,0.05,wsr,False,,,,
60,78,0.05,hoeffding,False,,,,
60,78,0.05,mpeb,False,,,,
60,78,0.05,t,True,0.75,0.9203,0.033169,False
60,78,0.05,site_boot,True,0.75,0.9203,0.033169,False
60,78,0.1,wsr,False,,,,
60,78,0.1,hoeffding,False,,,,
60,78,0.1,mpeb,False,,,,
60,78,0.1,t,True,0.55,0.9861,0.053222,False
60,78,0.1,site_boot,True,0.55,0.9861,0.053222,False
60,79,0.05,wsr,False,,,,
60,79,0.05,hoeffding,False,,,,
60,79,0.05,mpeb,False,,,,
60,79,0.05,t,True,0.65,0.9537,0.046596,False
60,79,0.05,site_boot,True,0.65,0.9537,0.046596,False
60,79,0.1,wsr,False,,,,
60,79,0.1,hoeffding,False,,,,
60,79,0.1,mpeb,False,,,,
60,79,0.1,t,True,0.55,0.9852,0.056934,False
60,79,0.1,site_boot,True,0.55,0.9852,0.056934,False
60,80,0.05,wsr,False,,,,
60,80,0.05,hoeffding,False,,,,
60,80,0.05,mpeb,False,,,,
60,80,0.05,t,True,0.69,0.9285,0.041048,False
60,80,0.05,site_boot,True,0.69,0.9285,0.041048,False
60,80,0.1,wsr,False,,,,
60,80,0.1,hoeffding,False,,,,
60,80,0.1,mpeb,False,,,,
60,80,0.1,t,True,0.55,0.9824,0.058301,False
60,80,0.1,site_boot,True,0.55,0.9824,0.058301,False
60,81,0.05,wsr,False,,,,
60,81,0.05,hoeffding,False,,,,
60,81,0.05,mpeb,False,,,,
60,81,0.05,t,True,0.63,0.9578,0.048153,False
60,81,0.05,site_boot,True,0.63,0.9578,0.048153,False
60,81,0.1,wsr,False,,,,
60,81,0.1,hoeffding,False,,,,
60,81,0.1,mpeb,False,,,,
60,81,0.1,t,True,0.55,0.9838,0.057172,False
60,81,0.1,site_boot,True,0.55,0.9838,0.057172,False
60,82,0.05,wsr,False,,,,
60,82,0.05,hoeffding,False,,,,
60,82,0.05,mpeb,False,,,,
60,82,0.05,t,True,0.69,0.935,0.042782,False
60,82,0.05,site_boot,True,0.67,0.943,0.045279,False
60,82,0.1,wsr,False,,,,
60,82,0.1,hoeffding,False,,,,
60,82,0.1,mpeb,False,,,,
60,82,0.1,t,True,0.55,0.9844,0.059329,False
60,82,0.1,site_boot,True,0.55,0.9844,0.059329,False
60,83,0.05,wsr,False,,,,
60,83,0.05,hoeffding,False,,,,
60,83,0.05,mpeb,False,,,,
60,83,0.05,t,True,0.75,0.9248,0.038648,False
60,83,0.05,site_boot,True,0.75,0.9248,0.038648,False
60,83,0.1,wsr,False,,,,
60,83,0.1,hoeffding,False,,,,
60,83,0.1,mpeb,False,,,,
60,83,0.1,t,True,0.55,0.9874,0.058771,False
60,83,0.1,site_boot,True,0.55,0.9874,0.058771,False
60,84,0.05,wsr,False,,,,
60,84,0.05,hoeffding,False,,,,
60,84,0.05,mpeb,False,,,,
60,84,0.05,t,True,0.79,0.8999,0.032732,False
60,84,0.05,site_boot,True,0.77,0.9094,0.034788,False
60,84,0.1,wsr,False,,,,
60,84,0.1,hoeffding,False,,,,
60,84,0.1,mpeb,False,,,,
60,84,0.1,t,True,0.55,0.986,0.058105,False
60,84,0.1,site_boot,True,0.55,0.986,0.058105,False
60,85,0.05,wsr,False,,,,
60,85,0.05,hoeffding,False,,,,
60,85,0.05,mpeb,False,,,,
60,85,0.05,t,True,0.61,0.9661,0.052372,True
60,85,0.05,site_boot,True,0.61,0.9661,0.052372,True
60,85,0.1,wsr,False,,,,
60,85,0.1,hoeffding,False,,,,
60,85,0.1,mpeb,False,,,,
60,85,0.1,t,True,0.55,0.9849,0.058685,False
60,85,0.1,site_boot,True,0.55,0.9849,0.058685,False
60,86,0.05,wsr,False,,,,
60,86,0.05,hoeffding,False,,,,
60,86,0.05,mpeb,False,,,,
60,86,0.05,t,True,0.67,0.9368,0.046102,False
60,86,0.05,site_boot,True,0.67,0.9368,0.046102,False
60,86,0.1,wsr,False,,,,
60,86,0.1,hoeffding,False,,,,
60,86,0.1,mpeb,False,,,,
60,86,0.1,t,True,0.55,0.9825,0.06159,False
60,86,0.1,site_boot,True,0.55,0.9825,0.06159,False
60,87,0.05,wsr,False,,,,
60,87,0.05,hoeffding,False,,,,
60,87,0.05,mpeb,False,,,,
60,87,0.05,t,True,0.63,0.9604,0.050174,True
60,87,0.05,site_boot,True,0.63,0.9604,0.050174,True
60,87,0.1,wsr,False,,,,
60,87,0.1,hoeffding,False,,,,
60,87,0.1,mpeb,False,,,,
60,87,0.1,t,True,0.55,0.9852,0.059473,False
60,87,0.1,site_boot,True,0.55,0.9852,0.059473,False
60,88,0.05,wsr,False,,,,
60,88,0.05,hoeffding,False,,,,
60,88,0.05,mpeb,False,,,,
60,88,0.05,t,True,0.73,0.9215,0.036335,False
60,88,0.05,site_boot,True,0.73,0.9215,0.036335,False
60,88,0.1,wsr,False,,,,
60,88,0.1,hoeffding,False,,,,
60,88,0.1,mpeb,False,,,,
60,88,0.1,t,True,0.55,0.9851,0.057746,False
60,88,0.1,site_boot,True,0.55,0.9851,0.057746,False
60,89,0.05,wsr,False,,,,
60,89,0.05,hoeffding,False,,,,
60,89,0.05,mpeb,False,,,,
60,89,0.05,t,True,0.81,0.9016,0.032878,False
60,89,0.05,site_boot,True,0.81,0.9016,0.032878,False
60,89,0.1,wsr,False,,,,
60,89,0.1,hoeffding,False,,,,
60,89,0.1,mpeb,False,,,,
60,89,0.1,t,True,0.55,0.987,0.058884,False
60,89,0.1,site_boot,True,0.55,0.987,0.058884,False
60,90,0.05,wsr,False,,,,
60,90,0.05,hoeffding,False,,,,
60,90,0.05,mpeb,False,,,,
60,90,0.05,t,True,0.71,0.9292,0.037926,False
60,90,0.05,site_boot,True,0.71,0.9292,0.037926,False
60,90,0.1,wsr,False,,,,
60,90,0.1,hoeffding,False,,,,
60,90,0.1,mpeb,False,,,,
60,90,0.1,t,True,0.55,0.9846,0.056066,False
60,90,0.1,site_boot,True,0.55,0.9846,0.056066,False
60,91,0.05,wsr,False,,,,
60,91,0.05,hoeffding,False,,,,
60,91,0.05,mpeb,False,,,,
60,91,0.05,t,True,0.67,0.9421,0.042035,False
60,91,0.05,site_boot,True,0.67,0.9421,0.042035,False
60,91,0.1,wsr,False,,,,
60,91,0.1,hoeffding,False,,,,
60,91,0.1,mpeb,False,,,,
60,91,0.1,t,True,0.55,0.9844,0.056531,False
60,91,0.1,site_boot,True,0.55,0.9844,0.056531,False
60,92,0.05,wsr,False,,,,
60,92,0.05,hoeffding,False,,,,
60,92,0.05,mpeb,False,,,,
60,92,0.05,t,True,0.77,0.9183,0.036946,False
60,92,0.05,site_boot,True,0.77,0.9183,0.036946,False
60,92,0.1,wsr,False,,,,
60,92,0.1,hoeffding,False,,,,
60,92,0.1,mpeb,False,,,,
60,92,0.1,t,True,0.55,0.9869,0.059288,False
60,92,0.1,site_boot,True,0.55,0.9869,0.059288,False
60,93,0.05,wsr,False,,,,
60,93,0.05,hoeffding,False,,,,
60,93,0.05,mpeb,False,,,,
60,93,0.05,t,True,0.61,0.9677,0.054601,True
60,93,0.05,site_boot,True,0.61,0.9677,0.054601,True
60,93,0.1,wsr,False,,,,
60,93,0.1,hoeffding,False,,,,
60,93,0.1,mpeb,False,,,,
60,93,0.1,t,True,0.55,0.9854,0.060959,False
60,93,0.1,site_boot,True,0.55,0.9854,0.060959,False
60,94,0.05,wsr,False,,,,
60,94,0.05,hoeffding,False,,,,
60,94,0.05,mpeb,False,,,,
60,94,0.05,t,True,0.69,0.9426,0.044831,False
60,94,0.05,site_boot,True,0.69,0.9426,0.044831,False
60,94,0.1,wsr,False,,,,
60,94,0.1,hoeffding,False,,,,
60,94,0.1,mpeb,False,,,,
60,94,0.1,t,True,0.55,0.9858,0.060632,False
60,94,0.1,site_boot,True,0.55,0.9858,0.060632,False
60,95,0.05,wsr,False,,,,
60,95,0.05,hoeffding,False,,,,
60,95,0.05,mpeb,False,,,,
60,95,0.05,t,True,0.75,0.9152,0.034427,False
60,95,0.05,site_boot,True,0.75,0.9152,0.034427,False
60,95,0.1,wsr,False,,,,
60,95,0.1,hoeffding,False,,,,
60,95,0.1,mpeb,False,,,,
60,95,0.1,t,True,0.55,0.985,0.056721,False
60,95,0.1,site_boot,True,0.55,0.985,0.056721,False
60,96,0.05,wsr,False,,,,
60,96,0.05,hoeffding,False,,,,
60,96,0.05,mpeb,False,,,,
60,96,0.05,t,True,0.71,0.9427,0.046449,False
60,96,0.05,site_boot,True,0.71,0.9427,0.046449,False
60,96,0.1,wsr,False,,,,
60,96,0.1,hoeffding,False,,,,
60,96,0.1,mpeb,False,,,,
60,96,0.1,t,True,0.55,0.9877,0.062303,False
60,96,0.1,site_boot,True,0.55,0.9877,0.062303,False
60,97,0.05,wsr,False,,,,
60,97,0.05,hoeffding,False,,,,
60,97,0.05,mpeb,False,,,,
60,97,0.05,t,True,0.61,0.9684,0.05285,True
60,97,0.05,site_boot,True,0.61,0.9684,0.05285,True
60,97,0.1,wsr,False,,,,
60,97,0.1,hoeffding,False,,,,
60,97,0.1,mpeb,False,,,,
60,97,0.1,t,True,0.55,0.9859,0.05914,False
60,97,0.1,site_boot,True,0.55,0.9859,0.05914,False
60,98,0.05,wsr,False,,,,
60,98,0.05,hoeffding,False,,,,
60,98,0.05,mpeb,False,,,,
60,98,0.05,t,True,0.75,0.9229,0.035459,False
60,98,0.05,site_boot,True,0.75,0.9229,0.035459,False
60,98,0.1,wsr,False,,,,
60,98,0.1,hoeffding,False,,,,
60,98,0.1,mpeb,False,,,,
60,98,0.1,t,True,0.55,0.9859,0.055903,False
60,98,0.1,site_boot,True,0.55,0.9859,0.055903,False
60,99,0.05,wsr,False,,,,
60,99,0.05,hoeffding,False,,,,
60,99,0.05,mpeb,False,,,,
60,99,0.05,t,True,0.63,0.9569,0.048484,False
60,99,0.05,site_boot,True,0.63,0.9569,0.048484,False
60,99,0.1,wsr,False,,,,
60,99,0.1,hoeffding,False,,,,
60,99,0.1,mpeb,False,,,,
60,99,0.1,t,True,0.55,0.9839,0.058384,False
60,99,0.1,site_boot,True,0.55,0.9839,0.058384,False
60,100,0.05,wsr,False,,,,
60,100,0.05,hoeffding,False,,,,
60,100,0.05,mpeb,False,,,,
60,100,0.05,t,True,0.75,0.9154,0.034341,False
60,100,0.05,site_boot,True,0.75,0.9154,0.034341,False
60,100,0.1,wsr,False,,,,
60,100,0.1,hoeffding,False,,,,
60,100,0.1,mpeb,False,,,,
60,100,0.1,t,True,0.55,0.9852,0.055256,False
60,100,0.1,site_boot,True,0.55,0.9852,0.055256,False
60,101,0.05,wsr,False,,,,
60,101,0.05,hoeffding,False,,,,
60,101,0.05,mpeb,False,,,,
60,101,0.05,t,True,0.63,0.9585,0.048653,False
60,101,0.05,site_boot,True,0.63,0.9585,0.048653,False
60,101,0.1,wsr,False,,,,
60,101,0.1,hoeffding,False,,,,
60,101,0.1,mpeb,False,,,,
60,101,0.1,t,True,0.55,0.9842,0.058045,False
60,101,0.1,site_boot,True,0.55,0.9842,0.058045,False
60,102,0.05,wsr,False,,,,
60,102,0.05,hoeffding,False,,,,
60,102,0.05,mpeb,False,,,,
60,102,0.05,t,True,0.71,0.9239,0.037508,False
60,102,0.05,site_boot,True,0.71,0.9239,0.037508,False
60,102,0.1,wsr,False,,,,
60,102,0.1,hoeffding,False,,,,
60,102,0.1,mpeb,False,,,,
60,102,0.1,t,True,0.55,0.9835,0.057784,False
60,102,0.1,site_boot,True,0.55,0.9835,0.057784,False
60,103,0.05,wsr,False,,,,
60,103,0.05,hoeffding,False,,,,
60,103,0.05,mpeb,False,,,,
60,103,0.05,t,True,0.71,0.9212,0.037235,False
60,103,0.05,site_boot,True,0.69,0.9301,0.039916,False
60,103,0.1,wsr,False,,,,
60,103,0.1,hoeffding,False,,,,
60,103,0.1,mpeb,False,,,,
60,103,0.1,t,True,0.55,0.9828,0.056937,False
60,103,0.1,site_boot,True,0.55,0.9828,0.056937,False
60,104,0.05,wsr,False,,,,
60,104,0.05,hoeffding,False,,,,
60,104,0.05,mpeb,False,,,,
60,104,0.05,t,True,0.69,0.935,0.042511,False
60,104,0.05,site_boot,True,0.69,0.935,0.042511,False
60,104,0.1,wsr,False,,,,
60,104,0.1,hoeffding,False,,,,
60,104,0.1,mpeb,False,,,,
60,104,0.1,t,True,0.55,0.9841,0.059052,False
60,104,0.1,site_boot,True,0.55,0.9841,0.059052,False
60,105,0.05,wsr,False,,,,
60,105,0.05,hoeffding,False,,,,
60,105,0.05,mpeb,False,,,,
60,105,0.05,t,True,0.71,0.9354,0.037158,False
60,105,0.05,site_boot,True,0.71,0.9354,0.037158,False
60,105,0.1,wsr,False,,,,
60,105,0.1,hoeffding,False,,,,
60,105,0.1,mpeb,False,,,,
60,105,0.1,t,True,0.55,0.9862,0.054627,False
60,105,0.1,site_boot,True,0.55,0.9862,0.054627,False
60,106,0.05,wsr,False,,,,
60,106,0.05,hoeffding,False,,,,
60,106,0.05,mpeb,False,,,,
60,106,0.05,t,True,0.67,0.946,0.043926,False
60,106,0.05,site_boot,True,0.67,0.946,0.043926,False
60,106,0.1,wsr,False,,,,
60,106,0.1,hoeffding,False,,,,
60,106,0.1,mpeb,False,,,,
60,106,0.1,t,True,0.55,0.9853,0.058785,False
60,106,0.1,site_boot,True,0.55,0.9853,0.058785,False
60,107,0.05,wsr,False,,,,
60,107,0.05,hoeffding,False,,,,
60,107,0.05,mpeb,False,,,,
60,107,0.05,t,True,0.73,0.9092,0.033087,False
60,107,0.05,site_boot,True,0.73,0.9092,0.033087,False
60,107,0.1,wsr,False,,,,
60,107,0.1,hoeffding,False,,,,
60,107,0.1,mpeb,False,,,,
60,107,0.1,t,True,0.55,0.9819,0.055574,False
60,107,0.1,site_boot,True,0.55,0.9819,0.055574,False
60,108,0.05,wsr,False,,,,
60,108,0.05,hoeffding,False,,,,
60,108,0.05,mpeb,False,,,,
60,108,0.05,t,True,0.65,0.958,0.046545,False
60,108,0.05,site_boot,True,0.63,0.964,0.048695,False
60,108,0.1,wsr,False,,,,
60,108,0.1,hoeffding,False,,,,
60,108,0.1,mpeb,False,,,,
60,108,0.1,t,True,0.55,0.9869,0.056735,False
60,108,0.1,site_boot,True,0.55,0.9869,0.056735,False
60,109,0.05,wsr,False,,,,
60,109,0.05,hoeffding,False,,,,
60,109,0.05,mpeb,False,,,,
60,109,0.05,t,True,0.65,0.9567,0.047302,False
60,109,0.05,site_boot,True,0.65,0.9567,0.047302,False
60,109,0.1,wsr,False,,,,
60,109,0.1,hoeffding,False,,,,
60,109,0.1,mpeb,False,,,,
60,109,0.1,t,True,0.55,0.9865,0.058157,False
60,109,0.1,site_boot,True,0.55,0.9865,0.058157,False
60,110,0.05,wsr,False,,,,
60,110,0.05,hoeffding,False,,,,
60,110,0.05,mpeb,False,,,,
60,110,0.05,t,True,0.73,0.9317,0.038931,False
60,110,0.05,site_boot,True,0.73,0.9317,0.038931,False
60,110,0.1,wsr,False,,,,
60,110,0.1,hoeffding,False,,,,
60,110,0.1,mpeb,False,,,,
60,110,0.1,t,True,0.55,0.9866,0.056932,False
60,110,0.1,site_boot,True,0.55,0.9866,0.056932,False
60,111,0.05,wsr,False,,,,
60,111,0.05,hoeffding,False,,,,
60,111,0.05,mpeb,False,,,,
60,111,0.05,t,True,0.67,0.9528,0.045774,False
60,111,0.05,site_boot,True,0.67,0.9528,0.045774,False
60,111,0.1,wsr,False,,,,
60,111,0.1,hoeffding,False,,,,
60,111,0.1,mpeb,False,,,,
60,111,0.1,t,True,0.55,0.9864,0.05783,False
60,111,0.1,site_boot,True,0.55,0.9864,0.05783,False
60,112,0.05,wsr,False,,,,
60,112,0.05,hoeffding,False,,,,
60,112,0.05,mpeb,False,,,,
60,112,0.05,t,True,0.69,0.9353,0.042687,False
60,112,0.05,site_boot,True,0.69,0.9353,0.042687,False
60,112,0.1,wsr,False,,,,
60,112,0.1,hoeffding,False,,,,
60,112,0.1,mpeb,False,,,,
60,112,0.1,t,True,0.55,0.9836,0.058915,False
60,112,0.1,site_boot,True,0.55,0.9836,0.058915,False
60,113,0.05,wsr,False,,,,
60,113,0.05,hoeffding,False,,,,
60,113,0.05,mpeb,False,,,,
60,113,0.05,t,True,0.63,0.9552,0.047688,False
60,113,0.05,site_boot,True,0.63,0.9552,0.047688,False
60,113,0.1,wsr,False,,,,
60,113,0.1,hoeffding,False,,,,
60,113,0.1,mpeb,False,,,,
60,113,0.1,t,True,0.55,0.9834,0.058388,False
60,113,0.1,site_boot,True,0.55,0.9834,0.058388,False
60,114,0.05,wsr,False,,,,
60,114,0.05,hoeffding,False,,,,
60,114,0.05,mpeb,False,,,,
60,114,0.05,t,True,0.69,0.9407,0.041598,False
60,114,0.05,site_boot,True,0.69,0.9407,0.041598,False
60,114,0.1,wsr,False,,,,
60,114,0.1,hoeffding,False,,,,
60,114,0.1,mpeb,False,,,,
60,114,0.1,t,True,0.55,0.9848,0.057058,False
60,114,0.1,site_boot,True,0.55,0.9848,0.057058,False
60,115,0.05,wsr,False,,,,
60,115,0.05,hoeffding,False,,,,
60,115,0.05,mpeb,False,,,,
60,115,0.05,t,True,0.75,0.9104,0.034851,False
60,115,0.05,site_boot,True,0.75,0.9104,0.034851,False
60,115,0.1,wsr,False,,,,
60,115,0.1,hoeffding,False,,,,
60,115,0.1,mpeb,False,,,,
60,115,0.1,t,True,0.55,0.9845,0.058729,False
60,115,0.1,site_boot,True,0.55,0.9845,0.058729,False
60,116,0.05,wsr,False,,,,
60,116,0.05,hoeffding,False,,,,
60,116,0.05,mpeb,False,,,,
60,116,0.05,t,True,0.75,0.9253,0.035514,False
60,116,0.05,site_boot,True,0.75,0.9253,0.035514,False
60,116,0.1,wsr,False,,,,
60,116,0.1,hoeffding,False,,,,
60,116,0.1,mpeb,False,,,,
60,116,0.1,t,True,0.55,0.9875,0.055361,False
60,116,0.1,site_boot,True,0.55,0.9875,0.055361,False
60,117,0.05,wsr,False,,,,
60,117,0.05,hoeffding,False,,,,
60,117,0.05,mpeb,False,,,,
60,117,0.05,t,True,0.69,0.9339,0.040045,False
60,117,0.05,site_boot,True,0.69,0.9339,0.040045,False
60,117,0.1,wsr,False,,,,
60,117,0.1,hoeffding,False,,,,
60,117,0.1,mpeb,False,,,,
60,117,0.1,t,True,0.55,0.9842,0.05598,False
60,117,0.1,site_boot,True,0.55,0.9842,0.05598,False
60,118,0.05,wsr,False,,,,
60,118,0.05,hoeffding,False,,,,
60,118,0.05,mpeb,False,,,,
60,118,0.05,t,True,0.67,0.9482,0.043696,False
60,118,0.05,site_boot,True,0.67,0.9482,0.043696,False
60,118,0.1,wsr,False,,,,
60,118,0.1,hoeffding,False,,,,
60,118,0.1,mpeb,False,,,,
60,118,0.1,t,True,0.55,0.9858,0.057361,False
60,118,0.1,site_boot,True,0.55,0.9858,0.057361,False
60,119,0.05,wsr,False,,,,
60,119,0.05,hoeffding,False,,,,
60,119,0.05,mpeb,False,,,,
60,119,0.05,t,True,0.71,0.9243,0.035602,False
60,119,0.05,site_boot,True,0.71,0.9243,0.035602,False
60,119,0.1,wsr,False,,,,
60,119,0.1,hoeffding,False,,,,
60,119,0.1,mpeb,False,,,,
60,119,0.1,t,True,0.55,0.9833,0.055516,False
60,119,0.1,site_boot,True,0.55,0.9833,0.055516,False
60,120,0.05,wsr,False,,,,
60,120,0.05,hoeffding,False,,,,
60,120,0.05,mpeb,False,,,,
60,120,0.05,t,True,0.71,0.9338,0.040136,False
60,120,0.05,site_boot,True,0.71,0.9338,0.040136,False
60,120,0.1,wsr,False,,,,
60,120,0.1,hoeffding,False,,,,
60,120,0.1,mpeb,False,,,,
60,120,0.1,t,True,0.55,0.9854,0.057344,False
60,120,0.1,site_boot,True,0.55,0.9854,0.057344,False
60,121,0.05,wsr,False,,,,
60,121,0.05,hoeffding,False,,,,
60,121,0.05,mpeb,False,,,,
60,121,0.05,t,True,0.73,0.925,0.039605,False
60,121,0.05,site_boot,True,0.71,0.9329,0.041623,False
60,121,0.1,wsr,False,,,,
60,121,0.1,hoeffding,False,,,,
60,121,0.1,mpeb,False,,,,
60,121,0.1,t,True,0.55,0.9855,0.059289,False
60,121,0.1,site_boot,True,0.55,0.9855,0.059289,False
60,122,0.05,wsr,False,,,,
60,122,0.05,hoeffding,False,,,,
60,122,0.05,mpeb,False,,,,
60,122,0.05,t,True,0.71,0.9314,0.038075,False
60,122,0.05,site_boot,True,0.71,0.9314,0.038075,False
60,122,0.1,wsr,False,,,,
60,122,0.1,hoeffding,False,,,,
60,122,0.1,mpeb,False,,,,
60,122,0.1,t,True,0.55,0.9851,0.054941,False
60,122,0.1,site_boot,True,0.55,0.9851,0.054941,False
60,123,0.05,wsr,False,,,,
60,123,0.05,hoeffding,False,,,,
60,123,0.05,mpeb,False,,,,
60,123,0.05,t,True,0.71,0.9312,0.039409,False
60,123,0.05,site_boot,True,0.71,0.9312,0.039409,False
60,123,0.1,wsr,False,,,,
60,123,0.1,hoeffding,False,,,,
60,123,0.1,mpeb,False,,,,
60,123,0.1,t,True,0.55,0.985,0.057376,False
60,123,0.1,site_boot,True,0.55,0.985,0.057376,False
60,124,0.05,wsr,False,,,,
60,124,0.05,hoeffding,False,,,,
60,124,0.05,mpeb,False,,,,
60,124,0.05,t,True,0.73,0.9299,0.041637,False
60,124,0.05,site_boot,True,0.71,0.9368,0.043297,False
60,124,0.1,wsr,False,,,,
60,124,0.1,hoeffding,False,,,,
60,124,0.1,mpeb,False,,,,
60,124,0.1,t,True,0.55,0.9863,0.06111,False
60,124,0.1,site_boot,True,0.55,0.9863,0.06111,False
60,125,0.05,wsr,False,,,,
60,125,0.05,hoeffding,False,,,,
60,125,0.05,mpeb,False,,,,
60,125,0.05,t,True,0.67,0.9408,0.044385,False
60,125,0.05,site_boot,True,0.65,0.9485,0.046641,False
60,125,0.1,wsr,False,,,,
60,125,0.1,hoeffding,False,,,,
60,125,0.1,mpeb,False,,,,
60,125,0.1,t,True,0.55,0.9828,0.058432,False
60,125,0.1,site_boot,True,0.55,0.9828,0.058432,False
60,126,0.05,wsr,False,,,,
60,126,0.05,hoeffding,False,,,,
60,126,0.05,mpeb,False,,,,
60,126,0.05,t,True,0.65,0.9506,0.047275,False
60,126,0.05,site_boot,True,0.65,0.9506,0.047275,False
60,126,0.1,wsr,False,,,,
60,126,0.1,hoeffding,False,,,,
60,126,0.1,mpeb,False,,,,
60,126,0.1,t,True,0.55,0.984,0.058487,False
60,126,0.1,site_boot,True,0.55,0.984,0.058487,False
60,127,0.05,wsr,False,,,,
60,127,0.05,hoeffding,False,,,,
60,127,0.05,mpeb,False,,,,
60,127,0.05,t,True,0.67,0.9391,0.045241,False
60,127,0.05,site_boot,True,0.67,0.9391,0.045241,False
60,127,0.1,wsr,False,,,,
60,127,0.1,hoeffding,False,,,,
60,127,0.1,mpeb,False,,,,
60,127,0.1,t,True,0.55,0.9829,0.059955,False
60,127,0.1,site_boot,True,0.55,0.9829,0.059955,False
60,128,0.05,wsr,False,,,,
60,128,0.05,hoeffding,False,,,,
60,128,0.05,mpeb,False,,,,
60,128,0.05,t,True,0.65,0.9509,0.045995,False
60,128,0.05,site_boot,True,0.65,0.9509,0.045995,False
60,128,0.1,wsr,False,,,,
60,128,0.1,hoeffding,False,,,,
60,128,0.1,mpeb,False,,,,
60,128,0.1,t,True,0.55,0.9844,0.057956,False
60,128,0.1,site_boot,True,0.55,0.9844,0.057956,False
60,129,0.05,wsr,False,,,,
60,129,0.05,hoeffding,False,,,,
60,129,0.05,mpeb,False,,,,
60,129,0.05,t,True,0.71,0.9348,0.041599,False
60,129,0.05,site_boot,True,0.71,0.9348,0.041599,False
60,129,0.1,wsr,False,,,,
60,129,0.1,hoeffding,False,,,,
60,129,0.1,mpeb,False,,,,
60,129,0.1,t,True,0.55,0.9857,0.058397,False
60,129,0.1,site_boot,True,0.55,0.9857,0.058397,False
60,130,0.05,wsr,False,,,,
60,130,0.05,hoeffding,False,,,,
60,130,0.05,mpeb,False,,,,
60,130,0.05,t,True,0.79,0.8927,0.030883,False
60,130,0.05,site_boot,True,0.79,0.8927,0.030883,False
60,130,0.1,wsr,False,,,,
60,130,0.1,hoeffding,False,,,,
60,130,0.1,mpeb,False,,,,
60,130,0.1,t,True,0.55,0.9849,0.057326,False
60,130,0.1,site_boot,True,0.55,0.9849,0.057326,False
60,131,0.05,wsr,False,,,,
60,131,0.05,hoeffding,False,,,,
60,131,0.05,mpeb,False,,,,
60,131,0.05,t,True,0.69,0.9446,0.043127,False
60,131,0.05,site_boot,True,0.69,0.9446,0.043127,False
60,131,0.1,wsr,False,,,,
60,131,0.1,hoeffding,False,,,,
60,131,0.1,mpeb,False,,,,
60,131,0.1,t,True,0.55,0.9867,0.057971,False
60,131,0.1,site_boot,True,0.55,0.9867,0.057971,False
60,132,0.05,wsr,False,,,,
60,132,0.05,hoeffding,False,,,,
60,132,0.05,mpeb,False,,,,
60,132,0.05,t,True,0.63,0.9584,0.048381,False
60,132,0.05,site_boot,True,0.63,0.9584,0.048381,False
60,132,0.1,wsr,False,,,,
60,132,0.1,hoeffding,False,,,,
60,132,0.1,mpeb,False,,,,
60,132,0.1,t,True,0.55,0.9845,0.05867,False
60,132,0.1,site_boot,True,0.55,0.9845,0.05867,False
60,133,0.05,wsr,False,,,,
60,133,0.05,hoeffding,False,,,,
60,133,0.05,mpeb,False,,,,
60,133,0.05,t,True,0.69,0.9309,0.039735,False
60,133,0.05,site_boot,True,0.69,0.9309,0.039735,False
60,133,0.1,wsr,False,,,,
60,133,0.1,hoeffding,False,,,,
60,133,0.1,mpeb,False,,,,
60,133,0.1,t,True,0.55,0.9837,0.057102,False
60,133,0.1,site_boot,True,0.55,0.9837,0.057102,False
60,134,0.05,wsr,False,,,,
60,134,0.05,hoeffding,False,,,,
60,134,0.05,mpeb,False,,,,
60,134,0.05,t,True,0.69,0.9346,0.039542,False
60,134,0.05,site_boot,True,0.69,0.9346,0.039542,False
60,134,0.1,wsr,False,,,,
60,134,0.1,hoeffding,False,,,,
60,134,0.1,mpeb,False,,,,
60,134,0.1,t,True,0.55,0.984,0.055523,False
60,134,0.1,site_boot,True,0.55,0.984,0.055523,False
60,135,0.05,wsr,False,,,,
60,135,0.05,hoeffding,False,,,,
60,135,0.05,mpeb,False,,,,
60,135,0.05,t,True,0.67,0.9412,0.040923,False
60,135,0.05,site_boot,True,0.65,0.9491,0.043329,False
60,135,0.1,wsr,False,,,,
60,135,0.1,hoeffding,False,,,,
60,135,0.1,mpeb,False,,,,
60,135,0.1,t,True,0.55,0.9837,0.056105,False
60,135,0.1,site_boot,True,0.55,0.9837,0.056105,False
60,136,0.05,wsr,False,,,,
60,136,0.05,hoeffding,False,,,,
60,136,0.05,mpeb,False,,,,
60,136,0.05,t,True,0.59,0.9737,0.051779,True
60,136,0.05,site_boot,True,0.59,0.9737,0.051779,True
60,136,0.1,wsr,False,,,,
60,136,0.1,hoeffding,False,,,,
60,136,0.1,mpeb,False,,,,
60,136,0.1,t,True,0.55,0.9857,0.056417,False
60,136,0.1,site_boot,True,0.55,0.9857,0.056417,False
60,137,0.05,wsr,False,,,,
60,137,0.05,hoeffding,False,,,,
60,137,0.05,mpeb,False,,,,
60,137,0.05,t,True,0.65,0.9572,0.047656,False
60,137,0.05,site_boot,True,0.65,0.9572,0.047656,False
60,137,0.1,wsr,False,,,,
60,137,0.1,hoeffding,False,,,,
60,137,0.1,mpeb,False,,,,
60,137,0.1,t,True,0.55,0.9866,0.058366,False
60,137,0.1,site_boot,True,0.55,0.9866,0.058366,False
60,138,0.05,wsr,False,,,,
60,138,0.05,hoeffding,False,,,,
60,138,0.05,mpeb,False,,,,
60,138,0.05,t,True,0.67,0.9499,0.044735,False
60,138,0.05,site_boot,True,0.67,0.9499,0.044735,False
60,138,0.1,wsr,False,,,,
60,138,0.1,hoeffding,False,,,,
60,138,0.1,mpeb,False,,,,
60,138,0.1,t,True,0.55,0.9862,0.057078,False
60,138,0.1,site_boot,True,0.55,0.9862,0.057078,False
60,139,0.05,wsr,False,,,,
60,139,0.05,hoeffding,False,,,,
60,139,0.05,mpeb,False,,,,
60,139,0.05,t,True,0.71,0.9325,0.038652,False
60,139,0.05,site_boot,True,0.71,0.9325,0.038652,False
60,139,0.1,wsr,False,,,,
60,139,0.1,hoeffding,False,,,,
60,139,0.1,mpeb,False,,,,
60,139,0.1,t,True,0.55,0.9851,0.056171,False
60,139,0.1,site_boot,True,0.55,0.9851,0.056171,False
60,140,0.05,wsr,False,,,,
60,140,0.05,hoeffding,False,,,,
60,140,0.05,mpeb,False,,,,
60,140,0.05,t,True,0.73,0.9225,0.038415,False
60,140,0.05,site_boot,True,0.73,0.9225,0.038415,False
60,140,0.1,wsr,False,,,,
60,140,0.1,hoeffding,False,,,,
60,140,0.1,mpeb,False,,,,
60,140,0.1,t,True,0.55,0.985,0.057638,False
60,140,0.1,site_boot,True,0.55,0.985,0.057638,False
60,141,0.05,wsr,False,,,,
60,141,0.05,hoeffding,False,,,,
60,141,0.05,mpeb,False,,,,
60,141,0.05,t,True,0.67,0.9448,0.042934,False
60,141,0.05,site_boot,True,0.65,0.9521,0.045304,False
60,141,0.1,wsr,False,,,,
60,141,0.1,hoeffding,False,,,,
60,141,0.1,mpeb,False,,,,
60,141,0.1,t,True,0.55,0.9839,0.057078,False
60,141,0.1,site_boot,True,0.55,0.9839,0.057078,False
60,142,0.05,wsr,False,,,,
60,142,0.05,hoeffding,False,,,,
60,142,0.05,mpeb,False,,,,
60,142,0.05,t,True,0.65,0.9526,0.044992,False
60,142,0.05,site_boot,True,0.65,0.9526,0.044992,False
60,142,0.1,wsr,False,,,,
60,142,0.1,hoeffding,False,,,,
60,142,0.1,mpeb,False,,,,
60,142,0.1,t,True,0.55,0.9853,0.057157,False
60,142,0.1,site_boot,True,0.55,0.9853,0.057157,False
60,143,0.05,wsr,False,,,,
60,143,0.05,hoeffding,False,,,,
60,143,0.05,mpeb,False,,,,
60,143,0.05,t,True,0.73,0.921,0.03997,False
60,143,0.05,site_boot,True,0.73,0.921,0.03997,False
60,143,0.1,wsr,False,,,,
60,143,0.1,hoeffding,False,,,,
60,143,0.1,mpeb,False,,,,
60,143,0.1,t,True,0.55,0.9845,0.060144,False
60,143,0.1,site_boot,True,0.55,0.9845,0.060144,False
60,144,0.05,wsr,False,,,,
60,144,0.05,hoeffding,False,,,,
60,144,0.05,mpeb,False,,,,
60,144,0.05,t,True,0.73,0.9222,0.037,False
60,144,0.05,site_boot,True,0.73,0.9222,0.037,False
60,144,0.1,wsr,False,,,,
60,144,0.1,hoeffding,False,,,,
60,144,0.1,mpeb,False,,,,
60,144,0.1,t,True,0.55,0.9847,0.057139,False
60,144,0.1,site_boot,True,0.55,0.9847,0.057139,False
60,145,0.05,wsr,False,,,,
60,145,0.05,hoeffding,False,,,,
60,145,0.05,mpeb,False,,,,
60,145,0.05,t,True,0.63,0.9554,0.045084,False
60,145,0.05,site_boot,True,0.63,0.9554,0.045084,False
60,145,0.1,wsr,False,,,,
60,145,0.1,hoeffding,False,,,,
60,145,0.1,mpeb,False,,,,
60,145,0.1,t,True,0.55,0.9838,0.054566,False
60,145,0.1,site_boot,True,0.55,0.9838,0.054566,False
60,146,0.05,wsr,False,,,,
60,146,0.05,hoeffding,False,,,,
60,146,0.05,mpeb,False,,,,
60,146,0.05,t,True,0.71,0.9338,0.040028,False
60,146,0.05,site_boot,True,0.71,0.9338,0.040028,False
60,146,0.1,wsr,False,,,,
60,146,0.1,hoeffding,False,,,,
60,146,0.1,mpeb,False,,,,
60,146,0.1,t,True,0.55,0.9854,0.056779,False
60,146,0.1,site_boot,True,0.55,0.9854,0.056779,False
60,147,0.05,wsr,False,,,,
60,147,0.05,hoeffding,False,,,,
60,147,0.05,mpeb,False,,,,
60,147,0.05,t,True,0.69,0.9397,0.042639,False
60,147,0.05,site_boot,True,0.69,0.9397,0.042639,False
60,147,0.1,wsr,False,,,,
60,147,0.1,hoeffding,False,,,,
60,147,0.1,mpeb,False,,,,
60,147,0.1,t,True,0.55,0.9856,0.058975,False
60,147,0.1,site_boot,True,0.55,0.9856,0.058975,False
60,148,0.05,wsr,False,,,,
60,148,0.05,hoeffding,False,,,,
60,148,0.05,mpeb,False,,,,
60,148,0.05,t,True,0.69,0.9343,0.039697,False
60,148,0.05,site_boot,True,0.69,0.9343,0.039697,False
60,148,0.1,wsr,False,,,,
60,148,0.1,hoeffding,False,,,,
60,148,0.1,mpeb,False,,,,
60,148,0.1,t,True,0.55,0.9836,0.055828,False
60,148,0.1,site_boot,True,0.55,0.9836,0.055828,False
60,149,0.05,wsr,False,,,,
60,149,0.05,hoeffding,False,,,,
60,149,0.05,mpeb,False,,,,
60,149,0.05,t,True,0.75,0.9145,0.034511,False
60,149,0.05,site_boot,True,0.73,0.9229,0.036642,False
60,149,0.1,wsr,False,,,,
60,149,0.1,hoeffding,False,,,,
60,149,0.1,mpeb,False,,,,
60,149,0.1,t,True,0.55,0.9845,0.056262,False
60,149,0.1,site_boot,True,0.55,0.9845,0.056262,False
60,150,0.05,wsr,False,,,,
60,150,0.05,hoeffding,False,,,,
60,150,0.05,mpeb,False,,,,
60,150,0.05,t,True,0.69,0.9446,0.045393,False
60,150,0.05,site_boot,True,0.69,0.9446,0.045393,False
60,150,0.1,wsr,False,,,,
60,150,0.1,hoeffding,False,,,,
60,150,0.1,mpeb,False,,,,
60,150,0.1,t,True,0.55,0.986,0.060781,False
60,150,0.1,site_boot,True,0.55,0.986,0.060781,False
60,151,0.05,wsr,False,,,,
60,151,0.05,hoeffding,False,,,,
60,151,0.05,mpeb,False,,,,
60,151,0.05,t,True,0.65,0.954,0.045449,False
60,151,0.05,site_boot,True,0.63,0.9605,0.047875,False
60,151,0.1,wsr,False,,,,
60,151,0.1,hoeffding,False,,,,
60,151,0.1,mpeb,False,,,,
60,151,0.1,t,True,0.55,0.9858,0.056565,False
60,151,0.1,site_boot,True,0.55,0.9858,0.056565,False
60,152,0.05,wsr,False,,,,
60,152,0.05,hoeffding,False,,,,
60,152,0.05,mpeb,False,,,,
60,152,0.05,t,True,0.71,0.9265,0.039775,False
60,152,0.05,site_boot,True,0.71,0.9265,0.039775,False
60,152,0.1,wsr,False,,,,
60,152,0.1,hoeffding,False,,,,
60,152,0.1,mpeb,False,,,,
60,152,0.1,t,True,0.55,0.9841,0.057851,False
60,152,0.1,site_boot,True,0.55,0.9841,0.057851,False
60,153,0.05,wsr,False,,,,
60,153,0.05,hoeffding,False,,,,
60,153,0.05,mpeb,False,,,,
60,153,0.05,t,True,0.75,0.9135,0.034443,False
60,153,0.05,site_boot,True,0.75,0.9135,0.034443,False
60,153,0.1,wsr,False,,,,
60,153,0.1,hoeffding,False,,,,
60,153,0.1,mpeb,False,,,,
60,153,0.1,t,True,0.55,0.9849,0.05641,False
60,153,0.1,site_boot,True,0.55,0.9849,0.05641,False
60,154,0.05,wsr,False,,,,
60,154,0.05,hoeffding,False,,,,
60,154,0.05,mpeb,False,,,,
60,154,0.05,t,True,0.71,0.9327,0.040777,False
60,154,0.05,site_boot,True,0.71,0.9327,0.040777,False
60,154,0.1,wsr,False,,,,
60,154,0.1,hoeffding,False,,,,
60,154,0.1,mpeb,False,,,,
60,154,0.1,t,True,0.55,0.985,0.058005,False
60,154,0.1,site_boot,True,0.55,0.985,0.058005,False
60,155,0.05,wsr,False,,,,
60,155,0.05,hoeffding,False,,,,
60,155,0.05,mpeb,False,,,,
60,155,0.05,t,True,0.63,0.9609,0.048365,False
60,155,0.05,site_boot,True,0.63,0.9609,0.048365,False
60,155,0.1,wsr,False,,,,
60,155,0.1,hoeffding,False,,,,
60,155,0.1,mpeb,False,,,,
60,155,0.1,t,True,0.55,0.9849,0.057356,False
60,155,0.1,site_boot,True,0.55,0.9849,0.057356,False
60,156,0.05,wsr,False,,,,
60,156,0.05,hoeffding,False,,,,
60,156,0.05,mpeb,False,,,,
60,156,0.05,t,True,0.65,0.9475,0.043358,False
60,156,0.05,site_boot,True,0.65,0.9475,0.043358,False
60,156,0.1,wsr,False,,,,
60,156,0.1,hoeffding,False,,,,
60,156,0.1,mpeb,False,,,,
60,156,0.1,t,True,0.55,0.9831,0.056334,False
60,156,0.1,site_boot,True,0.55,0.9831,0.056334,False
60,157,0.05,wsr,False,,,,
60,157,0.05,hoeffding,False,,,,
60,157,0.05,mpeb,False,,,,
60,157,0.05,t,True,0.69,0.9402,0.044331,False
60,157,0.05,site_boot,True,0.69,0.9402,0.044331,False
60,157,0.1,wsr,False,,,,
60,157,0.1,hoeffding,False,,,,
60,157,0.1,mpeb,False,,,,
60,157,0.1,t,True,0.55,0.9856,0.060505,False
60,157,0.1,site_boot,True,0.55,0.9856,0.060505,False
60,158,0.05,wsr,False,,,,
60,158,0.05,hoeffding,False,,,,
60,158,0.05,mpeb,False,,,,
60,158,0.05,t,True,0.75,0.9163,0.035917,False
60,158,0.05,site_boot,True,0.77,0.9073,0.034095,False
60,158,0.1,wsr,False,,,,
60,158,0.1,hoeffding,False,,,,
60,158,0.1,mpeb,False,,,,
60,158,0.1,t,True,0.55,0.9853,0.056161,False
60,158,0.1,site_boot,True,0.55,0.9853,0.056161,False
60,159,0.05,wsr,False,,,,
60,159,0.05,hoeffding,False,,,,
60,159,0.05,mpeb,False,,,,
60,159,0.05,t,True,0.75,0.9154,0.036062,False
60,159,0.05,site_boot,True,0.75,0.9154,0.036062,False
60,159,0.1,wsr,False,,,,
60,159,0.1,hoeffding,False,,,,
60,159,0.1,mpeb,False,,,,
60,159,0.1,t,True,0.55,0.9849,0.057648,False
60,159,0.1,site_boot,True,0.55,0.9849,0.057648,False
60,160,0.05,wsr,False,,,,
60,160,0.05,hoeffding,False,,,,
60,160,0.05,mpeb,False,,,,
60,160,0.05,t,True,0.71,0.94,0.042209,False
60,160,0.05,site_boot,True,0.71,0.94,0.042209,False
60,160,0.1,wsr,False,,,,
60,160,0.1,hoeffding,False,,,,
60,160,0.1,mpeb,False,,,,
60,160,0.1,t,True,0.55,0.9872,0.059367,False
60,160,0.1,site_boot,True,0.55,0.9872,0.059367,False
60,161,0.05,wsr,False,,,,
60,161,0.05,hoeffding,False,,,,
60,161,0.05,mpeb,False,,,,
60,161,0.05,t,True,0.59,0.9747,0.052447,True
60,161,0.05,site_boot,True,0.59,0.9747,0.052447,True
60,161,0.1,wsr,False,,,,
60,161,0.1,hoeffding,False,,,,
60,161,0.1,mpeb,False,,,,
60,161,0.1,t,True,0.55,0.9866,0.056945,False
60,161,0.1,site_boot,True,0.55,0.9866,0.056945,False
60,162,0.05,wsr,False,,,,
60,162,0.05,hoeffding,False,,,,
60,162,0.05,mpeb,False,,,,
60,162,0.05,t,True,0.65,0.9485,0.045953,False
60,162,0.05,site_boot,True,0.65,0.9485,0.045953,False
60,162,0.1,wsr,False,,,,
60,162,0.1,hoeffding,False,,,,
60,162,0.1,mpeb,False,,,,
60,162,0.1,t,True,0.55,0.9836,0.057601,False
60,162,0.1,site_boot,True,0.55,0.9836,0.057601,False
60,163,0.05,wsr,False,,,,
60,163,0.05,hoeffding,False,,,,
60,163,0.05,mpeb,False,,,,
60,163,0.05,t,True,0.69,0.9383,0.039786,False
60,163,0.05,site_boot,True,0.67,0.946,0.041876,False
60,163,0.1,wsr,False,,,,
60,163,0.1,hoeffding,False,,,,
60,163,0.1,mpeb,False,,,,
60,163,0.1,t,True,0.55,0.9847,0.055327,False
60,163,0.1,site_boot,True,0.55,0.9847,0.055327,False
60,164,0.05,wsr,False,,,,
60,164,0.05,hoeffding,False,,,,
60,164,0.05,mpeb,False,,,,
60,164,0.05,t,True,0.75,0.9292,0.0375,False
60,164,0.05,site_boot,True,0.73,0.9362,0.039459,False
60,164,0.1,wsr,False,,,,
60,164,0.1,hoeffding,False,,,,
60,164,0.1,mpeb,False,,,,
60,164,0.1,t,True,0.55,0.9878,0.057134,False
60,164,0.1,site_boot,True,0.55,0.9878,0.057134,False
60,165,0.05,wsr,False,,,,
60,165,0.05,hoeffding,False,,,,
60,165,0.05,mpeb,False,,,,
60,165,0.05,t,True,0.71,0.9273,0.043019,False
60,165,0.05,site_boot,True,0.71,0.9273,0.043019,False
60,165,0.1,wsr,False,,,,
60,165,0.1,hoeffding,False,,,,
60,165,0.1,mpeb,False,,,,
60,165,0.1,t,True,0.55,0.9836,0.061318,False
60,165,0.1,site_boot,True,0.55,0.9836,0.061318,False
60,166,0.05,wsr,False,,,,
60,166,0.05,hoeffding,False,,,,
60,166,0.05,mpeb,False,,,,
60,166,0.05,t,True,0.71,0.9375,0.041432,False
60,166,0.05,site_boot,True,0.71,0.9375,0.041432,False
60,166,0.1,wsr,False,,,,
60,166,0.1,hoeffding,False,,,,
60,166,0.1,mpeb,False,,,,
60,166,0.1,t,True,0.55,0.9871,0.058509,False
60,166,0.1,site_boot,True,0.55,0.9871,0.058509,False
60,167,0.05,wsr,False,,,,
60,167,0.05,hoeffding,False,,,,
60,167,0.05,mpeb,False,,,,
60,167,0.05,t,True,0.69,0.9348,0.040825,False
60,167,0.05,site_boot,True,0.69,0.9348,0.040825,False
60,167,0.1,wsr,False,,,,
60,167,0.1,hoeffding,False,,,,
60,167,0.1,mpeb,False,,,,
60,167,0.1,t,True,0.55,0.9844,0.057673,False
60,167,0.1,site_boot,True,0.55,0.9844,0.057673,False
60,168,0.05,wsr,False,,,,
60,168,0.05,hoeffding,False,,,,
60,168,0.05,mpeb,False,,,,
60,168,0.05,t,True,0.65,0.9489,0.04473,False
60,168,0.05,site_boot,True,0.65,0.9489,0.04473,False
60,168,0.1,wsr,False,,,,
60,168,0.1,hoeffding,False,,,,
60,168,0.1,mpeb,False,,,,
60,168,0.1,t,True,0.55,0.9838,0.056653,False
60,168,0.1,site_boot,True,0.55,0.9838,0.056653,False
60,169,0.05,wsr,False,,,,
60,169,0.05,hoeffding,False,,,,
60,169,0.05,mpeb,False,,,,
60,169,0.05,t,True,0.65,0.9532,0.048176,False
60,169,0.05,site_boot,True,0.65,0.9532,0.048176,False
60,169,0.1,wsr,False,,,,
60,169,0.1,hoeffding,False,,,,
60,169,0.1,mpeb,False,,,,
60,169,0.1,t,True,0.55,0.9848,0.060096,False
60,169,0.1,site_boot,True,0.55,0.9848,0.060096,False
60,170,0.05,wsr,False,,,,
60,170,0.05,hoeffding,False,,,,
60,170,0.05,mpeb,False,,,,
60,170,0.05,t,True,0.67,0.9476,0.045414,False
60,170,0.05,site_boot,True,0.67,0.9476,0.045414,False
60,170,0.1,wsr,False,,,,
60,170,0.1,hoeffding,False,,,,
60,170,0.1,mpeb,False,,,,
60,170,0.1,t,True,0.55,0.9854,0.05945,False
60,170,0.1,site_boot,True,0.55,0.9854,0.05945,False
60,171,0.05,wsr,False,,,,
60,171,0.05,hoeffding,False,,,,
60,171,0.05,mpeb,False,,,,
60,171,0.05,t,True,0.65,0.9555,0.044778,False
60,171,0.05,site_boot,True,0.65,0.9555,0.044778,False
60,171,0.1,wsr,False,,,,
60,171,0.1,hoeffding,False,,,,
60,171,0.1,mpeb,False,,,,
60,171,0.1,t,True,0.55,0.9854,0.055908,False
60,171,0.1,site_boot,True,0.55,0.9854,0.055908,False
60,172,0.05,wsr,False,,,,
60,172,0.05,hoeffding,False,,,,
60,172,0.05,mpeb,False,,,,
60,172,0.05,t,True,0.63,0.9588,0.049437,False
60,172,0.05,site_boot,True,0.63,0.9588,0.049437,False
60,172,0.1,wsr,False,,,,
60,172,0.1,hoeffding,False,,,,
60,172,0.1,mpeb,False,,,,
60,172,0.1,t,True,0.55,0.9839,0.058924,False
60,172,0.1,site_boot,True,0.55,0.9839,0.058924,False
60,173,0.05,wsr,False,,,,
60,173,0.05,hoeffding,False,,,,
60,173,0.05,mpeb,False,,,,
60,173,0.05,t,True,0.75,0.9173,0.037742,False
60,173,0.05,site_boot,True,0.73,0.9255,0.039769,False
60,173,0.1,wsr,False,,,,
60,173,0.1,hoeffding,False,,,,
60,173,0.1,mpeb,False,,,,
60,173,0.1,t,True,0.55,0.9852,0.058224,False
60,173,0.1,site_boot,True,0.55,0.9852,0.058224,False
60,174,0.05,wsr,False,,,,
60,174,0.05,hoeffding,False,,,,
60,174,0.05,mpeb,False,,,,
60,174,0.05,t,True,0.63,0.9575,0.04641,False
60,174,0.05,site_boot,True,0.63,0.9575,0.04641,False
60,174,0.1,wsr,False,,,,
60,174,0.1,hoeffding,False,,,,
60,174,0.1,mpeb,False,,,,
60,174,0.1,t,True,0.55,0.9837,0.05541,False
60,174,0.1,site_boot,True,0.55,0.9837,0.05541,False
60,175,0.05,wsr,False,,,,
60,175,0.05,hoeffding,False,,,,
60,175,0.05,mpeb,False,,,,
60,175,0.05,t,True,0.67,0.9442,0.043322,False
60,175,0.05,site_boot,True,0.65,0.9516,0.045486,False
60,175,0.1,wsr,False,,,,
60,175,0.1,hoeffding,False,,,,
60,175,0.1,mpeb,False,,,,
60,175,0.1,t,True,0.55,0.9845,0.05703,False
60,175,0.1,site_boot,True,0.55,0.9845,0.05703,False
60,176,0.05,wsr,False,,,,
60,176,0.05,hoeffding,False,,,,
60,176,0.05,mpeb,False,,,,
60,176,0.05,t,True,0.63,0.9576,0.047185,False
60,176,0.05,site_boot,True,0.63,0.9576,0.047185,False
60,176,0.1,wsr,False,,,,
60,176,0.1,hoeffding,False,,,,
60,176,0.1,mpeb,False,,,,
60,176,0.1,t,True,0.55,0.9838,0.056881,False
60,176,0.1,site_boot,True,0.55,0.9838,0.056881,False
60,177,0.05,wsr,False,,,,
60,177,0.05,hoeffding,False,,,,
60,177,0.05,mpeb,False,,,,
60,177,0.05,t,True,0.63,0.9547,0.048099,False
60,177,0.05,site_boot,True,0.63,0.9547,0.048099,False
60,177,0.1,wsr,False,,,,
60,177,0.1,hoeffding,False,,,,
60,177,0.1,mpeb,False,,,,
60,177,0.1,t,True,0.55,0.9833,0.058604,False
60,177,0.1,site_boot,True,0.55,0.9833,0.058604,False
60,178,0.05,wsr,False,,,,
60,178,0.05,hoeffding,False,,,,
60,178,0.05,mpeb,False,,,,
60,178,0.05,t,True,0.71,0.9319,0.040028,False
60,178,0.05,site_boot,True,0.71,0.9319,0.040028,False
60,178,0.1,wsr,False,,,,
60,178,0.1,hoeffding,False,,,,
60,178,0.1,mpeb,False,,,,
60,178,0.1,t,True,0.55,0.9853,0.05794,False
60,178,0.1,site_boot,True,0.55,0.9853,0.05794,False
60,179,0.05,wsr,False,,,,
60,179,0.05,hoeffding,False,,,,
60,179,0.05,mpeb,False,,,,
60,179,0.05,t,True,0.71,0.9355,0.040285,False
60,179,0.05,site_boot,True,0.69,0.9426,0.04252,False
60,179,0.1,wsr,False,,,,
60,179,0.1,hoeffding,False,,,,
60,179,0.1,mpeb,False,,,,
60,179,0.1,t,True,0.55,0.9859,0.057421,False
60,179,0.1,site_boot,True,0.55,0.9859,0.057421,False
60,180,0.05,wsr,False,,,,
60,180,0.05,hoeffding,False,,,,
60,180,0.05,mpeb,False,,,,
60,180,0.05,t,True,0.63,0.9532,0.048468,False
60,180,0.05,site_boot,True,0.63,0.9532,0.048468,False
60,180,0.1,wsr,False,,,,
60,180,0.1,hoeffding,False,,,,
60,180,0.1,mpeb,False,,,,
60,180,0.1,t,True,0.55,0.983,0.059432,False
60,180,0.1,site_boot,True,0.55,0.983,0.059432,False
60,181,0.05,wsr,False,,,,
60,181,0.05,hoeffding,False,,,,
60,181,0.05,mpeb,False,,,,
60,181,0.05,t,True,0.75,0.9205,0.036403,False
60,181,0.05,site_boot,True,0.75,0.9205,0.036403,False
60,181,0.1,wsr,False,,,,
60,181,0.1,hoeffding,False,,,,
60,181,0.1,mpeb,False,,,,
60,181,0.1,t,True,0.55,0.9862,0.057346,False
60,181,0.1,site_boot,True,0.55,0.9862,0.057346,False
60,182,0.05,wsr,False,,,,
60,182,0.05,hoeffding,False,,,,
60,182,0.05,mpeb,False,,,,
60,182,0.05,t,True,0.61,0.9674,0.05061,True
60,182,0.05,site_boot,True,0.61,0.9674,0.05061,True
60,182,0.1,wsr,False,,,,
60,182,0.1,hoeffding,False,,,,
60,182,0.1,mpeb,False,,,,
60,182,0.1,t,True,0.55,0.9856,0.057708,False
60,182,0.1,site_boot,True,0.55,0.9856,0.057708,False
60,183,0.05,wsr,False,,,,
60,183,0.05,hoeffding,False,,,,
60,183,0.05,mpeb,False,,,,
60,183,0.05,t,True,0.73,0.9183,0.040937,False
60,183,0.05,site_boot,True,0.73,0.9183,0.040937,False
60,183,0.1,wsr,False,,,,
60,183,0.1,hoeffding,False,,,,
60,183,0.1,mpeb,False,,,,
60,183,0.1,t,True,0.55,0.9837,0.061894,False
60,183,0.1,site_boot,True,0.55,0.9837,0.061894,False
60,184,0.05,wsr,False,,,,
60,184,0.05,hoeffding,False,,,,
60,184,0.05,mpeb,False,,,,
60,184,0.05,t,True,0.71,0.9342,0.039417,False
60,184,0.05,site_boot,True,0.71,0.9342,0.039417,False
60,184,0.1,wsr,False,,,,
60,184,0.1,hoeffding,False,,,,
60,184,0.1,mpeb,False,,,,
60,184,0.1,t,True,0.55,0.9855,0.056999,False
60,184,0.1,site_boot,True,0.55,0.9855,0.056999,False
60,185,0.05,wsr,False,,,,
60,185,0.05,hoeffding,False,,,,
60,185,0.05,mpeb,False,,,,
60,185,0.05,t,True,0.71,0.9345,0.039815,False
60,185,0.05,site_boot,True,0.71,0.9345,0.039815,False
60,185,0.1,wsr,False,,,,
60,185,0.1,hoeffding,False,,,,
60,185,0.1,mpeb,False,,,,
60,185,0.1,t,True,0.55,0.9856,0.05716,False
60,185,0.1,site_boot,True,0.55,0.9856,0.05716,False
60,186,0.05,wsr,False,,,,
60,186,0.05,hoeffding,False,,,,
60,186,0.05,mpeb,False,,,,
60,186,0.05,t,True,0.71,0.9402,0.043424,False
60,186,0.05,site_boot,True,0.71,0.9402,0.043424,False
60,186,0.1,wsr,False,,,,
60,186,0.1,hoeffding,False,,,,
60,186,0.1,mpeb,False,,,,
60,186,0.1,t,True,0.55,0.987,0.060272,False
60,186,0.1,site_boot,True,0.55,0.987,0.060272,False
60,187,0.05,wsr,False,,,,
60,187,0.05,hoeffding,False,,,,
60,187,0.05,mpeb,False,,,,
60,187,0.05,t,True,0.75,0.9108,0.035931,False
60,187,0.05,site_boot,True,0.75,0.9108,0.035931,False
60,187,0.1,wsr,False,,,,
60,187,0.1,hoeffding,False,,,,
60,187,0.1,mpeb,False,,,,
60,187,0.1,t,True,0.55,0.9844,0.05903,False
60,187,0.1,site_boot,True,0.55,0.9844,0.05903,False
60,188,0.05,wsr,False,,,,
60,188,0.05,hoeffding,False,,,,
60,188,0.05,mpeb,False,,,,
60,188,0.05,t,True,0.71,0.9343,0.037158,False
60,188,0.05,site_boot,True,0.69,0.9417,0.039565,False
60,188,0.1,wsr,False,,,,
60,188,0.1,hoeffding,False,,,,
60,188,0.1,mpeb,False,,,,
60,188,0.1,t,True,0.55,0.9858,0.053724,False
60,188,0.1,site_boot,True,0.55,0.9858,0.053724,False
60,189,0.05,wsr,False,,,,
60,189,0.05,hoeffding,False,,,,
60,189,0.05,mpeb,False,,,,
60,189,0.05,t,True,0.69,0.9449,0.042609,False
60,189,0.05,site_boot,True,0.69,0.9449,0.042609,False
60,189,0.1,wsr,False,,,,
60,189,0.1,hoeffding,False,,,,
60,189,0.1,mpeb,False,,,,
60,189,0.1,t,True,0.55,0.9867,0.056729,False
60,189,0.1,site_boot,True,0.55,0.9867,0.056729,False
60,190,0.05,wsr,False,,,,
60,190,0.05,hoeffding,False,,,,
60,190,0.05,mpeb,False,,,,
60,190,0.05,t,True,0.65,0.9482,0.047213,False
60,190,0.05,site_boot,True,0.65,0.9482,0.047213,False
60,190,0.1,wsr,False,,,,
60,190,0.1,hoeffding,False,,,,
60,190,0.1,mpeb,False,,,,
60,190,0.1,t,True,0.55,0.9831,0.059994,False
60,190,0.1,site_boot,True,0.55,0.9831,0.059994,False
60,191,0.05,wsr,False,,,,
60,191,0.05,hoeffding,False,,,,
60,191,0.05,mpeb,False,,,,
60,191,0.05,t,True,0.71,0.9324,0.040593,False
60,191,0.05,site_boot,True,0.71,0.9324,0.040593,False
60,191,0.1,wsr,False,,,,
60,191,0.1,hoeffding,False,,,,
60,191,0.1,mpeb,False,,,,
60,191,0.1,t,True,0.55,0.985,0.058062,False
60,191,0.1,site_boot,True,0.55,0.985,0.058062,False
60,192,0.05,wsr,False,,,,
60,192,0.05,hoeffding,False,,,,
60,192,0.05,mpeb,False,,,,
60,192,0.05,t,True,0.63,0.9588,0.0466,False
60,192,0.05,site_boot,True,0.63,0.9588,0.0466,False
60,192,0.1,wsr,False,,,,
60,192,0.1,hoeffding,False,,,,
60,192,0.1,mpeb,False,,,,
60,192,0.1,t,True,0.55,0.9846,0.056141,False
60,192,0.1,site_boot,True,0.55,0.9846,0.056141,False
60,193,0.05,wsr,False,,,,
60,193,0.05,hoeffding,False,,,,
60,193,0.05,mpeb,False,,,,
60,193,0.05,t,True,0.75,0.9218,0.034646,False
60,193,0.05,site_boot,True,0.73,0.9301,0.036677,False
60,193,0.1,wsr,False,,,,
60,193,0.1,hoeffding,False,,,,
60,193,0.1,mpeb,False,,,,
60,193,0.1,t,True,0.55,0.9862,0.054217,False
60,193,0.1,site_boot,True,0.55,0.9862,0.054217,False
60,194,0.05,wsr,False,,,,
60,194,0.05,hoeffding,False,,,,
60,194,0.05,mpeb,False,,,,
60,194,0.05,t,True,0.71,0.9278,0.040999,False
60,194,0.05,site_boot,True,0.71,0.9278,0.040999,False
60,194,0.1,wsr,False,,,,
60,194,0.1,hoeffding,False,,,,
60,194,0.1,mpeb,False,,,,
60,194,0.1,t,True,0.55,0.9841,0.06048,False
60,194,0.1,site_boot,True,0.55,0.9841,0.06048,False
60,195,0.05,wsr,False,,,,
60,195,0.05,hoeffding,False,,,,
60,195,0.05,mpeb,False,,,,
60,195,0.05,t,True,0.77,0.9128,0.036446,False
60,195,0.05,site_boot,True,0.75,0.9215,0.03856,False
60,195,0.1,wsr,False,,,,
60,195,0.1,hoeffding,False,,,,
60,195,0.1,mpeb,False,,,,
60,195,0.1,t,True,0.55,0.986,0.059607,False
60,195,0.1,site_boot,True,0.55,0.986,0.059607,False
60,196,0.05,wsr,False,,,,
60,196,0.05,hoeffding,False,,,,
60,196,0.05,mpeb,False,,,,
60,196,0.05,t,True,0.69,0.9379,0.042591,False
60,196,0.05,site_boot,True,0.71,0.9299,0.040586,False
60,196,0.1,wsr,False,,,,
60,196,0.1,hoeffding,False,,,,
60,196,0.1,mpeb,False,,,,
60,196,0.1,t,True,0.55,0.9847,0.058463,False
60,196,0.1,site_boot,True,0.55,0.9847,0.058463,False
60,197,0.05,wsr,False,,,,
60,197,0.05,hoeffding,False,,,,
60,197,0.05,mpeb,False,,,,
60,197,0.05,t,True,0.79,0.8942,0.030215,False
60,197,0.05,site_boot,True,0.79,0.8942,0.030215,False
60,197,0.1,wsr,False,,,,
60,197,0.1,hoeffding,False,,,,
60,197,0.1,mpeb,False,,,,
60,197,0.1,t,True,0.55,0.985,0.05587,False
60,197,0.1,site_boot,True,0.55,0.985,0.05587,False
60,198,0.05,wsr,False,,,,
60,198,0.05,hoeffding,False,,,,
60,198,0.05,mpeb,False,,,,
60,198,0.05,t,True,0.67,0.9478,0.045145,False
60,198,0.05,site_boot,True,0.67,0.9478,0.045145,False
60,198,0.1,wsr,False,,,,
60,198,0.1,hoeffding,False,,,,
60,198,0.1,mpeb,False,,,,
60,198,0.1,t,True,0.55,0.9856,0.057715,False
60,198,0.1,site_boot,True,0.55,0.9856,0.057715,False
60,199,0.05,wsr,False,,,,
60,199,0.05,hoeffding,False,,,,
60,199,0.05,mpeb,False,,,,
60,199,0.05,t,True,0.61,0.9633,0.053018,True
60,199,0.05,site_boot,True,0.61,0.9633,0.053018,True
60,199,0.1,wsr,False,,,,
60,199,0.1,hoeffding,False,,,,
60,199,0.1,mpeb,False,,,,
60,199,0.1,t,True,0.55,0.9833,0.060241,False
60,199,0.1,site_boot,True,0.55,0.9833,0.060241,False
100,0,0.05,wsr,False,,,,
100,0,0.05,hoeffding,False,,,,
100,0,0.05,mpeb,False,,,,
100,0,0.05,t,True,0.65,0.9517,0.0462,False
100,0,0.05,site_boot,True,0.65,0.9517,0.0462,False
100,0,0.1,wsr,False,,,,
100,0,0.1,hoeffding,False,,,,
100,0,0.1,mpeb,False,,,,
100,0,0.1,t,True,0.55,0.9845,0.057673,False
100,0,0.1,site_boot,True,0.55,0.9845,0.057673,False
100,1,0.05,wsr,False,,,,
100,1,0.05,hoeffding,False,,,,
100,1,0.05,mpeb,False,,,,
100,1,0.05,t,True,0.73,0.9209,0.03615,False
100,1,0.05,site_boot,True,0.73,0.9209,0.03615,False
100,1,0.1,wsr,False,,,,
100,1,0.1,hoeffding,False,,,,
100,1,0.1,mpeb,False,,,,
100,1,0.1,t,True,0.55,0.9844,0.056022,False
100,1,0.1,site_boot,True,0.55,0.9844,0.056022,False
100,2,0.05,wsr,False,,,,
100,2,0.05,hoeffding,False,,,,
100,2,0.05,mpeb,False,,,,
100,2,0.05,t,True,0.69,0.9437,0.04204,False
100,2,0.05,site_boot,True,0.69,0.9437,0.04204,False
100,2,0.1,wsr,False,,,,
100,2,0.1,hoeffding,False,,,,
100,2,0.1,mpeb,False,,,,
100,2,0.1,t,True,0.55,0.9862,0.056883,False
100,2,0.1,site_boot,True,0.55,0.9862,0.056883,False
100,3,0.05,wsr,False,,,,
100,3,0.05,hoeffding,False,,,,
100,3,0.05,mpeb,False,,,,
100,3,0.05,t,True,0.67,0.952,0.046903,False
100,3,0.05,site_boot,True,0.67,0.952,0.046903,False
100,3,0.1,wsr,False,,,,
100,3,0.1,hoeffding,False,,,,
100,3,0.1,mpeb,False,,,,
100,3,0.1,t,True,0.55,0.9869,0.059455,False
100,3,0.1,site_boot,True,0.55,0.9869,0.059455,False
100,4,0.05,wsr,False,,,,
100,4,0.05,hoeffding,False,,,,
100,4,0.05,mpeb,False,,,,
100,4,0.05,t,True,0.69,0.9436,0.041675,False
100,4,0.05,site_boot,True,0.69,0.9436,0.041675,False
100,4,0.1,wsr,False,,,,
100,4,0.1,hoeffding,False,,,,
100,4,0.1,mpeb,False,,,,
100,4,0.1,t,True,0.55,0.9864,0.056241,False
100,4,0.1,site_boot,True,0.55,0.9864,0.056241,False
100,5,0.05,wsr,False,,,,
100,5,0.05,hoeffding,False,,,,
100,5,0.05,mpeb,False,,,,
100,5,0.05,t,True,0.61,0.9655,0.049572,False
100,5,0.05,site_boot,True,0.61,0.9655,0.049572,False
100,5,0.1,wsr,False,,,,
100,5,0.1,hoeffding,False,,,,
100,5,0.1,mpeb,False,,,,
100,5,0.1,t,True,0.55,0.9846,0.056841,False
100,5,0.1,site_boot,True,0.55,0.9846,0.056841,False
100,6,0.05,wsr,False,,,,
100,6,0.05,hoeffding,False,,,,
100,6,0.05,mpeb,False,,,,
100,6,0.05,t,True,0.71,0.9325,0.038019,False
100,6,0.05,site_boot,True,0.71,0.9325,0.038019,False
100,6,0.1,wsr,False,,,,
100,6,0.1,hoeffding,False,,,,
100,6,0.1,mpeb,False,,,,
100,6,0.1,t,True,0.55,0.9856,0.056557,False
100,6,0.1,site_boot,True,0.55,0.9856,0.056557,False
100,7,0.05,wsr,False,,,,
100,7,0.05,hoeffding,False,,,,
100,7,0.05,mpeb,False,,,,
100,7,0.05,t,True,0.65,0.9577,0.047056,False
100,7,0.05,site_boot,True,0.65,0.9577,0.047056,False
100,7,0.1,wsr,False,,,,
100,7,0.1,hoeffding,False,,,,
100,7,0.1,mpeb,False,,,,
100,7,0.1,t,True,0.55,0.9867,0.05754,False
100,7,0.1,site_boot,True,0.55,0.9867,0.05754,False
100,8,0.05,wsr,False,,,,
100,8,0.05,hoeffding,False,,,,
100,8,0.05,mpeb,False,,,,
100,8,0.05,t,True,0.67,0.9492,0.043427,False
100,8,0.05,site_boot,True,0.67,0.9492,0.043427,False
100,8,0.1,wsr,False,,,,
100,8,0.1,hoeffding,False,,,,
100,8,0.1,mpeb,False,,,,
100,8,0.1,t,True,0.55,0.986,0.056336,False
100,8,0.1,site_boot,True,0.55,0.986,0.056336,False
100,9,0.05,wsr,False,,,,
100,9,0.05,hoeffding,False,,,,
100,9,0.05,mpeb,False,,,,
100,9,0.05,t,True,0.69,0.9331,0.040928,False
100,9,0.05,site_boot,True,0.69,0.9331,0.040928,False
100,9,0.1,wsr,False,,,,
100,9,0.1,hoeffding,False,,,,
100,9,0.1,mpeb,False,,,,
100,9,0.1,t,True,0.55,0.9833,0.057598,False
100,9,0.1,site_boot,True,0.55,0.9833,0.057598,False
100,10,0.05,wsr,False,,,,
100,10,0.05,hoeffding,False,,,,
100,10,0.05,mpeb,False,,,,
100,10,0.05,t,True,0.73,0.9242,0.039758,False
100,10,0.05,site_boot,True,0.73,0.9242,0.039758,False
100,10,0.1,wsr,False,,,,
100,10,0.1,hoeffding,False,,,,
100,10,0.1,mpeb,False,,,,
100,10,0.1,t,True,0.55,0.9849,0.059504,False
100,10,0.1,site_boot,True,0.55,0.9849,0.059504,False
100,11,0.05,wsr,False,,,,
100,11,0.05,hoeffding,False,,,,
100,11,0.05,mpeb,False,,,,
100,11,0.05,t,True,0.69,0.9384,0.04126,False
100,11,0.05,site_boot,True,0.69,0.9384,0.04126,False
100,11,0.1,wsr,False,,,,
100,11,0.1,hoeffding,False,,,,
100,11,0.1,mpeb,False,,,,
100,11,0.1,t,True,0.55,0.9848,0.058164,False
100,11,0.1,site_boot,True,0.55,0.9848,0.058164,False
100,12,0.05,wsr,False,,,,
100,12,0.05,hoeffding,False,,,,
100,12,0.05,mpeb,False,,,,
100,12,0.05,t,True,0.71,0.9357,0.040135,False
100,12,0.05,site_boot,True,0.71,0.9357,0.040135,False
100,12,0.1,wsr,False,,,,
100,12,0.1,hoeffding,False,,,,
100,12,0.1,mpeb,False,,,,
100,12,0.1,t,True,0.55,0.9854,0.056748,False
100,12,0.1,site_boot,True,0.55,0.9854,0.056748,False
100,13,0.05,wsr,False,,,,
100,13,0.05,hoeffding,False,,,,
100,13,0.05,mpeb,False,,,,
100,13,0.05,t,True,0.65,0.9539,0.045529,False
100,13,0.05,site_boot,True,0.65,0.9539,0.045529,False
100,13,0.1,wsr,False,,,,
100,13,0.1,hoeffding,False,,,,
100,13,0.1,mpeb,False,,,,
100,13,0.1,t,True,0.55,0.9853,0.056669,False
100,13,0.1,site_boot,True,0.55,0.9853,0.056669,False
100,14,0.05,wsr,False,,,,
100,14,0.05,hoeffding,False,,,,
100,14,0.05,mpeb,False,,,,
100,14,0.05,t,True,0.71,0.9318,0.038688,False
100,14,0.05,site_boot,True,0.71,0.9318,0.038688,False
100,14,0.1,wsr,False,,,,
100,14,0.1,hoeffding,False,,,,
100,14,0.1,mpeb,False,,,,
100,14,0.1,t,True,0.55,0.9857,0.056803,False
100,14,0.1,site_boot,True,0.55,0.9857,0.056803,False
100,15,0.05,wsr,False,,,,
100,15,0.05,hoeffding,False,,,,
100,15,0.05,mpeb,False,,,,
100,15,0.05,t,True,0.69,0.9355,0.04013,False
100,15,0.05,site_boot,True,0.69,0.9355,0.04013,False
100,15,0.1,wsr,False,,,,
100,15,0.1,hoeffding,False,,,,
100,15,0.1,mpeb,False,,,,
100,15,0.1,t,True,0.55,0.9836,0.056556,False
100,15,0.1,site_boot,True,0.55,0.9836,0.056556,False
100,16,0.05,wsr,False,,,,
100,16,0.05,hoeffding,False,,,,
100,16,0.05,mpeb,False,,,,
100,16,0.05,t,True,0.67,0.9387,0.042806,False
100,16,0.05,site_boot,True,0.67,0.9387,0.042806,False
100,16,0.1,wsr,False,,,,
100,16,0.1,hoeffding,False,,,,
100,16,0.1,mpeb,False,,,,
100,16,0.1,t,True,0.55,0.9834,0.058505,False
100,16,0.1,site_boot,True,0.55,0.9834,0.058505,False
100,17,0.05,wsr,False,,,,
100,17,0.05,hoeffding,False,,,,
100,17,0.05,mpeb,False,,,,
100,17,0.05,t,True,0.67,0.9486,0.047221,False
100,17,0.05,site_boot,True,0.67,0.9486,0.047221,False
100,17,0.1,wsr,False,,,,
100,17,0.1,hoeffding,False,,,,
100,17,0.1,mpeb,False,,,,
100,17,0.1,t,True,0.55,0.9855,0.060352,False
100,17,0.1,site_boot,True,0.55,0.9855,0.060352,False
100,18,0.05,wsr,False,,,,
100,18,0.05,hoeffding,False,,,,
100,18,0.05,mpeb,False,,,,
100,18,0.05,t,True,0.71,0.9285,0.040135,False
100,18,0.05,site_boot,True,0.71,0.9285,0.040135,False
100,18,0.1,wsr,False,,,,
100,18,0.1,hoeffding,False,,,,
100,18,0.1,mpeb,False,,,,
100,18,0.1,t,True,0.55,0.9844,0.058022,False
100,18,0.1,site_boot,True,0.55,0.9844,0.058022,False
100,19,0.05,wsr,False,,,,
100,19,0.05,hoeffding,False,,,,
100,19,0.05,mpeb,False,,,,
100,19,0.05,t,True,0.67,0.9467,0.04603,False
100,19,0.05,site_boot,True,0.67,0.9467,0.04603,False
100,19,0.1,wsr,False,,,,
100,19,0.1,hoeffding,False,,,,
100,19,0.1,mpeb,False,,,,
100,19,0.1,t,True,0.55,0.9853,0.06041,False
100,19,0.1,site_boot,True,0.55,0.9853,0.06041,False
100,20,0.05,wsr,False,,,,
100,20,0.05,hoeffding,False,,,,
100,20,0.05,mpeb,False,,,,
100,20,0.05,t,True,0.65,0.9507,0.043386,False
100,20,0.05,site_boot,True,0.65,0.9507,0.043386,False
100,20,0.1,wsr,False,,,,
100,20,0.1,hoeffding,False,,,,
100,20,0.1,mpeb,False,,,,
100,20,0.1,t,True,0.55,0.9844,0.055138,False
100,20,0.1,site_boot,True,0.55,0.9844,0.055138,False
100,21,0.05,wsr,False,,,,
100,21,0.05,hoeffding,False,,,,
100,21,0.05,mpeb,False,,,,
100,21,0.05,t,True,0.65,0.9529,0.04403,False
100,21,0.05,site_boot,True,0.63,0.9596,0.046325,False
100,21,0.1,wsr,False,,,,
100,21,0.1,hoeffding,False,,,,
100,21,0.1,mpeb,False,,,,
100,21,0.1,t,True,0.55,0.9853,0.055424,False
100,21,0.1,site_boot,True,0.55,0.9853,0.055424,False
100,22,0.05,wsr,False,,,,
100,22,0.05,hoeffding,False,,,,
100,22,0.05,mpeb,False,,,,
100,22,0.05,t,True,0.63,0.9594,0.045379,False
100,22,0.05,site_boot,True,0.63,0.9594,0.045379,False
100,22,0.1,wsr,False,,,,
100,22,0.1,hoeffding,False,,,,
100,22,0.1,mpeb,False,,,,
100,22,0.1,t,True,0.55,0.9853,0.055843,False
100,22,0.1,site_boot,True,0.55,0.9853,0.055843,False
100,23,0.05,wsr,False,,,,
100,23,0.05,hoeffding,False,,,,
100,23,0.05,mpeb,False,,,,
100,23,0.05,t,True,0.65,0.955,0.044827,False
100,23,0.05,site_boot,True,0.65,0.955,0.044827,False
100,23,0.1,wsr,False,,,,
100,23,0.1,hoeffding,False,,,,
100,23,0.1,mpeb,False,,,,
100,23,0.1,t,True,0.55,0.9855,0.056025,False
100,23,0.1,site_boot,True,0.55,0.9855,0.056025,False
100,24,0.05,wsr,False,,,,
100,24,0.05,hoeffding,False,,,,
100,24,0.05,mpeb,False,,,,
100,24,0.05,t,True,0.71,0.9337,0.040998,False
100,24,0.05,site_boot,True,0.71,0.9337,0.040998,False
100,24,0.1,wsr,False,,,,
100,24,0.1,hoeffding,False,,,,
100,24,0.1,mpeb,False,,,,
100,24,0.1,t,True,0.55,0.9857,0.057791,False
100,24,0.1,site_boot,True,0.55,0.9857,0.057791,False
100,25,0.05,wsr,False,,,,
100,25,0.05,hoeffding,False,,,,
100,25,0.05,mpeb,False,,,,
100,25,0.05,t,True,0.69,0.9422,0.044902,False
100,25,0.05,site_boot,True,0.69,0.9422,0.044902,False
100,25,0.1,wsr,False,,,,
100,25,0.1,hoeffding,False,,,,
100,25,0.1,mpeb,False,,,,
100,25,0.1,t,True,0.55,0.986,0.060437,False
100,25,0.1,site_boot,True,0.55,0.986,0.060437,False
100,26,0.05,wsr,False,,,,
100,26,0.05,hoeffding,False,,,,
100,26,0.05,mpeb,False,,,,
100,26,0.05,t,True,0.71,0.9338,0.041503,False
100,26,0.05,site_boot,True,0.71,0.9338,0.041503,False
100,26,0.1,wsr,False,,,,
100,26,0.1,hoeffding,False,,,,
100,26,0.1,mpeb,False,,,,
100,26,0.1,t,True,0.55,0.986,0.059582,False
100,26,0.1,site_boot,True,0.55,0.986,0.059582,False
100,27,0.05,wsr,False,,,,
100,27,0.05,hoeffding,False,,,,
100,27,0.05,mpeb,False,,,,
100,27,0.05,t,True,0.67,0.951,0.046258,False
100,27,0.05,site_boot,True,0.67,0.951,0.046258,False
100,27,0.1,wsr,False,,,,
100,27,0.1,hoeffding,False,,,,
100,27,0.1,mpeb,False,,,,
100,27,0.1,t,True,0.55,0.9866,0.059021,False
100,27,0.1,site_boot,True,0.55,0.9866,0.059021,False
100,28,0.05,wsr,False,,,,
100,28,0.05,hoeffding,False,,,,
100,28,0.05,mpeb,False,,,,
100,28,0.05,t,True,0.65,0.9539,0.047131,False
100,28,0.05,site_boot,True,0.67,0.9471,0.044922,False
100,28,0.1,wsr,False,,,,
100,28,0.1,hoeffding,False,,,,
100,28,0.1,mpeb,False,,,,
100,28,0.1,t,True,0.55,0.9855,0.058738,False
100,28,0.1,site_boot,True,0.55,0.9855,0.058738,False
100,29,0.05,wsr,False,,,,
100,29,0.05,hoeffding,False,,,,
100,29,0.05,mpeb,False,,,,
100,29,0.05,t,True,0.67,0.9434,0.045202,False
100,29,0.05,site_boot,True,0.67,0.9434,0.045202,False
100,29,0.1,wsr,False,,,,
100,29,0.1,hoeffding,False,,,,
100,29,0.1,mpeb,False,,,,
100,29,0.1,t,True,0.55,0.9846,0.059553,False
100,29,0.1,site_boot,True,0.55,0.9846,0.059553,False
100,30,0.05,wsr,False,,,,
100,30,0.05,hoeffding,False,,,,
100,30,0.05,mpeb,False,,,,
100,30,0.05,t,True,0.65,0.9531,0.045866,False
100,30,0.05,site_boot,True,0.65,0.9531,0.045866,False
100,30,0.1,wsr,False,,,,
100,30,0.1,hoeffding,False,,,,
100,30,0.1,mpeb,False,,,,
100,30,0.1,t,True,0.55,0.985,0.057624,False
100,30,0.1,site_boot,True,0.55,0.985,0.057624,False
100,31,0.05,wsr,False,,,,
100,31,0.05,hoeffding,False,,,,
100,31,0.05,mpeb,False,,,,
100,31,0.05,t,True,0.67,0.9447,0.043235,False
100,31,0.05,site_boot,True,0.67,0.9447,0.043235,False
100,31,0.1,wsr,False,,,,
100,31,0.1,hoeffding,False,,,,
100,31,0.1,mpeb,False,,,,
100,31,0.1,t,True,0.55,0.9845,0.056213,False
100,31,0.1,site_boot,True,0.55,0.9845,0.056213,False
100,32,0.05,wsr,False,,,,
100,32,0.05,hoeffding,False,,,,
100,32,0.05,mpeb,False,,,,
100,32,0.05,t,True,0.71,0.9219,0.036361,False
100,32,0.05,site_boot,True,0.71,0.9219,0.036361,False
100,32,0.1,wsr,False,,,,
100,32,0.1,hoeffding,False,,,,
100,32,0.1,mpeb,False,,,,
100,32,0.1,t,True,0.55,0.9827,0.056193,False
100,32,0.1,site_boot,True,0.55,0.9827,0.056193,False
100,33,0.05,wsr,False,,,,
100,33,0.05,hoeffding,False,,,,
100,33,0.05,mpeb,False,,,,
100,33,0.05,t,True,0.71,0.929,0.038702,False
100,33,0.05,site_boot,True,0.71,0.929,0.038702,False
100,33,0.1,wsr,False,,,,
100,33,0.1,hoeffding,False,,,,
100,33,0.1,mpeb,False,,,,
100,33,0.1,t,True,0.55,0.9845,0.056359,False
100,33,0.1,site_boot,True,0.55,0.9845,0.056359,False
100,34,0.05,wsr,False,,,,
100,34,0.05,hoeffding,False,,,,
100,34,0.05,mpeb,False,,,,
100,34,0.05,t,True,0.75,0.9154,0.036348,False
100,34,0.05,site_boot,True,0.75,0.9154,0.036348,False
100,34,0.1,wsr,False,,,,
100,34,0.1,hoeffding,False,,,,
100,34,0.1,mpeb,False,,,,
100,34,0.1,t,True,0.55,0.9856,0.057133,False
100,34,0.1,site_boot,True,0.55,0.9856,0.057133,False
100,35,0.05,wsr,False,,,,
100,35,0.05,hoeffding,False,,,,
100,35,0.05,mpeb,False,,,,
100,35,0.05,t,True,0.65,0.9498,0.043354,False
100,35,0.05,site_boot,True,0.65,0.9498,0.043354,False
100,35,0.1,wsr,False,,,,
100,35,0.1,hoeffding,False,,,,
100,35,0.1,mpeb,False,,,,
100,35,0.1,t,True,0.55,0.9838,0.054616,False
100,35,0.1,site_boot,True,0.55,0.9838,0.054616,False
100,36,0.05,wsr,False,,,,
100,36,0.05,hoeffding,False,,,,
100,36,0.05,mpeb,False,,,,
100,36,0.05,t,True,0.63,0.957,0.047528,False
100,36,0.05,site_boot,True,0.63,0.957,0.047528,False
100,36,0.1,wsr,False,,,,
100,36,0.1,hoeffding,False,,,,
100,36,0.1,mpeb,False,,,,
100,36,0.1,t,True,0.55,0.9838,0.057137,False
100,36,0.1,site_boot,True,0.55,0.9838,0.057137,False
100,37,0.05,wsr,False,,,,
100,37,0.05,hoeffding,False,,,,
100,37,0.05,mpeb,False,,,,
100,37,0.05,t,True,0.71,0.9219,0.037456,False
100,37,0.05,site_boot,True,0.71,0.9219,0.037456,False
100,37,0.1,wsr,False,,,,
100,37,0.1,hoeffding,False,,,,
100,37,0.1,mpeb,False,,,,
100,37,0.1,t,True,0.55,0.9832,0.056427,False
100,37,0.1,site_boot,True,0.55,0.9832,0.056427,False
100,38,0.05,wsr,False,,,,
100,38,0.05,hoeffding,False,,,,
100,38,0.05,mpeb,False,,,,
100,38,0.05,t,True,0.69,0.9451,0.039968,False
100,38,0.05,site_boot,True,0.69,0.9451,0.039968,False
100,38,0.1,wsr,False,,,,
100,38,0.1,hoeffding,False,,,,
100,38,0.1,mpeb,False,,,,
100,38,0.1,t,True,0.55,0.9866,0.054166,False
100,38,0.1,site_boot,True,0.55,0.9866,0.054166,False
100,39,0.05,wsr,False,,,,
100,39,0.05,hoeffding,False,,,,
100,39,0.05,mpeb,False,,,,
100,39,0.05,t,True,0.67,0.9491,0.045375,False
100,39,0.05,site_boot,True,0.69,0.9421,0.04336,False
100,39,0.1,wsr,False,,,,
100,39,0.1,hoeffding,False,,,,
100,39,0.1,mpeb,False,,,,
100,39,0.1,t,True,0.55,0.9856,0.057941,False
100,39,0.1,site_boot,True,0.55,0.9856,0.057941,False
100,40,0.05,wsr,False,,,,
100,40,0.05,hoeffding,False,,,,
100,40,0.05,mpeb,False,,,,
100,40,0.05,t,True,0.69,0.9452,0.042521,False
100,40,0.05,site_boot,True,0.69,0.9452,0.042521,False
100,40,0.1,wsr,False,,,,
100,40,0.1,hoeffding,False,,,,
100,40,0.1,mpeb,False,,,,
100,40,0.1,t,True,0.55,0.9863,0.057102,False
100,40,0.1,site_boot,True,0.55,0.9863,0.057102,False
100,41,0.05,wsr,False,,,,
100,41,0.05,hoeffding,False,,,,
100,41,0.05,mpeb,False,,,,
100,41,0.05,t,True,0.67,0.9445,0.044115,False
100,41,0.05,site_boot,True,0.67,0.9445,0.044115,False
100,41,0.1,wsr,False,,,,
100,41,0.1,hoeffding,False,,,,
100,41,0.1,mpeb,False,,,,
100,41,0.1,t,True,0.55,0.9846,0.058128,False
100,41,0.1,site_boot,True,0.55,0.9846,0.058128,False
100,42,0.05,wsr,False,,,,
100,42,0.05,hoeffding,False,,,,
100,42,0.05,mpeb,False,,,,
100,42,0.05,t,True,0.69,0.9345,0.036863,False
100,42,0.05,site_boot,True,0.69,0.9345,0.036863,False
100,42,0.1,wsr,False,,,,
100,42,0.1,hoeffding,False,,,,
100,42,0.1,mpeb,False,,,,
100,42,0.1,t,True,0.55,0.9837,0.052765,False
100,42,0.1,site_boot,True,0.55,0.9837,0.052765,False
100,43,0.05,wsr,False,,,,
100,43,0.05,hoeffding,False,,,,
100,43,0.05,mpeb,False,,,,
100,43,0.05,t,True,0.71,0.9326,0.038645,False
100,43,0.05,site_boot,True,0.71,0.9326,0.038645,False
100,43,0.1,wsr,False,,,,
100,43,0.1,hoeffding,False,,,,
100,43,0.1,mpeb,False,,,,
100,43,0.1,t,True,0.55,0.985,0.056152,False
100,43,0.1,site_boot,True,0.55,0.985,0.056152,False
100,44,0.05,wsr,False,,,,
100,44,0.05,hoeffding,False,,,,
100,44,0.05,mpeb,False,,,,
100,44,0.05,t,True,0.67,0.9482,0.04613,False
100,44,0.05,site_boot,True,0.67,0.9482,0.04613,False
100,44,0.1,wsr,False,,,,
100,44,0.1,hoeffding,False,,,,
100,44,0.1,mpeb,False,,,,
100,44,0.1,t,True,0.55,0.9856,0.059645,False
100,44,0.1,site_boot,True,0.55,0.9856,0.059645,False
100,45,0.05,wsr,False,,,,
100,45,0.05,hoeffding,False,,,,
100,45,0.05,mpeb,False,,,,
100,45,0.05,t,True,0.69,0.9355,0.04227,False
100,45,0.05,site_boot,True,0.69,0.9355,0.04227,False
100,45,0.1,wsr,False,,,,
100,45,0.1,hoeffding,False,,,,
100,45,0.1,mpeb,False,,,,
100,45,0.1,t,True,0.55,0.9842,0.057801,False
100,45,0.1,site_boot,True,0.55,0.9842,0.057801,False
100,46,0.05,wsr,False,,,,
100,46,0.05,hoeffding,False,,,,
100,46,0.05,mpeb,False,,,,
100,46,0.05,t,True,0.71,0.929,0.042871,False
100,46,0.05,site_boot,True,0.71,0.929,0.042871,False
100,46,0.1,wsr,False,,,,
100,46,0.1,hoeffding,False,,,,
100,46,0.1,mpeb,False,,,,
100,46,0.1,t,True,0.55,0.9849,0.060438,False
100,46,0.1,site_boot,True,0.55,0.9849,0.060438,False
100,47,0.05,wsr,False,,,,
100,47,0.05,hoeffding,False,,,,
100,47,0.05,mpeb,False,,,,
100,47,0.05,t,True,0.59,0.972,0.053212,True
100,47,0.05,site_boot,True,0.59,0.972,0.053212,True
100,47,0.1,wsr,False,,,,
100,47,0.1,hoeffding,False,,,,
100,47,0.1,mpeb,False,,,,
100,47,0.1,t,True,0.55,0.9848,0.057819,False
100,47,0.1,site_boot,True,0.55,0.9848,0.057819,False
100,48,0.05,wsr,False,,,,
100,48,0.05,hoeffding,False,,,,
100,48,0.05,mpeb,False,,,,
100,48,0.05,t,True,0.71,0.9359,0.038378,False
100,48,0.05,site_boot,True,0.71,0.9359,0.038378,False
100,48,0.1,wsr,False,,,,
100,48,0.1,hoeffding,False,,,,
100,48,0.1,mpeb,False,,,,
100,48,0.1,t,True,0.55,0.9861,0.055652,False
100,48,0.1,site_boot,True,0.55,0.9861,0.055652,False
100,49,0.05,wsr,False,,,,
100,49,0.05,hoeffding,False,,,,
100,49,0.05,mpeb,False,,,,
100,49,0.05,t,True,0.69,0.9322,0.041022,False
100,49,0.05,site_boot,True,0.69,0.9322,0.041022,False
100,49,0.1,wsr,False,,,,
100,49,0.1,hoeffding,False,,,,
100,49,0.1,mpeb,False,,,,
100,49,0.1,t,True,0.55,0.9835,0.05744,False
100,49,0.1,site_boot,True,0.55,0.9835,0.05744,False
100,50,0.05,wsr,False,,,,
100,50,0.05,hoeffding,False,,,,
100,50,0.05,mpeb,False,,,,
100,50,0.05,t,True,0.65,0.9515,0.047375,False
100,50,0.05,site_boot,True,0.65,0.9515,0.047375,False
100,50,0.1,wsr,False,,,,
100,50,0.1,hoeffding,False,,,,
100,50,0.1,mpeb,False,,,,
100,50,0.1,t,True,0.55,0.9846,0.058857,False
100,50,0.1,site_boot,True,0.55,0.9846,0.058857,False
100,51,0.05,wsr,False,,,,
100,51,0.05,hoeffding,False,,,,
100,51,0.05,mpeb,False,,,,
100,51,0.05,t,True,0.71,0.9312,0.042476,False
100,51,0.05,site_boot,True,0.71,0.9312,0.042476,False
100,51,0.1,wsr,False,,,,
100,51,0.1,hoeffding,False,,,,
100,51,0.1,mpeb,False,,,,
100,51,0.1,t,True,0.55,0.9847,0.060103,False
100,51,0.1,site_boot,True,0.55,0.9847,0.060103,False
100,52,0.05,wsr,False,,,,
100,52,0.05,hoeffding,False,,,,
100,52,0.05,mpeb,False,,,,
100,52,0.05,t,True,0.67,0.944,0.04363,False
100,52,0.05,site_boot,True,0.67,0.944,0.04363,False
100,52,0.1,wsr,False,,,,
100,52,0.1,hoeffding,False,,,,
100,52,0.1,mpeb,False,,,,
100,52,0.1,t,True,0.55,0.9845,0.057617,False
100,52,0.1,site_boot,True,0.55,0.9845,0.057617,False
100,53,0.05,wsr,False,,,,
100,53,0.05,hoeffding,False,,,,
100,53,0.05,mpeb,False,,,,
100,53,0.05,t,True,0.71,0.9308,0.038685,False
100,53,0.05,site_boot,True,0.71,0.9308,0.038685,False
100,53,0.1,wsr,False,,,,
100,53,0.1,hoeffding,False,,,,
100,53,0.1,mpeb,False,,,,
100,53,0.1,t,True,0.55,0.9848,0.056462,False
100,53,0.1,site_boot,True,0.55,0.9848,0.056462,False
100,54,0.05,wsr,False,,,,
100,54,0.05,hoeffding,False,,,,
100,54,0.05,mpeb,False,,,,
100,54,0.05,t,True,0.65,0.9496,0.045372,False
100,54,0.05,site_boot,True,0.65,0.9496,0.045372,False
100,54,0.1,wsr,False,,,,
100,54,0.1,hoeffding,False,,,,
100,54,0.1,mpeb,False,,,,
100,54,0.1,t,True,0.55,0.9842,0.057848,False
100,54,0.1,site_boot,True,0.55,0.9842,0.057848,False
100,55,0.05,wsr,False,,,,
100,55,0.05,hoeffding,False,,,,
100,55,0.05,mpeb,False,,,,
100,55,0.05,t,True,0.69,0.9447,0.043658,False
100,55,0.05,site_boot,True,0.69,0.9447,0.043658,False
100,55,0.1,wsr,False,,,,
100,55,0.1,hoeffding,False,,,,
100,55,0.1,mpeb,False,,,,
100,55,0.1,t,True,0.55,0.9866,0.057978,False
100,55,0.1,site_boot,True,0.55,0.9866,0.057978,False
100,56,0.05,wsr,False,,,,
100,56,0.05,hoeffding,False,,,,
100,56,0.05,mpeb,False,,,,
100,56,0.05,t,True,0.67,0.9471,0.044912,False
100,56,0.05,site_boot,True,0.67,0.9471,0.044912,False
100,56,0.1,wsr,False,,,,
100,56,0.1,hoeffding,False,,,,
100,56,0.1,mpeb,False,,,,
100,56,0.1,t,True,0.55,0.9852,0.057995,False
100,56,0.1,site_boot,True,0.55,0.9852,0.057995,False
100,57,0.05,wsr,False,,,,
100,57,0.05,hoeffding,False,,,,
100,57,0.05,mpeb,False,,,,
100,57,0.05,t,True,0.65,0.9507,0.046507,False
100,57,0.05,site_boot,True,0.65,0.9507,0.046507,False
100,57,0.1,wsr,False,,,,
100,57,0.1,hoeffding,False,,,,
100,57,0.1,mpeb,False,,,,
100,57,0.1,t,True,0.55,0.9838,0.057665,False
100,57,0.1,site_boot,True,0.55,0.9838,0.057665,False
100,58,0.05,wsr,False,,,,
100,58,0.05,hoeffding,False,,,,
100,58,0.05,mpeb,False,,,,
100,58,0.05,t,True,0.65,0.9556,0.047,False
100,58,0.05,site_boot,True,0.65,0.9556,0.047,False
100,58,0.1,wsr,False,,,,
100,58,0.1,hoeffding,False,,,,
100,58,0.1,mpeb,False,,,,
100,58,0.1,t,True,0.55,0.9862,0.058427,False
100,58,0.1,site_boot,True,0.55,0.9862,0.058427,False
100,59,0.05,wsr,False,,,,
100,59,0.05,hoeffding,False,,,,
100,59,0.05,mpeb,False,,,,
100,59,0.05,t,True,0.65,0.9551,0.045613,False
100,59,0.05,site_boot,True,0.65,0.9551,0.045613,False
100,59,0.1,wsr,False,,,,
100,59,0.1,hoeffding,False,,,,
100,59,0.1,mpeb,False,,,,
100,59,0.1,t,True,0.55,0.9857,0.057268,False
100,59,0.1,site_boot,True,0.55,0.9857,0.057268,False
100,60,0.05,wsr,False,,,,
100,60,0.05,hoeffding,False,,,,
100,60,0.05,mpeb,False,,,,
100,60,0.05,t,True,0.65,0.9567,0.046543,False
100,60,0.05,site_boot,True,0.67,0.95,0.044547,False
100,60,0.1,wsr,False,,,,
100,60,0.1,hoeffding,False,,,,
100,60,0.1,mpeb,False,,,,
100,60,0.1,t,True,0.55,0.9865,0.056851,False
100,60,0.1,site_boot,True,0.55,0.9865,0.056851,False
100,61,0.05,wsr,False,,,,
100,61,0.05,hoeffding,False,,,,
100,61,0.05,mpeb,False,,,,
100,61,0.05,t,True,0.63,0.9597,0.047347,False
100,61,0.05,site_boot,True,0.63,0.9597,0.047347,False
100,61,0.1,wsr,False,,,,
100,61,0.1,hoeffding,False,,,,
100,61,0.1,mpeb,False,,,,
100,61,0.1,t,True,0.55,0.9855,0.056863,False
100,61,0.1,site_boot,True,0.55,0.9855,0.056863,False
100,62,0.05,wsr,False,,,,
100,62,0.05,hoeffding,False,,,,
100,62,0.05,mpeb,False,,,,
100,62,0.05,t,True,0.71,0.937,0.04363,False
100,62,0.05,site_boot,True,0.69,0.9437,0.046012,False
100,62,0.1,wsr,False,,,,
100,62,0.1,hoeffding,False,,,,
100,62,0.1,mpeb,False,,,,
100,62,0.1,t,True,0.55,0.9862,0.06096,False
100,62,0.1,site_boot,True,0.55,0.9862,0.06096,False
100,63,0.05,wsr,False,,,,
100,63,0.05,hoeffding,False,,,,
100,63,0.05,mpeb,False,,,,
100,63,0.05,t,True,0.65,0.9542,0.044584,False
100,63,0.05,site_boot,True,0.65,0.9542,0.044584,False
100,63,0.1,wsr,False,,,,
100,63,0.1,hoeffding,False,,,,
100,63,0.1,mpeb,False,,,,
100,63,0.1,t,True,0.55,0.9854,0.056588,False
100,63,0.1,site_boot,True,0.55,0.9854,0.056588,False
100,64,0.05,wsr,False,,,,
100,64,0.05,hoeffding,False,,,,
100,64,0.05,mpeb,False,,,,
100,64,0.05,t,True,0.61,0.9622,0.047849,False
100,64,0.05,site_boot,True,0.61,0.9622,0.047849,False
100,64,0.1,wsr,False,,,,
100,64,0.1,hoeffding,False,,,,
100,64,0.1,mpeb,False,,,,
100,64,0.1,t,True,0.55,0.9832,0.056104,False
100,64,0.1,site_boot,True,0.55,0.9832,0.056104,False
100,65,0.05,wsr,False,,,,
100,65,0.05,hoeffding,False,,,,
100,65,0.05,mpeb,False,,,,
100,65,0.05,t,True,0.65,0.9497,0.044877,False
100,65,0.05,site_boot,True,0.65,0.9497,0.044877,False
100,65,0.1,wsr,False,,,,
100,65,0.1,hoeffding,False,,,,
100,65,0.1,mpeb,False,,,,
100,65,0.1,t,True,0.55,0.9841,0.057081,False
100,65,0.1,site_boot,True,0.55,0.9841,0.057081,False
100,66,0.05,wsr,False,,,,
100,66,0.05,hoeffding,False,,,,
100,66,0.05,mpeb,False,,,,
100,66,0.05,t,True,0.73,0.9241,0.040085,False
100,66,0.05,site_boot,True,0.73,0.9241,0.040085,False
100,66,0.1,wsr,False,,,,
100,66,0.1,hoeffding,False,,,,
100,66,0.1,mpeb,False,,,,
100,66,0.1,t,True,0.55,0.9847,0.059227,False
100,66,0.1,site_boot,True,0.55,0.9847,0.059227,False
100,67,0.05,wsr,False,,,,
100,67,0.05,hoeffding,False,,,,
100,67,0.05,mpeb,False,,,,
100,67,0.05,t,True,0.71,0.9305,0.040466,False
100,67,0.05,site_boot,True,0.71,0.9305,0.040466,False
100,67,0.1,wsr,False,,,,
100,67,0.1,hoeffding,False,,,,
100,67,0.1,mpeb,False,,,,
100,67,0.1,t,True,0.55,0.985,0.057908,False
100,67,0.1,site_boot,True,0.55,0.985,0.057908,False
100,68,0.05,wsr,False,,,,
100,68,0.05,hoeffding,False,,,,
100,68,0.05,mpeb,False,,,,
100,68,0.05,t,True,0.67,0.9489,0.040438,False
100,68,0.05,site_boot,True,0.67,0.9489,0.040438,False
100,68,0.1,wsr,False,,,,
100,68,0.1,hoeffding,False,,,,
100,68,0.1,mpeb,False,,,,
100,68,0.1,t,True,0.55,0.9857,0.053336,False
100,68,0.1,site_boot,True,0.55,0.9857,0.053336,False
100,69,0.05,wsr,False,,,,
100,69,0.05,hoeffding,False,,,,
100,69,0.05,mpeb,False,,,,
100,69,0.05,t,True,0.61,0.9654,0.05008,True
100,69,0.05,site_boot,True,0.61,0.9654,0.05008,True
100,69,0.1,wsr,False,,,,
100,69,0.1,hoeffding,False,,,,
100,69,0.1,mpeb,False,,,,
100,69,0.1,t,True,0.55,0.9845,0.057512,False
100,69,0.1,site_boot,True,0.55,0.9845,0.057512,False
100,70,0.05,wsr,False,,,,
100,70,0.05,hoeffding,False,,,,
100,70,0.05,mpeb,False,,,,
100,70,0.05,t,True,0.69,0.9377,0.040433,False
100,70,0.05,site_boot,True,0.69,0.9377,0.040433,False
100,70,0.1,wsr,False,,,,
100,70,0.1,hoeffding,False,,,,
100,70,0.1,mpeb,False,,,,
100,70,0.1,t,True,0.55,0.9844,0.056901,False
100,70,0.1,site_boot,True,0.55,0.9844,0.056901,False
100,71,0.05,wsr,False,,,,
100,71,0.05,hoeffding,False,,,,
100,71,0.05,mpeb,False,,,,
100,71,0.05,t,True,0.67,0.9464,0.042656,False
100,71,0.05,site_boot,True,0.67,0.9464,0.042656,False
100,71,0.1,wsr,False,,,,
100,71,0.1,hoeffding,False,,,,
100,71,0.1,mpeb,False,,,,
100,71,0.1,t,True,0.55,0.985,0.056484,False
100,71,0.1,site_boot,True,0.55,0.985,0.056484,False
100,72,0.05,wsr,False,,,,
100,72,0.05,hoeffding,False,,,,
100,72,0.05,mpeb,False,,,,
100,72,0.05,t,True,0.65,0.951,0.044093,False
100,72,0.05,site_boot,True,0.65,0.951,0.044093,False
100,72,0.1,wsr,False,,,,
100,72,0.1,hoeffding,False,,,,
100,72,0.1,mpeb,False,,,,
100,72,0.1,t,True,0.55,0.9851,0.056515,False
100,72,0.1,site_boot,True,0.55,0.9851,0.056515,False
100,73,0.05,wsr,False,,,,
100,73,0.05,hoeffding,False,,,,
100,73,0.05,mpeb,False,,,,
100,73,0.05,t,True,0.69,0.9387,0.04327,False
100,73,0.05,site_boot,True,0.69,0.9387,0.04327,False
100,73,0.1,wsr,False,,,,
100,73,0.1,hoeffding,False,,,,
100,73,0.1,mpeb,False,,,,
100,73,0.1,t,True,0.55,0.9848,0.059351,False
100,73,0.1,site_boot,True,0.55,0.9848,0.059351,False
100,74,0.05,wsr,False,,,,
100,74,0.05,hoeffding,False,,,,
100,74,0.05,mpeb,False,,,,
100,74,0.05,t,True,0.67,0.9392,0.039889,False
100,74,0.05,site_boot,True,0.67,0.9392,0.039889,False
100,74,0.1,wsr,False,,,,
100,74,0.1,hoeffding,False,,,,
100,74,0.1,mpeb,False,,,,
100,74,0.1,t,True,0.55,0.9832,0.054382,False
100,74,0.1,site_boot,True,0.55,0.9832,0.054382,False
100,75,0.05,wsr,False,,,,
100,75,0.05,hoeffding,False,,,,
100,75,0.05,mpeb,False,,,,
100,75,0.05,t,True,0.65,0.9528,0.047755,False
100,75,0.05,site_boot,True,0.65,0.9528,0.047755,False
100,75,0.1,wsr,False,,,,
100,75,0.1,hoeffding,False,,,,
100,75,0.1,mpeb,False,,,,
100,75,0.1,t,True,0.55,0.9844,0.057907,False
100,75,0.1,site_boot,True,0.55,0.9844,0.057907,False
100,76,0.05,wsr,False,,,,
100,76,0.05,hoeffding,False,,,,
100,76,0.05,mpeb,False,,,,
100,76,0.05,t,True,0.73,0.9242,0.036818,False
100,76,0.05,site_boot,True,0.73,0.9242,0.036818,False
100,76,0.1,wsr,False,,,,
100,76,0.1,hoeffding,False,,,,
100,76,0.1,mpeb,False,,,,
100,76,0.1,t,True,0.55,0.9854,0.056322,False
100,76,0.1,site_boot,True,0.55,0.9854,0.056322,False
100,77,0.05,wsr,False,,,,
100,77,0.05,hoeffding,False,,,,
100,77,0.05,mpeb,False,,,,
100,77,0.05,t,True,0.65,0.9516,0.046734,False
100,77,0.05,site_boot,True,0.65,0.9516,0.046734,False
100,77,0.1,wsr,False,,,,
100,77,0.1,hoeffding,False,,,,
100,77,0.1,mpeb,False,,,,
100,77,0.1,t,True,0.55,0.9844,0.059001,False
100,77,0.1,site_boot,True,0.55,0.9844,0.059001,False
100,78,0.05,wsr,False,,,,
100,78,0.05,hoeffding,False,,,,
100,78,0.05,mpeb,False,,,,
100,78,0.05,t,True,0.65,0.9562,0.043888,False
100,78,0.05,site_boot,True,0.65,0.9562,0.043888,False
100,78,0.1,wsr,False,,,,
100,78,0.1,hoeffding,False,,,,
100,78,0.1,mpeb,False,,,,
100,78,0.1,t,True,0.55,0.9859,0.054814,False
100,78,0.1,site_boot,True,0.55,0.9859,0.054814,False
100,79,0.05,wsr,False,,,,
100,79,0.05,hoeffding,False,,,,
100,79,0.05,mpeb,False,,,,
100,79,0.05,t,True,0.67,0.9447,0.043914,False
100,79,0.05,site_boot,True,0.67,0.9447,0.043914,False
100,79,0.1,wsr,False,,,,
100,79,0.1,hoeffding,False,,,,
100,79,0.1,mpeb,False,,,,
100,79,0.1,t,True,0.55,0.984,0.057788,False
100,79,0.1,site_boot,True,0.55,0.984,0.057788,False
100,80,0.05,wsr,False,,,,
100,80,0.05,hoeffding,False,,,,
100,80,0.05,mpeb,False,,,,
100,80,0.05,t,True,0.65,0.951,0.044381,False
100,80,0.05,site_boot,True,0.65,0.951,0.044381,False
100,80,0.1,wsr,False,,,,
100,80,0.1,hoeffding,False,,,,
100,80,0.1,mpeb,False,,,,
100,80,0.1,t,True,0.55,0.984,0.055867,False
100,80,0.1,site_boot,True,0.55,0.984,0.055867,False
100,81,0.05,wsr,False,,,,
100,81,0.05,hoeffding,False,,,,
100,81,0.05,mpeb,False,,,,
100,81,0.05,t,True,0.69,0.9423,0.043524,False
100,81,0.05,site_boot,True,0.69,0.9423,0.043524,False
100,81,0.1,wsr,False,,,,
100,81,0.1,hoeffding,False,,,,
100,81,0.1,mpeb,False,,,,
100,81,0.1,t,True,0.55,0.9855,0.058704,False
100,81,0.1,site_boot,True,0.55,0.9855,0.058704,False
100,82,0.05,wsr,False,,,,
100,82,0.05,hoeffding,False,,,,
100,82,0.05,mpeb,False,,,,
100,82,0.05,t,True,0.69,0.9384,0.045872,False
100,82,0.05,site_boot,True,0.69,0.9384,0.045872,False
100,82,0.1,wsr,False,,,,
100,82,0.1,hoeffding,False,,,,
100,82,0.1,mpeb,False,,,,
100,82,0.1,t,True,0.55,0.9853,0.061562,False
100,82,0.1,site_boot,True,0.55,0.9853,0.061562,False
100,83,0.05,wsr,False,,,,
100,83,0.05,hoeffding,False,,,,
100,83,0.05,mpeb,False,,,,
100,83,0.05,t,True,0.69,0.9388,0.044204,False
100,83,0.05,site_boot,True,0.69,0.9388,0.044204,False
100,83,0.1,wsr,False,,,,
100,83,0.1,hoeffding,False,,,,
100,83,0.1,mpeb,False,,,,
100,83,0.1,t,True,0.55,0.9852,0.060589,False
100,83,0.1,site_boot,True,0.55,0.9852,0.060589,False
100,84,0.05,wsr,False,,,,
100,84,0.05,hoeffding,False,,,,
100,84,0.05,mpeb,False,,,,
100,84,0.05,t,True,0.61,0.9681,0.05117,True
100,84,0.05,site_boot,True,0.61,0.9681,0.05117,True
100,84,0.1,wsr,False,,,,
100,84,0.1,hoeffding,False,,,,
100,84,0.1,mpeb,False,,,,
100,84,0.1,t,True,0.55,0.9856,0.057643,False
100,84,0.1,site_boot,True,0.55,0.9856,0.057643,False
100,85,0.05,wsr,False,,,,
100,85,0.05,hoeffding,False,,,,
100,85,0.05,mpeb,False,,,,
100,85,0.05,t,True,0.69,0.9384,0.041671,False
100,85,0.05,site_boot,True,0.69,0.9384,0.041671,False
100,85,0.1,wsr,False,,,,
100,85,0.1,hoeffding,False,,,,
100,85,0.1,mpeb,False,,,,
100,85,0.1,t,True,0.55,0.9849,0.05773,False
100,85,0.1,site_boot,True,0.55,0.9849,0.05773,False
100,86,0.05,wsr,False,,,,
100,86,0.05,hoeffding,False,,,,
100,86,0.05,mpeb,False,,,,
100,86,0.05,t,True,0.69,0.9396,0.041475,False
100,86,0.05,site_boot,True,0.69,0.9396,0.041475,False
100,86,0.1,wsr,False,,,,
100,86,0.1,hoeffding,False,,,,
100,86,0.1,mpeb,False,,,,
100,86,0.1,t,True,0.55,0.9857,0.056755,False
100,86,0.1,site_boot,True,0.55,0.9857,0.056755,False
100,87,0.05,wsr,False,,,,
100,87,0.05,hoeffding,False,,,,
100,87,0.05,mpeb,False,,,,
100,87,0.05,t,True,0.69,0.9414,0.041738,False
100,87,0.05,site_boot,True,0.69,0.9414,0.041738,False
100,87,0.1,wsr,False,,,,
100,87,0.1,hoeffding,False,,,,
100,87,0.1,mpeb,False,,,,
100,87,0.1,t,True,0.55,0.9857,0.05775,False
100,87,0.1,site_boot,True,0.55,0.9857,0.05775,False
100,88,0.05,wsr,False,,,,
100,88,0.05,hoeffding,False,,,,
100,88,0.05,mpeb,False,,,,
100,88,0.05,t,True,0.71,0.9296,0.039834,False
100,88,0.05,site_boot,True,0.71,0.9296,0.039834,False
100,88,0.1,wsr,False,,,,
100,88,0.1,hoeffding,False,,,,
100,88,0.1,mpeb,False,,,,
100,88,0.1,t,True,0.55,0.9848,0.058705,False
100,88,0.1,site_boot,True,0.55,0.9848,0.058705,False
100,89,0.05,wsr,False,,,,
100,89,0.05,hoeffding,False,,,,
100,89,0.05,mpeb,False,,,,
100,89,0.05,t,True,0.71,0.9262,0.040841,False
100,89,0.05,site_boot,True,0.71,0.9262,0.040841,False
100,89,0.1,wsr,False,,,,
100,89,0.1,hoeffding,False,,,,
100,89,0.1,mpeb,False,,,,
100,89,0.1,t,True,0.55,0.9845,0.06028,False
100,89,0.1,site_boot,True,0.55,0.9845,0.06028,False
100,90,0.05,wsr,False,,,,
100,90,0.05,hoeffding,False,,,,
100,90,0.05,mpeb,False,,,,
100,90,0.05,t,True,0.71,0.9404,0.04034,False
100,90,0.05,site_boot,True,0.71,0.9404,0.04034,False
100,90,0.1,wsr,False,,,,
100,90,0.1,hoeffding,False,,,,
100,90,0.1,mpeb,False,,,,
100,90,0.1,t,True,0.55,0.9876,0.057086,False
100,90,0.1,site_boot,True,0.55,0.9876,0.057086,False
100,91,0.05,wsr,False,,,,
100,91,0.05,hoeffding,False,,,,
100,91,0.05,mpeb,False,,,,
100,91,0.05,t,True,0.63,0.961,0.047815,False
100,91,0.05,site_boot,True,0.63,0.961,0.047815,False
100,91,0.1,wsr,False,,,,
100,91,0.1,hoeffding,False,,,,
100,91,0.1,mpeb,False,,,,
100,91,0.1,t,True,0.55,0.9859,0.05717,False
100,91,0.1,site_boot,True,0.55,0.9859,0.05717,False
100,92,0.05,wsr,False,,,,
100,92,0.05,hoeffding,False,,,,
100,92,0.05,mpeb,False,,,,
100,92,0.05,t,True,0.63,0.9577,0.048189,False
100,92,0.05,site_boot,True,0.63,0.9577,0.048189,False
100,92,0.1,wsr,False,,,,
100,92,0.1,hoeffding,False,,,,
100,92,0.1,mpeb,False,,,,
100,92,0.1,t,True,0.55,0.9843,0.057803,False
100,92,0.1,site_boot,True,0.55,0.9843,0.057803,False
100,93,0.05,wsr,False,,,,
100,93,0.05,hoeffding,False,,,,
100,93,0.05,mpeb,False,,,,
100,93,0.05,t,True,0.73,0.9269,0.037124,False
100,93,0.05,site_boot,True,0.73,0.9269,0.037124,False
100,93,0.1,wsr,False,,,,
100,93,0.1,hoeffding,False,,,,
100,93,0.1,mpeb,False,,,,
100,93,0.1,t,True,0.55,0.9857,0.055699,False
100,93,0.1,site_boot,True,0.55,0.9857,0.055699,False
100,94,0.05,wsr,False,,,,
100,94,0.05,hoeffding,False,,,,
100,94,0.05,mpeb,False,,,,
100,94,0.05,t,True,0.71,0.9311,0.037984,False
100,94,0.05,site_boot,True,0.71,0.9311,0.037984,False
100,94,0.1,wsr,False,,,,
100,94,0.1,hoeffding,False,,,,
100,94,0.1,mpeb,False,,,,
100,94,0.1,t,True,0.55,0.9853,0.056359,False
100,94,0.1,site_boot,True,0.55,0.9853,0.056359,False
100,95,0.05,wsr,False,,,,
100,95,0.05,hoeffding,False,,,,
100,95,0.05,mpeb,False,,,,
100,95,0.05,t,True,0.75,0.9177,0.037073,False
100,95,0.05,site_boot,True,0.73,0.9264,0.039348,False
100,95,0.1,wsr,False,,,,
100,95,0.1,hoeffding,False,,,,
100,95,0.1,mpeb,False,,,,
100,95,0.1,t,True,0.55,0.9862,0.059637,False
100,95,0.1,site_boot,True,0.55,0.9862,0.059637,False
100,96,0.05,wsr,False,,,,
100,96,0.05,hoeffding,False,,,,
100,96,0.05,mpeb,False,,,,
100,96,0.05,t,True,0.61,0.9626,0.050147,True
100,96,0.05,site_boot,True,0.61,0.9626,0.050147,True
100,96,0.1,wsr,False,,,,
100,96,0.1,hoeffding,False,,,,
100,96,0.1,mpeb,False,,,,
100,96,0.1,t,True,0.55,0.9836,0.058354,False
100,96,0.1,site_boot,True,0.55,0.9836,0.058354,False
100,97,0.05,wsr,False,,,,
100,97,0.05,hoeffding,False,,,,
100,97,0.05,mpeb,False,,,,
100,97,0.05,t,True,0.69,0.9369,0.041441,False
100,97,0.05,site_boot,True,0.69,0.9369,0.041441,False
100,97,0.1,wsr,False,,,,
100,97,0.1,hoeffding,False,,,,
100,97,0.1,mpeb,False,,,,
100,97,0.1,t,True,0.55,0.9844,0.058003,False
100,97,0.1,site_boot,True,0.55,0.9844,0.058003,False
100,98,0.05,wsr,False,,,,
100,98,0.05,hoeffding,False,,,,
100,98,0.05,mpeb,False,,,,
100,98,0.05,t,True,0.59,0.9714,0.058627,True
100,98,0.05,site_boot,True,0.59,0.9714,0.058627,True
100,98,0.1,wsr,False,,,,
100,98,0.1,hoeffding,False,,,,
100,98,0.1,mpeb,False,,,,
100,98,0.1,t,True,0.55,0.9842,0.063266,False
100,98,0.1,site_boot,True,0.55,0.9842,0.063266,False
100,99,0.05,wsr,False,,,,
100,99,0.05,hoeffding,False,,,,
100,99,0.05,mpeb,False,,,,
100,99,0.05,t,True,0.69,0.939,0.041706,False
100,99,0.05,site_boot,True,0.69,0.939,0.041706,False
100,99,0.1,wsr,False,,,,
100,99,0.1,hoeffding,False,,,,
100,99,0.1,mpeb,False,,,,
100,99,0.1,t,True,0.55,0.9853,0.057703,False
100,99,0.1,site_boot,True,0.55,0.9853,0.057703,False
100,100,0.05,wsr,False,,,,
100,100,0.05,hoeffding,False,,,,
100,100,0.05,mpeb,False,,,,
100,100,0.05,t,True,0.65,0.9526,0.048639,False
100,100,0.05,site_boot,True,0.65,0.9526,0.048639,False
100,100,0.1,wsr,False,,,,
100,100,0.1,hoeffding,False,,,,
100,100,0.1,mpeb,False,,,,
100,100,0.1,t,True,0.55,0.985,0.060057,False
100,100,0.1,site_boot,True,0.55,0.985,0.060057,False
100,101,0.05,wsr,False,,,,
100,101,0.05,hoeffding,False,,,,
100,101,0.05,mpeb,False,,,,
100,101,0.05,t,True,0.63,0.9562,0.049143,False
100,101,0.05,site_boot,True,0.61,0.9634,0.051487,True
100,101,0.1,wsr,False,,,,
100,101,0.1,hoeffding,False,,,,
100,101,0.1,mpeb,False,,,,
100,101,0.1,t,True,0.55,0.9837,0.059154,False
100,101,0.1,site_boot,True,0.55,0.9837,0.059154,False
100,102,0.05,wsr,False,,,,
100,102,0.05,hoeffding,False,,,,
100,102,0.05,mpeb,False,,,,
100,102,0.05,t,True,0.65,0.9532,0.04413,False
100,102,0.05,site_boot,True,0.65,0.9532,0.04413,False
100,102,0.1,wsr,False,,,,
100,102,0.1,hoeffding,False,,,,
100,102,0.1,mpeb,False,,,,
100,102,0.1,t,True,0.55,0.9852,0.055616,False
100,102,0.1,site_boot,True,0.55,0.9852,0.055616,False
100,103,0.05,wsr,False,,,,
100,103,0.05,hoeffding,False,,,,
100,103,0.05,mpeb,False,,,,
100,103,0.05,t,True,0.69,0.943,0.044047,False
100,103,0.05,site_boot,True,0.69,0.943,0.044047,False
100,103,0.1,wsr,False,,,,
100,103,0.1,hoeffding,False,,,,
100,103,0.1,mpeb,False,,,,
100,103,0.1,t,True,0.55,0.9858,0.059128,False
100,103,0.1,site_boot,True,0.55,0.9858,0.059128,False
100,104,0.05,wsr,False,,,,
100,104,0.05,hoeffding,False,,,,
100,104,0.05,mpeb,False,,,,
100,104,0.05,t,True,0.69,0.9388,0.039643,False
100,104,0.05,site_boot,True,0.69,0.9388,0.039643,False
100,104,0.1,wsr,False,,,,
100,104,0.1,hoeffding,False,,,,
100,104,0.1,mpeb,False,,,,
100,104,0.1,t,True,0.55,0.9847,0.055339,False
100,104,0.1,site_boot,True,0.55,0.9847,0.055339,False
100,105,0.05,wsr,False,,,,
100,105,0.05,hoeffding,False,,,,
100,105,0.05,mpeb,False,,,,
100,105,0.05,t,True,0.71,0.9328,0.039146,False
100,105,0.05,site_boot,True,0.71,0.9328,0.039146,False
100,105,0.1,wsr,False,,,,
100,105,0.1,hoeffding,False,,,,
100,105,0.1,mpeb,False,,,,
100,105,0.1,t,True,0.55,0.9852,0.055829,False
100,105,0.1,site_boot,True,0.55,0.9852,0.055829,False
100,106,0.05,wsr,False,,,,
100,106,0.05,hoeffding,False,,,,
100,106,0.05,mpeb,False,,,,
100,106,0.05,t,True,0.67,0.9431,0.043004,False
100,106,0.05,site_boot,True,0.67,0.9431,0.043004,False
100,106,0.1,wsr,False,,,,
100,106,0.1,hoeffding,False,,,,
100,106,0.1,mpeb,False,,,,
100,106,0.1,t,True,0.55,0.9835,0.057184,False
100,106,0.1,site_boot,True,0.55,0.9835,0.057184,False
100,107,0.05,wsr,False,,,,
100,107,0.05,hoeffding,False,,,,
100,107,0.05,mpeb,False,,,,
100,107,0.05,t,True,0.67,0.9417,0.04528,False
100,107,0.05,site_boot,True,0.67,0.9417,0.04528,False
100,107,0.1,wsr,False,,,,
100,107,0.1,hoeffding,False,,,,
100,107,0.1,mpeb,False,,,,
100,107,0.1,t,True,0.55,0.9839,0.059484,False
100,107,0.1,site_boot,True,0.55,0.9839,0.059484,False
100,108,0.05,wsr,False,,,,
100,108,0.05,hoeffding,False,,,,
100,108,0.05,mpeb,False,,,,
100,108,0.05,t,True,0.75,0.9228,0.037598,False
100,108,0.05,site_boot,True,0.75,0.9228,0.037598,False
100,108,0.1,wsr,False,,,,
100,108,0.1,hoeffding,False,,,,
100,108,0.1,mpeb,False,,,,
100,108,0.1,t,True,0.55,0.9867,0.058901,False
100,108,0.1,site_boot,True,0.55,0.9867,0.058901,False
100,109,0.05,wsr,False,,,,
100,109,0.05,hoeffding,False,,,,
100,109,0.05,mpeb,False,,,,
100,109,0.05,t,True,0.67,0.9458,0.043838,False
100,109,0.05,site_boot,True,0.67,0.9458,0.043838,False
100,109,0.1,wsr,False,,,,
100,109,0.1,hoeffding,False,,,,
100,109,0.1,mpeb,False,,,,
100,109,0.1,t,True,0.55,0.9849,0.057895,False
100,109,0.1,site_boot,True,0.55,0.9849,0.057895,False
100,110,0.05,wsr,False,,,,
100,110,0.05,hoeffding,False,,,,
100,110,0.05,mpeb,False,,,,
100,110,0.05,t,True,0.73,0.9277,0.03675,False
100,110,0.05,site_boot,True,0.73,0.9277,0.03675,False
100,110,0.1,wsr,False,,,,
100,110,0.1,hoeffding,False,,,,
100,110,0.1,mpeb,False,,,,
100,110,0.1,t,True,0.55,0.9859,0.055955,False
100,110,0.1,site_boot,True,0.55,0.9859,0.055955,False
100,111,0.05,wsr,False,,,,
100,111,0.05,hoeffding,False,,,,
100,111,0.05,mpeb,False,,,,
100,111,0.05,t,True,0.73,0.9253,0.036593,False
100,111,0.05,site_boot,True,0.73,0.9253,0.036593,False
100,111,0.1,wsr,False,,,,
100,111,0.1,hoeffding,False,,,,
100,111,0.1,mpeb,False,,,,
100,111,0.1,t,True,0.55,0.9856,0.055423,False
100,111,0.1,site_boot,True,0.55,0.9856,0.055423,False
100,112,0.05,wsr,False,,,,
100,112,0.05,hoeffding,False,,,,
100,112,0.05,mpeb,False,,,,
100,112,0.05,t,True,0.65,0.952,0.048317,False
100,112,0.05,site_boot,True,0.65,0.952,0.048317,False
100,112,0.1,wsr,False,,,,
100,112,0.1,hoeffding,False,,,,
100,112,0.1,mpeb,False,,,,
100,112,0.1,t,True,0.55,0.9844,0.05968,False
100,112,0.1,site_boot,True,0.55,0.9844,0.05968,False
100,113,0.05,wsr,False,,,,
100,113,0.05,hoeffding,False,,,,
100,113,0.05,mpeb,False,,,,
100,113,0.05,t,True,0.67,0.9473,0.044661,False
100,113,0.05,site_boot,True,0.67,0.9473,0.044661,False
100,113,0.1,wsr,False,,,,
100,113,0.1,hoeffding,False,,,,
100,113,0.1,mpeb,False,,,,
100,113,0.1,t,True,0.55,0.9852,0.057774,False
100,113,0.1,site_boot,True,0.55,0.9852,0.057774,False
100,114,0.05,wsr,False,,,,
100,114,0.05,hoeffding,False,,,,
100,114,0.05,mpeb,False,,,,
100,114,0.05,t,True,0.75,0.9198,0.040012,False
100,114,0.05,site_boot,True,0.75,0.9198,0.040012,False
100,114,0.1,wsr,False,,,,
100,114,0.1,hoeffding,False,,,,
100,114,0.1,mpeb,False,,,,
100,114,0.1,t,True,0.55,0.9864,0.061239,False
100,114,0.1,site_boot,True,0.55,0.9864,0.061239,False
100,115,0.05,wsr,False,,,,
100,115,0.05,hoeffding,False,,,,
100,115,0.05,mpeb,False,,,,
100,115,0.05,t,True,0.71,0.931,0.038407,False
100,115,0.05,site_boot,True,0.71,0.931,0.038407,False
100,115,0.1,wsr,False,,,,
100,115,0.1,hoeffding,False,,,,
100,115,0.1,mpeb,False,,,,
100,115,0.1,t,True,0.55,0.9852,0.055897,False
100,115,0.1,site_boot,True,0.55,0.9852,0.055897,False
100,116,0.05,wsr,False,,,,
100,116,0.05,hoeffding,False,,,,
100,116,0.05,mpeb,False,,,,
100,116,0.05,t,True,0.73,0.9165,0.03679,False
100,116,0.05,site_boot,True,0.73,0.9165,0.03679,False
100,116,0.1,wsr,False,,,,
100,116,0.1,hoeffding,False,,,,
100,116,0.1,mpeb,False,,,,
100,116,0.1,t,True,0.55,0.9834,0.058591,False
100,116,0.1,site_boot,True,0.55,0.9834,0.058591,False
100,117,0.05,wsr,False,,,,
100,117,0.05,hoeffding,False,,,,
100,117,0.05,mpeb,False,,,,
100,117,0.05,t,True,0.73,0.9232,0.038788,False
100,117,0.05,site_boot,True,0.73,0.9232,0.038788,False
100,117,0.1,wsr,False,,,,
100,117,0.1,hoeffding,False,,,,
100,117,0.1,mpeb,False,,,,
100,117,0.1,t,True,0.55,0.9851,0.058789,False
100,117,0.1,site_boot,True,0.55,0.9851,0.058789,False
100,118,0.05,wsr,False,,,,
100,118,0.05,hoeffding,False,,,,
100,118,0.05,mpeb,False,,,,
100,118,0.05,t,True,0.71,0.9317,0.039008,False
100,118,0.05,site_boot,True,0.71,0.9317,0.039008,False
100,118,0.1,wsr,False,,,,
100,118,0.1,hoeffding,False,,,,
100,118,0.1,mpeb,False,,,,
100,118,0.1,t,True,0.55,0.9847,0.056178,False
100,118,0.1,site_boot,True,0.55,0.9847,0.056178,False
100,119,0.05,wsr,False,,,,
100,119,0.05,hoeffding,False,,,,
100,119,0.05,mpeb,False,,,,
100,119,0.05,t,True,0.65,0.9472,0.046007,False
100,119,0.05,site_boot,True,0.65,0.9472,0.046007,False
100,119,0.1,wsr,False,,,,
100,119,0.1,hoeffding,False,,,,
100,119,0.1,mpeb,False,,,,
100,119,0.1,t,True,0.55,0.9833,0.058778,False
100,119,0.1,site_boot,True,0.55,0.9833,0.058778,False
100,120,0.05,wsr,False,,,,
100,120,0.05,hoeffding,False,,,,
100,120,0.05,mpeb,False,,,,
100,120,0.05,t,True,0.77,0.9129,0.036926,False
100,120,0.05,site_boot,True,0.77,0.9129,0.036926,False
100,120,0.1,wsr,False,,,,
100,120,0.1,hoeffding,False,,,,
100,120,0.1,mpeb,False,,,,
100,120,0.1,t,True,0.55,0.9862,0.060074,False
100,120,0.1,site_boot,True,0.55,0.9862,0.060074,False
100,121,0.05,wsr,False,,,,
100,121,0.05,hoeffding,False,,,,
100,121,0.05,mpeb,False,,,,
100,121,0.05,t,True,0.71,0.9343,0.040708,False
100,121,0.05,site_boot,True,0.71,0.9343,0.040708,False
100,121,0.1,wsr,False,,,,
100,121,0.1,hoeffding,False,,,,
100,121,0.1,mpeb,False,,,,
100,121,0.1,t,True,0.55,0.9866,0.058652,False
100,121,0.1,site_boot,True,0.55,0.9866,0.058652,False
100,122,0.05,wsr,False,,,,
100,122,0.05,hoeffding,False,,,,
100,122,0.05,mpeb,False,,,,
100,122,0.05,t,True,0.69,0.9434,0.041105,False
100,122,0.05,site_boot,True,0.69,0.9434,0.041105,False
100,122,0.1,wsr,False,,,,
100,122,0.1,hoeffding,False,,,,
100,122,0.1,mpeb,False,,,,
100,122,0.1,t,True,0.55,0.9863,0.056708,False
100,122,0.1,site_boot,True,0.55,0.9863,0.056708,False
100,123,0.05,wsr,False,,,,
100,123,0.05,hoeffding,False,,,,
100,123,0.05,mpeb,False,,,,
100,123,0.05,t,True,0.65,0.9531,0.046891,False
100,123,0.05,site_boot,True,0.65,0.9531,0.046891,False
100,123,0.1,wsr,False,,,,
100,123,0.1,hoeffding,False,,,,
100,123,0.1,mpeb,False,,,,
100,123,0.1,t,True,0.55,0.985,0.057962,False
100,123,0.1,site_boot,True,0.55,0.985,0.057962,False
100,124,0.05,wsr,False,,,,
100,124,0.05,hoeffding,False,,,,
100,124,0.05,mpeb,False,,,,
100,124,0.05,t,True,0.77,0.9114,0.032831,False
100,124,0.05,site_boot,True,0.77,0.9114,0.032831,False
100,124,0.1,wsr,False,,,,
100,124,0.1,hoeffding,False,,,,
100,124,0.1,mpeb,False,,,,
100,124,0.1,t,True,0.55,0.9858,0.055404,False
100,124,0.1,site_boot,True,0.55,0.9858,0.055404,False
100,125,0.05,wsr,False,,,,
100,125,0.05,hoeffding,False,,,,
100,125,0.05,mpeb,False,,,,
100,125,0.05,t,True,0.65,0.9519,0.047472,False
100,125,0.05,site_boot,True,0.63,0.959,0.049861,False
100,125,0.1,wsr,False,,,,
100,125,0.1,hoeffding,False,,,,
100,125,0.1,mpeb,False,,,,
100,125,0.1,t,True,0.55,0.9847,0.058958,False
100,125,0.1,site_boot,True,0.55,0.9847,0.058958,False
100,126,0.05,wsr,False,,,,
100,126,0.05,hoeffding,False,,,,
100,126,0.05,mpeb,False,,,,
100,126,0.05,t,True,0.73,0.9222,0.03734,False
100,126,0.05,site_boot,True,0.73,0.9222,0.03734,False
100,126,0.1,wsr,False,,,,
100,126,0.1,hoeffding,False,,,,
100,126,0.1,mpeb,False,,,,
100,126,0.1,t,True,0.55,0.9853,0.056442,False
100,126,0.1,site_boot,True,0.55,0.9853,0.056442,False
100,127,0.05,wsr,False,,,,
100,127,0.05,hoeffding,False,,,,
100,127,0.05,mpeb,False,,,,
100,127,0.05,t,True,0.67,0.9493,0.042561,False
100,127,0.05,site_boot,True,0.67,0.9493,0.042561,False
100,127,0.1,wsr,False,,,,
100,127,0.1,hoeffding,False,,,,
100,127,0.1,mpeb,False,,,,
100,127,0.1,t,True,0.55,0.9864,0.055711,False
100,127,0.1,site_boot,True,0.55,0.9864,0.055711,False
100,128,0.05,wsr,False,,,,
100,128,0.05,hoeffding,False,,,,
100,128,0.05,mpeb,False,,,,
100,128,0.05,t,True,0.69,0.9419,0.043412,False
100,128,0.05,site_boot,True,0.69,0.9419,0.043412,False
100,128,0.1,wsr,False,,,,
100,128,0.1,hoeffding,False,,,,
100,128,0.1,mpeb,False,,,,
100,128,0.1,t,True,0.55,0.9861,0.058917,False
100,128,0.1,site_boot,True,0.55,0.9861,0.058917,False
100,129,0.05,wsr,False,,,,
100,129,0.05,hoeffding,False,,,,
100,129,0.05,mpeb,False,,,,
100,129,0.05,t,True,0.63,0.9618,0.048827,False
100,129,0.05,site_boot,True,0.63,0.9618,0.048827,False
100,129,0.1,wsr,False,,,,
100,129,0.1,hoeffding,False,,,,
100,129,0.1,mpeb,False,,,,
100,129,0.1,t,True,0.55,0.9861,0.057495,False
100,129,0.1,site_boot,True,0.55,0.9861,0.057495,False
100,130,0.05,wsr,False,,,,
100,130,0.05,hoeffding,False,,,,
100,130,0.05,mpeb,False,,,,
100,130,0.05,t,True,0.73,0.9292,0.037004,False
100,130,0.05,site_boot,True,0.73,0.9292,0.037004,False
100,130,0.1,wsr,False,,,,
100,130,0.1,hoeffding,False,,,,
100,130,0.1,mpeb,False,,,,
100,130,0.1,t,True,0.55,0.9861,0.055115,False
100,130,0.1,site_boot,True,0.55,0.9861,0.055115,False
100,131,0.05,wsr,False,,,,
100,131,0.05,hoeffding,False,,,,
100,131,0.05,mpeb,False,,,,
100,131,0.05,t,True,0.75,0.9139,0.034915,False
100,131,0.05,site_boot,True,0.75,0.9139,0.034915,False
100,131,0.1,wsr,False,,,,
100,131,0.1,hoeffding,False,,,,
100,131,0.1,mpeb,False,,,,
100,131,0.1,t,True,0.55,0.9853,0.056373,False
100,131,0.1,site_boot,True,0.55,0.9853,0.056373,False
100,132,0.05,wsr,False,,,,
100,132,0.05,hoeffding,False,,,,
100,132,0.05,mpeb,False,,,,
100,132,0.05,t,True,0.69,0.9413,0.038835,False
100,132,0.05,site_boot,True,0.69,0.9413,0.038835,False
100,132,0.1,wsr,False,,,,
100,132,0.1,hoeffding,False,,,,
100,132,0.1,mpeb,False,,,,
100,132,0.1,t,True,0.55,0.9857,0.05435,False
100,132,0.1,site_boot,True,0.55,0.9857,0.05435,False
100,133,0.05,wsr,False,,,,
100,133,0.05,hoeffding,False,,,,
100,133,0.05,mpeb,False,,,,
100,133,0.05,t,True,0.69,0.942,0.040972,False
100,133,0.05,site_boot,True,0.69,0.942,0.040972,False
100,133,0.1,wsr,False,,,,
100,133,0.1,hoeffding,False,,,,
100,133,0.1,mpeb,False,,,,
100,133,0.1,t,True,0.55,0.9858,0.054804,False
100,133,0.1,site_boot,True,0.55,0.9858,0.054804,False
100,134,0.05,wsr,False,,,,
100,134,0.05,hoeffding,False,,,,
100,134,0.05,mpeb,False,,,,
100,134,0.05,t,True,0.71,0.9329,0.039952,False
100,134,0.05,site_boot,True,0.71,0.9329,0.039952,False
100,134,0.1,wsr,False,,,,
100,134,0.1,hoeffding,False,,,,
100,134,0.1,mpeb,False,,,,
100,134,0.1,t,True,0.55,0.9858,0.057921,False
100,134,0.1,site_boot,True,0.55,0.9858,0.057921,False
100,135,0.05,wsr,False,,,,
100,135,0.05,hoeffding,False,,,,
100,135,0.05,mpeb,False,,,,
100,135,0.05,t,True,0.67,0.9444,0.043525,False
100,135,0.05,site_boot,True,0.65,0.9517,0.045846,False
100,135,0.1,wsr,False,,,,
100,135,0.1,hoeffding,False,,,,
100,135,0.1,mpeb,False,,,,
100,135,0.1,t,True,0.55,0.9845,0.057206,False
100,135,0.1,site_boot,True,0.55,0.9845,0.057206,False
100,136,0.05,wsr,False,,,,
100,136,0.05,hoeffding,False,,,,
100,136,0.05,mpeb,False,,,,
100,136,0.05,t,True,0.71,0.9309,0.038994,False
100,136,0.05,site_boot,True,0.71,0.9309,0.038994,False
100,136,0.1,wsr,False,,,,
100,136,0.1,hoeffding,False,,,,
100,136,0.1,mpeb,False,,,,
100,136,0.1,t,True,0.55,0.9849,0.056325,False
100,136,0.1,site_boot,True,0.55,0.9849,0.056325,False
100,137,0.05,wsr,False,,,,
100,137,0.05,hoeffding,False,,,,
100,137,0.05,mpeb,False,,,,
100,137,0.05,t,True,0.69,0.944,0.044361,False
100,137,0.05,site_boot,True,0.69,0.944,0.044361,False
100,137,0.1,wsr,False,,,,
100,137,0.1,hoeffding,False,,,,
100,137,0.1,mpeb,False,,,,
100,137,0.1,t,True,0.55,0.9867,0.059308,False
100,137,0.1,site_boot,True,0.55,0.9867,0.059308,False
100,138,0.05,wsr,False,,,,
100,138,0.05,hoeffding,False,,,,
100,138,0.05,mpeb,False,,,,
100,138,0.05,t,True,0.65,0.9548,0.046014,False
100,138,0.05,site_boot,True,0.65,0.9548,0.046014,False
100,138,0.1,wsr,False,,,,
100,138,0.1,hoeffding,False,,,,
100,138,0.1,mpeb,False,,,,
100,138,0.1,t,True,0.55,0.9856,0.056628,False
100,138,0.1,site_boot,True,0.55,0.9856,0.056628,False
100,139,0.05,wsr,False,,,,
100,139,0.05,hoeffding,False,,,,
100,139,0.05,mpeb,False,,,,
100,139,0.05,t,True,0.75,0.9096,0.033741,False
100,139,0.05,site_boot,True,0.75,0.9096,0.033741,False
100,139,0.1,wsr,False,,,,
100,139,0.1,hoeffding,False,,,,
100,139,0.1,mpeb,False,,,,
100,139,0.1,t,True,0.55,0.9843,0.055927,False
100,139,0.1,site_boot,True,0.55,0.9843,0.055927,False
100,140,0.05,wsr,False,,,,
100,140,0.05,hoeffding,False,,,,
100,140,0.05,mpeb,False,,,,
100,140,0.05,t,True,0.71,0.9273,0.040763,False
100,140,0.05,site_boot,True,0.71,0.9273,0.040763,False
100,140,0.1,wsr,False,,,,
100,140,0.1,hoeffding,False,,,,
100,140,0.1,mpeb,False,,,,
100,140,0.1,t,True,0.55,0.9841,0.059921,False
100,140,0.1,site_boot,True,0.55,0.9841,0.059921,False
100,141,0.05,wsr,False,,,,
100,141,0.05,hoeffding,False,,,,
100,141,0.05,mpeb,False,,,,
100,141,0.05,t,True,0.69,0.9352,0.041884,False
100,141,0.05,site_boot,True,0.69,0.9352,0.041884,False
100,141,0.1,wsr,False,,,,
100,141,0.1,hoeffding,False,,,,
100,141,0.1,mpeb,False,,,,
100,141,0.1,t,True,0.55,0.9843,0.058591,False
100,141,0.1,site_boot,True,0.55,0.9843,0.058591,False
100,142,0.05,wsr,False,,,,
100,142,0.05,hoeffding,False,,,,
100,142,0.05,mpeb,False,,,,
100,142,0.05,t,True,0.65,0.9532,0.046921,False
100,142,0.05,site_boot,True,0.65,0.9532,0.046921,False
100,142,0.1,wsr,False,,,,
100,142,0.1,hoeffding,False,,,,
100,142,0.1,mpeb,False,,,,
100,142,0.1,t,True,0.55,0.9852,0.058393,False
100,142,0.1,site_boot,True,0.55,0.9852,0.058393,False
100,143,0.05,wsr,False,,,,
100,143,0.05,hoeffding,False,,,,
100,143,0.05,mpeb,False,,,,
100,143,0.05,t,True,0.69,0.9429,0.038575,False
100,143,0.05,site_boot,True,0.69,0.9429,0.038575,False
100,143,0.1,wsr,False,,,,
100,143,0.1,hoeffding,False,,,,
100,143,0.1,mpeb,False,,,,
100,143,0.1,t,True,0.55,0.9861,0.053068,False
100,143,0.1,site_boot,True,0.55,0.9861,0.053068,False
100,144,0.05,wsr,False,,,,
100,144,0.05,hoeffding,False,,,,
100,144,0.05,mpeb,False,,,,
100,144,0.05,t,True,0.69,0.9358,0.043665,False
100,144,0.05,site_boot,True,0.69,0.9358,0.043665,False
100,144,0.1,wsr,False,,,,
100,144,0.1,hoeffding,False,,,,
100,144,0.1,mpeb,False,,,,
100,144,0.1,t,True,0.55,0.9848,0.059746,False
100,144,0.1,site_boot,True,0.55,0.9848,0.059746,False
100,145,0.05,wsr,False,,,,
100,145,0.05,hoeffding,False,,,,
100,145,0.05,mpeb,False,,,,
100,145,0.05,t,True,0.77,0.9114,0.034831,False
100,145,0.05,site_boot,True,0.77,0.9114,0.034831,False
100,145,0.1,wsr,False,,,,
100,145,0.1,hoeffding,False,,,,
100,145,0.1,mpeb,False,,,,
100,145,0.1,t,True,0.55,0.9861,0.058143,False
100,145,0.1,site_boot,True,0.55,0.9861,0.058143,False
100,146,0.05,wsr,False,,,,
100,146,0.05,hoeffding,False,,,,
100,146,0.05,mpeb,False,,,,
100,146,0.05,t,True,0.61,0.9669,0.055644,True
100,146,0.05,site_boot,True,0.59,0.9733,0.057827,True
100,146,0.1,wsr,False,,,,
100,146,0.1,hoeffding,False,,,,
100,146,0.1,mpeb,False,,,,
100,146,0.1,t,True,0.55,0.9852,0.061804,False
100,146,0.1,site_boot,True,0.55,0.9852,0.061804,False
100,147,0.05,wsr,False,,,,
100,147,0.05,hoeffding,False,,,,
100,147,0.05,mpeb,False,,,,
100,147,0.05,t,True,0.69,0.9381,0.041257,False
100,147,0.05,site_boot,True,0.67,0.9457,0.043127,False
100,147,0.1,wsr,False,,,,
100,147,0.1,hoeffding,False,,,,
100,147,0.1,mpeb,False,,,,
100,147,0.1,t,True,0.55,0.985,0.057468,False
100,147,0.1,site_boot,True,0.55,0.985,0.057468,False
100,148,0.05,wsr,False,,,,
100,148,0.05,hoeffding,False,,,,
100,148,0.05,mpeb,False,,,,
100,148,0.05,t,True,0.65,0.951,0.047737,False
100,148,0.05,site_boot,True,0.65,0.951,0.047737,False
100,148,0.1,wsr,False,,,,
100,148,0.1,hoeffding,False,,,,
100,148,0.1,mpeb,False,,,,
100,148,0.1,t,True,0.55,0.9843,0.059894,False
100,148,0.1,site_boot,True,0.55,0.9843,0.059894,False
100,149,0.05,wsr,False,,,,
100,149,0.05,hoeffding,False,,,,
100,149,0.05,mpeb,False,,,,
100,149,0.05,t,True,0.69,0.9429,0.042808,False
100,149,0.05,site_boot,True,0.69,0.9429,0.042808,False
100,149,0.1,wsr,False,,,,
100,149,0.1,hoeffding,False,,,,
100,149,0.1,mpeb,False,,,,
100,149,0.1,t,True,0.55,0.9859,0.057873,False
100,149,0.1,site_boot,True,0.55,0.9859,0.057873,False
100,150,0.05,wsr,False,,,,
100,150,0.05,hoeffding,False,,,,
100,150,0.05,mpeb,False,,,,
100,150,0.05,t,True,0.73,0.9241,0.037867,False
100,150,0.05,site_boot,True,0.71,0.9321,0.039914,False
100,150,0.1,wsr,False,,,,
100,150,0.1,hoeffding,False,,,,
100,150,0.1,mpeb,False,,,,
100,150,0.1,t,True,0.55,0.9853,0.05746,False
100,150,0.1,site_boot,True,0.55,0.9853,0.05746,False
100,151,0.05,wsr,False,,,,
100,151,0.05,hoeffding,False,,,,
100,151,0.05,mpeb,False,,,,
100,151,0.05,t,True,0.69,0.937,0.043223,False
100,151,0.05,site_boot,True,0.69,0.937,0.043223,False
100,151,0.1,wsr,False,,,,
100,151,0.1,hoeffding,False,,,,
100,151,0.1,mpeb,False,,,,
100,151,0.1,t,True,0.55,0.9842,0.058995,False
100,151,0.1,site_boot,True,0.55,0.9842,0.058995,False
100,152,0.05,wsr,False,,,,
100,152,0.05,hoeffding,False,,,,
100,152,0.05,mpeb,False,,,,
100,152,0.05,t,True,0.67,0.9433,0.043351,False
100,152,0.05,site_boot,True,0.67,0.9433,0.043351,False
100,152,0.1,wsr,False,,,,
100,152,0.1,hoeffding,False,,,,
100,152,0.1,mpeb,False,,,,
100,152,0.1,t,True,0.55,0.9844,0.058324,False
100,152,0.1,site_boot,True,0.55,0.9844,0.058324,False
100,153,0.05,wsr,False,,,,
100,153,0.05,hoeffding,False,,,,
100,153,0.05,mpeb,False,,,,
100,153,0.05,t,True,0.63,0.9581,0.048901,False
100,153,0.05,site_boot,True,0.63,0.9581,0.048901,False
100,153,0.1,wsr,False,,,,
100,153,0.1,hoeffding,False,,,,
100,153,0.1,mpeb,False,,,,
100,153,0.1,t,True,0.55,0.9842,0.058482,False
100,153,0.1,site_boot,True,0.55,0.9842,0.058482,False
100,154,0.05,wsr,False,,,,
100,154,0.05,hoeffding,False,,,,
100,154,0.05,mpeb,False,,,,
100,154,0.05,t,True,0.69,0.9451,0.041627,False
100,154,0.05,site_boot,True,0.69,0.9451,0.041627,False
100,154,0.1,wsr,False,,,,
100,154,0.1,hoeffding,False,,,,
100,154,0.1,mpeb,False,,,,
100,154,0.1,t,True,0.55,0.9867,0.056321,False
100,154,0.1,site_boot,True,0.55,0.9867,0.056321,False
100,155,0.05,wsr,False,,,,
100,155,0.05,hoeffding,False,,,,
100,155,0.05,mpeb,False,,,,
100,155,0.05,t,True,0.69,0.9361,0.038841,False
100,155,0.05,site_boot,True,0.69,0.9361,0.038841,False
100,155,0.1,wsr,False,,,,
100,155,0.1,hoeffding,False,,,,
100,155,0.1,mpeb,False,,,,
100,155,0.1,t,True,0.55,0.9845,0.054394,False
100,155,0.1,site_boot,True,0.55,0.9845,0.054394,False
100,156,0.05,wsr,False,,,,
100,156,0.05,hoeffding,False,,,,
100,156,0.05,mpeb,False,,,,
100,156,0.05,t,True,0.69,0.9375,0.037628,False
100,156,0.05,site_boot,True,0.69,0.9375,0.037628,False
100,156,0.1,wsr,False,,,,
100,156,0.1,hoeffding,False,,,,
100,156,0.1,mpeb,False,,,,
100,156,0.1,t,True,0.55,0.9851,0.054055,False
100,156,0.1,site_boot,True,0.55,0.9851,0.054055,False
100,157,0.05,wsr,False,,,,
100,157,0.05,hoeffding,False,,,,
100,157,0.05,mpeb,False,,,,
100,157,0.05,t,True,0.71,0.9278,0.042485,False
100,157,0.05,site_boot,True,0.71,0.9278,0.042485,False
100,157,0.1,wsr,False,,,,
100,157,0.1,hoeffding,False,,,,
100,157,0.1,mpeb,False,,,,
100,157,0.1,t,True,0.55,0.9844,0.060549,False
100,157,0.1,site_boot,True,0.55,0.9844,0.060549,False
100,158,0.05,wsr,False,,,,
100,158,0.05,hoeffding,False,,,,
100,158,0.05,mpeb,False,,,,
100,158,0.05,t,True,0.63,0.954,0.046585,False
100,158,0.05,site_boot,True,0.63,0.954,0.046585,False
100,158,0.1,wsr,False,,,,
100,158,0.1,hoeffding,False,,,,
100,158,0.1,mpeb,False,,,,
100,158,0.1,t,True,0.55,0.9828,0.057952,False
100,158,0.1,site_boot,True,0.55,0.9828,0.057952,False
100,159,0.05,wsr,False,,,,
100,159,0.05,hoeffding,False,,,,
100,159,0.05,mpeb,False,,,,
100,159,0.05,t,True,0.69,0.9354,0.042545,False
100,159,0.05,site_boot,True,0.69,0.9354,0.042545,False
100,159,0.1,wsr,False,,,,
100,159,0.1,hoeffding,False,,,,
100,159,0.1,mpeb,False,,,,
100,159,0.1,t,True,0.55,0.9838,0.059207,False
100,159,0.1,site_boot,True,0.55,0.9838,0.059207,False
100,160,0.05,wsr,False,,,,
100,160,0.05,hoeffding,False,,,,
100,160,0.05,mpeb,False,,,,
100,160,0.05,t,True,0.69,0.9397,0.04249,False
100,160,0.05,site_boot,True,0.69,0.9397,0.04249,False
100,160,0.1,wsr,False,,,,
100,160,0.1,hoeffding,False,,,,
100,160,0.1,mpeb,False,,,,
100,160,0.1,t,True,0.55,0.9849,0.0583,False
100,160,0.1,site_boot,True,0.55,0.9849,0.0583,False
100,161,0.05,wsr,False,,,,
100,161,0.05,hoeffding,False,,,,
100,161,0.05,mpeb,False,,,,
100,161,0.05,t,True,0.69,0.9418,0.042667,False
100,161,0.05,site_boot,True,0.69,0.9418,0.042667,False
100,161,0.1,wsr,False,,,,
100,161,0.1,hoeffding,False,,,,
100,161,0.1,mpeb,False,,,,
100,161,0.1,t,True,0.55,0.9851,0.057459,False
100,161,0.1,site_boot,True,0.55,0.9851,0.057459,False
100,162,0.05,wsr,False,,,,
100,162,0.05,hoeffding,False,,,,
100,162,0.05,mpeb,False,,,,
100,162,0.05,t,True,0.63,0.959,0.047547,False
100,162,0.05,site_boot,True,0.63,0.959,0.047547,False
100,162,0.1,wsr,False,,,,
100,162,0.1,hoeffding,False,,,,
100,162,0.1,mpeb,False,,,,
100,162,0.1,t,True,0.55,0.9848,0.056681,False
100,162,0.1,site_boot,True,0.55,0.9848,0.056681,False
100,163,0.05,wsr,False,,,,
100,163,0.05,hoeffding,False,,,,
100,163,0.05,mpeb,False,,,,
100,163,0.05,t,True,0.73,0.9351,0.038611,False
100,163,0.05,site_boot,True,0.73,0.9351,0.038611,False
100,163,0.1,wsr,False,,,,
100,163,0.1,hoeffding,False,,,,
100,163,0.1,mpeb,False,,,,
100,163,0.1,t,True,0.55,0.9879,0.057052,False
100,163,0.1,site_boot,True,0.55,0.9879,0.057052,False
100,164,0.05,wsr,False,,,,
100,164,0.05,hoeffding,False,,,,
100,164,0.05,mpeb,False,,,,
100,164,0.05,t,True,0.67,0.9487,0.044585,False
100,164,0.05,site_boot,True,0.67,0.9487,0.044585,False
100,164,0.1,wsr,False,,,,
100,164,0.1,hoeffding,False,,,,
100,164,0.1,mpeb,False,,,,
100,164,0.1,t,True,0.55,0.986,0.058077,False
100,164,0.1,site_boot,True,0.55,0.986,0.058077,False
100,165,0.05,wsr,False,,,,
100,165,0.05,hoeffding,False,,,,
100,165,0.05,mpeb,False,,,,
100,165,0.05,t,True,0.69,0.9394,0.042207,False
100,165,0.05,site_boot,True,0.69,0.9394,0.042207,False
100,165,0.1,wsr,False,,,,
100,165,0.1,hoeffding,False,,,,
100,165,0.1,mpeb,False,,,,
100,165,0.1,t,True,0.55,0.9852,0.05766,False
100,165,0.1,site_boot,True,0.55,0.9852,0.05766,False
100,166,0.05,wsr,False,,,,
100,166,0.05,hoeffding,False,,,,
100,166,0.05,mpeb,False,,,,
100,166,0.05,t,True,0.71,0.9287,0.040697,False
100,166,0.05,site_boot,True,0.71,0.9287,0.040697,False
100,166,0.1,wsr,False,,,,
100,166,0.1,hoeffding,False,,,,
100,166,0.1,mpeb,False,,,,
100,166,0.1,t,True,0.55,0.9845,0.057997,False
100,166,0.1,site_boot,True,0.55,0.9845,0.057997,False
100,167,0.05,wsr,False,,,,
100,167,0.05,hoeffding,False,,,,
100,167,0.05,mpeb,False,,,,
100,167,0.05,t,True,0.67,0.9478,0.043484,False
100,167,0.05,site_boot,True,0.67,0.9478,0.043484,False
100,167,0.1,wsr,False,,,,
100,167,0.1,hoeffding,False,,,,
100,167,0.1,mpeb,False,,,,
100,167,0.1,t,True,0.55,0.9857,0.056027,False
100,167,0.1,site_boot,True,0.55,0.9857,0.056027,False
100,168,0.05,wsr,False,,,,
100,168,0.05,hoeffding,False,,,,
100,168,0.05,mpeb,False,,,,
100,168,0.05,t,True,0.65,0.9512,0.045275,False
100,168,0.05,site_boot,True,0.65,0.9512,0.045275,False
100,168,0.1,wsr,False,,,,
100,168,0.1,hoeffding,False,,,,
100,168,0.1,mpeb,False,,,,
100,168,0.1,t,True,0.55,0.9844,0.057069,False
100,168,0.1,site_boot,True,0.55,0.9844,0.057069,False
100,169,0.05,wsr,False,,,,
100,169,0.05,hoeffding,False,,,,
100,169,0.05,mpeb,False,,,,
100,169,0.05,t,True,0.69,0.9384,0.040126,False
100,169,0.05,site_boot,True,0.69,0.9384,0.040126,False
100,169,0.1,wsr,False,,,,
100,169,0.1,hoeffding,False,,,,
100,169,0.1,mpeb,False,,,,
100,169,0.1,t,True,0.55,0.9852,0.054711,False
100,169,0.1,site_boot,True,0.55,0.9852,0.054711,False
100,170,0.05,wsr,False,,,,
100,170,0.05,hoeffding,False,,,,
100,170,0.05,mpeb,False,,,,
100,170,0.05,t,True,0.69,0.9391,0.042175,False
100,170,0.05,site_boot,True,0.69,0.9391,0.042175,False
100,170,0.1,wsr,False,,,,
100,170,0.1,hoeffding,False,,,,
100,170,0.1,mpeb,False,,,,
100,170,0.1,t,True,0.55,0.9851,0.058256,False
100,170,0.1,site_boot,True,0.55,0.9851,0.058256,False
100,171,0.05,wsr,False,,,,
100,171,0.05,hoeffding,False,,,,
100,171,0.05,mpeb,False,,,,
100,171,0.05,t,True,0.65,0.9529,0.042935,False
100,171,0.05,site_boot,True,0.65,0.9529,0.042935,False
100,171,0.1,wsr,False,,,,
100,171,0.1,hoeffding,False,,,,
100,171,0.1,mpeb,False,,,,
100,171,0.1,t,True,0.55,0.9851,0.053974,False
100,171,0.1,site_boot,True,0.55,0.9851,0.053974,False
100,172,0.05,wsr,False,,,,
100,172,0.05,hoeffding,False,,,,
100,172,0.05,mpeb,False,,,,
100,172,0.05,t,True,0.67,0.9477,0.045315,False
100,172,0.05,site_boot,True,0.67,0.9477,0.045315,False
100,172,0.1,wsr,False,,,,
100,172,0.1,hoeffding,False,,,,
100,172,0.1,mpeb,False,,,,
100,172,0.1,t,True,0.55,0.9859,0.05865,False
100,172,0.1,site_boot,True,0.55,0.9859,0.05865,False
100,173,0.05,wsr,False,,,,
100,173,0.05,hoeffding,False,,,,
100,173,0.05,mpeb,False,,,,
100,173,0.05,t,True,0.73,0.923,0.036137,False
100,173,0.05,site_boot,True,0.73,0.923,0.036137,False
100,173,0.1,wsr,False,,,,
100,173,0.1,hoeffding,False,,,,
100,173,0.1,mpeb,False,,,,
100,173,0.1,t,True,0.55,0.9844,0.056716,False
100,173,0.1,site_boot,True,0.55,0.9844,0.056716,False
100,174,0.05,wsr,False,,,,
100,174,0.05,hoeffding,False,,,,
100,174,0.05,mpeb,False,,,,
100,174,0.05,t,True,0.71,0.9335,0.042874,False
100,174,0.05,site_boot,True,0.71,0.9335,0.042874,False
100,174,0.1,wsr,False,,,,
100,174,0.1,hoeffding,False,,,,
100,174,0.1,mpeb,False,,,,
100,174,0.1,t,True,0.55,0.9851,0.059198,False
100,174,0.1,site_boot,True,0.55,0.9851,0.059198,False
100,175,0.05,wsr,False,,,,
100,175,0.05,hoeffding,False,,,,
100,175,0.05,mpeb,False,,,,
100,175,0.05,t,True,0.75,0.926,0.036738,False
100,175,0.05,site_boot,True,0.75,0.926,0.036738,False
100,175,0.1,wsr,False,,,,
100,175,0.1,hoeffding,False,,,,
100,175,0.1,mpeb,False,,,,
100,175,0.1,t,True,0.55,0.9871,0.057511,False
100,175,0.1,site_boot,True,0.55,0.9871,0.057511,False
100,176,0.05,wsr,False,,,,
100,176,0.05,hoeffding,False,,,,
100,176,0.05,mpeb,False,,,,
100,176,0.05,t,True,0.67,0.9489,0.043623,False
100,176,0.05,site_boot,True,0.65,0.9556,0.045501,False
100,176,0.1,wsr,False,,,,
100,176,0.1,hoeffding,False,,,,
100,176,0.1,mpeb,False,,,,
100,176,0.1,t,True,0.55,0.9858,0.055456,False
100,176,0.1,site_boot,True,0.55,0.9858,0.055456,False
100,177,0.05,wsr,False,,,,
100,177,0.05,hoeffding,False,,,,
100,177,0.05,mpeb,False,,,,
100,177,0.05,t,True,0.65,0.9499,0.044605,False
100,177,0.05,site_boot,True,0.65,0.9499,0.044605,False
100,177,0.1,wsr,False,,,,
100,177,0.1,hoeffding,False,,,,
100,177,0.1,mpeb,False,,,,
100,177,0.1,t,True,0.55,0.984,0.055685,False
100,177,0.1,site_boot,True,0.55,0.984,0.055685,False
100,178,0.05,wsr,False,,,,
100,178,0.05,hoeffding,False,,,,
100,178,0.05,mpeb,False,,,,
100,178,0.05,t,True,0.65,0.9566,0.047823,False
100,178,0.05,site_boot,True,0.65,0.9566,0.047823,False
100,178,0.1,wsr,False,,,,
100,178,0.1,hoeffding,False,,,,
100,178,0.1,mpeb,False,,,,
100,178,0.1,t,True,0.55,0.9859,0.058822,False
100,178,0.1,site_boot,True,0.55,0.9859,0.058822,False
100,179,0.05,wsr,False,,,,
100,179,0.05,hoeffding,False,,,,
100,179,0.05,mpeb,False,,,,
100,179,0.05,t,True,0.69,0.9422,0.040251,False
100,179,0.05,site_boot,True,0.69,0.9422,0.040251,False
100,179,0.1,wsr,False,,,,
100,179,0.1,hoeffding,False,,,,
100,179,0.1,mpeb,False,,,,
100,179,0.1,t,True,0.55,0.986,0.054722,False
100,179,0.1,site_boot,True,0.55,0.986,0.054722,False
100,180,0.05,wsr,False,,,,
100,180,0.05,hoeffding,False,,,,
100,180,0.05,mpeb,False,,,,
100,180,0.05,t,True,0.73,0.9336,0.039954,False
100,180,0.05,site_boot,True,0.73,0.9336,0.039954,False
100,180,0.1,wsr,False,,,,
100,180,0.1,hoeffding,False,,,,
100,180,0.1,mpeb,False,,,,
100,180,0.1,t,True,0.55,0.9868,0.057518,False
100,180,0.1,site_boot,True,0.55,0.9868,0.057518,False
100,181,0.05,wsr,False,,,,
100,181,0.05,hoeffding,False,,,,
100,181,0.05,mpeb,False,,,,
100,181,0.05,t,True,0.65,0.9503,0.04647,False
100,181,0.05,site_boot,True,0.65,0.9503,0.04647,False
100,181,0.1,wsr,False,,,,
100,181,0.1,hoeffding,False,,,,
100,181,0.1,mpeb,False,,,,
100,181,0.1,t,True,0.55,0.984,0.059983,False
100,181,0.1,site_boot,True,0.55,0.984,0.059983,False
100,182,0.05,wsr,False,,,,
100,182,0.05,hoeffding,False,,,,
100,182,0.05,mpeb,False,,,,
100,182,0.05,t,True,0.67,0.9434,0.044062,False
100,182,0.05,site_boot,True,0.67,0.9434,0.044062,False
100,182,0.1,wsr,False,,,,
100,182,0.1,hoeffding,False,,,,
100,182,0.1,mpeb,False,,,,
100,182,0.1,t,True,0.55,0.984,0.058076,False
100,182,0.1,site_boot,True,0.55,0.984,0.058076,False
100,183,0.05,wsr,False,,,,
100,183,0.05,hoeffding,False,,,,
100,183,0.05,mpeb,False,,,,
100,183,0.05,t,True,0.69,0.9349,0.041783,False
100,183,0.05,site_boot,True,0.69,0.9349,0.041783,False
100,183,0.1,wsr,False,,,,
100,183,0.1,hoeffding,False,,,,
100,183,0.1,mpeb,False,,,,
100,183,0.1,t,True,0.55,0.9843,0.058067,False
100,183,0.1,site_boot,True,0.55,0.9843,0.058067,False
100,184,0.05,wsr,False,,,,
100,184,0.05,hoeffding,False,,,,
100,184,0.05,mpeb,False,,,,
100,184,0.05,t,True,0.73,0.9204,0.039242,False
100,184,0.05,site_boot,True,0.73,0.9204,0.039242,False
100,184,0.1,wsr,False,,,,
100,184,0.1,hoeffding,False,,,,
100,184,0.1,mpeb,False,,,,
100,184,0.1,t,True,0.55,0.9846,0.060636,False
100,184,0.1,site_boot,True,0.55,0.9846,0.060636,False
100,185,0.05,wsr,False,,,,
100,185,0.05,hoeffding,False,,,,
100,185,0.05,mpeb,False,,,,
100,185,0.05,t,True,0.69,0.9373,0.042694,False
100,185,0.05,site_boot,True,0.69,0.9373,0.042694,False
100,185,0.1,wsr,False,,,,
100,185,0.1,hoeffding,False,,,,
100,185,0.1,mpeb,False,,,,
100,185,0.1,t,True,0.55,0.9851,0.059726,False
100,185,0.1,site_boot,True,0.55,0.9851,0.059726,False
100,186,0.05,wsr,False,,,,
100,186,0.05,hoeffding,False,,,,
100,186,0.05,mpeb,False,,,,
100,186,0.05,t,True,0.69,0.9428,0.044661,False
100,186,0.05,site_boot,True,0.69,0.9428,0.044661,False
100,186,0.1,wsr,False,,,,
100,186,0.1,hoeffding,False,,,,
100,186,0.1,mpeb,False,,,,
100,186,0.1,t,True,0.55,0.9862,0.060304,False
100,186,0.1,site_boot,True,0.55,0.9862,0.060304,False
100,187,0.05,wsr,False,,,,
100,187,0.05,hoeffding,False,,,,
100,187,0.05,mpeb,False,,,,
100,187,0.05,t,True,0.73,0.9228,0.038629,False
100,187,0.05,site_boot,True,0.71,0.931,0.040976,False
100,187,0.1,wsr,False,,,,
100,187,0.1,hoeffding,False,,,,
100,187,0.1,mpeb,False,,,,
100,187,0.1,t,True,0.55,0.9843,0.058243,False
100,187,0.1,site_boot,True,0.55,0.9843,0.058243,False
100,188,0.05,wsr,False,,,,
100,188,0.05,hoeffding,False,,,,
100,188,0.05,mpeb,False,,,,
100,188,0.05,t,True,0.71,0.927,0.039532,False
100,188,0.05,site_boot,True,0.71,0.927,0.039532,False
100,188,0.1,wsr,False,,,,
100,188,0.1,hoeffding,False,,,,
100,188,0.1,mpeb,False,,,,
100,188,0.1,t,True,0.55,0.9837,0.0583,False
100,188,0.1,site_boot,True,0.55,0.9837,0.0583,False
100,189,0.05,wsr,False,,,,
100,189,0.05,hoeffding,False,,,,
100,189,0.05,mpeb,False,,,,
100,189,0.05,t,True,0.67,0.9476,0.043532,False
100,189,0.05,site_boot,True,0.67,0.9476,0.043532,False
100,189,0.1,wsr,False,,,,
100,189,0.1,hoeffding,False,,,,
100,189,0.1,mpeb,False,,,,
100,189,0.1,t,True,0.55,0.9853,0.057215,False
100,189,0.1,site_boot,True,0.55,0.9853,0.057215,False
100,190,0.05,wsr,False,,,,
100,190,0.05,hoeffding,False,,,,
100,190,0.05,mpeb,False,,,,
100,190,0.05,t,True,0.69,0.9391,0.04404,False
100,190,0.05,site_boot,True,0.69,0.9391,0.04404,False
100,190,0.1,wsr,False,,,,
100,190,0.1,hoeffding,False,,,,
100,190,0.1,mpeb,False,,,,
100,190,0.1,t,True,0.55,0.9853,0.058467,False
100,190,0.1,site_boot,True,0.55,0.9853,0.058467,False
100,191,0.05,wsr,False,,,,
100,191,0.05,hoeffding,False,,,,
100,191,0.05,mpeb,False,,,,
100,191,0.05,t,True,0.71,0.9327,0.041332,False
100,191,0.05,site_boot,True,0.71,0.9327,0.041332,False
100,191,0.1,wsr,False,,,,
100,191,0.1,hoeffding,False,,,,
100,191,0.1,mpeb,False,,,,
100,191,0.1,t,True,0.55,0.9847,0.058288,False
100,191,0.1,site_boot,True,0.55,0.9847,0.058288,False
100,192,0.05,wsr,False,,,,
100,192,0.05,hoeffding,False,,,,
100,192,0.05,mpeb,False,,,,
100,192,0.05,t,True,0.69,0.9438,0.043277,False
100,192,0.05,site_boot,True,0.69,0.9438,0.043277,False
100,192,0.1,wsr,False,,,,
100,192,0.1,hoeffding,False,,,,
100,192,0.1,mpeb,False,,,,
100,192,0.1,t,True,0.55,0.9862,0.058732,False
100,192,0.1,site_boot,True,0.55,0.9862,0.058732,False
100,193,0.05,wsr,False,,,,
100,193,0.05,hoeffding,False,,,,
100,193,0.05,mpeb,False,,,,
100,193,0.05,t,True,0.71,0.9377,0.040663,False
100,193,0.05,site_boot,True,0.71,0.9377,0.040663,False
100,193,0.1,wsr,False,,,,
100,193,0.1,hoeffding,False,,,,
100,193,0.1,mpeb,False,,,,
100,193,0.1,t,True,0.55,0.986,0.056609,False
100,193,0.1,site_boot,True,0.55,0.986,0.056609,False
100,194,0.05,wsr,False,,,,
100,194,0.05,hoeffding,False,,,,
100,194,0.05,mpeb,False,,,,
100,194,0.05,t,True,0.67,0.9437,0.043964,False
100,194,0.05,site_boot,True,0.67,0.9437,0.043964,False
100,194,0.1,wsr,False,,,,
100,194,0.1,hoeffding,False,,,,
100,194,0.1,mpeb,False,,,,
100,194,0.1,t,True,0.55,0.9841,0.057802,False
100,194,0.1,site_boot,True,0.55,0.9841,0.057802,False
100,195,0.05,wsr,False,,,,
100,195,0.05,hoeffding,False,,,,
100,195,0.05,mpeb,False,,,,
100,195,0.05,t,True,0.67,0.9437,0.044705,False
100,195,0.05,site_boot,True,0.67,0.9437,0.044705,False
100,195,0.1,wsr,False,,,,
100,195,0.1,hoeffding,False,,,,
100,195,0.1,mpeb,False,,,,
100,195,0.1,t,True,0.55,0.9845,0.059407,False
100,195,0.1,site_boot,True,0.55,0.9845,0.059407,False
100,196,0.05,wsr,False,,,,
100,196,0.05,hoeffding,False,,,,
100,196,0.05,mpeb,False,,,,
100,196,0.05,t,True,0.67,0.9426,0.043055,False
100,196,0.05,site_boot,True,0.67,0.9426,0.043055,False
100,196,0.1,wsr,False,,,,
100,196,0.1,hoeffding,False,,,,
100,196,0.1,mpeb,False,,,,
100,196,0.1,t,True,0.55,0.9841,0.05743,False
100,196,0.1,site_boot,True,0.55,0.9841,0.05743,False
100,197,0.05,wsr,False,,,,
100,197,0.05,hoeffding,False,,,,
100,197,0.05,mpeb,False,,,,
100,197,0.05,t,True,0.67,0.9505,0.042631,False
100,197,0.05,site_boot,True,0.67,0.9505,0.042631,False
100,197,0.1,wsr,False,,,,
100,197,0.1,hoeffding,False,,,,
100,197,0.1,mpeb,False,,,,
100,197,0.1,t,True,0.55,0.9862,0.055917,False
100,197,0.1,site_boot,True,0.55,0.9862,0.055917,False
100,198,0.05,wsr,False,,,,
100,198,0.05,hoeffding,False,,,,
100,198,0.05,mpeb,False,,,,
100,198,0.05,t,True,0.69,0.9323,0.040612,False
100,198,0.05,site_boot,True,0.69,0.9323,0.040612,False
100,198,0.1,wsr,False,,,,
100,198,0.1,hoeffding,False,,,,
100,198,0.1,mpeb,False,,,,
100,198,0.1,t,True,0.55,0.984,0.05829,False
100,198,0.1,site_boot,True,0.55,0.984,0.05829,False
100,199,0.05,wsr,False,,,,
100,199,0.05,hoeffding,False,,,,
100,199,0.05,mpeb,False,,,,
100,199,0.05,t,True,0.59,0.9741,0.053384,True
100,199,0.05,site_boot,True,0.59,0.9741,0.053384,True
100,199,0.1,wsr,False,,,,
100,199,0.1,hoeffding,False,,,,
100,199,0.1,mpeb,False,,,,
100,199,0.1,t,True,0.55,0.9857,0.057693,False
100,199,0.1,site_boot,True,0.55,0.9857,0.057693,False
150,0,0.05,wsr,False,,,,
150,0,0.05,hoeffding,False,,,,
150,0,0.05,mpeb,False,,,,
150,0,0.05,t,True,0.71,0.9341,0.042293,False
150,0,0.05,site_boot,True,0.71,0.9341,0.042293,False
150,0,0.1,wsr,True,0.73,0.9262,0.039735,False
150,0,0.1,hoeffding,False,,,,
150,0,0.1,mpeb,False,,,,
150,0,0.1,t,True,0.55,0.9861,0.060363,False
150,0,0.1,site_boot,True,0.55,0.9861,0.060363,False
150,1,0.05,wsr,False,,,,
150,1,0.05,hoeffding,False,,,,
150,1,0.05,mpeb,False,,,,
150,1,0.05,t,True,0.69,0.9398,0.040549,False
150,1,0.05,site_boot,True,0.69,0.9398,0.040549,False
150,1,0.1,wsr,True,0.69,0.9398,0.040549,False
150,1,0.1,hoeffding,False,,,,
150,1,0.1,mpeb,False,,,,
150,1,0.1,t,True,0.55,0.9855,0.056437,False
150,1,0.1,site_boot,True,0.55,0.9855,0.056437,False
150,2,0.05,wsr,False,,,,
150,2,0.05,hoeffding,False,,,,
150,2,0.05,mpeb,False,,,,
150,2,0.05,t,True,0.65,0.9534,0.044356,False
150,2,0.05,site_boot,True,0.65,0.9534,0.044356,False
150,2,0.1,wsr,True,0.67,0.9469,0.04237,False
150,2,0.1,hoeffding,False,,,,
150,2,0.1,mpeb,False,,,,
150,2,0.1,t,True,0.55,0.9855,0.057143,False
150,2,0.1,site_boot,True,0.55,0.9855,0.057143,False
150,3,0.05,wsr,False,,,,
150,3,0.05,hoeffding,False,,,,
150,3,0.05,mpeb,False,,,,
150,3,0.05,t,True,0.67,0.9459,0.043327,False
150,3,0.05,site_boot,True,0.67,0.9459,0.043327,False
150,3,0.1,wsr,True,0.69,0.9383,0.041248,False
150,3,0.1,hoeffding,False,,,,
150,3,0.1,mpeb,False,,,,
150,3,0.1,t,True,0.55,0.9852,0.056695,False
150,3,0.1,site_boot,True,0.55,0.9852,0.056695,False
150,4,0.05,wsr,False,,,,
150,4,0.05,hoeffding,False,,,,
150,4,0.05,mpeb,False,,,,
150,4,0.05,t,True,0.67,0.9467,0.045017,False
150,4,0.05,site_boot,True,0.67,0.9467,0.045017,False
150,4,0.1,wsr,True,0.69,0.9394,0.042858,False
150,4,0.1,hoeffding,False,,,,
150,4,0.1,mpeb,False,,,,
150,4,0.1,t,True,0.55,0.9851,0.059072,False
150,4,0.1,site_boot,True,0.55,0.9851,0.059072,False
150,5,0.05,wsr,False,,,,
150,5,0.05,hoeffding,False,,,,
150,5,0.05,mpeb,False,,,,
150,5,0.05,t,True,0.65,0.9507,0.04565,False
150,5,0.05,site_boot,True,0.65,0.9507,0.04565,False
150,5,0.1,wsr,True,0.67,0.9437,0.043723,False
150,5,0.1,hoeffding,False,,,,
150,5,0.1,mpeb,False,,,,
150,5,0.1,t,True,0.55,0.9842,0.057635,False
150,5,0.1,site_boot,True,0.55,0.9842,0.057635,False
150,6,0.05,wsr,False,,,,
150,6,0.05,hoeffding,False,,,,
150,6,0.05,mpeb,False,,,,
150,6,0.05,t,True,0.63,0.9613,0.048946,False
150,6,0.05,site_boot,True,0.63,0.9613,0.048946,False
150,6,0.1,wsr,True,0.67,0.9478,0.044368,False
150,6,0.1,hoeffding,False,,,,
150,6,0.1,mpeb,False,,,,
150,6,0.1,t,True,0.55,0.9856,0.057393,False
150,6,0.1,site_boot,True,0.55,0.9856,0.057393,False
150,7,0.05,wsr,False,,,,
150,7,0.05,hoeffding,False,,,,
150,7,0.05,mpeb,False,,,,
150,7,0.05,t,True,0.65,0.9547,0.049035,False
150,7,0.05,site_boot,True,0.65,0.9547,0.049035,False
150,7,0.1,wsr,True,0.69,0.9411,0.044922,False
150,7,0.1,hoeffding,False,,,,
150,7,0.1,mpeb,False,,,,
150,7,0.1,t,True,0.55,0.9852,0.060558,False
150,7,0.1,site_boot,True,0.55,0.9852,0.060558,False
150,8,0.05,wsr,False,,,,
150,8,0.05,hoeffding,False,,,,
150,8,0.05,mpeb,False,,,,
150,8,0.05,t,True,0.59,0.9724,0.05076,True
150,8,0.05,site_boot,True,0.59,0.9724,0.05076,True
150,8,0.1,wsr,True,0.59,0.9724,0.05076,False
150,8,0.1,hoeffding,False,,,,
150,8,0.1,mpeb,False,,,,
150,8,0.1,t,True,0.55,0.9851,0.055631,False
150,8,0.1,site_boot,True,0.55,0.9851,0.055631,False
150,9,0.05,wsr,False,,,,
150,9,0.05,hoeffding,False,,,,
150,9,0.05,mpeb,False,,,,
150,9,0.05,t,True,0.69,0.9351,0.03883,False
150,9,0.05,site_boot,True,0.69,0.9351,0.03883,False
150,9,0.1,wsr,True,0.71,0.9267,0.036728,False
150,9,0.1,hoeffding,False,,,,
150,9,0.1,mpeb,False,,,,
150,9,0.1,t,True,0.55,0.9841,0.054492,False
150,9,0.1,site_boot,True,0.55,0.9841,0.054492,False
150,10,0.05,wsr,False,,,,
150,10,0.05,hoeffding,False,,,,
150,10,0.05,mpeb,False,,,,
150,10,0.05,t,True,0.61,0.9669,0.050385,True
150,10,0.05,site_boot,True,0.61,0.9669,0.050385,True
150,10,0.1,wsr,True,0.61,0.9669,0.050385,False
150,10,0.1,hoeffding,False,,,,
150,10,0.1,mpeb,False,,,,
150,10,0.1,t,True,0.55,0.9853,0.056995,False
150,10,0.1,site_boot,True,0.55,0.9853,0.056995,False
150,11,0.05,wsr,False,,,,
150,11,0.05,hoeffding,False,,,,
150,11,0.05,mpeb,False,,,,
150,11,0.05,t,True,0.69,0.9414,0.039935,False
150,11,0.05,site_boot,True,0.69,0.9414,0.039935,False
150,11,0.1,wsr,True,0.69,0.9414,0.039935,False
150,11,0.1,hoeffding,False,,,,
150,11,0.1,mpeb,False,,,,
150,11,0.1,t,True,0.55,0.9853,0.053844,False
150,11,0.1,site_boot,True,0.55,0.9853,0.053844,False
150,12,0.05,wsr,False,,,,
150,12,0.05,hoeffding,False,,,,
150,12,0.05,mpeb,False,,,,
150,12,0.05,t,True,0.69,0.939,0.041493,False
150,12,0.05,site_boot,True,0.69,0.939,0.041493,False
150,12,0.1,wsr,True,0.71,0.9313,0.03899,False
150,12,0.1,hoeffding,False,,,,
150,12,0.1,mpeb,False,,,,
150,12,0.1,t,True,0.55,0.9849,0.057122,False
150,12,0.1,site_boot,True,0.55,0.9849,0.057122,False
150,13,0.05,wsr,False,,,,
150,13,0.05,hoeffding,False,,,,
150,13,0.05,mpeb,False,,,,
150,13,0.05,t,True,0.67,0.9478,0.047193,False
150,13,0.05,site_boot,True,0.67,0.9478,0.047193,False
150,13,0.1,wsr,True,0.69,0.9407,0.044925,False
150,13,0.1,hoeffding,False,,,,
150,13,0.1,mpeb,False,,,,
150,13,0.1,t,True,0.55,0.9857,0.059673,False
150,13,0.1,site_boot,True,0.55,0.9857,0.059673,False
150,14,0.05,wsr,False,,,,
150,14,0.05,hoeffding,False,,,,
150,14,0.05,mpeb,False,,,,
150,14,0.05,t,True,0.69,0.9366,0.038764,False
150,14,0.05,site_boot,True,0.69,0.9366,0.038764,False
150,14,0.1,wsr,True,0.73,0.9199,0.034265,False
150,14,0.1,hoeffding,False,,,,
150,14,0.1,mpeb,False,,,,
150,14,0.1,t,True,0.55,0.9844,0.054558,False
150,14,0.1,site_boot,True,0.55,0.9844,0.054558,False
150,15,0.05,wsr,False,,,,
150,15,0.05,hoeffding,False,,,,
150,15,0.05,mpeb,False,,,,
150,15,0.05,t,True,0.65,0.9553,0.04756,False
150,15,0.05,site_boot,True,0.65,0.9553,0.04756,False
150,15,0.1,wsr,True,0.69,0.942,0.043435,False
150,15,0.1,hoeffding,False,,,,
150,15,0.1,mpeb,False,,,,
150,15,0.1,t,True,0.55,0.9856,0.058849,False
150,15,0.1,site_boot,True,0.55,0.9856,0.058849,False
150,16,0.05,wsr,False,,,,
150,16,0.05,hoeffding,False,,,,
150,16,0.05,mpeb,False,,,,
150,16,0.05,t,True,0.67,0.9479,0.044314,False
150,16,0.05,site_boot,True,0.67,0.9479,0.044314,False
150,16,0.1,wsr,True,0.71,0.9323,0.039644,False
150,16,0.1,hoeffding,False,,,,
150,16,0.1,mpeb,False,,,,
150,16,0.1,t,True,0.55,0.9851,0.058248,False
150,16,0.1,site_boot,True,0.55,0.9851,0.058248,False
150,17,0.05,wsr,False,,,,
150,17,0.05,hoeffding,False,,,,
150,17,0.05,mpeb,False,,,,
150,17,0.05,t,True,0.69,0.9353,0.040344,False
150,17,0.05,site_boot,True,0.69,0.9353,0.040344,False
150,17,0.1,wsr,True,0.71,0.9269,0.038151,False
150,17,0.1,hoeffding,False,,,,
150,17,0.1,mpeb,False,,,,
150,17,0.1,t,True,0.55,0.9842,0.057157,False
150,17,0.1,site_boot,True,0.55,0.9842,0.057157,False
150,18,0.05,wsr,False,,,,
150,18,0.05,hoeffding,False,,,,
150,18,0.05,mpeb,False,,,,
150,18,0.05,t,True,0.69,0.941,0.04265,False
150,18,0.05,site_boot,True,0.69,0.941,0.04265,False
150,18,0.1,wsr,True,0.69,0.941,0.04265,False
150,18,0.1,hoeffding,False,,,,
150,18,0.1,mpeb,False,,,,
150,18,0.1,t,True,0.55,0.986,0.058533,False
150,18,0.1,site_boot,True,0.55,0.986,0.058533,False
150,19,0.05,wsr,False,,,,
150,19,0.05,hoeffding,False,,,,
150,19,0.05,mpeb,False,,,,
150,19,0.05,t,True,0.65,0.9518,0.042809,False
150,19,0.05,site_boot,True,0.65,0.9518,0.042809,False
150,19,0.1,wsr,True,0.69,0.9373,0.038378,False
150,19,0.1,hoeffding,False,,,,
150,19,0.1,mpeb,False,,,,
150,19,0.1,t,True,0.55,0.9847,0.05446,False
150,19,0.1,site_boot,True,0.55,0.9847,0.05446,False
150,20,0.05,wsr,False,,,,
150,20,0.05,hoeffding,False,,,,
150,20,0.05,mpeb,False,,,,
150,20,0.05,t,True,0.61,0.9679,0.050933,True
150,20,0.05,site_boot,True,0.61,0.9679,0.050933,True
150,20,0.1,wsr,True,0.63,0.9614,0.048679,False
150,20,0.1,hoeffding,False,,,,
150,20,0.1,mpeb,False,,,,
150,20,0.1,t,True,0.55,0.9857,0.05763,False
150,20,0.1,site_boot,True,0.55,0.9857,0.05763,False
150,21,0.05,wsr,False,,,,
150,21,0.05,hoeffding,False,,,,
150,21,0.05,mpeb,False,,,,
150,21,0.05,t,True,0.63,0.959,0.049922,False
150,21,0.05,site_boot,True,0.63,0.959,0.049922,False
150,21,0.1,wsr,True,0.65,0.952,0.04772,False
150,21,0.1,hoeffding,False,,,,
150,21,0.1,mpeb,False,,,,
150,21,0.1,t,True,0.55,0.9847,0.059095,False
150,21,0.1,site_boot,True,0.55,0.9847,0.059095,False
150,22,0.05,wsr,False,,,,
150,22,0.05,hoeffding,False,,,,
150,22,0.05,mpeb,False,,,,
150,22,0.05,t,True,0.69,0.9411,0.040768,False
150,22,0.05,site_boot,True,0.69,0.9411,0.040768,False
150,22,0.1,wsr,True,0.71,0.9337,0.038565,False
150,22,0.1,hoeffding,False,,,,
150,22,0.1,mpeb,False,,,,
150,22,0.1,t,True,0.55,0.9854,0.05583,False
150,22,0.1,site_boot,True,0.55,0.9854,0.05583,False
150,23,0.05,wsr,False,,,,
150,23,0.05,hoeffding,False,,,,
150,23,0.05,mpeb,False,,,,
150,23,0.05,t,True,0.67,0.9447,0.046033,False
150,23,0.05,site_boot,True,0.67,0.9447,0.046033,False
150,23,0.1,wsr,True,0.69,0.9372,0.043637,False
150,23,0.1,hoeffding,False,,,,
150,23,0.1,mpeb,False,,,,
150,23,0.1,t,True,0.55,0.9845,0.060615,False
150,23,0.1,site_boot,True,0.55,0.9845,0.060615,False
150,24,0.05,wsr,False,,,,
150,24,0.05,hoeffding,False,,,,
150,24,0.05,mpeb,False,,,,
150,24,0.05,t,True,0.65,0.9541,0.046802,False
150,24,0.05,site_boot,True,0.65,0.9541,0.046802,False
150,24,0.1,wsr,True,0.69,0.9395,0.041615,False
150,24,0.1,hoeffding,False,,,,
150,24,0.1,mpeb,False,,,,
150,24,0.1,t,True,0.55,0.9854,0.05743,False
150,24,0.1,site_boot,True,0.55,0.9854,0.05743,False
150,25,0.05,wsr,False,,,,
150,25,0.05,hoeffding,False,,,,
150,25,0.05,mpeb,False,,,,
150,25,0.05,t,True,0.67,0.9443,0.042807,False
150,25,0.05,site_boot,True,0.67,0.9443,0.042807,False
150,25,0.1,wsr,True,0.69,0.9365,0.040564,False
150,25,0.1,hoeffding,False,,,,
150,25,0.1,mpeb,False,,,,
150,25,0.1,t,True,0.55,0.9846,0.057024,False
150,25,0.1,site_boot,True,0.55,0.9846,0.057024,False
150,26,0.05,wsr,False,,,,
150,26,0.05,hoeffding,False,,,,
150,26,0.05,mpeb,False,,,,
150,26,0.05,t,True,0.61,0.9647,0.049763,False
150,26,0.05,site_boot,True,0.61,0.9647,0.049763,False
150,26,0.1,wsr,True,0.63,0.9579,0.047368,False
150,26,0.1,hoeffding,False,,,,
150,26,0.1,mpeb,False,,,,
150,26,0.1,t,True,0.55,0.9844,0.057346,False
150,26,0.1,site_boot,True,0.55,0.9844,0.057346,False
150,27,0.05,wsr,False,,,,
150,27,0.05,hoeffding,False,,,,
150,27,0.05,mpeb,False,,,,
150,27,0.05,t,True,0.63,0.9611,0.047414,False
150,27,0.05,site_boot,True,0.63,0.9611,0.047414,False
150,27,0.1,wsr,True,0.63,0.9611,0.047414,False
150,27,0.1,hoeffding,False,,,,
150,27,0.1,mpeb,False,,,,
150,27,0.1,t,True,0.55,0.9857,0.056733,False
150,27,0.1,site_boot,True,0.55,0.9857,0.056733,False
150,28,0.05,wsr,False,,,,
150,28,0.05,hoeffding,False,,,,
150,28,0.05,mpeb,False,,,,
150,28,0.05,t,True,0.59,0.97,0.05528,True
150,28,0.05,site_boot,True,0.59,0.97,0.05528,True
150,28,0.1,wsr,True,0.59,0.97,0.05528,False
150,28,0.1,hoeffding,False,,,,
150,28,0.1,mpeb,False,,,,
150,28,0.1,t,True,0.55,0.9834,0.059862,False
150,28,0.1,site_boot,True,0.55,0.9834,0.059862,False
150,29,0.05,wsr,False,,,,
150,29,0.05,hoeffding,False,,,,
150,29,0.05,mpeb,False,,,,
150,29,0.05,t,True,0.63,0.9617,0.04897,False
150,29,0.05,site_boot,True,0.61,0.9682,0.051353,True
150,29,0.1,wsr,True,0.63,0.9617,0.04897,False
150,29,0.1,hoeffding,False,,,,
150,29,0.1,mpeb,False,,,,
150,29,0.1,t,True,0.55,0.9862,0.057834,False
150,29,0.1,site_boot,True,0.55,0.9862,0.057834,False
150,30,0.05,wsr,False,,,,
150,30,0.05,hoeffding,False,,,,
150,30,0.05,mpeb,False,,,,
150,30,0.05,t,True,0.71,0.9298,0.042205,False
150,30,0.05,site_boot,True,0.71,0.9298,0.042205,False
150,30,0.1,wsr,True,0.77,0.904,0.034918,False
150,30,0.1,hoeffding,False,,,,
150,30,0.1,mpeb,False,,,,
150,30,0.1,t,True,0.55,0.9847,0.06054,False
150,30,0.1,site_boot,True,0.55,0.9847,0.06054,False
150,31,0.05,wsr,False,,,,
150,31,0.05,hoeffding,False,,,,
150,31,0.05,mpeb,False,,,,
150,31,0.05,t,True,0.69,0.9393,0.039832,False
150,31,0.05,site_boot,True,0.69,0.9393,0.039832,False
150,31,0.1,wsr,True,0.71,0.9319,0.037524,False
150,31,0.1,hoeffding,False,,,,
150,31,0.1,mpeb,False,,,,
150,31,0.1,t,True,0.55,0.9855,0.055565,False
150,31,0.1,site_boot,True,0.55,0.9855,0.055565,False
150,32,0.05,wsr,False,,,,
150,32,0.05,hoeffding,False,,,,
150,32,0.05,mpeb,False,,,,
150,32,0.05,t,True,0.67,0.9454,0.043232,False
150,32,0.05,site_boot,True,0.67,0.9454,0.043232,False
150,32,0.1,wsr,True,0.73,0.9213,0.036091,False
150,32,0.1,hoeffding,False,,,,
150,32,0.1,mpeb,False,,,,
150,32,0.1,t,True,0.55,0.9849,0.056872,False
150,32,0.1,site_boot,True,0.55,0.9849,0.056872,False
150,33,0.05,wsr,False,,,,
150,33,0.05,hoeffding,False,,,,
150,33,0.05,mpeb,False,,,,
150,33,0.05,t,True,0.63,0.9632,0.045766,False
150,33,0.05,site_boot,True,0.63,0.9632,0.045766,False
150,33,0.1,wsr,True,0.67,0.9506,0.041699,False
150,33,0.1,hoeffding,False,,,,
150,33,0.1,mpeb,False,,,,
150,33,0.1,t,True,0.55,0.9859,0.055063,False
150,33,0.1,site_boot,True,0.55,0.9859,0.055063,False
150,34,0.05,wsr,False,,,,
150,34,0.05,hoeffding,False,,,,
150,34,0.05,mpeb,False,,,,
150,34,0.05,t,True,0.63,0.9611,0.04967,False
150,34,0.05,site_boot,True,0.63,0.9611,0.04967,False
150,34,0.1,wsr,True,0.65,0.9544,0.047101,False
150,34,0.1,hoeffding,False,,,,
150,34,0.1,mpeb,False,,,,
150,34,0.1,t,True,0.55,0.9858,0.058227,False
150,34,0.1,site_boot,True,0.55,0.9858,0.058227,False
150,35,0.05,wsr,False,,,,
150,35,0.05,hoeffding,False,,,,
150,35,0.05,mpeb,False,,,,
150,35,0.05,t,True,0.65,0.9559,0.044725,False
150,35,0.05,site_boot,True,0.65,0.9559,0.044725,False
150,35,0.1,wsr,True,0.69,0.9423,0.040566,False
150,35,0.1,hoeffding,False,,,,
150,35,0.1,mpeb,False,,,,
150,35,0.1,t,True,0.55,0.9859,0.056336,False
150,35,0.1,site_boot,True,0.55,0.9859,0.056336,False
150,36,0.05,wsr,False,,,,
150,36,0.05,hoeffding,False,,,,
150,36,0.05,mpeb,False,,,,
150,36,0.05,t,True,0.67,0.9418,0.045923,False
150,36,0.05,site_boot,True,0.67,0.9418,0.045923,False
150,36,0.1,wsr,True,0.69,0.9337,0.043541,False
150,36,0.1,hoeffding,False,,,,
150,36,0.1,mpeb,False,,,,
150,36,0.1,t,True,0.55,0.9837,0.060581,False
150,36,0.1,site_boot,True,0.55,0.9837,0.060581,False
150,37,0.05,wsr,False,,,,
150,37,0.05,hoeffding,False,,,,
150,37,0.05,mpeb,False,,,,
150,37,0.05,t,True,0.67,0.9443,0.045072,False
150,37,0.05,site_boot,True,0.67,0.9443,0.045072,False
150,37,0.1,wsr,True,0.69,0.9365,0.042982,False
150,37,0.1,hoeffding,False,,,,
150,37,0.1,mpeb,False,,,,
150,37,0.1,t,True,0.55,0.9843,0.058956,False
150,37,0.1,site_boot,True,0.55,0.9843,0.058956,False
150,38,0.05,wsr,False,,,,
150,38,0.05,hoeffding,False,,,,
150,38,0.05,mpeb,False,,,,
150,38,0.05,t,True,0.71,0.93,0.043259,False
150,38,0.05,site_boot,True,0.71,0.93,0.043259,False
150,38,0.1,wsr,True,0.73,0.9219,0.041075,False
150,38,0.1,hoeffding,False,,,,
150,38,0.1,mpeb,False,,,,
150,38,0.1,t,True,0.55,0.9842,0.059582,False
150,38,0.1,site_boot,True,0.55,0.9842,0.059582,False
150,39,0.05,wsr,False,,,,
150,39,0.05,hoeffding,False,,,,
150,39,0.05,mpeb,False,,,,
150,39,0.05,t,True,0.61,0.9655,0.050071,True
150,39,0.05,site_boot,True,0.61,0.9655,0.050071,True
150,39,0.1,wsr,True,0.63,0.9588,0.0479,False
150,39,0.1,hoeffding,False,,,,
150,39,0.1,mpeb,False,,,,
150,39,0.1,t,True,0.55,0.9848,0.056845,False
150,39,0.1,site_boot,True,0.55,0.9848,0.056845,False
150,40,0.05,wsr,False,,,,
150,40,0.05,hoeffding,False,,,,
150,40,0.05,mpeb,False,,,,
150,40,0.05,t,True,0.67,0.9499,0.044483,False
150,40,0.05,site_boot,True,0.65,0.9562,0.046361,False
150,40,0.1,wsr,True,0.69,0.9429,0.042448,False
150,40,0.1,hoeffding,False,,,,
150,40,0.1,mpeb,False,,,,
150,40,0.1,t,True,0.55,0.9859,0.056677,False
150,40,0.1,site_boot,True,0.55,0.9859,0.056677,False
150,41,0.05,wsr,False,,,,
150,41,0.05,hoeffding,False,,,,
150,41,0.05,mpeb,False,,,,
150,41,0.05,t,True,0.67,0.9478,0.04625,False
150,41,0.05,site_boot,True,0.67,0.9478,0.04625,False
150,41,0.1,wsr,True,0.69,0.9405,0.044439,False
150,41,0.1,hoeffding,False,,,,
150,41,0.1,mpeb,False,,,,
150,41,0.1,t,True,0.55,0.9855,0.059079,False
150,41,0.1,site_boot,True,0.55,0.9855,0.059079,False
150,42,0.05,wsr,False,,,,
150,42,0.05,hoeffding,False,,,,
150,42,0.05,mpeb,False,,,,
150,42,0.05,t,True,0.67,0.9448,0.041297,False
150,42,0.05,site_boot,True,0.69,0.9372,0.038964,False
150,42,0.1,wsr,True,0.71,0.9291,0.036754,False
150,42,0.1,hoeffding,False,,,,
150,42,0.1,mpeb,False,,,,
150,42,0.1,t,True,0.55,0.9846,0.055579,False
150,42,0.1,site_boot,True,0.55,0.9846,0.055579,False
150,43,0.05,wsr,False,,,,
150,43,0.05,hoeffding,False,,,,
150,43,0.05,mpeb,False,,,,
150,43,0.05,t,True,0.67,0.9492,0.041826,False
150,43,0.05,site_boot,True,0.67,0.9492,0.041826,False
150,43,0.1,wsr,True,0.67,0.9492,0.041826,False
150,43,0.1,hoeffding,False,,,,
150,43,0.1,mpeb,False,,,,
150,43,0.1,t,True,0.55,0.9861,0.055079,False
150,43,0.1,site_boot,True,0.55,0.9861,0.055079,False
150,44,0.05,wsr,False,,,,
150,44,0.05,hoeffding,False,,,,
150,44,0.05,mpeb,False,,,,
150,44,0.05,t,True,0.67,0.9457,0.043239,False
150,44,0.05,site_boot,True,0.67,0.9457,0.043239,False
150,44,0.1,wsr,True,0.67,0.9457,0.043239,False
150,44,0.1,hoeffding,False,,,,
150,44,0.1,mpeb,False,,,,
150,44,0.1,t,True,0.55,0.9851,0.057213,False
150,44,0.1,site_boot,True,0.55,0.9851,0.057213,False
150,45,0.05,wsr,False,,,,
150,45,0.05,hoeffding,False,,,,
150,45,0.05,mpeb,False,,,,
150,45,0.05,t,True,0.67,0.9447,0.043703,False
150,45,0.05,site_boot,True,0.67,0.9447,0.043703,False
150,45,0.1,wsr,True,0.69,0.9371,0.04129,False
150,45,0.1,hoeffding,False,,,,
150,45,0.1,mpeb,False,,,,
150,45,0.1,t,True,0.55,0.9847,0.057936,False
150,45,0.1,site_boot,True,0.55,0.9847,0.057936,False
150,46,0.05,wsr,False,,,,
150,46,0.05,hoeffding,False,,,,
150,46,0.05,mpeb,False,,,,
150,46,0.05,t,True,0.69,0.9405,0.043605,False
150,46,0.05,site_boot,True,0.69,0.9405,0.043605,False
150,46,0.1,wsr,True,0.71,0.9328,0.041033,False
150,46,0.1,hoeffding,False,,,,
150,46,0.1,mpeb,False,,,,
150,46,0.1,t,True,0.55,0.9853,0.05882,False
150,46,0.1,site_boot,True,0.55,0.9853,0.05882,False
150,47,0.05,wsr,False,,,,
150,47,0.05,hoeffding,False,,,,
150,47,0.05,mpeb,False,,,,
150,47,0.05,t,True,0.71,0.9271,0.038825,False
150,47,0.05,site_boot,True,0.71,0.9271,0.038825,False
150,47,0.1,wsr,True,0.75,0.909,0.034172,False
150,47,0.1,hoeffding,False,,,,
150,47,0.1,mpeb,False,,,,
150,47,0.1,t,True,0.55,0.9838,0.058457,False
150,47,0.1,site_boot,True,0.55,0.9838,0.058457,False
150,48,0.05,wsr,False,,,,
150,48,0.05,hoeffding,False,,,,
150,48,0.05,mpeb,False,,,,
150,48,0.05,t,True,0.61,0.9684,0.049482,False
150,48,0.05,site_boot,True,0.61,0.9684,0.049482,False
150,48,0.1,wsr,True,0.61,0.9684,0.049482,False
150,48,0.1,hoeffding,False,,,,
150,48,0.1,mpeb,False,,,,
150,48,0.1,t,True,0.55,0.9859,0.055752,False
150,48,0.1,site_boot,True,0.55,0.9859,0.055752,False
150,49,0.05,wsr,False,,,,
150,49,0.05,hoeffding,False,,,,
150,49,0.05,mpeb,False,,,,
150,49,0.05,t,True,0.69,0.9343,0.042974,False
150,49,0.05,site_boot,True,0.69,0.9343,0.042974,False
150,49,0.1,wsr,True,0.69,0.9343,0.042974,False
150,49,0.1,hoeffding,False,,,,
150,49,0.1,mpeb,False,,,,
150,49,0.1,t,True,0.55,0.9833,0.05964,False
150,49,0.1,site_boot,True,0.55,0.9833,0.05964,False
150,50,0.05,wsr,False,,,,
150,50,0.05,hoeffding,False,,,,
150,50,0.05,mpeb,False,,,,
150,50,0.05,t,True,0.67,0.9465,0.043295,False
150,50,0.05,site_boot,True,0.67,0.9465,0.043295,False
150,50,0.1,wsr,True,0.71,0.931,0.038411,False
150,50,0.1,hoeffding,False,,,,
150,50,0.1,mpeb,False,,,,
150,50,0.1,t,True,0.55,0.9851,0.056548,False
150,50,0.1,site_boot,True,0.55,0.9851,0.056548,False
150,51,0.05,wsr,False,,,,
150,51,0.05,hoeffding,False,,,,
150,51,0.05,mpeb,False,,,,
150,51,0.05,t,True,0.63,0.9608,0.049917,False
150,51,0.05,site_boot,True,0.63,0.9608,0.049917,False
150,51,0.1,wsr,True,0.65,0.954,0.047743,False
150,51,0.1,hoeffding,False,,,,
150,51,0.1,mpeb,False,,,,
150,51,0.1,t,True,0.55,0.9856,0.058796,False
150,51,0.1,site_boot,True,0.55,0.9856,0.058796,False
150,52,0.05,wsr,False,,,,
150,52,0.05,hoeffding,False,,,,
150,52,0.05,mpeb,False,,,,
150,52,0.05,t,True,0.63,0.9561,0.047874,False
150,52,0.05,site_boot,True,0.63,0.9561,0.047874,False
150,52,0.1,wsr,True,0.63,0.9561,0.047874,False
150,52,0.1,hoeffding,False,,,,
150,52,0.1,mpeb,False,,,,
150,52,0.1,t,True,0.55,0.9839,0.057818,False
150,52,0.1,site_boot,True,0.55,0.9839,0.057818,False
150,53,0.05,wsr,False,,,,
150,53,0.05,hoeffding,False,,,,
150,53,0.05,mpeb,False,,,,
150,53,0.05,t,True,0.69,0.9391,0.04065,False
150,53,0.05,site_boot,True,0.69,0.9391,0.04065,False
150,53,0.1,wsr,True,0.71,0.9317,0.038926,False
150,53,0.1,hoeffding,False,,,,
150,53,0.1,mpeb,False,,,,
150,53,0.1,t,True,0.55,0.9849,0.056516,False
150,53,0.1,site_boot,True,0.55,0.9849,0.056516,False
150,54,0.05,wsr,False,,,,
150,54,0.05,hoeffding,False,,,,
150,54,0.05,mpeb,False,,,,
150,54,0.05,t,True,0.65,0.9527,0.045534,False
150,54,0.05,site_boot,True,0.65,0.9527,0.045534,False
150,54,0.1,wsr,True,0.69,0.9383,0.040757,False
150,54,0.1,hoeffding,False,,,,
150,54,0.1,mpeb,False,,,,
150,54,0.1,t,True,0.55,0.985,0.056563,False
150,54,0.1,site_boot,True,0.55,0.985,0.056563,False
150,55,0.05,wsr,False,,,,
150,55,0.05,hoeffding,False,,,,
150,55,0.05,mpeb,False,,,,
150,55,0.05,t,True,0.67,0.9466,0.041596,False
150,55,0.05,site_boot,True,0.67,0.9466,0.041596,False
150,55,0.1,wsr,True,0.69,0.9395,0.039687,False
150,55,0.1,hoeffding,False,,,,
150,55,0.1,mpeb,False,,,,
150,55,0.1,t,True,0.55,0.9844,0.054285,False
150,55,0.1,site_boot,True,0.55,0.9844,0.054285,False
150,56,0.05,wsr,False,,,,
150,56,0.05,hoeffding,False,,,,
150,56,0.05,mpeb,False,,,,
150,56,0.05,t,True,0.67,0.9463,0.045152,False
150,56,0.05,site_boot,True,0.67,0.9463,0.045152,False
150,56,0.1,wsr,True,0.73,0.9236,0.038362,False
150,56,0.1,hoeffding,False,,,,
150,56,0.1,mpeb,False,,,,
150,56,0.1,t,True,0.55,0.9851,0.058773,False
150,56,0.1,site_boot,True,0.55,0.9851,0.058773,False
150,57,0.05,wsr,False,,,,
150,57,0.05,hoeffding,False,,,,
150,57,0.05,mpeb,False,,,,
150,57,0.05,t,True,0.67,0.9458,0.046931,False
150,57,0.05,site_boot,True,0.67,0.9458,0.046931,False
150,57,0.1,wsr,True,0.67,0.9458,0.046931,False
150,57,0.1,hoeffding,False,,,,
150,57,0.1,mpeb,False,,,,
150,57,0.1,t,True,0.55,0.985,0.060546,False
150,57,0.1,site_boot,True,0.55,0.985,0.060546,False
150,58,0.05,wsr,False,,,,
150,58,0.05,hoeffding,False,,,,
150,58,0.05,mpeb,False,,,,
150,58,0.05,t,True,0.65,0.9536,0.047372,False
150,58,0.05,site_boot,True,0.65,0.9536,0.047372,False
150,58,0.1,wsr,True,0.67,0.9466,0.045285,False
150,58,0.1,hoeffding,False,,,,
150,58,0.1,mpeb,False,,,,
150,58,0.1,t,True,0.55,0.9851,0.059103,False
150,58,0.1,site_boot,True,0.55,0.9851,0.059103,False
150,59,0.05,wsr,False,,,,
150,59,0.05,hoeffding,False,,,,
150,59,0.05,mpeb,False,,,,
150,59,0.05,t,True,0.67,0.9441,0.043094,False
150,59,0.05,site_boot,True,0.65,0.9516,0.04527,False
150,59,0.1,wsr,True,0.67,0.9441,0.043094,False
150,59,0.1,hoeffding,False,,,,
150,59,0.1,mpeb,False,,,,
150,59,0.1,t,True,0.55,0.9841,0.05659,False
150,59,0.1,site_boot,True,0.55,0.9841,0.05659,False
150,60,0.05,wsr,False,,,,
150,60,0.05,hoeffding,False,,,,
150,60,0.05,mpeb,False,,,,
150,60,0.05,t,True,0.63,0.959,0.047196,False
150,60,0.05,site_boot,True,0.63,0.959,0.047196,False
150,60,0.1,wsr,True,0.65,0.9521,0.04522,False
150,60,0.1,hoeffding,False,,,,
150,60,0.1,mpeb,False,,,,
150,60,0.1,t,True,0.55,0.985,0.056612,False
150,60,0.1,site_boot,True,0.55,0.985,0.056612,False
150,61,0.05,wsr,False,,,,
150,61,0.05,hoeffding,False,,,,
150,61,0.05,mpeb,False,,,,
150,61,0.05,t,True,0.63,0.9562,0.046451,False
150,61,0.05,site_boot,True,0.63,0.9562,0.046451,False
150,61,0.1,wsr,True,0.67,0.9411,0.041612,False
150,61,0.1,hoeffding,False,,,,
150,61,0.1,mpeb,False,,,,
150,61,0.1,t,True,0.55,0.9834,0.05564,False
150,61,0.1,site_boot,True,0.55,0.9834,0.05564,False
150,62,0.05,wsr,False,,,,
150,62,0.05,hoeffding,False,,,,
150,62,0.05,mpeb,False,,,,
150,62,0.05,t,True,0.71,0.9351,0.041681,False
150,62,0.05,site_boot,True,0.69,0.9417,0.043574,False
150,62,0.1,wsr,True,0.71,0.9351,0.041681,False
150,62,0.1,hoeffding,False,,,,
150,62,0.1,mpeb,False,,,,
150,62,0.1,t,True,0.55,0.9859,0.057901,False
150,62,0.1,site_boot,True,0.55,0.9859,0.057901,False
150,63,0.05,wsr,False,,,,
150,63,0.05,hoeffding,False,,,,
150,63,0.05,mpeb,False,,,,
150,63,0.05,t,True,0.63,0.9576,0.047543,False
150,63,0.05,site_boot,True,0.63,0.9576,0.047543,False
150,63,0.1,wsr,True,0.65,0.9504,0.045102,False
150,63,0.1,hoeffding,False,,,,
150,63,0.1,mpeb,False,,,,
150,63,0.1,t,True,0.55,0.9837,0.056904,False
150,63,0.1,site_boot,True,0.55,0.9837,0.056904,False
150,64,0.05,wsr,False,,,,
150,64,0.05,hoeffding,False,,,,
150,64,0.05,mpeb,False,,,,
150,64,0.05,t,True,0.65,0.9564,0.047465,False
150,64,0.05,site_boot,True,0.65,0.9564,0.047465,False
150,64,0.1,wsr,True,0.69,0.943,0.043038,False
150,64,0.1,hoeffding,False,,,,
150,64,0.1,mpeb,False,,,,
150,64,0.1,t,True,0.55,0.9855,0.058522,False
150,64,0.1,site_boot,True,0.55,0.9855,0.058522,False
150,65,0.05,wsr,False,,,,
150,65,0.05,hoeffding,False,,,,
150,65,0.05,mpeb,False,,,,
150,65,0.05,t,True,0.71,0.9311,0.04029,False
150,65,0.05,site_boot,True,0.71,0.9311,0.04029,False
150,65,0.1,wsr,True,0.75,0.9148,0.035791,False
150,65,0.1,hoeffding,False,,,,
150,65,0.1,mpeb,False,,,,
150,65,0.1,t,True,0.55,0.985,0.058173,False
150,65,0.1,site_boot,True,0.55,0.985,0.058173,False
150,66,0.05,wsr,False,,,,
150,66,0.05,hoeffding,False,,,,
150,66,0.05,mpeb,False,,,,
150,66,0.05,t,True,0.71,0.9378,0.040595,False
150,66,0.05,site_boot,True,0.71,0.9378,0.040595,False
150,66,0.1,wsr,True,0.75,0.9224,0.036589,False
150,66,0.1,hoeffding,False,,,,
150,66,0.1,mpeb,False,,,,
150,66,0.1,t,True,0.55,0.9862,0.05678,False
150,66,0.1,site_boot,True,0.55,0.9862,0.05678,False
150,67,0.05,wsr,False,,,,
150,67,0.05,hoeffding,False,,,,
150,67,0.05,mpeb,False,,,,
150,67,0.05,t,True,0.71,0.9296,0.038428,False
150,67,0.05,site_boot,True,0.71,0.9296,0.038428,False
150,67,0.1,wsr,True,0.75,0.9121,0.03405,False
150,67,0.1,hoeffding,False,,,,
150,67,0.1,mpeb,False,,,,
150,67,0.1,t,True,0.55,0.9846,0.056902,False
150,67,0.1,site_boot,True,0.55,0.9846,0.056902,False
150,68,0.05,wsr,False,,,,
150,68,0.05,hoeffding,False,,,,
150,68,0.05,mpeb,False,,,,
150,68,0.05,t,True,0.69,0.941,0.040093,False
150,68,0.05,site_boot,True,0.69,0.941,0.040093,False
150,68,0.1,wsr,True,0.73,0.9256,0.035567,False
150,68,0.1,hoeffding,False,,,,
150,68,0.1,mpeb,False,,,,
150,68,0.1,t,True,0.55,0.9852,0.055453,False
150,68,0.1,site_boot,True,0.55,0.9852,0.055453,False
150,69,0.05,wsr,False,,,,
150,69,0.05,hoeffding,False,,,,
150,69,0.05,mpeb,False,,,,
150,69,0.05,t,True,0.67,0.9458,0.045631,False
150,69,0.05,site_boot,True,0.67,0.9458,0.045631,False
150,69,0.1,wsr,True,0.71,0.931,0.041171,False
150,69,0.1,hoeffding,False,,,,
150,69,0.1,mpeb,False,,,,
150,69,0.1,t,True,0.55,0.9851,0.05952,False
150,69,0.1,site_boot,True,0.55,0.9851,0.05952,False
150,70,0.05,wsr,False,,,,
150,70,0.05,hoeffding,False,,,,
150,70,0.05,mpeb,False,,,,
150,70,0.05,t,True,0.67,0.9474,0.043291,False
150,70,0.05,site_boot,True,0.67,0.9474,0.043291,False
150,70,0.1,wsr,True,0.69,0.94,0.040926,False
150,70,0.1,hoeffding,False,,,,
150,70,0.1,mpeb,False,,,,
150,70,0.1,t,True,0.55,0.9855,0.057494,False
150,70,0.1,site_boot,True,0.55,0.9855,0.057494,False
150,71,0.05,wsr,False,,,,
150,71,0.05,hoeffding,False,,,,
150,71,0.05,mpeb,False,,,,
150,71,0.05,t,True,0.65,0.9486,0.048072,False
150,71,0.05,site_boot,True,0.65,0.9486,0.048072,False
150,71,0.1,wsr,True,0.67,0.9413,0.045789,False
150,71,0.1,hoeffding,False,,,,
150,71,0.1,mpeb,False,,,,
150,71,0.1,t,True,0.55,0.9836,0.059843,False
150,71,0.1,site_boot,True,0.55,0.9836,0.059843,False
150,72,0.05,wsr,False,,,,
150,72,0.05,hoeffding,False,,,,
150,72,0.05,mpeb,False,,,,
150,72,0.05,t,True,0.69,0.9369,0.04034,False
150,72,0.05,site_boot,True,0.69,0.9369,0.04034,False
150,72,0.1,wsr,True,0.71,0.9288,0.038105,False
150,72,0.1,hoeffding,False,,,,
150,72,0.1,mpeb,False,,,,
150,72,0.1,t,True,0.55,0.9845,0.056235,False
150,72,0.1,site_boot,True,0.55,0.9845,0.056235,False
150,73,0.05,wsr,False,,,,
150,73,0.05,hoeffding,False,,,,
150,73,0.05,mpeb,False,,,,
150,73,0.05,t,True,0.73,0.928,0.04016,False
150,73,0.05,site_boot,True,0.73,0.928,0.04016,False
150,73,0.1,wsr,True,0.77,0.9107,0.036122,False
150,73,0.1,hoeffding,False,,,,
150,73,0.1,mpeb,False,,,,
150,73,0.1,t,True,0.55,0.9855,0.058637,False
150,73,0.1,site_boot,True,0.55,0.9855,0.058637,False
150,74,0.05,wsr,False,,,,
150,74,0.05,hoeffding,False,,,,
150,74,0.05,mpeb,False,,,,
150,74,0.05,t,True,0.69,0.9359,0.041421,False
150,74,0.05,site_boot,True,0.69,0.9359,0.041421,False
150,74,0.1,wsr,True,0.73,0.9196,0.036976,False
150,74,0.1,hoeffding,False,,,,
150,74,0.1,mpeb,False,,,,
150,74,0.1,t,True,0.55,0.9847,0.057032,False
150,74,0.1,site_boot,True,0.55,0.9847,0.057032,False
150,75,0.05,wsr,False,,,,
150,75,0.05,hoeffding,False,,,,
150,75,0.05,mpeb,False,,,,
150,75,0.05,t,True,0.61,0.9637,0.051943,True
150,75,0.05,site_boot,True,0.59,0.9707,0.054357,True
150,75,0.1,wsr,True,0.63,0.9568,0.049571,False
150,75,0.1,hoeffding,False,,,,
150,75,0.1,mpeb,False,,,,
150,75,0.1,t,True,0.55,0.9841,0.059302,False
150,75,0.1,site_boot,True,0.55,0.9841,0.059302,False
150,76,0.05,wsr,False,,,,
150,76,0.05,hoeffding,False,,,,
150,76,0.05,mpeb,False,,,,
150,76,0.05,t,True,0.63,0.9571,0.04699,False
150,76,0.05,site_boot,True,0.63,0.9571,0.04699,False
150,76,0.1,wsr,True,0.67,0.9425,0.042997,False
150,76,0.1,hoeffding,False,,,,
150,76,0.1,mpeb,False,,,,
150,76,0.1,t,True,0.55,0.9837,0.056951,False
150,76,0.1,site_boot,True,0.55,0.9837,0.056951,False
150,77,0.05,wsr,False,,,,
150,77,0.05,hoeffding,False,,,,
150,77,0.05,mpeb,False,,,,
150,77,0.05,t,True,0.63,0.9619,0.050294,True
150,77,0.05,site_boot,True,0.63,0.9619,0.050294,True
150,77,0.1,wsr,True,0.67,0.9487,0.046383,False
150,77,0.1,hoeffding,False,,,,
150,77,0.1,mpeb,False,,,,
150,77,0.1,t,True,0.55,0.9859,0.05888,False
150,77,0.1,site_boot,True,0.55,0.9859,0.05888,False
150,78,0.05,wsr,False,,,,
150,78,0.05,hoeffding,False,,,,
150,78,0.05,mpeb,False,,,,
150,78,0.05,t,True,0.69,0.9436,0.042444,False
150,78,0.05,site_boot,True,0.69,0.9436,0.042444,False
150,78,0.1,wsr,True,0.73,0.9295,0.037995,False
150,78,0.1,hoeffding,False,,,,
150,78,0.1,mpeb,False,,,,
150,78,0.1,t,True,0.55,0.9861,0.057962,False
150,78,0.1,site_boot,True,0.55,0.9861,0.057962,False
150,79,0.05,wsr,False,,,,
150,79,0.05,hoeffding,False,,,,
150,79,0.05,mpeb,False,,,,
150,79,0.05,t,True,0.59,0.9702,0.052152,True
150,79,0.05,site_boot,True,0.59,0.9702,0.052152,True
150,79,0.1,wsr,True,0.61,0.963,0.050046,False
150,79,0.1,hoeffding,False,,,,
150,79,0.1,mpeb,False,,,,
150,79,0.1,t,True,0.55,0.984,0.057284,False
150,79,0.1,site_boot,True,0.55,0.984,0.057284,False
150,80,0.05,wsr,False,,,,
150,80,0.05,hoeffding,False,,,,
150,80,0.05,mpeb,False,,,,
150,80,0.05,t,True,0.67,0.9469,0.046259,False
150,80,0.05,site_boot,True,0.67,0.9469,0.046259,False
150,80,0.1,wsr,True,0.73,0.9249,0.04009,False
150,80,0.1,hoeffding,False,,,,
150,80,0.1,mpeb,False,,,,
150,80,0.1,t,True,0.55,0.9853,0.060711,False
150,80,0.1,site_boot,True,0.55,0.9853,0.060711,False
150,81,0.05,wsr,False,,,,
150,81,0.05,hoeffding,False,,,,
150,81,0.05,mpeb,False,,,,
150,81,0.05,t,True,0.67,0.9486,0.043118,False
150,81,0.05,site_boot,True,0.67,0.9486,0.043118,False
150,81,0.1,wsr,True,0.69,0.9416,0.040903,False
150,81,0.1,hoeffding,False,,,,
150,81,0.1,mpeb,False,,,,
150,81,0.1,t,True,0.55,0.9857,0.056242,False
150,81,0.1,site_boot,True,0.55,0.9857,0.056242,False
150,82,0.05,wsr,False,,,,
150,82,0.05,hoeffding,False,,,,
150,82,0.05,mpeb,False,,,,
150,82,0.05,t,True,0.69,0.9366,0.04118,False
150,82,0.05,site_boot,True,0.69,0.9366,0.04118,False
150,82,0.1,wsr,True,0.69,0.9366,0.04118,False
150,82,0.1,hoeffding,False,,,,
150,82,0.1,mpeb,False,,,,
150,82,0.1,t,True,0.55,0.9841,0.056947,False
150,82,0.1,site_boot,True,0.55,0.9841,0.056947,False
150,83,0.05,wsr,False,,,,
150,83,0.05,hoeffding,False,,,,
150,83,0.05,mpeb,False,,,,
150,83,0.05,t,True,0.71,0.9327,0.041052,False
150,83,0.05,site_boot,True,0.71,0.9327,0.041052,False
150,83,0.1,wsr,True,0.71,0.9327,0.041052,False
150,83,0.1,hoeffding,False,,,,
150,83,0.1,mpeb,False,,,,
150,83,0.1,t,True,0.55,0.9858,0.059155,False
150,83,0.1,site_boot,True,0.55,0.9858,0.059155,False
150,84,0.05,wsr,False,,,,
150,84,0.05,hoeffding,False,,,,
150,84,0.05,mpeb,False,,,,
150,84,0.05,t,True,0.63,0.9591,0.048302,False
150,84,0.05,site_boot,True,0.63,0.9591,0.048302,False
150,84,0.1,wsr,True,0.67,0.9455,0.043767,False
150,84,0.1,hoeffding,False,,,,
150,84,0.1,mpeb,False,,,,
150,84,0.1,t,True,0.55,0.9849,0.057841,False
150,84,0.1,site_boot,True,0.55,0.9849,0.057841,False
150,85,0.05,wsr,False,,,,
150,85,0.05,hoeffding,False,,,,
150,85,0.05,mpeb,False,,,,
150,85,0.05,t,True,0.67,0.9442,0.041286,False
150,85,0.05,site_boot,True,0.67,0.9442,0.041286,False
150,85,0.1,wsr,True,0.69,0.9366,0.039279,False
150,85,0.1,hoeffding,False,,,,
150,85,0.1,mpeb,False,,,,
150,85,0.1,t,True,0.55,0.9846,0.056071,False
150,85,0.1,site_boot,True,0.55,0.9846,0.056071,False
150,86,0.05,wsr,False,,,,
150,86,0.05,hoeffding,False,,,,
150,86,0.05,mpeb,False,,,,
150,86,0.05,t,True,0.61,0.9691,0.048344,False
150,86,0.05,site_boot,True,0.63,0.9632,0.046566,False
150,86,0.1,wsr,True,0.65,0.9568,0.044144,False
150,86,0.1,hoeffding,False,,,,
150,86,0.1,mpeb,False,,,,
150,86,0.1,t,True,0.55,0.9866,0.05564,False
150,86,0.1,site_boot,True,0.55,0.9866,0.05564,False
150,87,0.05,wsr,False,,,,
150,87,0.05,hoeffding,False,,,,
150,87,0.05,mpeb,False,,,,
150,87,0.05,t,True,0.65,0.9526,0.04415,False
150,87,0.05,site_boot,True,0.65,0.9526,0.04415,False
150,87,0.1,wsr,True,0.67,0.9457,0.042269,False
150,87,0.1,hoeffding,False,,,,
150,87,0.1,mpeb,False,,,,
150,87,0.1,t,True,0.55,0.9846,0.055846,False
150,87,0.1,site_boot,True,0.55,0.9846,0.055846,False
150,88,0.05,wsr,False,,,,
150,88,0.05,hoeffding,False,,,,
150,88,0.05,mpeb,False,,,,
150,88,0.05,t,True,0.65,0.9508,0.045438,False
150,88,0.05,site_boot,True,0.65,0.9508,0.045438,False
150,88,0.1,wsr,True,0.67,0.9433,0.042864,False
150,88,0.1,hoeffding,False,,,,
150,88,0.1,mpeb,False,,,,
150,88,0.1,t,True,0.55,0.9848,0.056614,False
150,88,0.1,site_boot,True,0.55,0.9848,0.056614,False
150,89,0.05,wsr,False,,,,
150,89,0.05,hoeffding,False,,,,
150,89,0.05,mpeb,False,,,,
150,89,0.05,t,True,0.65,0.9519,0.045707,False
150,89,0.05,site_boot,True,0.65,0.9519,0.045707,False
150,89,0.1,wsr,True,0.69,0.937,0.041089,False
150,89,0.1,hoeffding,False,,,,
150,89,0.1,mpeb,False,,,,
150,89,0.1,t,True,0.55,0.9849,0.057782,False
150,89,0.1,site_boot,True,0.55,0.9849,0.057782,False
150,90,0.05,wsr,False,,,,
150,90,0.05,hoeffding,False,,,,
150,90,0.05,mpeb,False,,,,
150,90,0.05,t,True,0.71,0.9288,0.03674,False
150,90,0.05,site_boot,True,0.71,0.9288,0.03674,False
150,90,0.1,wsr,True,0.73,0.9197,0.034829,False
150,90,0.1,hoeffding,False,,,,
150,90,0.1,mpeb,False,,,,
150,90,0.1,t,True,0.55,0.9845,0.055366,False
150,90,0.1,site_boot,True,0.55,0.9845,0.055366,False
150,91,0.05,wsr,False,,,,
150,91,0.05,hoeffding,False,,,,
150,91,0.05,mpeb,False,,,,
150,91,0.05,t,True,0.69,0.9392,0.040577,False
150,91,0.05,site_boot,True,0.67,0.946,0.042523,False
150,91,0.1,wsr,True,0.71,0.9317,0.038665,False
150,91,0.1,hoeffding,False,,,,
150,91,0.1,mpeb,False,,,,
150,91,0.1,t,True,0.55,0.9853,0.055388,False
150,91,0.1,site_boot,True,0.55,0.9853,0.055388,False
150,92,0.05,wsr,False,,,,
150,92,0.05,hoeffding,False,,,,
150,92,0.05,mpeb,False,,,,
150,92,0.05,t,True,0.71,0.9312,0.042844,False
150,92,0.05,site_boot,True,0.71,0.9312,0.042844,False
150,92,0.1,wsr,True,0.75,0.9142,0.038043,False
150,92,0.1,hoeffding,False,,,,
150,92,0.1,mpeb,False,,,,
150,92,0.1,t,True,0.55,0.9854,0.060782,False
150,92,0.1,site_boot,True,0.55,0.9854,0.060782,False
150,93,0.05,wsr,False,,,,
150,93,0.05,hoeffding,False,,,,
150,93,0.05,mpeb,False,,,,
150,93,0.05,t,True,0.65,0.9551,0.045183,False
150,93,0.05,site_boot,True,0.65,0.9551,0.045183,False
150,93,0.1,wsr,True,0.69,0.9413,0.040954,False
150,93,0.1,hoeffding,False,,,,
150,93,0.1,mpeb,False,,,,
150,93,0.1,t,True,0.55,0.9857,0.056745,False
150,93,0.1,site_boot,True,0.55,0.9857,0.056745,False
150,94,0.05,wsr,False,,,,
150,94,0.05,hoeffding,False,,,,
150,94,0.05,mpeb,False,,,,
150,94,0.05,t,True,0.65,0.9503,0.047398,False
150,94,0.05,site_boot,True,0.65,0.9503,0.047398,False
150,94,0.1,wsr,True,0.65,0.9503,0.047398,False
150,94,0.1,hoeffding,False,,,,
150,94,0.1,mpeb,False,,,,
150,94,0.1,t,True,0.55,0.9843,0.058894,False
150,94,0.1,site_boot,True,0.55,0.9843,0.058894,False
150,95,0.05,wsr,False,,,,
150,95,0.05,hoeffding,False,,,,
150,95,0.05,mpeb,False,,,,
150,95,0.05,t,True,0.65,0.9561,0.046832,False
150,95,0.05,site_boot,True,0.65,0.9561,0.046832,False
150,95,0.1,wsr,True,0.67,0.9494,0.044796,False
150,95,0.1,hoeffding,False,,,,
150,95,0.1,mpeb,False,,,,
150,95,0.1,t,True,0.55,0.986,0.058117,False
150,95,0.1,site_boot,True,0.55,0.986,0.058117,False
150,96,0.05,wsr,False,,,,
150,96,0.05,hoeffding,False,,,,
150,96,0.05,mpeb,False,,,,
150,96,0.05,t,True,0.67,0.9474,0.044487,False
150,96,0.05,site_boot,True,0.67,0.9474,0.044487,False
150,96,0.1,wsr,True,0.69,0.9402,0.042406,False
150,96,0.1,hoeffding,False,,,,
150,96,0.1,mpeb,False,,,,
150,96,0.1,t,True,0.55,0.9855,0.058592,False
150,96,0.1,site_boot,True,0.55,0.9855,0.058592,False
150,97,0.05,wsr,False,,,,
150,97,0.05,hoeffding,False,,,,
150,97,0.05,mpeb,False,,,,
150,97,0.05,t,True,0.65,0.9533,0.043177,False
150,97,0.05,site_boot,True,0.65,0.9533,0.043177,False
150,97,0.1,wsr,True,0.67,0.9464,0.041231,False
150,97,0.1,hoeffding,False,,,,
150,97,0.1,mpeb,False,,,,
150,97,0.1,t,True,0.55,0.9848,0.053896,False
150,97,0.1,site_boot,True,0.55,0.9848,0.053896,False
150,98,0.05,wsr,False,,,,
150,98,0.05,hoeffding,False,,,,
150,98,0.05,mpeb,False,,,,
150,98,0.05,t,True,0.67,0.9494,0.046962,False
150,98,0.05,site_boot,True,0.67,0.9494,0.046962,False
150,98,0.1,wsr,True,0.71,0.9355,0.042722,False
150,98,0.1,hoeffding,False,,,,
150,98,0.1,mpeb,False,,,,
150,98,0.1,t,True,0.55,0.9863,0.06036,False
150,98,0.1,site_boot,True,0.55,0.9863,0.06036,False
150,99,0.05,wsr,False,,,,
150,99,0.05,hoeffding,False,,,,
150,99,0.05,mpeb,False,,,,
150,99,0.05,t,True,0.65,0.9477,0.046939,False
150,99,0.05,site_boot,True,0.65,0.9477,0.046939,False
150,99,0.1,wsr,True,0.67,0.9402,0.044512,False
150,99,0.1,hoeffding,False,,,,
150,99,0.1,mpeb,False,,,,
150,99,0.1,t,True,0.55,0.9833,0.059135,False
150,99,0.1,site_boot,True,0.55,0.9833,0.059135,False
150,100,0.05,wsr,False,,,,
150,100,0.05,hoeffding,False,,,,
150,100,0.05,mpeb,False,,,,
150,100,0.05,t,True,0.65,0.9529,0.045401,False
150,100,0.05,site_boot,True,0.65,0.9529,0.045401,False
150,100,0.1,wsr,True,0.67,0.9455,0.043134,False
150,100,0.1,hoeffding,False,,,,
150,100,0.1,mpeb,False,,,,
150,100,0.1,t,True,0.55,0.9849,0.056396,False
150,100,0.1,site_boot,True,0.55,0.9849,0.056396,False
150,101,0.05,wsr,False,,,,
150,101,0.05,hoeffding,False,,,,
150,101,0.05,mpeb,False,,,,
150,101,0.05,t,True,0.63,0.9592,0.046441,False
150,101,0.05,site_boot,True,0.63,0.9592,0.046441,False
150,101,0.1,wsr,True,0.65,0.9526,0.044104,False
150,101,0.1,hoeffding,False,,,,
150,101,0.1,mpeb,False,,,,
150,101,0.1,t,True,0.55,0.9849,0.055334,False
150,101,0.1,site_boot,True,0.55,0.9849,0.055334,False
150,102,0.05,wsr,False,,,,
150,102,0.05,hoeffding,False,,,,
150,102,0.05,mpeb,False,,,,
150,102,0.05,t,True,0.65,0.9496,0.045233,False
150,102,0.05,site_boot,True,0.65,0.9496,0.045233,False
150,102,0.1,wsr,True,0.67,0.9421,0.04309,False
150,102,0.1,hoeffding,False,,,,
150,102,0.1,mpeb,False,,,,
150,102,0.1,t,True,0.55,0.9843,0.057591,False
150,102,0.1,site_boot,True,0.55,0.9843,0.057591,False
150,103,0.05,wsr,False,,,,
150,103,0.05,hoeffding,False,,,,
150,103,0.05,mpeb,False,,,,
150,103,0.05,t,True,0.67,0.9462,0.044748,False
150,103,0.05,site_boot,True,0.69,0.9389,0.042663,False
150,103,0.1,wsr,True,0.71,0.9311,0.040287,False
150,103,0.1,hoeffding,False,,,,
150,103,0.1,mpeb,False,,,,
150,103,0.1,t,True,0.55,0.9854,0.058224,False
150,103,0.1,site_boot,True,0.55,0.9854,0.058224,False
150,104,0.05,wsr,False,,,,
150,104,0.05,hoeffding,False,,,,
150,104,0.05,mpeb,False,,,,
150,104,0.05,t,True,0.65,0.9503,0.044073,False
150,104,0.05,site_boot,True,0.65,0.9503,0.044073,False
150,104,0.1,wsr,True,0.69,0.9346,0.039737,False
150,104,0.1,hoeffding,False,,,,
150,104,0.1,mpeb,False,,,,
150,104,0.1,t,True,0.55,0.984,0.055847,False
150,104,0.1,site_boot,True,0.55,0.984,0.055847,False
150,105,0.05,wsr,False,,,,
150,105,0.05,hoeffding,False,,,,
150,105,0.05,mpeb,False,,,,
150,105,0.05,t,True,0.69,0.9441,0.042306,False
150,105,0.05,site_boot,True,0.69,0.9441,0.042306,False
150,105,0.1,wsr,True,0.71,0.937,0.040016,False
150,105,0.1,hoeffding,False,,,,
150,105,0.1,mpeb,False,,,,
150,105,0.1,t,True,0.55,0.986,0.057326,False
150,105,0.1,site_boot,True,0.55,0.986,0.057326,False
150,106,0.05,wsr,False,,,,
150,106,0.05,hoeffding,False,,,,
150,106,0.05,mpeb,False,,,,
150,106,0.05,t,True,0.71,0.9309,0.040793,False
150,106,0.05,site_boot,True,0.71,0.9309,0.040793,False
150,106,0.1,wsr,True,0.73,0.9224,0.038198,False
150,106,0.1,hoeffding,False,,,,
150,106,0.1,mpeb,False,,,,
150,106,0.1,t,True,0.55,0.9849,0.057677,False
150,106,0.1,site_boot,True,0.55,0.9849,0.057677,False
150,107,0.05,wsr,False,,,,
150,107,0.05,hoeffding,False,,,,
150,107,0.05,mpeb,False,,,,
150,107,0.05,t,True,0.65,0.9525,0.044898,False
150,107,0.05,site_boot,True,0.65,0.9525,0.044898,False
150,107,0.1,wsr,True,0.67,0.945,0.042615,False
150,107,0.1,hoeffding,False,,,,
150,107,0.1,mpeb,False,,,,
150,107,0.1,t,True,0.55,0.9847,0.056248,False
150,107,0.1,site_boot,True,0.55,0.9847,0.056248,False
150,108,0.05,wsr,False,,,,
150,108,0.05,hoeffding,False,,,,
150,108,0.05,mpeb,False,,,,
150,108,0.05,t,True,0.73,0.9244,0.038914,False
150,108,0.05,site_boot,True,0.73,0.9244,0.038914,False
150,108,0.1,wsr,True,0.77,0.906,0.034242,False
150,108,0.1,hoeffding,False,,,,
150,108,0.1,mpeb,False,,,,
150,108,0.1,t,True,0.55,0.9853,0.05912,False
150,108,0.1,site_boot,True,0.55,0.9853,0.05912,False
150,109,0.05,wsr,False,,,,
150,109,0.05,hoeffding,False,,,,
150,109,0.05,mpeb,False,,,,
150,109,0.05,t,True,0.61,0.9703,0.050722,True
150,109,0.05,site_boot,True,0.61,0.9703,0.050722,True
150,109,0.1,wsr,True,0.65,0.9588,0.046839,False
150,109,0.1,hoeffding,False,,,,
150,109,0.1,mpeb,False,,,,
150,109,0.1,t,True,0.55,0.9866,0.056688,False
150,109,0.1,site_boot,True,0.55,0.9866,0.056688,False
150,110,0.05,wsr,False,,,,
150,110,0.05,hoeffding,False,,,,
150,110,0.05,mpeb,False,,,,
150,110,0.05,t,True,0.63,0.9603,0.05118,True
150,110,0.05,site_boot,True,0.63,0.9603,0.05118,True
150,110,0.1,wsr,True,0.65,0.954,0.04911,False
150,110,0.1,hoeffding,False,,,,
150,110,0.1,mpeb,False,,,,
150,110,0.1,t,True,0.55,0.9853,0.060724,False
150,110,0.1,site_boot,True,0.55,0.9853,0.060724,False
150,111,0.05,wsr,False,,,,
150,111,0.05,hoeffding,False,,,,
150,111,0.05,mpeb,False,,,,
150,111,0.05,t,True,0.67,0.9491,0.044368,False
150,111,0.05,site_boot,True,0.67,0.9491,0.044368,False
150,111,0.1,wsr,True,0.69,0.942,0.042311,False
150,111,0.1,hoeffding,False,,,,
150,111,0.1,mpeb,False,,,,
150,111,0.1,t,True,0.55,0.9863,0.057034,False
150,111,0.1,site_boot,True,0.55,0.9863,0.057034,False
150,112,0.05,wsr,False,,,,
150,112,0.05,hoeffding,False,,,,
150,112,0.05,mpeb,False,,,,
150,112,0.05,t,True,0.67,0.947,0.043716,False
150,112,0.05,site_boot,True,0.67,0.947,0.043716,False
150,112,0.1,wsr,True,0.69,0.9398,0.041708,False
150,112,0.1,hoeffding,False,,,,
150,112,0.1,mpeb,False,,,,
150,112,0.1,t,True,0.55,0.9854,0.056828,False
150,112,0.1,site_boot,True,0.55,0.9854,0.056828,False
150,113,0.05,wsr,False,,,,
150,113,0.05,hoeffding,False,,,,
150,113,0.05,mpeb,False,,,,
150,113,0.05,t,True,0.67,0.9477,0.044161,False
150,113,0.05,site_boot,True,0.67,0.9477,0.044161,False
150,113,0.1,wsr,True,0.67,0.9477,0.044161,False
150,113,0.1,hoeffding,False,,,,
150,113,0.1,mpeb,False,,,,
150,113,0.1,t,True,0.55,0.9851,0.05788,False
150,113,0.1,site_boot,True,0.55,0.9851,0.05788,False
150,114,0.05,wsr,False,,,,
150,114,0.05,hoeffding,False,,,,
150,114,0.05,mpeb,False,,,,
150,114,0.05,t,True,0.65,0.9496,0.043828,False
150,114,0.05,site_boot,True,0.65,0.9496,0.043828,False
150,114,0.1,wsr,True,0.65,0.9496,0.043828,False
150,114,0.1,hoeffding,False,,,,
150,114,0.1,mpeb,False,,,,
150,114,0.1,t,True,0.55,0.9837,0.055661,False
150,114,0.1,site_boot,True,0.55,0.9837,0.055661,False
150,115,0.05,wsr,False,,,,
150,115,0.05,hoeffding,False,,,,
150,115,0.05,mpeb,False,,,,
150,115,0.05,t,True,0.69,0.9396,0.040287,False
150,115,0.05,site_boot,True,0.69,0.9396,0.040287,False
150,115,0.1,wsr,True,0.71,0.9323,0.038198,False
150,115,0.1,hoeffding,False,,,,
150,115,0.1,mpeb,False,,,,
150,115,0.1,t,True,0.55,0.986,0.055559,False
150,115,0.1,site_boot,True,0.55,0.986,0.055559,False
150,116,0.05,wsr,False,,,,
150,116,0.05,hoeffding,False,,,,
150,116,0.05,mpeb,False,,,,
150,116,0.05,t,True,0.69,0.9397,0.042895,False
150,116,0.05,site_boot,True,0.69,0.9397,0.042895,False
150,116,0.1,wsr,True,0.71,0.9325,0.041193,False
150,116,0.1,hoeffding,False,,,,
150,116,0.1,mpeb,False,,,,
150,116,0.1,t,True,0.55,0.9855,0.058762,False
150,116,0.1,site_boot,True,0.55,0.9855,0.058762,False
150,117,0.05,wsr,False,,,,
150,117,0.05,hoeffding,False,,,,
150,117,0.05,mpeb,False,,,,
150,117,0.05,t,True,0.67,0.9427,0.042796,False
150,117,0.05,site_boot,True,0.67,0.9427,0.042796,False
150,117,0.1,wsr,True,0.71,0.9266,0.038911,False
150,117,0.1,hoeffding,False,,,,
150,117,0.1,mpeb,False,,,,
150,117,0.1,t,True,0.55,0.9842,0.056618,False
150,117,0.1,site_boot,True,0.55,0.9842,0.056618,False
150,118,0.05,wsr,False,,,,
150,118,0.05,hoeffding,False,,,,
150,118,0.05,mpeb,False,,,,
150,118,0.05,t,True,0.69,0.9356,0.040086,False
150,118,0.05,site_boot,True,0.69,0.9356,0.040086,False
150,118,0.1,wsr,True,0.77,0.8987,0.03052,False
150,118,0.1,hoeffding,False,,,,
150,118,0.1,mpeb,False,,,,
150,118,0.1,t,True,0.55,0.9841,0.056498,False
150,118,0.1,site_boot,True,0.55,0.9841,0.056498,False
150,119,0.05,wsr,False,,,,
150,119,0.05,hoeffding,False,,,,
150,119,0.05,mpeb,False,,,,
150,119,0.05,t,True,0.63,0.9626,0.047591,False
150,119,0.05,site_boot,True,0.63,0.9626,0.047591,False
150,119,0.1,wsr,True,0.65,0.956,0.045388,False
150,119,0.1,hoeffding,False,,,,
150,119,0.1,mpeb,False,,,,
150,119,0.1,t,True,0.55,0.9861,0.056557,False
150,119,0.1,site_boot,True,0.55,0.9861,0.056557,False
150,120,0.05,wsr,False,,,,
150,120,0.05,hoeffding,False,,,,
150,120,0.05,mpeb,False,,,,
150,120,0.05,t,True,0.61,0.9624,0.050137,True
150,120,0.05,site_boot,True,0.61,0.9624,0.050137,True
150,120,0.1,wsr,True,0.63,0.955,0.047486,False
150,120,0.1,hoeffding,False,,,,
150,120,0.1,mpeb,False,,,,
150,120,0.1,t,True,0.55,0.9834,0.058364,False
150,120,0.1,site_boot,True,0.55,0.9834,0.058364,False
150,121,0.05,wsr,False,,,,
150,121,0.05,hoeffding,False,,,,
150,121,0.05,mpeb,False,,,,
150,121,0.05,t,True,0.67,0.9464,0.04368,False
150,121,0.05,site_boot,True,0.67,0.9464,0.04368,False
150,121,0.1,wsr,True,0.69,0.9395,0.041395,False
150,121,0.1,hoeffding,False,,,,
150,121,0.1,mpeb,False,,,,
150,121,0.1,t,True,0.55,0.985,0.057139,False
150,121,0.1,site_boot,True,0.55,0.985,0.057139,False
150,122,0.05,wsr,False,,,,
150,122,0.05,hoeffding,False,,,,
150,122,0.05,mpeb,False,,,,
150,122,0.05,t,True,0.67,0.9489,0.045765,False
150,122,0.05,site_boot,True,0.67,0.9489,0.045765,False
150,122,0.1,wsr,True,0.69,0.9422,0.043766,False
150,122,0.1,hoeffding,False,,,,
150,122,0.1,mpeb,False,,,,
150,122,0.1,t,True,0.55,0.9859,0.058828,False
150,122,0.1,site_boot,True,0.55,0.9859,0.058828,False
150,123,0.05,wsr,False,,,,
150,123,0.05,hoeffding,False,,,,
150,123,0.05,mpeb,False,,,,
150,123,0.05,t,True,0.65,0.9548,0.047035,False
150,123,0.05,site_boot,True,0.65,0.9548,0.047035,False
150,123,0.1,wsr,True,0.65,0.9548,0.047035,False
150,123,0.1,hoeffding,False,,,,
150,123,0.1,mpeb,False,,,,
150,123,0.1,t,True,0.55,0.9859,0.057732,False
150,123,0.1,site_boot,True,0.55,0.9859,0.057732,False
150,124,0.05,wsr,False,,,,
150,124,0.05,hoeffding,False,,,,
150,124,0.05,mpeb,False,,,,
150,124,0.05,t,True,0.65,0.9536,0.045922,False
150,124,0.05,site_boot,True,0.65,0.9536,0.045922,False
150,124,0.1,wsr,True,0.67,0.9468,0.043803,False
150,124,0.1,hoeffding,False,,,,
150,124,0.1,mpeb,False,,,,
150,124,0.1,t,True,0.55,0.9855,0.058021,False
150,124,0.1,site_boot,True,0.55,0.9855,0.058021,False
150,125,0.05,wsr,False,,,,
150,125,0.05,hoeffding,False,,,,
150,125,0.05,mpeb,False,,,,
150,125,0.05,t,True,0.67,0.9384,0.043728,False
150,125,0.05,site_boot,True,0.67,0.9384,0.043728,False
150,125,0.1,wsr,True,0.69,0.9302,0.041261,False
150,125,0.1,hoeffding,False,,,,
150,125,0.1,mpeb,False,,,,
150,125,0.1,t,True,0.55,0.9827,0.059171,False
150,125,0.1,site_boot,True,0.55,0.9827,0.059171,False
150,126,0.05,wsr,False,,,,
150,126,0.05,hoeffding,False,,,,
150,126,0.05,mpeb,False,,,,
150,126,0.05,t,True,0.73,0.9268,0.038721,False
150,126,0.05,site_boot,True,0.73,0.9268,0.038721,False
150,126,0.1,wsr,True,0.75,0.9186,0.036526,False
150,126,0.1,hoeffding,False,,,,
150,126,0.1,mpeb,False,,,,
150,126,0.1,t,True,0.55,0.9862,0.058114,False
150,126,0.1,site_boot,True,0.55,0.9862,0.058114,False
150,127,0.05,wsr,False,,,,
150,127,0.05,hoeffding,False,,,,
150,127,0.05,mpeb,False,,,,
150,127,0.05,t,True,0.63,0.9585,0.04619,False
150,127,0.05,site_boot,True,0.65,0.9514,0.043797,False
150,127,0.1,wsr,True,0.65,0.9514,0.043797,False
150,127,0.1,hoeffding,False,,,,
150,127,0.1,mpeb,False,,,,
150,127,0.1,t,True,0.55,0.9843,0.054903,False
150,127,0.1,site_boot,True,0.55,0.9843,0.054903,False
150,128,0.05,wsr,False,,,,
150,128,0.05,hoeffding,False,,,,
150,128,0.05,mpeb,False,,,,
150,128,0.05,t,True,0.69,0.9375,0.041455,False
150,128,0.05,site_boot,True,0.69,0.9375,0.041455,False
150,128,0.1,wsr,True,0.71,0.9296,0.039083,False
150,128,0.1,hoeffding,False,,,,
150,128,0.1,mpeb,False,,,,
150,128,0.1,t,True,0.55,0.9847,0.057156,False
150,128,0.1,site_boot,True,0.55,0.9847,0.057156,False
150,129,0.05,wsr,False,,,,
150,129,0.05,hoeffding,False,,,,
150,129,0.05,mpeb,False,,,,
150,129,0.05,t,True,0.67,0.9494,0.044877,False
150,129,0.05,site_boot,True,0.69,0.9422,0.042618,False
150,129,0.1,wsr,True,0.71,0.9347,0.040504,False
150,129,0.1,hoeffding,False,,,,
150,129,0.1,mpeb,False,,,,
150,129,0.1,t,True,0.55,0.986,0.058517,False
150,129,0.1,site_boot,True,0.55,0.986,0.058517,False
150,130,0.05,wsr,False,,,,
150,130,0.05,hoeffding,False,,,,
150,130,0.05,mpeb,False,,,,
150,130,0.05,t,True,0.67,0.9451,0.043567,False
150,130,0.05,site_boot,True,0.65,0.9523,0.045672,False
150,130,0.1,wsr,True,0.67,0.9451,0.043567,False
150,130,0.1,hoeffding,False,,,,
150,130,0.1,mpeb,False,,,,
150,130,0.1,t,True,0.55,0.9845,0.057098,False
150,130,0.1,site_boot,True,0.55,0.9845,0.057098,False
150,131,0.05,wsr,False,,,,
150,131,0.05,hoeffding,False,,,,
150,131,0.05,mpeb,False,,,,
150,131,0.05,t,True,0.67,0.9479,0.04512,False
150,131,0.05,site_boot,True,0.67,0.9479,0.04512,False
150,131,0.1,wsr,True,0.69,0.9407,0.043142,False
150,131,0.1,hoeffding,False,,,,
150,131,0.1,mpeb,False,,,,
150,131,0.1,t,True,0.55,0.9858,0.057668,False
150,131,0.1,site_boot,True,0.55,0.9858,0.057668,False
150,132,0.05,wsr,False,,,,
150,132,0.05,hoeffding,False,,,,
150,132,0.05,mpeb,False,,,,
150,132,0.05,t,True,0.67,0.9426,0.042792,False
150,132,0.05,site_boot,True,0.67,0.9426,0.042792,False
150,132,0.1,wsr,True,0.71,0.926,0.038498,False
150,132,0.1,hoeffding,False,,,,
150,132,0.1,mpeb,False,,,,
150,132,0.1,t,True,0.55,0.984,0.056603,False
150,132,0.1,site_boot,True,0.55,0.984,0.056603,False
150,133,0.05,wsr,False,,,,
150,133,0.05,hoeffding,False,,,,
150,133,0.05,mpeb,False,,,,
150,133,0.05,t,True,0.65,0.9499,0.045221,False
150,133,0.05,site_boot,True,0.65,0.9499,0.045221,False
150,133,0.1,wsr,True,0.69,0.934,0.040454,False
150,133,0.1,hoeffding,False,,,,
150,133,0.1,mpeb,False,,,,
150,133,0.1,t,True,0.55,0.9841,0.056935,False
150,133,0.1,site_boot,True,0.55,0.9841,0.056935,False
150,134,0.05,wsr,False,,,,
150,134,0.05,hoeffding,False,,,,
150,134,0.05,mpeb,False,,,,
150,134,0.05,t,True,0.63,0.9602,0.046364,False
150,134,0.05,site_boot,True,0.63,0.9602,0.046364,False
150,134,0.1,wsr,True,0.67,0.9469,0.042127,False
150,134,0.1,hoeffding,False,,,,
150,134,0.1,mpeb,False,,,,
150,134,0.1,t,True,0.55,0.9852,0.055578,False
150,134,0.1,site_boot,True,0.55,0.9852,0.055578,False
150,135,0.05,wsr,False,,,,
150,135,0.05,hoeffding,False,,,,
150,135,0.05,mpeb,False,,,,
150,135,0.05,t,True,0.69,0.9426,0.04193,False
150,135,0.05,site_boot,True,0.69,0.9426,0.04193,False
150,135,0.1,wsr,True,0.75,0.9196,0.035752,False
150,135,0.1,hoeffding,False,,,,
150,135,0.1,mpeb,False,,,,
150,135,0.1,t,True,0.55,0.9862,0.058645,False
150,135,0.1,site_boot,True,0.55,0.9862,0.058645,False
150,136,0.05,wsr,False,,,,
150,136,0.05,hoeffding,False,,,,
150,136,0.05,mpeb,False,,,,
150,136,0.05,t,True,0.65,0.9539,0.046648,False
150,136,0.05,site_boot,True,0.65,0.9539,0.046648,False
150,136,0.1,wsr,True,0.65,0.9539,0.046648,False
150,136,0.1,hoeffding,False,,,,
150,136,0.1,mpeb,False,,,,
150,136,0.1,t,True,0.55,0.9853,0.057348,False
150,136,0.1,site_boot,True,0.55,0.9853,0.057348,False
150,137,0.05,wsr,False,,,,
150,137,0.05,hoeffding,False,,,,
150,137,0.05,mpeb,False,,,,
150,137,0.05,t,True,0.67,0.9472,0.046119,False
150,137,0.05,site_boot,True,0.67,0.9472,0.046119,False
150,137,0.1,wsr,True,0.71,0.9328,0.041785,False
150,137,0.1,hoeffding,False,,,,
150,137,0.1,mpeb,False,,,,
150,137,0.1,t,True,0.55,0.9856,0.059889,False
150,137,0.1,site_boot,True,0.55,0.9856,0.059889,False
150,138,0.05,wsr,False,,,,
150,138,0.05,hoeffding,False,,,,
150,138,0.05,mpeb,False,,,,
150,138,0.05,t,True,0.69,0.9335,0.042001,False
150,138,0.05,site_boot,True,0.69,0.9335,0.042001,False
150,138,0.1,wsr,True,0.73,0.9166,0.037244,False
150,138,0.1,hoeffding,False,,,,
150,138,0.1,mpeb,False,,,,
150,138,0.1,t,True,0.55,0.9839,0.059357,False
150,138,0.1,site_boot,True,0.55,0.9839,0.059357,False
150,139,0.05,wsr,False,,,,
150,139,0.05,hoeffding,False,,,,
150,139,0.05,mpeb,False,,,,
150,139,0.05,t,True,0.65,0.9524,0.048274,False
150,139,0.05,site_boot,True,0.65,0.9524,0.048274,False
150,139,0.1,wsr,True,0.67,0.9451,0.045689,False
150,139,0.1,hoeffding,False,,,,
150,139,0.1,mpeb,False,,,,
150,139,0.1,t,True,0.55,0.9848,0.060209,False
150,139,0.1,site_boot,True,0.55,0.9848,0.060209,False
150,140,0.05,wsr,False,,,,
150,140,0.05,hoeffding,False,,,,
150,140,0.05,mpeb,False,,,,
150,140,0.05,t,True,0.65,0.953,0.050227,True
150,140,0.05,site_boot,True,0.65,0.953,0.050227,True
150,140,0.1,wsr,True,0.67,0.9459,0.047806,False
150,140,0.1,hoeffding,False,,,,
150,140,0.1,mpeb,False,,,,
150,140,0.1,t,True,0.55,0.9852,0.062131,False
150,140,0.1,site_boot,True,0.55,0.9852,0.062131,False
150,141,0.05,wsr,False,,,,
150,141,0.05,hoeffding,False,,,,
150,141,0.05,mpeb,False,,,,
150,141,0.05,t,True,0.67,0.9487,0.044164,False
150,141,0.05,site_boot,True,0.67,0.9487,0.044164,False
150,141,0.1,wsr,True,0.69,0.9417,0.042053,False
150,141,0.1,hoeffding,False,,,,
150,141,0.1,mpeb,False,,,,
150,141,0.1,t,True,0.55,0.9859,0.057603,False
150,141,0.1,site_boot,True,0.55,0.9859,0.057603,False
150,142,0.05,wsr,False,,,,
150,142,0.05,hoeffding,False,,,,
150,142,0.05,mpeb,False,,,,
150,142,0.05,t,True,0.69,0.9442,0.041121,False
150,142,0.05,site_boot,True,0.69,0.9442,0.041121,False
150,142,0.1,wsr,True,0.73,0.93,0.037344,False
150,142,0.1,hoeffding,False,,,,
150,142,0.1,mpeb,False,,,,
150,142,0.1,t,True,0.55,0.9865,0.055713,False
150,142,0.1,site_boot,True,0.55,0.9865,0.055713,False
150,143,0.05,wsr,False,,,,
150,143,0.05,hoeffding,False,,,,
150,143,0.05,mpeb,False,,,,
150,143,0.05,t,True,0.67,0.9423,0.043157,False
150,143,0.05,site_boot,True,0.67,0.9423,0.043157,False
150,143,0.1,wsr,True,0.71,0.9264,0.038614,False
150,143,0.1,hoeffding,False,,,,
150,143,0.1,mpeb,False,,,,
150,143,0.1,t,True,0.55,0.9839,0.056707,False
150,143,0.1,site_boot,True,0.55,0.9839,0.056707,False
150,144,0.05,wsr,False,,,,
150,144,0.05,hoeffding,False,,,,
150,144,0.05,mpeb,False,,,,
150,144,0.05,t,True,0.59,0.9707,0.050421,True
150,144,0.05,site_boot,True,0.59,0.9707,0.050421,True
150,144,0.1,wsr,True,0.61,0.9639,0.048371,False
150,144,0.1,hoeffding,False,,,,
150,144,0.1,mpeb,False,,,,
150,144,0.1,t,True,0.55,0.9841,0.055403,False
150,144,0.1,site_boot,True,0.55,0.9841,0.055403,False
150,145,0.05,wsr,False,,,,
150,145,0.05,hoeffding,False,,,,
150,145,0.05,mpeb,False,,,,
150,145,0.05,t,True,0.65,0.9544,0.046434,False
150,145,0.05,site_boot,True,0.65,0.9544,0.046434,False
150,145,0.1,wsr,True,0.69,0.9404,0.042128,False
150,145,0.1,hoeffding,False,,,,
150,145,0.1,mpeb,False,,,,
150,145,0.1,t,True,0.55,0.9852,0.0577,False
150,145,0.1,site_boot,True,0.55,0.9852,0.0577,False
150,146,0.05,wsr,False,,,,
150,146,0.05,hoeffding,False,,,,
150,146,0.05,mpeb,False,,,,
150,146,0.05,t,True,0.65,0.9544,0.04812,False
150,146,0.05,site_boot,True,0.65,0.9544,0.04812,False
150,146,0.1,wsr,True,0.67,0.9475,0.046021,False
150,146,0.1,hoeffding,False,,,,
150,146,0.1,mpeb,False,,,,
150,146,0.1,t,True,0.55,0.985,0.059943,False
150,146,0.1,site_boot,True,0.55,0.985,0.059943,False
150,147,0.05,wsr,False,,,,
150,147,0.05,hoeffding,False,,,,
150,147,0.05,mpeb,False,,,,
150,147,0.05,t,True,0.67,0.945,0.043563,False
150,147,0.05,site_boot,True,0.67,0.945,0.043563,False
150,147,0.1,wsr,True,0.69,0.9375,0.04162,False
150,147,0.1,hoeffding,False,,,,
150,147,0.1,mpeb,False,,,,
150,147,0.1,t,True,0.55,0.9846,0.057164,False
150,147,0.1,site_boot,True,0.55,0.9846,0.057164,False
150,148,0.05,wsr,False,,,,
150,148,0.05,hoeffding,False,,,,
150,148,0.05,mpeb,False,,,,
150,148,0.05,t,True,0.67,0.9442,0.043679,False
150,148,0.05,site_boot,True,0.67,0.9442,0.043679,False
150,148,0.1,wsr,True,0.69,0.9371,0.041635,False
150,148,0.1,hoeffding,False,,,,
150,148,0.1,mpeb,False,,,,
150,148,0.1,t,True,0.55,0.9847,0.058292,False
150,148,0.1,site_boot,True,0.55,0.9847,0.058292,False
150,149,0.05,wsr,False,,,,
150,149,0.05,hoeffding,False,,,,
150,149,0.05,mpeb,False,,,,
150,149,0.05,t,True,0.71,0.9342,0.037657,False
150,149,0.05,site_boot,True,0.71,0.9342,0.037657,False
150,149,0.1,wsr,True,0.71,0.9342,0.037657,False
150,149,0.1,hoeffding,False,,,,
150,149,0.1,mpeb,False,,,,
150,149,0.1,t,True,0.55,0.9854,0.054776,False
150,149,0.1,site_boot,True,0.55,0.9854,0.054776,False
150,150,0.05,wsr,False,,,,
150,150,0.05,hoeffding,False,,,,
150,150,0.05,mpeb,False,,,,
150,150,0.05,t,True,0.65,0.9535,0.044895,False
150,150,0.05,site_boot,True,0.65,0.9535,0.044895,False
150,150,0.1,wsr,True,0.67,0.9466,0.042783,False
150,150,0.1,hoeffding,False,,,,
150,150,0.1,mpeb,False,,,,
150,150,0.1,t,True,0.55,0.9851,0.056574,False
150,150,0.1,site_boot,True,0.55,0.9851,0.056574,False
150,151,0.05,wsr,False,,,,
150,151,0.05,hoeffding,False,,,,
150,151,0.05,mpeb,False,,,,
150,151,0.05,t,True,0.67,0.9492,0.044467,False
150,151,0.05,site_boot,True,0.67,0.9492,0.044467,False
150,151,0.1,wsr,True,0.69,0.9423,0.042282,False
150,151,0.1,hoeffding,False,,,,
150,151,0.1,mpeb,False,,,,
150,151,0.1,t,True,0.55,0.9857,0.057013,False
150,151,0.1,site_boot,True,0.55,0.9857,0.057013,False
150,152,0.05,wsr,False,,,,
150,152,0.05,hoeffding,False,,,,
150,152,0.05,mpeb,False,,,,
150,152,0.05,t,True,0.65,0.9514,0.048954,False
150,152,0.05,site_boot,True,0.65,0.9514,0.048954,False
150,152,0.1,wsr,True,0.67,0.9443,0.046753,False
150,152,0.1,hoeffding,False,,,,
150,152,0.1,mpeb,False,,,,
150,152,0.1,t,True,0.55,0.9844,0.060419,False
150,152,0.1,site_boot,True,0.55,0.9844,0.060419,False
150,153,0.05,wsr,False,,,,
150,153,0.05,hoeffding,False,,,,
150,153,0.05,mpeb,False,,,,
150,153,0.05,t,True,0.63,0.9583,0.046201,False
150,153,0.05,site_boot,True,0.63,0.9583,0.046201,False
150,153,0.1,wsr,True,0.65,0.9514,0.043912,False
150,153,0.1,hoeffding,False,,,,
150,153,0.1,mpeb,False,,,,
150,153,0.1,t,True,0.55,0.9844,0.055753,False
150,153,0.1,site_boot,True,0.55,0.9844,0.055753,False
150,154,0.05,wsr,False,,,,
150,154,0.05,hoeffding,False,,,,
150,154,0.05,mpeb,False,,,,
150,154,0.05,t,True,0.63,0.9591,0.048185,False
150,154,0.05,site_boot,True,0.63,0.9591,0.048185,False
150,154,0.1,wsr,True,0.67,0.9452,0.044153,False
150,154,0.1,hoeffding,False,,,,
150,154,0.1,mpeb,False,,,,
150,154,0.1,t,True,0.55,0.9849,0.05828,False
150,154,0.1,site_boot,True,0.55,0.9849,0.05828,False
150,155,0.05,wsr,False,,,,
150,155,0.05,hoeffding,False,,,,
150,155,0.05,mpeb,False,,,,
150,155,0.05,t,True,0.61,0.9687,0.048947,False
150,155,0.05,site_boot,True,0.61,0.9687,0.048947,False
150,155,0.1,wsr,True,0.63,0.9626,0.04707,False
150,155,0.1,hoeffding,False,,,,
150,155,0.1,mpeb,False,,,,
150,155,0.1,t,True,0.55,0.9857,0.055454,False
150,155,0.1,site_boot,True,0.55,0.9857,0.055454,False
150,156,0.05,wsr,False,,,,
150,156,0.05,hoeffding,False,,,,
150,156,0.05,mpeb,False,,,,
150,156,0.05,t,True,0.67,0.9398,0.042585,False
150,156,0.05,site_boot,True,0.67,0.9398,0.042585,False
150,156,0.1,wsr,True,0.71,0.9231,0.038266,False
150,156,0.1,hoeffding,False,,,,
150,156,0.1,mpeb,False,,,,
150,156,0.1,t,True,0.55,0.984,0.057641,False
150,156,0.1,site_boot,True,0.55,0.984,0.057641,False
150,157,0.05,wsr,False,,,,
150,157,0.05,hoeffding,False,,,,
150,157,0.05,mpeb,False,,,,
150,157,0.05,t,True,0.63,0.9635,0.048858,False
150,157,0.05,site_boot,True,0.63,0.9635,0.048858,False
150,157,0.1,wsr,True,0.67,0.9505,0.044205,False
150,157,0.1,hoeffding,False,,,,
150,157,0.1,mpeb,False,,,,
150,157,0.1,t,True,0.55,0.9865,0.05751,False
150,157,0.1,site_boot,True,0.55,0.9865,0.05751,False
150,158,0.05,wsr,False,,,,
150,158,0.05,hoeffding,False,,,,
150,158,0.05,mpeb,False,,,,
150,158,0.05,t,True,0.67,0.9475,0.044048,False
150,158,0.05,site_boot,True,0.67,0.9475,0.044048,False
150,158,0.1,wsr,True,0.71,0.9327,0.040017,False
150,158,0.1,hoeffding,False,,,,
150,158,0.1,mpeb,False,,,,
150,158,0.1,t,True,0.55,0.9855,0.056629,False
150,158,0.1,site_boot,True,0.55,0.9855,0.056629,False
150,159,0.05,wsr,False,,,,
150,159,0.05,hoeffding,False,,,,
150,159,0.05,mpeb,False,,,,
150,159,0.05,t,True,0.71,0.9295,0.039591,False
150,159,0.05,site_boot,True,0.71,0.9295,0.039591,False
150,159,0.1,wsr,True,0.73,0.921,0.037331,False
150,159,0.1,hoeffding,False,,,,
150,159,0.1,mpeb,False,,,,
150,159,0.1,t,True,0.55,0.9844,0.058336,False
150,159,0.1,site_boot,True,0.55,0.9844,0.058336,False
150,160,0.05,wsr,False,,,,
150,160,0.05,hoeffding,False,,,,
150,160,0.05,mpeb,False,,,,
150,160,0.05,t,True,0.69,0.9421,0.04792,False
150,160,0.05,site_boot,True,0.69,0.9421,0.04792,False
150,160,0.1,wsr,True,0.73,0.9271,0.043702,False
150,160,0.1,hoeffding,False,,,,
150,160,0.1,mpeb,False,,,,
150,160,0.1,t,True,0.55,0.986,0.062534,False
150,160,0.1,site_boot,True,0.55,0.986,0.062534,False
150,161,0.05,wsr,False,,,,
150,161,0.05,hoeffding,False,,,,
150,161,0.05,mpeb,False,,,,
150,161,0.05,t,True,0.67,0.9445,0.041187,False
150,161,0.05,site_boot,True,0.67,0.9445,0.041187,False
150,161,0.1,wsr,True,0.69,0.9368,0.03915,False
150,161,0.1,hoeffding,False,,,,
150,161,0.1,mpeb,False,,,,
150,161,0.1,t,True,0.55,0.9849,0.055464,False
150,161,0.1,site_boot,True,0.55,0.9849,0.055464,False
150,162,0.05,wsr,False,,,,
150,162,0.05,hoeffding,False,,,,
150,162,0.05,mpeb,False,,,,
150,162,0.05,t,True,0.67,0.9449,0.041849,False
150,162,0.05,site_boot,True,0.67,0.9449,0.041849,False
150,162,0.1,wsr,True,0.69,0.9376,0.040138,False
150,162,0.1,hoeffding,False,,,,
150,162,0.1,mpeb,False,,,,
150,162,0.1,t,True,0.55,0.9847,0.055394,False
150,162,0.1,site_boot,True,0.55,0.9847,0.055394,False
150,163,0.05,wsr,False,,,,
150,163,0.05,hoeffding,False,,,,
150,163,0.05,mpeb,False,,,,
150,163,0.05,t,True,0.63,0.9618,0.049118,False
150,163,0.05,site_boot,True,0.63,0.9618,0.049118,False
150,163,0.1,wsr,True,0.65,0.9556,0.046997,False
150,163,0.1,hoeffding,False,,,,
150,163,0.1,mpeb,False,,,,
150,163,0.1,t,True,0.55,0.9856,0.057576,False
150,163,0.1,site_boot,True,0.55,0.9856,0.057576,False
150,164,0.05,wsr,False,,,,
150,164,0.05,hoeffding,False,,,,
150,164,0.05,mpeb,False,,,,
150,164,0.05,t,True,0.67,0.9454,0.046181,False
150,164,0.05,site_boot,True,0.67,0.9454,0.046181,False
150,164,0.1,wsr,True,0.69,0.9383,0.044305,False
150,164,0.1,hoeffding,False,,,,
150,164,0.1,mpeb,False,,,,
150,164,0.1,t,True,0.55,0.985,0.059405,False
150,164,0.1,site_boot,True,0.55,0.985,0.059405,False
150,165,0.05,wsr,False,,,,
150,165,0.05,hoeffding,False,,,,
150,165,0.05,mpeb,False,,,,
150,165,0.05,t,True,0.65,0.9524,0.04629,False
150,165,0.05,site_boot,True,0.65,0.9524,0.04629,False
150,165,0.1,wsr,True,0.69,0.9376,0.041991,False
150,165,0.1,hoeffding,False,,,,
150,165,0.1,mpeb,False,,,,
150,165,0.1,t,True,0.55,0.9847,0.058338,False
150,165,0.1,site_boot,True,0.55,0.9847,0.058338,False
150,166,0.05,wsr,False,,,,
150,166,0.05,hoeffding,False,,,,
150,166,0.05,mpeb,False,,,,
150,166,0.05,t,True,0.67,0.9413,0.04218,False
150,166,0.05,site_boot,True,0.67,0.9413,0.04218,False
150,166,0.1,wsr,True,0.69,0.9337,0.03979,False
150,166,0.1,hoeffding,False,,,,
150,166,0.1,mpeb,False,,,,
150,166,0.1,t,True,0.55,0.9837,0.055597,False
150,166,0.1,site_boot,True,0.55,0.9837,0.055597,False
150,167,0.05,wsr,False,,,,
150,167,0.05,hoeffding,False,,,,
150,167,0.05,mpeb,False,,,,
150,167,0.05,t,True,0.65,0.9514,0.045038,False
150,167,0.05,site_boot,True,0.65,0.9514,0.045038,False
150,167,0.1,wsr,True,0.65,0.9514,0.045038,False
150,167,0.1,hoeffding,False,,,,
150,167,0.1,mpeb,False,,,,
150,167,0.1,t,True,0.55,0.9841,0.056603,False
150,167,0.1,site_boot,True,0.55,0.9841,0.056603,False
150,168,0.05,wsr,False,,,,
150,168,0.05,hoeffding,False,,,,
150,168,0.05,mpeb,False,,,,
150,168,0.05,t,True,0.67,0.9479,0.04221,False
150,168,0.05,site_boot,True,0.67,0.9479,0.04221,False
150,168,0.1,wsr,True,0.71,0.9328,0.038161,False
150,168,0.1,hoeffding,False,,,,
150,168,0.1,mpeb,False,,,,
150,168,0.1,t,True,0.55,0.9856,0.055896,False
150,168,0.1,site_boot,True,0.55,0.9856,0.055896,False
150,169,0.05,wsr,False,,,,
150,169,0.05,hoeffding,False,,,,
150,169,0.05,mpeb,False,,,,
150,169,0.05,t,True,0.69,0.9399,0.044224,False
150,169,0.05,site_boot,True,0.69,0.9399,0.044224,False
150,169,0.1,wsr,True,0.71,0.9323,0.041899,False
150,169,0.1,hoeffding,False,,,,
150,169,0.1,mpeb,False,,,,
150,169,0.1,t,True,0.55,0.9852,0.059308,False
150,169,0.1,site_boot,True,0.55,0.9852,0.059308,False
150,170,0.05,wsr,False,,,,
150,170,0.05,hoeffding,False,,,,
150,170,0.05,mpeb,False,,,,
150,170,0.05,t,True,0.67,0.9433,0.04319,False
150,170,0.05,site_boot,True,0.67,0.9433,0.04319,False
150,170,0.1,wsr,True,0.71,0.9273,0.03926,False
150,170,0.1,hoeffding,False,,,,
150,170,0.1,mpeb,False,,,,
150,170,0.1,t,True,0.55,0.9839,0.057014,False
150,170,0.1,site_boot,True,0.55,0.9839,0.057014,False
150,171,0.05,wsr,False,,,,
150,171,0.05,hoeffding,False,,,,
150,171,0.05,mpeb,False,,,,
150,171,0.05,t,True,0.63,0.9578,0.047584,False
150,171,0.05,site_boot,True,0.63,0.9578,0.047584,False
150,171,0.1,wsr,True,0.65,0.951,0.045391,False
150,171,0.1,hoeffding,False,,,,
150,171,0.1,mpeb,False,,,,
150,171,0.1,t,True,0.55,0.9844,0.057462,False
150,171,0.1,site_boot,True,0.55,0.9844,0.057462,False
150,172,0.05,wsr,False,,,,
150,172,0.05,hoeffding,False,,,,
150,172,0.05,mpeb,False,,,,
150,172,0.05,t,True,0.63,0.959,0.049367,False
150,172,0.05,site_boot,True,0.65,0.9521,0.047009,False
150,172,0.1,wsr,True,0.67,0.9446,0.044693,False
150,172,0.1,hoeffding,False,,,,
150,172,0.1,mpeb,False,,,,
150,172,0.1,t,True,0.55,0.9843,0.058666,False
150,172,0.1,site_boot,True,0.55,0.9843,0.058666,False
150,173,0.05,wsr,False,,,,
150,173,0.05,hoeffding,False,,,,
150,173,0.05,mpeb,False,,,,
150,173,0.05,t,True,0.61,0.9683,0.050953,True
150,173,0.05,site_boot,True,0.59,0.9744,0.053113,True
150,173,0.1,wsr,True,0.61,0.9683,0.050953,False
150,173,0.1,hoeffding,False,,,,
150,173,0.1,mpeb,False,,,,
150,173,0.1,t,True,0.55,0.986,0.057662,False
150,173,0.1,site_boot,True,0.55,0.986,0.057662,False
150,174,0.05,wsr,False,,,,
150,174,0.05,hoeffding,False,,,,
150,174,0.05,mpeb,False,,,,
150,174,0.05,t,True,0.69,0.9337,0.042325,False
150,174,0.05,site_boot,True,0.69,0.9337,0.042325,False
150,174,0.1,wsr,True,0.73,0.9163,0.03778,False
150,174,0.1,hoeffding,False,,,,
150,174,0.1,mpeb,False,,,,
150,174,0.1,t,True,0.55,0.9842,0.058976,False
150,174,0.1,site_boot,True,0.55,0.9842,0.058976,False
150,175,0.05,wsr,False,,,,
150,175,0.05,hoeffding,False,,,,
150,175,0.05,mpeb,False,,,,
150,175,0.05,t,True,0.69,0.943,0.039198,False
150,175,0.05,site_boot,True,0.69,0.943,0.039198,False
150,175,0.1,wsr,True,0.75,0.9197,0.033042,False
150,175,0.1,hoeffding,False,,,,
150,175,0.1,mpeb,False,,,,
150,175,0.1,t,True,0.55,0.9863,0.054207,False
150,175,0.1,site_boot,True,0.55,0.9863,0.054207,False
150,176,0.05,wsr,False,,,,
150,176,0.05,hoeffding,False,,,,
150,176,0.05,mpeb,False,,,,
150,176,0.05,t,True,0.67,0.9505,0.041915,False
150,176,0.05,site_boot,True,0.67,0.9505,0.041915,False
150,176,0.1,wsr,True,0.69,0.9435,0.040049,False
150,176,0.1,hoeffding,False,,,,
150,176,0.1,mpeb,False,,,,
150,176,0.1,t,True,0.55,0.9865,0.05577,False
150,176,0.1,site_boot,True,0.55,0.9865,0.05577,False
150,177,0.05,wsr,False,,,,
150,177,0.05,hoeffding,False,,,,
150,177,0.05,mpeb,False,,,,
150,177,0.05,t,True,0.69,0.9409,0.04222,False
150,177,0.05,site_boot,True,0.69,0.9409,0.04222,False
150,177,0.1,wsr,True,0.71,0.9335,0.04043,False
150,177,0.1,hoeffding,False,,,,
150,177,0.1,mpeb,False,,,,
150,177,0.1,t,True,0.55,0.9856,0.057629,False
150,177,0.1,site_boot,True,0.55,0.9856,0.057629,False
150,178,0.05,wsr,False,,,,
150,178,0.05,hoeffding,False,,,,
150,178,0.05,mpeb,False,,,,
150,178,0.05,t,True,0.61,0.9669,0.050833,True
150,178,0.05,site_boot,True,0.61,0.9669,0.050833,True
150,178,0.1,wsr,True,0.67,0.9465,0.044007,False
150,178,0.1,hoeffding,False,,,,
150,178,0.1,mpeb,False,,,,
150,178,0.1,t,True,0.55,0.9851,0.057762,False
150,178,0.1,site_boot,True,0.55,0.9851,0.057762,False
150,179,0.05,wsr,False,,,,
150,179,0.05,hoeffding,False,,,,
150,179,0.05,mpeb,False,,,,
150,179,0.05,t,True,0.71,0.9352,0.040764,False
150,179,0.05,site_boot,True,0.71,0.9352,0.040764,False
150,179,0.1,wsr,True,0.73,0.9273,0.038538,False
150,179,0.1,hoeffding,False,,,,
150,179,0.1,mpeb,False,,,,
150,179,0.1,t,True,0.55,0.9857,0.057906,False
150,179,0.1,site_boot,True,0.55,0.9857,0.057906,False
150,180,0.05,wsr,False,,,,
150,180,0.05,hoeffding,False,,,,
150,180,0.05,mpeb,False,,,,
150,180,0.05,t,True,0.65,0.957,0.046961,False
150,180,0.05,site_boot,True,0.65,0.957,0.046961,False
150,180,0.1,wsr,True,0.67,0.9505,0.044897,False
150,180,0.1,hoeffding,False,,,,
150,180,0.1,mpeb,False,,,,
150,180,0.1,t,True,0.55,0.9868,0.058103,False
150,180,0.1,site_boot,True,0.55,0.9868,0.058103,False
150,181,0.05,wsr,False,,,,
150,181,0.05,hoeffding,False,,,,
150,181,0.05,mpeb,False,,,,
150,181,0.05,t,True,0.67,0.9455,0.044266,False
150,181,0.05,site_boot,True,0.67,0.9455,0.044266,False
150,181,0.1,wsr,True,0.71,0.9301,0.040034,False
150,181,0.1,hoeffding,False,,,,
150,181,0.1,mpeb,False,,,,
150,181,0.1,t,True,0.55,0.985,0.058207,False
150,181,0.1,site_boot,True,0.55,0.985,0.058207,False
150,182,0.05,wsr,False,,,,
150,182,0.05,hoeffding,False,,,,
150,182,0.05,mpeb,False,,,,
150,182,0.05,t,True,0.67,0.946,0.045381,False
150,182,0.05,site_boot,True,0.67,0.946,0.045381,False
150,182,0.1,wsr,True,0.69,0.9386,0.04262,False
150,182,0.1,hoeffding,False,,,,
150,182,0.1,mpeb,False,,,,
150,182,0.1,t,True,0.55,0.985,0.058224,False
150,182,0.1,site_boot,True,0.55,0.985,0.058224,False
150,183,0.05,wsr,False,,,,
150,183,0.05,hoeffding,False,,,,
150,183,0.05,mpeb,False,,,,
150,183,0.05,t,True,0.65,0.9489,0.044285,False
150,183,0.05,site_boot,True,0.65,0.9489,0.044285,False
150,183,0.1,wsr,True,0.65,0.9489,0.044285,False
150,183,0.1,hoeffding,False,,,,
150,183,0.1,mpeb,False,,,,
150,183,0.1,t,True,0.55,0.9837,0.056727,False
150,183,0.1,site_boot,True,0.55,0.9837,0.056727,False
150,184,0.05,wsr,False,,,,
150,184,0.05,hoeffding,False,,,,
150,184,0.05,mpeb,False,,,,
150,184,0.05,t,True,0.69,0.9363,0.040794,False
150,184,0.05,site_boot,True,0.69,0.9363,0.040794,False
150,184,0.1,wsr,True,0.71,0.9285,0.038929,False
150,184,0.1,hoeffding,False,,,,
150,184,0.1,mpeb,False,,,,
150,184,0.1,t,True,0.55,0.9845,0.056766,False
150,184,0.1,site_boot,True,0.55,0.9845,0.056766,False
150,185,0.05,wsr,False,,,,
150,185,0.05,hoeffding,False,,,,
150,185,0.05,mpeb,False,,,,
150,185,0.05,t,True,0.65,0.9553,0.04793,False
150,185,0.05,site_boot,True,0.65,0.9553,0.04793,False
150,185,0.1,wsr,True,0.65,0.9553,0.04793,False
150,185,0.1,hoeffding,False,,,,
150,185,0.1,mpeb,False,,,,
150,185,0.1,t,True,0.55,0.9858,0.058978,False
150,185,0.1,site_boot,True,0.55,0.9858,0.058978,False
150,186,0.05,wsr,False,,,,
150,186,0.05,hoeffding,False,,,,
150,186,0.05,mpeb,False,,,,
150,186,0.05,t,True,0.63,0.9596,0.049315,False
150,186,0.05,site_boot,True,0.63,0.9596,0.049315,False
150,186,0.1,wsr,True,0.65,0.9525,0.046967,False
150,186,0.1,hoeffding,False,,,,
150,186,0.1,mpeb,False,,,,
150,186,0.1,t,True,0.55,0.9852,0.058351,False
150,186,0.1,site_boot,True,0.55,0.9852,0.058351,False
150,187,0.05,wsr,False,,,,
150,187,0.05,hoeffding,False,,,,
150,187,0.05,mpeb,False,,,,
150,187,0.05,t,True,0.71,0.9382,0.042558,False
150,187,0.05,site_boot,True,0.71,0.9382,0.042558,False
150,187,0.1,wsr,True,0.73,0.9303,0.039825,False
150,187,0.1,hoeffding,False,,,,
150,187,0.1,mpeb,False,,,,
150,187,0.1,t,True,0.55,0.9866,0.058839,False
150,187,0.1,site_boot,True,0.55,0.9866,0.058839,False
150,188,0.05,wsr,False,,,,
150,188,0.05,hoeffding,False,,,,
150,188,0.05,mpeb,False,,,,
150,188,0.05,t,True,0.63,0.964,0.047293,False
150,188,0.05,site_boot,True,0.63,0.964,0.047293,False
150,188,0.1,wsr,True,0.67,0.9515,0.043198,False
150,188,0.1,hoeffding,False,,,,
150,188,0.1,mpeb,False,,,,
150,188,0.1,t,True,0.55,0.9865,0.056105,False
150,188,0.1,site_boot,True,0.55,0.9865,0.056105,False
150,189,0.05,wsr,False,,,,
150,189,0.05,hoeffding,False,,,,
150,189,0.05,mpeb,False,,,,
150,189,0.05,t,True,0.65,0.9525,0.048211,False
150,189,0.05,site_boot,True,0.65,0.9525,0.048211,False
150,189,0.1,wsr,True,0.67,0.9458,0.045784,False
150,189,0.1,hoeffding,False,,,,
150,189,0.1,mpeb,False,,,,
150,189,0.1,t,True,0.55,0.9852,0.059698,False
150,189,0.1,site_boot,True,0.55,0.9852,0.059698,False
150,190,0.05,wsr,False,,,,
150,190,0.05,hoeffding,False,,,,
150,190,0.05,mpeb,False,,,,
150,190,0.05,t,True,0.69,0.9371,0.039992,False
150,190,0.05,site_boot,True,0.69,0.9371,0.039992,False
150,190,0.1,wsr,True,0.73,0.9211,0.036041,False
150,190,0.1,hoeffding,False,,,,
150,190,0.1,mpeb,False,,,,
150,190,0.1,t,True,0.55,0.985,0.055058,False
150,190,0.1,site_boot,True,0.55,0.985,0.055058,False
150,191,0.05,wsr,False,,,,
150,191,0.05,hoeffding,False,,,,
150,191,0.05,mpeb,False,,,,
150,191,0.05,t,True,0.71,0.9263,0.03843,False
150,191,0.05,site_boot,True,0.71,0.9263,0.03843,False
150,191,0.1,wsr,True,0.79,0.8869,0.029207,False
150,191,0.1,hoeffding,False,,,,
150,191,0.1,mpeb,False,,,,
150,191,0.1,t,True,0.55,0.9842,0.057412,False
150,191,0.1,site_boot,True,0.55,0.9842,0.057412,False
150,192,0.05,wsr,False,,,,
150,192,0.05,hoeffding,False,,,,
150,192,0.05,mpeb,False,,,,
150,192,0.05,t,True,0.65,0.9516,0.046655,False
150,192,0.05,site_boot,True,0.65,0.9516,0.046655,False
150,192,0.1,wsr,True,0.67,0.9442,0.044385,False
150,192,0.1,hoeffding,False,,,,
150,192,0.1,mpeb,False,,,,
150,192,0.1,t,True,0.55,0.9846,0.057826,False
150,192,0.1,site_boot,True,0.55,0.9846,0.057826,False
150,193,0.05,wsr,False,,,,
150,193,0.05,hoeffding,False,,,,
150,193,0.05,mpeb,False,,,,
150,193,0.05,t,True,0.67,0.9458,0.045644,False
150,193,0.05,site_boot,True,0.69,0.9385,0.043379,False
150,193,0.1,wsr,True,0.69,0.9385,0.043379,False
150,193,0.1,hoeffding,False,,,,
150,193,0.1,mpeb,False,,,,
150,193,0.1,t,True,0.55,0.9852,0.059122,False
150,193,0.1,site_boot,True,0.55,0.9852,0.059122,False
150,194,0.05,wsr,False,,,,
150,194,0.05,hoeffding,False,,,,
150,194,0.05,mpeb,False,,,,
150,194,0.05,t,True,0.67,0.9493,0.043822,False
150,194,0.05,site_boot,True,0.67,0.9493,0.043822,False
150,194,0.1,wsr,True,0.71,0.9347,0.039813,False
150,194,0.1,hoeffding,False,,,,
150,194,0.1,mpeb,False,,,,
150,194,0.1,t,True,0.55,0.986,0.056231,False
150,194,0.1,site_boot,True,0.55,0.986,0.056231,False
150,195,0.05,wsr,False,,,,
150,195,0.05,hoeffding,False,,,,
150,195,0.05,mpeb,False,,,,
150,195,0.05,t,True,0.67,0.9479,0.046343,False
150,195,0.05,site_boot,True,0.67,0.9479,0.046343,False
150,195,0.1,wsr,True,0.67,0.9479,0.046343,False
150,195,0.1,hoeffding,False,,,,
150,195,0.1,mpeb,False,,,,
150,195,0.1,t,True,0.55,0.9852,0.059205,False
150,195,0.1,site_boot,True,0.55,0.9852,0.059205,False
150,196,0.05,wsr,False,,,,
150,196,0.05,hoeffding,False,,,,
150,196,0.05,mpeb,False,,,,
150,196,0.05,t,True,0.63,0.9641,0.048979,False
150,196,0.05,site_boot,True,0.63,0.9641,0.048979,False
150,196,0.1,wsr,True,0.65,0.9578,0.046738,False
150,196,0.1,hoeffding,False,,,,
150,196,0.1,mpeb,False,,,,
150,196,0.1,t,True,0.55,0.9866,0.057118,False
150,196,0.1,site_boot,True,0.55,0.9866,0.057118,False
150,197,0.05,wsr,False,,,,
150,197,0.05,hoeffding,False,,,,
150,197,0.05,mpeb,False,,,,
150,197,0.05,t,True,0.65,0.9514,0.046615,False
150,197,0.05,site_boot,True,0.65,0.9514,0.046615,False
150,197,0.1,wsr,True,0.67,0.9441,0.044501,False
150,197,0.1,hoeffding,False,,,,
150,197,0.1,mpeb,False,,,,
150,197,0.1,t,True,0.55,0.9845,0.058302,False
150,197,0.1,site_boot,True,0.55,0.9845,0.058302,False
150,198,0.05,wsr,False,,,,
150,198,0.05,hoeffding,False,,,,
150,198,0.05,mpeb,False,,,,
150,198,0.05,t,True,0.67,0.9463,0.041255,False
150,198,0.05,site_boot,True,0.65,0.9535,0.043293,False
150,198,0.1,wsr,True,0.69,0.939,0.03913,False
150,198,0.1,hoeffding,False,,,,
150,198,0.1,mpeb,False,,,,
150,198,0.1,t,True,0.55,0.985,0.054742,False
150,198,0.1,site_boot,True,0.55,0.985,0.054742,False
150,199,0.05,wsr,False,,,,
150,199,0.05,hoeffding,False,,,,
150,199,0.05,mpeb,False,,,,
150,199,0.05,t,True,0.69,0.9346,0.042892,False
150,199,0.05,site_boot,True,0.67,0.9419,0.045002,False
150,199,0.1,wsr,True,0.71,0.9266,0.040533,False
150,199,0.1,hoeffding,False,,,,
150,199,0.1,mpeb,False,,,,
150,199,0.1,t,True,0.55,0.9835,0.0593,False
150,199,0.1,site_boot,True,0.55,0.9835,0.0593,False
208,0,0.05,wsr,False,,,,
208,0,0.05,hoeffding,False,,,,
208,0,0.05,mpeb,False,,,,
208,0,0.05,t,True,0.69,0.9368,0.043833,False
208,0,0.05,site_boot,True,0.69,0.9368,0.043833,False
208,0,0.1,wsr,True,0.55,0.9846,0.060734,False
208,0,0.1,hoeffding,False,,,,
208,0,0.1,mpeb,False,,,,
208,0,0.1,t,True,0.55,0.9846,0.060734,False
208,0,0.1,site_boot,True,0.55,0.9846,0.060734,False
208,1,0.05,wsr,False,,,,
208,1,0.05,hoeffding,False,,,,
208,1,0.05,mpeb,False,,,,
208,1,0.05,t,True,0.63,0.9573,0.047592,False
208,1,0.05,site_boot,True,0.63,0.9573,0.047592,False
208,1,0.1,wsr,True,0.55,0.9842,0.057684,False
208,1,0.1,hoeffding,False,,,,
208,1,0.1,mpeb,False,,,,
208,1,0.1,t,True,0.55,0.9842,0.057684,False
208,1,0.1,site_boot,True,0.55,0.9842,0.057684,False
208,2,0.05,wsr,False,,,,
208,2,0.05,hoeffding,False,,,,
208,2,0.05,mpeb,False,,,,
208,2,0.05,t,True,0.65,0.9518,0.043785,False
208,2,0.05,site_boot,True,0.65,0.9518,0.043785,False
208,2,0.1,wsr,True,0.55,0.9841,0.054866,False
208,2,0.1,hoeffding,False,,,,
208,2,0.1,mpeb,False,,,,
208,2,0.1,t,True,0.55,0.9841,0.054866,False
208,2,0.1,site_boot,True,0.55,0.9841,0.054866,False
208,3,0.05,wsr,False,,,,
208,3,0.05,hoeffding,False,,,,
208,3,0.05,mpeb,False,,,,
208,3,0.05,t,True,0.65,0.9529,0.043488,False
208,3,0.05,site_boot,True,0.65,0.9529,0.043488,False
208,3,0.1,wsr,True,0.55,0.9852,0.0547,False
208,3,0.1,hoeffding,False,,,,
208,3,0.1,mpeb,False,,,,
208,3,0.1,t,True,0.55,0.9852,0.0547,False
208,3,0.1,site_boot,True,0.55,0.9852,0.0547,False
208,4,0.05,wsr,False,,,,
208,4,0.05,hoeffding,False,,,,
208,4,0.05,mpeb,False,,,,
208,4,0.05,t,True,0.69,0.9417,0.043014,False
208,4,0.05,site_boot,True,0.69,0.9417,0.043014,False
208,4,0.1,wsr,True,0.55,0.9857,0.05778,False
208,4,0.1,hoeffding,False,,,,
208,4,0.1,mpeb,False,,,,
208,4,0.1,t,True,0.55,0.9857,0.05778,False
208,4,0.1,site_boot,True,0.55,0.9857,0.05778,False
208,5,0.05,wsr,False,,,,
208,5,0.05,hoeffding,False,,,,
208,5,0.05,mpeb,False,,,,
208,5,0.05,t,True,0.69,0.9369,0.04067,False
208,5,0.05,site_boot,True,0.69,0.9369,0.04067,False
208,5,0.1,wsr,True,0.55,0.9843,0.056638,False
208,5,0.1,hoeffding,False,,,,
208,5,0.1,mpeb,False,,,,
208,5,0.1,t,True,0.55,0.9843,0.056638,False
208,5,0.1,site_boot,True,0.55,0.9843,0.056638,False
208,6,0.05,wsr,False,,,,
208,6,0.05,hoeffding,False,,,,
208,6,0.05,mpeb,False,,,,
208,6,0.05,t,True,0.61,0.9665,0.053122,True
208,6,0.05,site_boot,True,0.61,0.9665,0.053122,True
208,6,0.1,wsr,True,0.55,0.985,0.05996,False
208,6,0.1,hoeffding,False,,,,
208,6,0.1,mpeb,False,,,,
208,6,0.1,t,True,0.55,0.985,0.05996,False
208,6,0.1,site_boot,True,0.55,0.985,0.05996,False
208,7,0.05,wsr,False,,,,
208,7,0.05,hoeffding,False,,,,
208,7,0.05,mpeb,False,,,,
208,7,0.05,t,True,0.65,0.9534,0.047373,False
208,7,0.05,site_boot,True,0.65,0.9534,0.047373,False
208,7,0.1,wsr,True,0.55,0.9849,0.059273,False
208,7,0.1,hoeffding,False,,,,
208,7,0.1,mpeb,False,,,,
208,7,0.1,t,True,0.55,0.9849,0.059273,False
208,7,0.1,site_boot,True,0.55,0.9849,0.059273,False
208,8,0.05,wsr,False,,,,
208,8,0.05,hoeffding,False,,,,
208,8,0.05,mpeb,False,,,,
208,8,0.05,t,True,0.63,0.9574,0.047745,False
208,8,0.05,site_boot,True,0.63,0.9574,0.047745,False
208,8,0.1,wsr,True,0.55,0.9845,0.057354,False
208,8,0.1,hoeffding,False,,,,
208,8,0.1,mpeb,False,,,,
208,8,0.1,t,True,0.55,0.9845,0.057354,False
208,8,0.1,site_boot,True,0.55,0.9845,0.057354,False
208,9,0.05,wsr,False,,,,
208,9,0.05,hoeffding,False,,,,
208,9,0.05,mpeb,False,,,,
208,9,0.05,t,True,0.69,0.9358,0.043271,False
208,9,0.05,site_boot,True,0.69,0.9358,0.043271,False
208,9,0.1,wsr,True,0.57,0.9771,0.057638,False
208,9,0.1,hoeffding,False,,,,
208,9,0.1,mpeb,False,,,,
208,9,0.1,t,True,0.55,0.9835,0.059892,False
208,9,0.1,site_boot,True,0.55,0.9835,0.059892,False
208,10,0.05,wsr,False,,,,
208,10,0.05,hoeffding,False,,,,
208,10,0.05,mpeb,False,,,,
208,10,0.05,t,True,0.67,0.9495,0.0464,False
208,10,0.05,site_boot,True,0.67,0.9495,0.0464,False
208,10,0.1,wsr,True,0.55,0.9862,0.058885,False
208,10,0.1,hoeffding,False,,,,
208,10,0.1,mpeb,False,,,,
208,10,0.1,t,True,0.55,0.9862,0.058885,False
208,10,0.1,site_boot,True,0.55,0.9862,0.058885,False
208,11,0.05,wsr,False,,,,
208,11,0.05,hoeffding,False,,,,
208,11,0.05,mpeb,False,,,,
208,11,0.05,t,True,0.65,0.9531,0.046399,False
208,11,0.05,site_boot,True,0.65,0.9531,0.046399,False
208,11,0.1,wsr,True,0.55,0.9847,0.057818,False
208,11,0.1,hoeffding,False,,,,
208,11,0.1,mpeb,False,,,,
208,11,0.1,t,True,0.55,0.9847,0.057818,False
208,11,0.1,site_boot,True,0.55,0.9847,0.057818,False
208,12,0.05,wsr,False,,,,
208,12,0.05,hoeffding,False,,,,
208,12,0.05,mpeb,False,,,,
208,12,0.05,t,True,0.67,0.9407,0.045599,False
208,12,0.05,site_boot,True,0.67,0.9407,0.045599,False
208,12,0.1,wsr,True,0.55,0.9841,0.060403,False
208,12,0.1,hoeffding,False,,,,
208,12,0.1,mpeb,False,,,,
208,12,0.1,t,True,0.55,0.9841,0.060403,False
208,12,0.1,site_boot,True,0.55,0.9841,0.060403,False
208,13,0.05,wsr,False,,,,
208,13,0.05,hoeffding,False,,,,
208,13,0.05,mpeb,False,,,,
208,13,0.05,t,True,0.67,0.9487,0.043445,False
208,13,0.05,site_boot,True,0.67,0.9487,0.043445,False
208,13,0.1,wsr,True,0.55,0.9851,0.055945,False
208,13,0.1,hoeffding,False,,,,
208,13,0.1,mpeb,False,,,,
208,13,0.1,t,True,0.55,0.9851,0.055945,False
208,13,0.1,site_boot,True,0.55,0.9851,0.055945,False
208,14,0.05,wsr,False,,,,
208,14,0.05,hoeffding,False,,,,
208,14,0.05,mpeb,False,,,,
208,14,0.05,t,True,0.65,0.9492,0.048238,False
208,14,0.05,site_boot,True,0.65,0.9492,0.048238,False
208,14,0.1,wsr,True,0.55,0.9836,0.060097,False
208,14,0.1,hoeffding,False,,,,
208,14,0.1,mpeb,False,,,,
208,14,0.1,t,True,0.55,0.9836,0.060097,False
208,14,0.1,site_boot,True,0.55,0.9836,0.060097,False
208,15,0.05,wsr,False,,,,
208,15,0.05,hoeffding,False,,,,
208,15,0.05,mpeb,False,,,,
208,15,0.05,t,True,0.65,0.9541,0.044426,False
208,15,0.05,site_boot,True,0.65,0.9541,0.044426,False
208,15,0.1,wsr,True,0.55,0.9853,0.055474,False
208,15,0.1,hoeffding,False,,,,
208,15,0.1,mpeb,False,,,,
208,15,0.1,t,True,0.55,0.9853,0.055474,False
208,15,0.1,site_boot,True,0.55,0.9853,0.055474,False
208,16,0.05,wsr,False,,,,
208,16,0.05,hoeffding,False,,,,
208,16,0.05,mpeb,False,,,,
208,16,0.05,t,True,0.69,0.9394,0.041794,False
208,16,0.05,site_boot,True,0.69,0.9394,0.041794,False
208,16,0.1,wsr,True,0.57,0.9789,0.054689,False
208,16,0.1,hoeffding,False,,,,
208,16,0.1,mpeb,False,,,,
208,16,0.1,t,True,0.55,0.985,0.056881,False
208,16,0.1,site_boot,True,0.55,0.985,0.056881,False
208,17,0.05,wsr,False,,,,
208,17,0.05,hoeffding,False,,,,
208,17,0.05,mpeb,False,,,,
208,17,0.05,t,True,0.67,0.9459,0.042819,False
208,17,0.05,site_boot,True,0.67,0.9459,0.042819,False
208,17,0.1,wsr,True,0.55,0.9847,0.056123,False
208,17,0.1,hoeffding,False,,,,
208,17,0.1,mpeb,False,,,,
208,17,0.1,t,True,0.55,0.9847,0.056123,False
208,17,0.1,site_boot,True,0.55,0.9847,0.056123,False
208,18,0.05,wsr,False,,,,
208,18,0.05,hoeffding,False,,,,
208,18,0.05,mpeb,False,,,,
208,18,0.05,t,True,0.67,0.9496,0.042364,False
208,18,0.05,site_boot,True,0.67,0.9496,0.042364,False
208,18,0.1,wsr,True,0.55,0.9857,0.055491,False
208,18,0.1,hoeffding,False,,,,
208,18,0.1,mpeb,False,,,,
208,18,0.1,t,True,0.55,0.9857,0.055491,False
208,18,0.1,site_boot,True,0.55,0.9857,0.055491,False
208,19,0.05,wsr,False,,,,
208,19,0.05,hoeffding,False,,,,
208,19,0.05,mpeb,False,,,,
208,19,0.05,t,True,0.71,0.9335,0.041911,False
208,19,0.05,site_boot,True,0.71,0.9335,0.041911,False
208,19,0.1,wsr,True,0.59,0.9737,0.054904,False
208,19,0.1,hoeffding,False,,,,
208,19,0.1,mpeb,False,,,,
208,19,0.1,t,True,0.55,0.9855,0.058921,False
208,19,0.1,site_boot,True,0.55,0.9855,0.058921,False
208,20,0.05,wsr,False,,,,
208,20,0.05,hoeffding,False,,,,
208,20,0.05,mpeb,False,,,,
208,20,0.05,t,True,0.65,0.9545,0.042826,False
208,20,0.05,site_boot,True,0.65,0.9545,0.042826,False
208,20,0.1,wsr,True,0.55,0.9855,0.053425,False
208,20,0.1,hoeffding,False,,,,
208,20,0.1,mpeb,False,,,,
208,20,0.1,t,True,0.55,0.9855,0.053425,False
208,20,0.1,site_boot,True,0.55,0.9855,0.053425,False
208,21,0.05,wsr,False,,,,
208,21,0.05,hoeffding,False,,,,
208,21,0.05,mpeb,False,,,,
208,21,0.05,t,True,0.67,0.941,0.043062,False
208,21,0.05,site_boot,True,0.67,0.941,0.043062,False
208,21,0.1,wsr,True,0.55,0.9833,0.057465,False
208,21,0.1,hoeffding,False,,,,
208,21,0.1,mpeb,False,,,,
208,21,0.1,t,True,0.55,0.9833,0.057465,False
208,21,0.1,site_boot,True,0.55,0.9833,0.057465,False
208,22,0.05,wsr,False,,,,
208,22,0.05,hoeffding,False,,,,
208,22,0.05,mpeb,False,,,,
208,22,0.05,t,True,0.67,0.9476,0.044427,False
208,22,0.05,site_boot,True,0.67,0.9476,0.044427,False
208,22,0.1,wsr,True,0.55,0.9853,0.05846,False
208,22,0.1,hoeffding,False,,,,
208,22,0.1,mpeb,False,,,,
208,22,0.1,t,True,0.55,0.9853,0.05846,False
208,22,0.1,site_boot,True,0.55,0.9853,0.05846,False
208,23,0.05,wsr,False,,,,
208,23,0.05,hoeffding,False,,,,
208,23,0.05,mpeb,False,,,,
208,23,0.05,t,True,0.65,0.9574,0.046134,False
208,23,0.05,site_boot,True,0.65,0.9574,0.046134,False
208,23,0.1,wsr,True,0.55,0.9864,0.056693,False
208,23,0.1,hoeffding,False,,,,
208,23,0.1,mpeb,False,,,,
208,23,0.1,t,True,0.55,0.9864,0.056693,False
208,23,0.1,site_boot,True,0.55,0.9864,0.056693,False
208,24,0.05,wsr,False,,,,
208,24,0.05,hoeffding,False,,,,
208,24,0.05,mpeb,False,,,,
208,24,0.05,t,True,0.63,0.9587,0.045836,False
208,24,0.05,site_boot,True,0.63,0.9587,0.045836,False
208,24,0.1,wsr,True,0.55,0.9847,0.055283,False
208,24,0.1,hoeffding,False,,,,
208,24,0.1,mpeb,False,,,,
208,24,0.1,t,True,0.55,0.9847,0.055283,False
208,24,0.1,site_boot,True,0.55,0.9847,0.055283,False
208,25,0.05,wsr,False,,,,
208,25,0.05,hoeffding,False,,,,
208,25,0.05,mpeb,False,,,,
208,25,0.05,t,True,0.67,0.945,0.044661,False
208,25,0.05,site_boot,True,0.67,0.945,0.044661,False
208,25,0.1,wsr,True,0.55,0.9852,0.05783,False
208,25,0.1,hoeffding,False,,,,
208,25,0.1,mpeb,False,,,,
208,25,0.1,t,True,0.55,0.9852,0.05783,False
208,25,0.1,site_boot,True,0.55,0.9852,0.05783,False
208,26,0.05,wsr,False,,,,
208,26,0.05,hoeffding,False,,,,
208,26,0.05,mpeb,False,,,,
208,26,0.05,t,True,0.61,0.9681,0.048368,False
208,26,0.05,site_boot,True,0.61,0.9681,0.048368,False
208,26,0.1,wsr,True,0.55,0.9858,0.055259,False
208,26,0.1,hoeffding,False,,,,
208,26,0.1,mpeb,False,,,,
208,26,0.1,t,True,0.55,0.9858,0.055259,False
208,26,0.1,site_boot,True,0.55,0.9858,0.055259,False
208,27,0.05,wsr,False,,,,
208,27,0.05,hoeffding,False,,,,
208,27,0.05,mpeb,False,,,,
208,27,0.05,t,True,0.67,0.9491,0.046102,False
208,27,0.05,site_boot,True,0.67,0.9491,0.046102,False
208,27,0.1,wsr,True,0.55,0.9862,0.059627,False
208,27,0.1,hoeffding,False,,,,
208,27,0.1,mpeb,False,,,,
208,27,0.1,t,True,0.55,0.9862,0.059627,False
208,27,0.1,site_boot,True,0.55,0.9862,0.059627,False
208,28,0.05,wsr,False,,,,
208,28,0.05,hoeffding,False,,,,
208,28,0.05,mpeb,False,,,,
208,28,0.05,t,True,0.63,0.9601,0.046571,False
208,28,0.05,site_boot,True,0.63,0.9601,0.046571,False
208,28,0.1,wsr,True,0.55,0.9848,0.056051,False
208,28,0.1,hoeffding,False,,,,
208,28,0.1,mpeb,False,,,,
208,28,0.1,t,True,0.55,0.9848,0.056051,False
208,28,0.1,site_boot,True,0.55,0.9848,0.056051,False
208,29,0.05,wsr,False,,,,
208,29,0.05,hoeffding,False,,,,
208,29,0.05,mpeb,False,,,,
208,29,0.05,t,True,0.63,0.9619,0.0454,False
208,29,0.05,site_boot,True,0.63,0.9619,0.0454,False
208,29,0.1,wsr,True,0.55,0.9857,0.053966,False
208,29,0.1,hoeffding,False,,,,
208,29,0.1,mpeb,False,,,,
208,29,0.1,t,True,0.55,0.9857,0.053966,False
208,29,0.1,site_boot,True,0.55,0.9857,0.053966,False
208,30,0.05,wsr,False,,,,
208,30,0.05,hoeffding,False,,,,
208,30,0.05,mpeb,False,,,,
208,30,0.05,t,True,0.67,0.9446,0.045047,False
208,30,0.05,site_boot,True,0.67,0.9446,0.045047,False
208,30,0.1,wsr,True,0.55,0.985,0.058214,False
208,30,0.1,hoeffding,False,,,,
208,30,0.1,mpeb,False,,,,
208,30,0.1,t,True,0.55,0.985,0.058214,False
208,30,0.1,site_boot,True,0.55,0.985,0.058214,False
208,31,0.05,wsr,False,,,,
208,31,0.05,hoeffding,False,,,,
208,31,0.05,mpeb,False,,,,
208,31,0.05,t,True,0.67,0.9452,0.043973,False
208,31,0.05,site_boot,True,0.67,0.9452,0.043973,False
208,31,0.1,wsr,True,0.55,0.9848,0.058001,False
208,31,0.1,hoeffding,False,,,,
208,31,0.1,mpeb,False,,,,
208,31,0.1,t,True,0.55,0.9848,0.058001,False
208,31,0.1,site_boot,True,0.55,0.9848,0.058001,False
208,32,0.05,wsr,False,,,,
208,32,0.05,hoeffding,False,,,,
208,32,0.05,mpeb,False,,,,
208,32,0.05,t,True,0.65,0.9553,0.046898,False
208,32,0.05,site_boot,True,0.65,0.9553,0.046898,False
208,32,0.1,wsr,True,0.55,0.9858,0.058745,False
208,32,0.1,hoeffding,False,,,,
208,32,0.1,mpeb,False,,,,
208,32,0.1,t,True,0.55,0.9858,0.058745,False
208,32,0.1,site_boot,True,0.55,0.9858,0.058745,False
208,33,0.05,wsr,False,,,,
208,33,0.05,hoeffding,False,,,,
208,33,0.05,mpeb,False,,,,
208,33,0.05,t,True,0.69,0.938,0.042553,False
208,33,0.05,site_boot,True,0.69,0.938,0.042553,False
208,33,0.1,wsr,True,0.57,0.9785,0.056224,False
208,33,0.1,hoeffding,False,,,,
208,33,0.1,mpeb,False,,,,
208,33,0.1,t,True,0.55,0.9846,0.058699,False
208,33,0.1,site_boot,True,0.55,0.9846,0.058699,False
208,34,0.05,wsr,False,,,,
208,34,0.05,hoeffding,False,,,,
208,34,0.05,mpeb,False,,,,
208,34,0.05,t,True,0.69,0.9394,0.041649,False
208,34,0.05,site_boot,True,0.69,0.9394,0.041649,False
208,34,0.1,wsr,True,0.57,0.9789,0.056016,False
208,34,0.1,hoeffding,False,,,,
208,34,0.1,mpeb,False,,,,
208,34,0.1,t,True,0.55,0.9849,0.058506,False
208,34,0.1,site_boot,True,0.55,0.9849,0.058506,False
208,35,0.05,wsr,False,,,,
208,35,0.05,hoeffding,False,,,,
208,35,0.05,mpeb,False,,,,
208,35,0.05,t,True,0.63,0.9599,0.048307,False
208,35,0.05,site_boot,True,0.63,0.9599,0.048307,False
208,35,0.1,wsr,True,0.55,0.9846,0.057392,False
208,35,0.1,hoeffding,False,,,,
208,35,0.1,mpeb,False,,,,
208,35,0.1,t,True,0.55,0.9846,0.057392,False
208,35,0.1,site_boot,True,0.55,0.9846,0.057392,False
208,36,0.05,wsr,False,,,,
208,36,0.05,hoeffding,False,,,,
208,36,0.05,mpeb,False,,,,
208,36,0.05,t,True,0.69,0.9446,0.043418,False
208,36,0.05,site_boot,True,0.69,0.9446,0.043418,False
208,36,0.1,wsr,True,0.55,0.9863,0.057996,False
208,36,0.1,hoeffding,False,,,,
208,36,0.1,mpeb,False,,,,
208,36,0.1,t,True,0.55,0.9863,0.057996,False
208,36,0.1,site_boot,True,0.55,0.9863,0.057996,False
208,37,0.05,wsr,False,,,,
208,37,0.05,hoeffding,False,,,,
208,37,0.05,mpeb,False,,,,
208,37,0.05,t,True,0.65,0.9506,0.046177,False
208,37,0.05,site_boot,True,0.65,0.9506,0.046177,False
208,37,0.1,wsr,True,0.55,0.9846,0.058069,False
208,37,0.1,hoeffding,False,,,,
208,37,0.1,mpeb,False,,,,
208,37,0.1,t,True,0.55,0.9846,0.058069,False
208,37,0.1,site_boot,True,0.55,0.9846,0.058069,False
208,38,0.05,wsr,False,,,,
208,38,0.05,hoeffding,False,,,,
208,38,0.05,mpeb,False,,,,
208,38,0.05,t,True,0.65,0.9538,0.045602,False
208,38,0.05,site_boot,True,0.65,0.9538,0.045602,False
208,38,0.1,wsr,True,0.55,0.9846,0.056104,False
208,38,0.1,hoeffding,False,,,,
208,38,0.1,mpeb,False,,,,
208,38,0.1,t,True,0.55,0.9846,0.056104,False
208,38,0.1,site_boot,True,0.55,0.9846,0.056104,False
208,39,0.05,wsr,False,,,,
208,39,0.05,hoeffding,False,,,,
208,39,0.05,mpeb,False,,,,
208,39,0.05,t,True,0.71,0.9318,0.040717,False
208,39,0.05,site_boot,True,0.71,0.9318,0.040717,False
208,39,0.1,wsr,True,0.59,0.9727,0.052701,False
208,39,0.1,hoeffding,False,,,,
208,39,0.1,mpeb,False,,,,
208,39,0.1,t,True,0.55,0.9851,0.057331,False
208,39,0.1,site_boot,True,0.55,0.9851,0.057331,False
208,40,0.05,wsr,False,,,,
208,40,0.05,hoeffding,False,,,,
208,40,0.05,mpeb,False,,,,
208,40,0.05,t,True,0.63,0.9583,0.04691,False
208,40,0.05,site_boot,True,0.63,0.9583,0.04691,False
208,40,0.1,wsr,True,0.55,0.9846,0.056706,False
208,40,0.1,hoeffding,False,,,,
208,40,0.1,mpeb,False,,,,
208,40,0.1,t,True,0.55,0.9846,0.056706,False
208,40,0.1,site_boot,True,0.55,0.9846,0.056706,False
208,41,0.05,wsr,False,,,,
208,41,0.05,hoeffding,False,,,,
208,41,0.05,mpeb,False,,,,
208,41,0.05,t,True,0.69,0.941,0.041741,False
208,41,0.05,site_boot,True,0.69,0.941,0.041741,False
208,41,0.1,wsr,True,0.55,0.9856,0.057569,False
208,41,0.1,hoeffding,False,,,,
208,41,0.1,mpeb,False,,,,
208,41,0.1,t,True,0.55,0.9856,0.057569,False
208,41,0.1,site_boot,True,0.55,0.9856,0.057569,False
208,42,0.05,wsr,False,,,,
208,42,0.05,hoeffding,False,,,,
208,42,0.05,mpeb,False,,,,
208,42,0.05,t,True,0.69,0.9425,0.045657,False
208,42,0.05,site_boot,True,0.69,0.9425,0.045657,False
208,42,0.1,wsr,True,0.57,0.9801,0.0587,False
208,42,0.1,hoeffding,False,,,,
208,42,0.1,mpeb,False,,,,
208,42,0.1,t,True,0.55,0.9858,0.061014,False
208,42,0.1,site_boot,True,0.55,0.9858,0.061014,False
208,43,0.05,wsr,False,,,,
208,43,0.05,hoeffding,False,,,,
208,43,0.05,mpeb,False,,,,
208,43,0.05,t,True,0.71,0.9262,0.03912,False
208,43,0.05,site_boot,True,0.71,0.9262,0.03912,False
208,43,0.1,wsr,True,0.59,0.9709,0.053477,False
208,43,0.1,hoeffding,False,,,,
208,43,0.1,mpeb,False,,,,
208,43,0.1,t,True,0.55,0.9837,0.058548,False
208,43,0.1,site_boot,True,0.55,0.9837,0.058548,False
208,44,0.05,wsr,False,,,,
208,44,0.05,hoeffding,False,,,,
208,44,0.05,mpeb,False,,,,
208,44,0.05,t,True,0.63,0.9611,0.045094,False
208,44,0.05,site_boot,True,0.63,0.9611,0.045094,False
208,44,0.1,wsr,True,0.55,0.9851,0.054687,False
208,44,0.1,hoeffding,False,,,,
208,44,0.1,mpeb,False,,,,
208,44,0.1,t,True,0.55,0.9851,0.054687,False
208,44,0.1,site_boot,True,0.55,0.9851,0.054687,False
208,45,0.05,wsr,False,,,,
208,45,0.05,hoeffding,False,,,,
208,45,0.05,mpeb,False,,,,
208,45,0.05,t,True,0.65,0.9549,0.047932,False
208,45,0.05,site_boot,True,0.65,0.9549,0.047932,False
208,45,0.1,wsr,True,0.55,0.9859,0.058665,False
208,45,0.1,hoeffding,False,,,,
208,45,0.1,mpeb,False,,,,
208,45,0.1,t,True,0.55,0.9859,0.058665,False
208,45,0.1,site_boot,True,0.55,0.9859,0.058665,False
208,46,0.05,wsr,False,,,,
208,46,0.05,hoeffding,False,,,,
208,46,0.05,mpeb,False,,,,
208,46,0.05,t,True,0.67,0.9459,0.044568,False
208,46,0.05,site_boot,True,0.67,0.9459,0.044568,False
208,46,0.1,wsr,True,0.55,0.9848,0.05881,False
208,46,0.1,hoeffding,False,,,,
208,46,0.1,mpeb,False,,,,
208,46,0.1,t,True,0.55,0.9848,0.05881,False
208,46,0.1,site_boot,True,0.55,0.9848,0.05881,False
208,47,0.05,wsr,False,,,,
208,47,0.05,hoeffding,False,,,,
208,47,0.05,mpeb,False,,,,
208,47,0.05,t,True,0.67,0.9482,0.04374,False
208,47,0.05,site_boot,True,0.67,0.9482,0.04374,False
208,47,0.1,wsr,True,0.55,0.9857,0.056877,False
208,47,0.1,hoeffding,False,,,,
208,47,0.1,mpeb,False,,,,
208,47,0.1,t,True,0.55,0.9857,0.056877,False
208,47,0.1,site_boot,True,0.55,0.9857,0.056877,False
208,48,0.05,wsr,False,,,,
208,48,0.05,hoeffding,False,,,,
208,48,0.05,mpeb,False,,,,
208,48,0.05,t,True,0.65,0.9553,0.04546,False
208,48,0.05,site_boot,True,0.65,0.9553,0.04546,False
208,48,0.1,wsr,True,0.55,0.9852,0.056874,False
208,48,0.1,hoeffding,False,,,,
208,48,0.1,mpeb,False,,,,
208,48,0.1,t,True,0.55,0.9852,0.056874,False
208,48,0.1,site_boot,True,0.55,0.9852,0.056874,False
208,49,0.05,wsr,False,,,,
208,49,0.05,hoeffding,False,,,,
208,49,0.05,mpeb,False,,,,
208,49,0.05,t,True,0.65,0.9511,0.044947,False
208,49,0.05,site_boot,True,0.65,0.9511,0.044947,False
208,49,0.1,wsr,True,0.55,0.9849,0.057222,False
208,49,0.1,hoeffding,False,,,,
208,49,0.1,mpeb,False,,,,
208,49,0.1,t,True,0.55,0.9849,0.057222,False
208,49,0.1,site_boot,True,0.55,0.9849,0.057222,False
208,50,0.05,wsr,False,,,,
208,50,0.05,hoeffding,False,,,,
208,50,0.05,mpeb,False,,,,
208,50,0.05,t,True,0.65,0.9517,0.046813,False
208,50,0.05,site_boot,True,0.63,0.9585,0.048894,False
208,50,0.1,wsr,True,0.55,0.9848,0.058185,False
208,50,0.1,hoeffding,False,,,,
208,50,0.1,mpeb,False,,,,
208,50,0.1,t,True,0.55,0.9848,0.058185,False
208,50,0.1,site_boot,True,0.55,0.9848,0.058185,False
208,51,0.05,wsr,False,,,,
208,51,0.05,hoeffding,False,,,,
208,51,0.05,mpeb,False,,,,
208,51,0.05,t,True,0.65,0.9534,0.045907,False
208,51,0.05,site_boot,True,0.63,0.96,0.048052,False
208,51,0.1,wsr,True,0.55,0.9852,0.056554,False
208,51,0.1,hoeffding,False,,,,
208,51,0.1,mpeb,False,,,,
208,51,0.1,t,True,0.55,0.9852,0.056554,False
208,51,0.1,site_boot,True,0.55,0.9852,0.056554,False
208,52,0.05,wsr,False,,,,
208,52,0.05,hoeffding,False,,,,
208,52,0.05,mpeb,False,,,,
208,52,0.05,t,True,0.67,0.9448,0.043682,False
208,52,0.05,site_boot,True,0.67,0.9448,0.043682,False
208,52,0.1,wsr,True,0.55,0.9851,0.058136,False
208,52,0.1,hoeffding,False,,,,
208,52,0.1,mpeb,False,,,,
208,52,0.1,t,True,0.55,0.9851,0.058136,False
208,52,0.1,site_boot,True,0.55,0.9851,0.058136,False
208,53,0.05,wsr,False,,,,
208,53,0.05,hoeffding,False,,,,
208,53,0.05,mpeb,False,,,,
208,53,0.05,t,True,0.65,0.9588,0.04796,False
208,53,0.05,site_boot,True,0.65,0.9588,0.04796,False
208,53,0.1,wsr,True,0.55,0.987,0.058008,False
208,53,0.1,hoeffding,False,,,,
208,53,0.1,mpeb,False,,,,
208,53,0.1,t,True,0.55,0.987,0.058008,False
208,53,0.1,site_boot,True,0.55,0.987,0.058008,False
208,54,0.05,wsr,False,,,,
208,54,0.05,hoeffding,False,,,,
208,54,0.05,mpeb,False,,,,
208,54,0.05,t,True,0.65,0.9517,0.045537,False
208,54,0.05,site_boot,True,0.65,0.9517,0.045537,False
208,54,0.1,wsr,True,0.55,0.9847,0.056998,False
208,54,0.1,hoeffding,False,,,,
208,54,0.1,mpeb,False,,,,
208,54,0.1,t,True,0.55,0.9847,0.056998,False
208,54,0.1,site_boot,True,0.55,0.9847,0.056998,False
208,55,0.05,wsr,False,,,,
208,55,0.05,hoeffding,False,,,,
208,55,0.05,mpeb,False,,,,
208,55,0.05,t,True,0.65,0.954,0.047514,False
208,55,0.05,site_boot,True,0.65,0.954,0.047514,False
208,55,0.1,wsr,True,0.55,0.9858,0.059051,False
208,55,0.1,hoeffding,False,,,,
208,55,0.1,mpeb,False,,,,
208,55,0.1,t,True,0.55,0.9858,0.059051,False
208,55,0.1,site_boot,True,0.55,0.9858,0.059051,False
208,56,0.05,wsr,False,,,,
208,56,0.05,hoeffding,False,,,,
208,56,0.05,mpeb,False,,,,
208,56,0.05,t,True,0.71,0.9289,0.037299,False
208,56,0.05,site_boot,True,0.71,0.9289,0.037299,False
208,56,0.1,wsr,True,0.57,0.9782,0.053718,False
208,56,0.1,hoeffding,False,,,,
208,56,0.1,mpeb,False,,,,
208,56,0.1,t,True,0.55,0.9844,0.056007,False
208,56,0.1,site_boot,True,0.55,0.9844,0.056007,False
208,57,0.05,wsr,False,,,,
208,57,0.05,hoeffding,False,,,,
208,57,0.05,mpeb,False,,,,
208,57,0.05,t,True,0.63,0.9577,0.048411,False
208,57,0.05,site_boot,True,0.63,0.9577,0.048411,False
208,57,0.1,wsr,True,0.55,0.9839,0.057761,False
208,57,0.1,hoeffding,False,,,,
208,57,0.1,mpeb,False,,,,
208,57,0.1,t,True,0.55,0.9839,0.057761,False
208,57,0.1,site_boot,True,0.55,0.9839,0.057761,False
208,58,0.05,wsr,False,,,,
208,58,0.05,hoeffding,False,,,,
208,58,0.05,mpeb,False,,,,
208,58,0.05,t,True,0.65,0.9525,0.042611,False
208,58,0.05,site_boot,True,0.65,0.9525,0.042611,False
208,58,0.1,wsr,True,0.55,0.9848,0.054424,False
208,58,0.1,hoeffding,False,,,,
208,58,0.1,mpeb,False,,,,
208,58,0.1,t,True,0.55,0.9848,0.054424,False
208,58,0.1,site_boot,True,0.55,0.9848,0.054424,False
208,59,0.05,wsr,False,,,,
208,59,0.05,hoeffding,False,,,,
208,59,0.05,mpeb,False,,,,
208,59,0.05,t,True,0.65,0.9559,0.04416,False
208,59,0.05,site_boot,True,0.65,0.9559,0.04416,False
208,59,0.1,wsr,True,0.55,0.9854,0.05488,False
208,59,0.1,hoeffding,False,,,,
208,59,0.1,mpeb,False,,,,
208,59,0.1,t,True,0.55,0.9854,0.05488,False
208,59,0.1,site_boot,True,0.55,0.9854,0.05488,False
208,60,0.05,wsr,False,,,,
208,60,0.05,hoeffding,False,,,,
208,60,0.05,mpeb,False,,,,
208,60,0.05,t,True,0.67,0.9461,0.043552,False
208,60,0.05,site_boot,True,0.67,0.9461,0.043552,False
208,60,0.1,wsr,True,0.55,0.985,0.057128,False
208,60,0.1,hoeffding,False,,,,
208,60,0.1,mpeb,False,,,,
208,60,0.1,t,True,0.55,0.985,0.057128,False
208,60,0.1,site_boot,True,0.55,0.985,0.057128,False
208,61,0.05,wsr,False,,,,
208,61,0.05,hoeffding,False,,,,
208,61,0.05,mpeb,False,,,,
208,61,0.05,t,True,0.67,0.9449,0.046755,False
208,61,0.05,site_boot,True,0.67,0.9449,0.046755,False
208,61,0.1,wsr,True,0.55,0.9846,0.060722,False
208,61,0.1,hoeffding,False,,,,
208,61,0.1,mpeb,False,,,,
208,61,0.1,t,True,0.55,0.9846,0.060722,False
208,61,0.1,site_boot,True,0.55,0.9846,0.060722,False
208,62,0.05,wsr,False,,,,
208,62,0.05,hoeffding,False,,,,
208,62,0.05,mpeb,False,,,,
208,62,0.05,t,True,0.61,0.9683,0.050676,True
208,62,0.05,site_boot,True,0.61,0.9683,0.050676,True
208,62,0.1,wsr,True,0.55,0.9861,0.057418,False
208,62,0.1,hoeffding,False,,,,
208,62,0.1,mpeb,False,,,,
208,62,0.1,t,True,0.55,0.9861,0.057418,False
208,62,0.1,site_boot,True,0.55,0.9861,0.057418,False
208,63,0.05,wsr,False,,,,
208,63,0.05,hoeffding,False,,,,
208,63,0.05,mpeb,False,,,,
208,63,0.05,t,True,0.65,0.9518,0.051299,True
208,63,0.05,site_boot,True,0.65,0.9518,0.051299,True
208,63,0.1,wsr,True,0.55,0.9846,0.063725,False
208,63,0.1,hoeffding,False,,,,
208,63,0.1,mpeb,False,,,,
208,63,0.1,t,True,0.55,0.9846,0.063725,False
208,63,0.1,site_boot,True,0.55,0.9846,0.063725,False
208,64,0.05,wsr,False,,,,
208,64,0.05,hoeffding,False,,,,
208,64,0.05,mpeb,False,,,,
208,64,0.05,t,True,0.65,0.953,0.046044,False
208,64,0.05,site_boot,True,0.65,0.953,0.046044,False
208,64,0.1,wsr,True,0.55,0.9849,0.057699,False
208,64,0.1,hoeffding,False,,,,
208,64,0.1,mpeb,False,,,,
208,64,0.1,t,True,0.55,0.9849,0.057699,False
208,64,0.1,site_boot,True,0.55,0.9849,0.057699,False
208,65,0.05,wsr,False,,,,
208,65,0.05,hoeffding,False,,,,
208,65,0.05,mpeb,False,,,,
208,65,0.05,t,True,0.65,0.9532,0.047247,False
208,65,0.05,site_boot,True,0.67,0.9463,0.045215,False
208,65,0.1,wsr,True,0.55,0.9852,0.05796,False
208,65,0.1,hoeffding,False,,,,
208,65,0.1,mpeb,False,,,,
208,65,0.1,t,True,0.55,0.9852,0.05796,False
208,65,0.1,site_boot,True,0.55,0.9852,0.05796,False
208,66,0.05,wsr,False,,,,
208,66,0.05,hoeffding,False,,,,
208,66,0.05,mpeb,False,,,,
208,66,0.05,t,True,0.67,0.9455,0.043825,False
208,66,0.05,site_boot,True,0.65,0.9524,0.045844,False
208,66,0.1,wsr,True,0.55,0.9849,0.058014,False
208,66,0.1,hoeffding,False,,,,
208,66,0.1,mpeb,False,,,,
208,66,0.1,t,True,0.55,0.9849,0.058014,False
208,66,0.1,site_boot,True,0.55,0.9849,0.058014,False
208,67,0.05,wsr,False,,,,
208,67,0.05,hoeffding,False,,,,
208,67,0.05,mpeb,False,,,,
208,67,0.05,t,True,0.67,0.9462,0.04373,False
208,67,0.05,site_boot,True,0.67,0.9462,0.04373,False
208,67,0.1,wsr,True,0.55,0.9844,0.056759,False
208,67,0.1,hoeffding,False,,,,
208,67,0.1,mpeb,False,,,,
208,67,0.1,t,True,0.55,0.9844,0.056759,False
208,67,0.1,site_boot,True,0.55,0.9844,0.056759,False
208,68,0.05,wsr,False,,,,
208,68,0.05,hoeffding,False,,,,
208,68,0.05,mpeb,False,,,,
208,68,0.05,t,True,0.65,0.9537,0.04292,False
208,68,0.05,site_boot,True,0.65,0.9537,0.04292,False
208,68,0.1,wsr,True,0.55,0.9857,0.05477,False
208,68,0.1,hoeffding,False,,,,
208,68,0.1,mpeb,False,,,,
208,68,0.1,t,True,0.55,0.9857,0.05477,False
208,68,0.1,site_boot,True,0.55,0.9857,0.05477,False
208,69,0.05,wsr,False,,,,
208,69,0.05,hoeffding,False,,,,
208,69,0.05,mpeb,False,,,,
208,69,0.05,t,True,0.65,0.9504,0.04811,False
208,69,0.05,site_boot,True,0.65,0.9504,0.04811,False
208,69,0.1,wsr,True,0.55,0.9843,0.059409,False
208,69,0.1,hoeffding,False,,,,
208,69,0.1,mpeb,False,,,,
208,69,0.1,t,True,0.55,0.9843,0.059409,False
208,69,0.1,site_boot,True,0.55,0.9843,0.059409,False
208,70,0.05,wsr,False,,,,
208,70,0.05,hoeffding,False,,,,
208,70,0.05,mpeb,False,,,,
208,70,0.05,t,True,0.63,0.9627,0.047709,False
208,70,0.05,site_boot,True,0.65,0.9565,0.045506,False
208,70,0.1,wsr,True,0.55,0.9862,0.05717,False
208,70,0.1,hoeffding,False,,,,
208,70,0.1,mpeb,False,,,,
208,70,0.1,t,True,0.55,0.9862,0.05717,False
208,70,0.1,site_boot,True,0.55,0.9862,0.05717,False
208,71,0.05,wsr,False,,,,
208,71,0.05,hoeffding,False,,,,
208,71,0.05,mpeb,False,,,,
208,71,0.05,t,True,0.71,0.9335,0.040116,False
208,71,0.05,site_boot,True,0.71,0.9335,0.040116,False
208,71,0.1,wsr,True,0.59,0.9745,0.054374,False
208,71,0.1,hoeffding,False,,,,
208,71,0.1,mpeb,False,,,,
208,71,0.1,t,True,0.55,0.9861,0.058747,False
208,71,0.1,site_boot,True,0.55,0.9861,0.058747,False
208,72,0.05,wsr,False,,,,
208,72,0.05,hoeffding,False,,,,
208,72,0.05,mpeb,False,,,,
208,72,0.05,t,True,0.63,0.9599,0.050117,True
208,72,0.05,site_boot,True,0.63,0.9599,0.050117,True
208,72,0.1,wsr,True,0.55,0.9849,0.060251,False
208,72,0.1,hoeffding,False,,,,
208,72,0.1,mpeb,False,,,,
208,72,0.1,t,True,0.55,0.9849,0.060251,False
208,72,0.1,site_boot,True,0.55,0.9849,0.060251,False
208,73,0.05,wsr,False,,,,
208,73,0.05,hoeffding,False,,,,
208,73,0.05,mpeb,False,,,,
208,73,0.05,t,True,0.63,0.9595,0.048582,False
208,73,0.05,site_boot,True,0.63,0.9595,0.048582,False
208,73,0.1,wsr,True,0.55,0.9847,0.057623,False
208,73,0.1,hoeffding,False,,,,
208,73,0.1,mpeb,False,,,,
208,73,0.1,t,True,0.55,0.9847,0.057623,False
208,73,0.1,site_boot,True,0.55,0.9847,0.057623,False
208,74,0.05,wsr,False,,,,
208,74,0.05,hoeffding,False,,,,
208,74,0.05,mpeb,False,,,,
208,74,0.05,t,True,0.67,0.9455,0.042573,False
208,74,0.05,site_boot,True,0.67,0.9455,0.042573,False
208,74,0.1,wsr,True,0.57,0.9786,0.053926,False
208,74,0.1,hoeffding,False,,,,
208,74,0.1,mpeb,False,,,,
208,74,0.1,t,True,0.55,0.9849,0.05597,False
208,74,0.1,site_boot,True,0.55,0.9849,0.05597,False
208,75,0.05,wsr,False,,,,
208,75,0.05,hoeffding,False,,,,
208,75,0.05,mpeb,False,,,,
208,75,0.05,t,True,0.69,0.9451,0.042017,False
208,75,0.05,site_boot,True,0.69,0.9451,0.042017,False
208,75,0.1,wsr,True,0.57,0.9807,0.054492,False
208,75,0.1,hoeffding,False,,,,
208,75,0.1,mpeb,False,,,,
208,75,0.1,t,True,0.55,0.9861,0.056743,False
208,75,0.1,site_boot,True,0.55,0.9861,0.056743,False
208,76,0.05,wsr,False,,,,
208,76,0.05,hoeffding,False,,,,
208,76,0.05,mpeb,False,,,,
208,76,0.05,t,True,0.67,0.9478,0.045176,False
208,76,0.05,site_boot,True,0.67,0.9478,0.045176,False
208,76,0.1,wsr,True,0.55,0.9855,0.058347,False
208,76,0.1,hoeffding,False,,,,
208,76,0.1,mpeb,False,,,,
208,76,0.1,t,True,0.55,0.9855,0.058347,False
208,76,0.1,site_boot,True,0.55,0.9855,0.058347,False
208,77,0.05,wsr,False,,,,
208,77,0.05,hoeffding,False,,,,
208,77,0.05,mpeb,False,,,,
208,77,0.05,t,True,0.65,0.9526,0.046388,False
208,77,0.05,site_boot,True,0.65,0.9526,0.046388,False
208,77,0.1,wsr,True,0.55,0.9848,0.056484,False
208,77,0.1,hoeffding,False,,,,
208,77,0.1,mpeb,False,,,,
208,77,0.1,t,True,0.55,0.9848,0.056484,False
208,77,0.1,site_boot,True,0.55,0.9848,0.056484,False
208,78,0.05,wsr,False,,,,
208,78,0.05,hoeffding,False,,,,
208,78,0.05,mpeb,False,,,,
208,78,0.05,t,True,0.67,0.9458,0.043344,False
208,78,0.05,site_boot,True,0.67,0.9458,0.043344,False
208,78,0.1,wsr,True,0.55,0.9845,0.056618,False
208,78,0.1,hoeffding,False,,,,
208,78,0.1,mpeb,False,,,,
208,78,0.1,t,True,0.55,0.9845,0.056618,False
208,78,0.1,site_boot,True,0.55,0.9845,0.056618,False
208,79,0.05,wsr,False,,,,
208,79,0.05,hoeffding,False,,,,
208,79,0.05,mpeb,False,,,,
208,79,0.05,t,True,0.63,0.9592,0.049533,False
208,79,0.05,site_boot,True,0.63,0.9592,0.049533,False
208,79,0.1,wsr,True,0.55,0.9848,0.058904,False
208,79,0.1,hoeffding,False,,,,
208,79,0.1,mpeb,False,,,,
208,79,0.1,t,True,0.55,0.9848,0.058904,False
208,79,0.1,site_boot,True,0.55,0.9848,0.058904,False
208,80,0.05,wsr,False,,,,
208,80,0.05,hoeffding,False,,,,
208,80,0.05,mpeb,False,,,,
208,80,0.05,t,True,0.67,0.9488,0.040747,False
208,80,0.05,site_boot,True,0.67,0.9488,0.040747,False
208,80,0.1,wsr,True,0.55,0.9854,0.053911,False
208,80,0.1,hoeffding,False,,,,
208,80,0.1,mpeb,False,,,,
208,80,0.1,t,True,0.55,0.9854,0.053911,False
208,80,0.1,site_boot,True,0.55,0.9854,0.053911,False
208,81,0.05,wsr,False,,,,
208,81,0.05,hoeffding,False,,,,
208,81,0.05,mpeb,False,,,,
208,81,0.05,t,True,0.67,0.9474,0.042533,False
208,81,0.05,site_boot,True,0.67,0.9474,0.042533,False
208,81,0.1,wsr,True,0.55,0.9854,0.056108,False
208,81,0.1,hoeffding,False,,,,
208,81,0.1,mpeb,False,,,,
208,81,0.1,t,True,0.55,0.9854,0.056108,False
208,81,0.1,site_boot,True,0.55,0.9854,0.056108,False
208,82,0.05,wsr,False,,,,
208,82,0.05,hoeffding,False,,,,
208,82,0.05,mpeb,False,,,,
208,82,0.05,t,True,0.63,0.9616,0.046268,False
208,82,0.05,site_boot,True,0.63,0.9616,0.046268,False
208,82,0.1,wsr,True,0.55,0.9856,0.054396,False
208,82,0.1,hoeffding,False,,,,
208,82,0.1,mpeb,False,,,,
208,82,0.1,t,True,0.55,0.9856,0.054396,False
208,82,0.1,site_boot,True,0.55,0.9856,0.054396,False
208,83,0.05,wsr,False,,,,
208,83,0.05,hoeffding,False,,,,
208,83,0.05,mpeb,False,,,,
208,83,0.05,t,True,0.63,0.9601,0.047576,False
208,83,0.05,site_boot,True,0.63,0.9601,0.047576,False
208,83,0.1,wsr,True,0.55,0.9851,0.05652,False
208,83,0.1,hoeffding,False,,,,
208,83,0.1,mpeb,False,,,,
208,83,0.1,t,True,0.55,0.9851,0.05652,False
208,83,0.1,site_boot,True,0.55,0.9851,0.05652,False
208,84,0.05,wsr,False,,,,
208,84,0.05,hoeffding,False,,,,
208,84,0.05,mpeb,False,,,,
208,84,0.05,t,True,0.71,0.9338,0.039935,False
208,84,0.05,site_boot,True,0.71,0.9338,0.039935,False
208,84,0.1,wsr,True,0.57,0.9792,0.055151,False
208,84,0.1,hoeffding,False,,,,
208,84,0.1,mpeb,False,,,,
208,84,0.1,t,True,0.55,0.9854,0.057462,False
208,84,0.1,site_boot,True,0.55,0.9854,0.057462,False
208,85,0.05,wsr,False,,,,
208,85,0.05,hoeffding,False,,,,
208,85,0.05,mpeb,False,,,,
208,85,0.05,t,True,0.65,0.9524,0.046233,False
208,85,0.05,site_boot,True,0.65,0.9524,0.046233,False
208,85,0.1,wsr,True,0.55,0.9847,0.057488,False
208,85,0.1,hoeffding,False,,,,
208,85,0.1,mpeb,False,,,,
208,85,0.1,t,True,0.55,0.9847,0.057488,False
208,85,0.1,site_boot,True,0.55,0.9847,0.057488,False
208,86,0.05,wsr,False,,,,
208,86,0.05,hoeffding,False,,,,
208,86,0.05,mpeb,False,,,,
208,86,0.05,t,True,0.65,0.9522,0.045717,False
208,86,0.05,site_boot,True,0.65,0.9522,0.045717,False
208,86,0.1,wsr,True,0.55,0.9847,0.057869,False
208,86,0.1,hoeffding,False,,,,
208,86,0.1,mpeb,False,,,,
208,86,0.1,t,True,0.55,0.9847,0.057869,False
208,86,0.1,site_boot,True,0.55,0.9847,0.057869,False
208,87,0.05,wsr,False,,,,
208,87,0.05,hoeffding,False,,,,
208,87,0.05,mpeb,False,,,,
208,87,0.05,t,True,0.67,0.9473,0.045294,False
208,87,0.05,site_boot,True,0.67,0.9473,0.045294,False
208,87,0.1,wsr,True,0.55,0.9857,0.059,False
208,87,0.1,hoeffding,False,,,,
208,87,0.1,mpeb,False,,,,
208,87,0.1,t,True,0.55,0.9857,0.059,False
208,87,0.1,site_boot,True,0.55,0.9857,0.059,False
208,88,0.05,wsr,False,,,,
208,88,0.05,hoeffding,False,,,,
208,88,0.05,mpeb,False,,,,
208,88,0.05,t,True,0.63,0.9601,0.047031,False
208,88,0.05,site_boot,True,0.63,0.9601,0.047031,False
208,88,0.1,wsr,True,0.55,0.9853,0.055999,False
208,88,0.1,hoeffding,False,,,,
208,88,0.1,mpeb,False,,,,
208,88,0.1,t,True,0.55,0.9853,0.055999,False
208,88,0.1,site_boot,True,0.55,0.9853,0.055999,False
208,89,0.05,wsr,False,,,,
208,89,0.05,hoeffding,False,,,,
208,89,0.05,mpeb,False,,,,
208,89,0.05,t,True,0.63,0.9595,0.047261,False
208,89,0.05,site_boot,True,0.63,0.9595,0.047261,False
208,89,0.1,wsr,True,0.55,0.9844,0.056617,False
208,89,0.1,hoeffding,False,,,,
208,89,0.1,mpeb,False,,,,
208,89,0.1,t,True,0.55,0.9844,0.056617,False
208,89,0.1,site_boot,True,0.55,0.9844,0.056617,False
208,90,0.05,wsr,False,,,,
208,90,0.05,hoeffding,False,,,,
208,90,0.05,mpeb,False,,,,
208,90,0.05,t,True,0.65,0.9514,0.047579,False
208,90,0.05,site_boot,True,0.65,0.9514,0.047579,False
208,90,0.1,wsr,True,0.55,0.9842,0.058622,False
208,90,0.1,hoeffding,False,,,,
208,90,0.1,mpeb,False,,,,
208,90,0.1,t,True,0.55,0.9842,0.058622,False
208,90,0.1,site_boot,True,0.55,0.9842,0.058622,False
208,91,0.05,wsr,False,,,,
208,91,0.05,hoeffding,False,,,,
208,91,0.05,mpeb,False,,,,
208,91,0.05,t,True,0.63,0.9589,0.046101,False
208,91,0.05,site_boot,True,0.63,0.9589,0.046101,False
208,91,0.1,wsr,True,0.55,0.9846,0.055181,False
208,91,0.1,hoeffding,False,,,,
208,91,0.1,mpeb,False,,,,
208,91,0.1,t,True,0.55,0.9846,0.055181,False
208,91,0.1,site_boot,True,0.55,0.9846,0.055181,False
208,92,0.05,wsr,False,,,,
208,92,0.05,hoeffding,False,,,,
208,92,0.05,mpeb,False,,,,
208,92,0.05,t,True,0.71,0.9316,0.039965,False
208,92,0.05,site_boot,True,0.71,0.9316,0.039965,False
208,92,0.1,wsr,True,0.57,0.979,0.054967,False
208,92,0.1,hoeffding,False,,,,
208,92,0.1,mpeb,False,,,,
208,92,0.1,t,True,0.55,0.9852,0.057412,False
208,92,0.1,site_boot,True,0.55,0.9852,0.057412,False
208,93,0.05,wsr,False,,,,
208,93,0.05,hoeffding,False,,,,
208,93,0.05,mpeb,False,,,,
208,93,0.05,t,True,0.67,0.9467,0.044399,False
208,93,0.05,site_boot,True,0.67,0.9467,0.044399,False
208,93,0.1,wsr,True,0.55,0.9848,0.057945,False
208,93,0.1,hoeffding,False,,,,
208,93,0.1,mpeb,False,,,,
208,93,0.1,t,True,0.55,0.9848,0.057945,False
208,93,0.1,site_boot,True,0.55,0.9848,0.057945,False
208,94,0.05,wsr,False,,,,
208,94,0.05,hoeffding,False,,,,
208,94,0.05,mpeb,False,,,,
208,94,0.05,t,True,0.65,0.9519,0.046736,False
208,94,0.05,site_boot,True,0.65,0.9519,0.046736,False
208,94,0.1,wsr,True,0.55,0.9848,0.05754,False
208,94,0.1,hoeffding,False,,,,
208,94,0.1,mpeb,False,,,,
208,94,0.1,t,True,0.55,0.9848,0.05754,False
208,94,0.1,site_boot,True,0.55,0.9848,0.05754,False
208,95,0.05,wsr,False,,,,
208,95,0.05,hoeffding,False,,,,
208,95,0.05,mpeb,False,,,,
208,95,0.05,t,True,0.65,0.9521,0.046954,False
208,95,0.05,site_boot,True,0.65,0.9521,0.046954,False
208,95,0.1,wsr,True,0.55,0.9849,0.058808,False
208,95,0.1,hoeffding,False,,,,
208,95,0.1,mpeb,False,,,,
208,95,0.1,t,True,0.55,0.9849,0.058808,False
208,95,0.1,site_boot,True,0.55,0.9849,0.058808,False
208,96,0.05,wsr,False,,,,
208,96,0.05,hoeffding,False,,,,
208,96,0.05,mpeb,False,,,,
208,96,0.05,t,True,0.65,0.9527,0.046114,False
208,96,0.05,site_boot,True,0.65,0.9527,0.046114,False
208,96,0.1,wsr,True,0.55,0.9853,0.057605,False
208,96,0.1,hoeffding,False,,,,
208,96,0.1,mpeb,False,,,,
208,96,0.1,t,True,0.55,0.9853,0.057605,False
208,96,0.1,site_boot,True,0.55,0.9853,0.057605,False
208,97,0.05,wsr,False,,,,
208,97,0.05,hoeffding,False,,,,
208,97,0.05,mpeb,False,,,,
208,97,0.05,t,True,0.63,0.959,0.046139,False
208,97,0.05,site_boot,True,0.63,0.959,0.046139,False
208,97,0.1,wsr,True,0.55,0.9846,0.055161,False
208,97,0.1,hoeffding,False,,,,
208,97,0.1,mpeb,False,,,,
208,97,0.1,t,True,0.55,0.9846,0.055161,False
208,97,0.1,site_boot,True,0.55,0.9846,0.055161,False
208,98,0.05,wsr,False,,,,
208,98,0.05,hoeffding,False,,,,
208,98,0.05,mpeb,False,,,,
208,98,0.05,t,True,0.67,0.946,0.043303,False
208,98,0.05,site_boot,True,0.67,0.946,0.043303,False
208,98,0.1,wsr,True,0.55,0.985,0.056973,False
208,98,0.1,hoeffding,False,,,,
208,98,0.1,mpeb,False,,,,
208,98,0.1,t,True,0.55,0.985,0.056973,False
208,98,0.1,site_boot,True,0.55,0.985,0.056973,False
208,99,0.05,wsr,False,,,,
208,99,0.05,hoeffding,False,,,,
208,99,0.05,mpeb,False,,,,
208,99,0.05,t,True,0.63,0.9613,0.048159,False
208,99,0.05,site_boot,True,0.63,0.9613,0.048159,False
208,99,0.1,wsr,True,0.55,0.9848,0.056772,False
208,99,0.1,hoeffding,False,,,,
208,99,0.1,mpeb,False,,,,
208,99,0.1,t,True,0.55,0.9848,0.056772,False
208,99,0.1,site_boot,True,0.55,0.9848,0.056772,False
208,100,0.05,wsr,False,,,,
208,100,0.05,hoeffding,False,,,,
208,100,0.05,mpeb,False,,,,
208,100,0.05,t,True,0.63,0.9597,0.048148,False
208,100,0.05,site_boot,True,0.63,0.9597,0.048148,False
208,100,0.1,wsr,True,0.55,0.985,0.057512,False
208,100,0.1,hoeffding,False,,,,
208,100,0.1,mpeb,False,,,,
208,100,0.1,t,True,0.55,0.985,0.057512,False
208,100,0.1,site_boot,True,0.55,0.985,0.057512,False
208,101,0.05,wsr,False,,,,
208,101,0.05,hoeffding,False,,,,
208,101,0.05,mpeb,False,,,,
208,101,0.05,t,True,0.67,0.9465,0.047953,False
208,101,0.05,site_boot,True,0.67,0.9465,0.047953,False
208,101,0.1,wsr,True,0.55,0.9854,0.061656,False
208,101,0.1,hoeffding,False,,,,
208,101,0.1,mpeb,False,,,,
208,101,0.1,t,True,0.55,0.9854,0.061656,False
208,101,0.1,site_boot,True,0.55,0.9854,0.061656,False
208,102,0.05,wsr,False,,,,
208,102,0.05,hoeffding,False,,,,
208,102,0.05,mpeb,False,,,,
208,102,0.05,t,True,0.67,0.9406,0.042269,False
208,102,0.05,site_boot,True,0.67,0.9406,0.042269,False
208,102,0.1,wsr,True,0.55,0.9834,0.057379,False
208,102,0.1,hoeffding,False,,,,
208,102,0.1,mpeb,False,,,,
208,102,0.1,t,True,0.55,0.9834,0.057379,False
208,102,0.1,site_boot,True,0.55,0.9834,0.057379,False
208,103,0.05,wsr,False,,,,
208,103,0.05,hoeffding,False,,,,
208,103,0.05,mpeb,False,,,,
208,103,0.05,t,True,0.65,0.9526,0.045527,False
208,103,0.05,site_boot,True,0.65,0.9526,0.045527,False
208,103,0.1,wsr,True,0.55,0.9843,0.056888,False
208,103,0.1,hoeffding,False,,,,
208,103,0.1,mpeb,False,,,,
208,103,0.1,t,True,0.55,0.9843,0.056888,False
208,103,0.1,site_boot,True,0.55,0.9843,0.056888,False
208,104,0.05,wsr,False,,,,
208,104,0.05,hoeffding,False,,,,
208,104,0.05,mpeb,False,,,,
208,104,0.05,t,True,0.65,0.9523,0.045851,False
208,104,0.05,site_boot,True,0.63,0.9592,0.047456,False
208,104,0.1,wsr,True,0.55,0.9845,0.056664,False
208,104,0.1,hoeffding,False,,,,
208,104,0.1,mpeb,False,,,,
208,104,0.1,t,True,0.55,0.9845,0.056664,False
208,104,0.1,site_boot,True,0.55,0.9845,0.056664,False
208,105,0.05,wsr,False,,,,
208,105,0.05,hoeffding,False,,,,
208,105,0.05,mpeb,False,,,,
208,105,0.05,t,True,0.67,0.9437,0.044742,False
208,105,0.05,site_boot,True,0.67,0.9437,0.044742,False
208,105,0.1,wsr,True,0.57,0.9784,0.056734,False
208,105,0.1,hoeffding,False,,,,
208,105,0.1,mpeb,False,,,,
208,105,0.1,t,True,0.55,0.9845,0.059285,False
208,105,0.1,site_boot,True,0.55,0.9845,0.059285,False
208,106,0.05,wsr,False,,,,
208,106,0.05,hoeffding,False,,,,
208,106,0.05,mpeb,False,,,,
208,106,0.05,t,True,0.67,0.9461,0.043958,False
208,106,0.05,site_boot,True,0.67,0.9461,0.043958,False
208,106,0.1,wsr,True,0.55,0.9847,0.057173,False
208,106,0.1,hoeffding,False,,,,
208,106,0.1,mpeb,False,,,,
208,106,0.1,t,True,0.55,0.9847,0.057173,False
208,106,0.1,site_boot,True,0.55,0.9847,0.057173,False
208,107,0.05,wsr,False,,,,
208,107,0.05,hoeffding,False,,,,
208,107,0.05,mpeb,False,,,,
208,107,0.05,t,True,0.65,0.9529,0.047555,False
208,107,0.05,site_boot,True,0.65,0.9529,0.047555,False
208,107,0.1,wsr,True,0.55,0.985,0.058329,False
208,107,0.1,hoeffding,False,,,,
208,107,0.1,mpeb,False,,,,
208,107,0.1,t,True,0.55,0.985,0.058329,False
208,107,0.1,site_boot,True,0.55,0.985,0.058329,False
208,108,0.05,wsr,False,,,,
208,108,0.05,hoeffding,False,,,,
208,108,0.05,mpeb,False,,,,
208,108,0.05,t,True,0.67,0.9477,0.043756,False
208,108,0.05,site_boot,True,0.67,0.9477,0.043756,False
208,108,0.1,wsr,True,0.55,0.9857,0.05774,False
208,108,0.1,hoeffding,False,,,,
208,108,0.1,mpeb,False,,,,
208,108,0.1,t,True,0.55,0.9857,0.05774,False
208,108,0.1,site_boot,True,0.55,0.9857,0.05774,False
208,109,0.05,wsr,False,,,,
208,109,0.05,hoeffding,False,,,,
208,109,0.05,mpeb,False,,,,
208,109,0.05,t,True,0.65,0.9513,0.046684,False
208,109,0.05,site_boot,True,0.65,0.9513,0.046684,False
208,109,0.1,wsr,True,0.55,0.9845,0.058263,False
208,109,0.1,hoeffding,False,,,,
208,109,0.1,mpeb,False,,,,
208,109,0.1,t,True,0.55,0.9845,0.058263,False
208,109,0.1,site_boot,True,0.55,0.9845,0.058263,False
208,110,0.05,wsr,False,,,,
208,110,0.05,hoeffding,False,,,,
208,110,0.05,mpeb,False,,,,
208,110,0.05,t,True,0.59,0.9725,0.05074,True
208,110,0.05,site_boot,True,0.61,0.9658,0.048387,False
208,110,0.1,wsr,True,0.55,0.9849,0.055426,False
208,110,0.1,hoeffding,False,,,,
208,110,0.1,mpeb,False,,,,
208,110,0.1,t,True,0.55,0.9849,0.055426,False
208,110,0.1,site_boot,True,0.55,0.9849,0.055426,False
208,111,0.05,wsr,False,,,,
208,111,0.05,hoeffding,False,,,,
208,111,0.05,mpeb,False,,,,
208,111,0.05,t,True,0.65,0.95,0.04392,False
208,111,0.05,site_boot,True,0.65,0.95,0.04392,False
208,111,0.1,wsr,True,0.55,0.9839,0.056227,False
208,111,0.1,hoeffding,False,,,,
208,111,0.1,mpeb,False,,,,
208,111,0.1,t,True,0.55,0.9839,0.056227,False
208,111,0.1,site_boot,True,0.55,0.9839,0.056227,False
208,112,0.05,wsr,False,,,,
208,112,0.05,hoeffding,False,,,,
208,112,0.05,mpeb,False,,,,
208,112,0.05,t,True,0.63,0.9575,0.048825,False
208,112,0.05,site_boot,True,0.63,0.9575,0.048825,False
208,112,0.1,wsr,True,0.55,0.9841,0.05806,False
208,112,0.1,hoeffding,False,,,,
208,112,0.1,mpeb,False,,,,
208,112,0.1,t,True,0.55,0.9841,0.05806,False
208,112,0.1,site_boot,True,0.55,0.9841,0.05806,False
208,113,0.05,wsr,False,,,,
208,113,0.05,hoeffding,False,,,,
208,113,0.05,mpeb,False,,,,
208,113,0.05,t,True,0.63,0.9601,0.047003,False
208,113,0.05,site_boot,True,0.63,0.9601,0.047003,False
208,113,0.1,wsr,True,0.55,0.9851,0.055911,False
208,113,0.1,hoeffding,False,,,,
208,113,0.1,mpeb,False,,,,
208,113,0.1,t,True,0.55,0.9851,0.055911,False
208,113,0.1,site_boot,True,0.55,0.9851,0.055911,False
208,114,0.05,wsr,False,,,,
208,114,0.05,hoeffding,False,,,,
208,114,0.05,mpeb,False,,,,
208,114,0.05,t,True,0.63,0.9604,0.049057,False
208,114,0.05,site_boot,True,0.63,0.9604,0.049057,False
208,114,0.1,wsr,True,0.55,0.9854,0.058178,False
208,114,0.1,hoeffding,False,,,,
208,114,0.1,mpeb,False,,,,
208,114,0.1,t,True,0.55,0.9854,0.058178,False
208,114,0.1,site_boot,True,0.55,0.9854,0.058178,False
208,115,0.05,wsr,False,,,,
208,115,0.05,hoeffding,False,,,,
208,115,0.05,mpeb,False,,,,
208,115,0.05,t,True,0.65,0.9483,0.045525,False
208,115,0.05,site_boot,True,0.65,0.9483,0.045525,False
208,115,0.1,wsr,True,0.55,0.9832,0.057798,False
208,115,0.1,hoeffding,False,,,,
208,115,0.1,mpeb,False,,,,
208,115,0.1,t,True,0.55,0.9832,0.057798,False
208,115,0.1,site_boot,True,0.55,0.9832,0.057798,False
208,116,0.05,wsr,False,,,,
208,116,0.05,hoeffding,False,,,,
208,116,0.05,mpeb,False,,,,
208,116,0.05,t,True,0.63,0.9602,0.048671,False
208,116,0.05,site_boot,True,0.63,0.9602,0.048671,False
208,116,0.1,wsr,True,0.55,0.9849,0.057845,False
208,116,0.1,hoeffding,False,,,,
208,116,0.1,mpeb,False,,,,
208,116,0.1,t,True,0.55,0.9849,0.057845,False
208,116,0.1,site_boot,True,0.55,0.9849,0.057845,False
208,117,0.05,wsr,False,,,,
208,117,0.05,hoeffding,False,,,,
208,117,0.05,mpeb,False,,,,
208,117,0.05,t,True,0.71,0.9365,0.041604,False
208,117,0.05,site_boot,True,0.71,0.9365,0.041604,False
208,117,0.1,wsr,True,0.57,0.9801,0.056025,False
208,117,0.1,hoeffding,False,,,,
208,117,0.1,mpeb,False,,,,
208,117,0.1,t,True,0.55,0.986,0.05844,False
208,117,0.1,site_boot,True,0.55,0.986,0.05844,False
208,118,0.05,wsr,False,,,,
208,118,0.05,hoeffding,False,,,,
208,118,0.05,mpeb,False,,,,
208,118,0.05,t,True,0.69,0.9358,0.041679,False
208,118,0.05,site_boot,True,0.69,0.9358,0.041679,False
208,118,0.1,wsr,True,0.57,0.9776,0.054601,False
208,118,0.1,hoeffding,False,,,,
208,118,0.1,mpeb,False,,,,
208,118,0.1,t,True,0.55,0.9837,0.056864,False
208,118,0.1,site_boot,True,0.55,0.9837,0.056864,False
208,119,0.05,wsr,False,,,,
208,119,0.05,hoeffding,False,,,,
208,119,0.05,mpeb,False,,,,
208,119,0.05,t,True,0.65,0.9541,0.046162,False
208,119,0.05,site_boot,True,0.65,0.9541,0.046162,False
208,119,0.1,wsr,True,0.55,0.9847,0.056715,False
208,119,0.1,hoeffding,False,,,,
208,119,0.1,mpeb,False,,,,
208,119,0.1,t,True,0.55,0.9847,0.056715,False
208,119,0.1,site_boot,True,0.55,0.9847,0.056715,False
208,120,0.05,wsr,False,,,,
208,120,0.05,hoeffding,False,,,,
208,120,0.05,mpeb,False,,,,
208,120,0.05,t,True,0.67,0.9484,0.044057,False
208,120,0.05,site_boot,True,0.67,0.9484,0.044057,False
208,120,0.1,wsr,True,0.55,0.9852,0.056843,False
208,120,0.1,hoeffding,False,,,,
208,120,0.1,mpeb,False,,,,
208,120,0.1,t,True,0.55,0.9852,0.056843,False
208,120,0.1,site_boot,True,0.55,0.9852,0.056843,False
208,121,0.05,wsr,False,,,,
208,121,0.05,hoeffding,False,,,,
208,121,0.05,mpeb,False,,,,
208,121,0.05,t,True,0.67,0.9482,0.042235,False
208,121,0.05,site_boot,True,0.67,0.9482,0.042235,False
208,121,0.1,wsr,True,0.55,0.9858,0.055365,False
208,121,0.1,hoeffding,False,,,,
208,121,0.1,mpeb,False,,,,
208,121,0.1,t,True,0.55,0.9858,0.055365,False
208,121,0.1,site_boot,True,0.55,0.9858,0.055365,False
208,122,0.05,wsr,False,,,,
208,122,0.05,hoeffding,False,,,,
208,122,0.05,mpeb,False,,,,
208,122,0.05,t,True,0.65,0.9542,0.045599,False
208,122,0.05,site_boot,True,0.65,0.9542,0.045599,False
208,122,0.1,wsr,True,0.55,0.9855,0.056703,False
208,122,0.1,hoeffding,False,,,,
208,122,0.1,mpeb,False,,,,
208,122,0.1,t,True,0.55,0.9855,0.056703,False
208,122,0.1,site_boot,True,0.55,0.9855,0.056703,False
208,123,0.05,wsr,False,,,,
208,123,0.05,hoeffding,False,,,,
208,123,0.05,mpeb,False,,,,
208,123,0.05,t,True,0.63,0.9583,0.04742,False
208,123,0.05,site_boot,True,0.63,0.9583,0.04742,False
208,123,0.1,wsr,True,0.55,0.9845,0.056983,False
208,123,0.1,hoeffding,False,,,,
208,123,0.1,mpeb,False,,,,
208,123,0.1,t,True,0.55,0.9845,0.056983,False
208,123,0.1,site_boot,True,0.55,0.9845,0.056983,False
208,124,0.05,wsr,False,,,,
208,124,0.05,hoeffding,False,,,,
208,124,0.05,mpeb,False,,,,
208,124,0.05,t,True,0.71,0.9334,0.042576,False
208,124,0.05,site_boot,True,0.71,0.9334,0.042576,False
208,124,0.1,wsr,True,0.57,0.9797,0.057262,False
208,124,0.1,hoeffding,False,,,,
208,124,0.1,mpeb,False,,,,
208,124,0.1,t,True,0.55,0.9853,0.0596,False
208,124,0.1,site_boot,True,0.55,0.9853,0.0596,False
208,125,0.05,wsr,False,,,,
208,125,0.05,hoeffding,False,,,,
208,125,0.05,mpeb,False,,,,
208,125,0.05,t,True,0.63,0.963,0.04876,False
208,125,0.05,site_boot,True,0.63,0.963,0.04876,False
208,125,0.1,wsr,True,0.55,0.986,0.05769,False
208,125,0.1,hoeffding,False,,,,
208,125,0.1,mpeb,False,,,,
208,125,0.1,t,True,0.55,0.986,0.05769,False
208,125,0.1,site_boot,True,0.55,0.986,0.05769,False
208,126,0.05,wsr,False,,,,
208,126,0.05,hoeffding,False,,,,
208,126,0.05,mpeb,False,,,,
208,126,0.05,t,True,0.67,0.9461,0.042796,False
208,126,0.05,site_boot,True,0.67,0.9461,0.042796,False
208,126,0.1,wsr,True,0.55,0.9849,0.05741,False
208,126,0.1,hoeffding,False,,,,
208,126,0.1,mpeb,False,,,,
208,126,0.1,t,True,0.55,0.9849,0.05741,False
208,126,0.1,site_boot,True,0.55,0.9849,0.05741,False
208,127,0.05,wsr,False,,,,
208,127,0.05,hoeffding,False,,,,
208,127,0.05,mpeb,False,,,,
208,127,0.05,t,True,0.67,0.9462,0.045601,False
208,127,0.05,site_boot,True,0.67,0.9462,0.045601,False
208,127,0.1,wsr,True,0.55,0.9851,0.058708,False
208,127,0.1,hoeffding,False,,,,
208,127,0.1,mpeb,False,,,,
208,127,0.1,t,True,0.55,0.9851,0.058708,False
208,127,0.1,site_boot,True,0.55,0.9851,0.058708,False
208,128,0.05,wsr,False,,,,
208,128,0.05,hoeffding,False,,,,
208,128,0.05,mpeb,False,,,,
208,128,0.05,t,True,0.67,0.9479,0.045297,False
208,128,0.05,site_boot,True,0.67,0.9479,0.045297,False
208,128,0.1,wsr,True,0.55,0.9857,0.058319,False
208,128,0.1,hoeffding,False,,,,
208,128,0.1,mpeb,False,,,,
208,128,0.1,t,True,0.55,0.9857,0.058319,False
208,128,0.1,site_boot,True,0.55,0.9857,0.058319,False
208,129,0.05,wsr,False,,,,
208,129,0.05,hoeffding,False,,,,
208,129,0.05,mpeb,False,,,,
208,129,0.05,t,True,0.65,0.954,0.044736,False
208,129,0.05,site_boot,True,0.65,0.954,0.044736,False
208,129,0.1,wsr,True,0.55,0.9854,0.055985,False
208,129,0.1,hoeffding,False,,,,
208,129,0.1,mpeb,False,,,,
208,129,0.1,t,True,0.55,0.9854,0.055985,False
208,129,0.1,site_boot,True,0.55,0.9854,0.055985,False
208,130,0.05,wsr,False,,,,
208,130,0.05,hoeffding,False,,,,
208,130,0.05,mpeb,False,,,,
208,130,0.05,t,True,0.65,0.9505,0.045647,False
208,130,0.05,site_boot,True,0.65,0.9505,0.045647,False
208,130,0.1,wsr,True,0.55,0.9843,0.057835,False
208,130,0.1,hoeffding,False,,,,
208,130,0.1,mpeb,False,,,,
208,130,0.1,t,True,0.55,0.9843,0.057835,False
208,130,0.1,site_boot,True,0.55,0.9843,0.057835,False
208,131,0.05,wsr,False,,,,
208,131,0.05,hoeffding,False,,,,
208,131,0.05,mpeb,False,,,,
208,131,0.05,t,True,0.71,0.9315,0.038559,False
208,131,0.05,site_boot,True,0.71,0.9315,0.038559,False
208,131,0.1,wsr,True,0.57,0.9793,0.05414,False
208,131,0.1,hoeffding,False,,,,
208,131,0.1,mpeb,False,,,,
208,131,0.1,t,True,0.55,0.9852,0.05668,False
208,131,0.1,site_boot,True,0.55,0.9852,0.05668,False
208,132,0.05,wsr,False,,,,
208,132,0.05,hoeffding,False,,,,
208,132,0.05,mpeb,False,,,,
208,132,0.05,t,True,0.65,0.9542,0.044014,False
208,132,0.05,site_boot,True,0.65,0.9542,0.044014,False
208,132,0.1,wsr,True,0.55,0.9856,0.055318,False
208,132,0.1,hoeffding,False,,,,
208,132,0.1,mpeb,False,,,,
208,132,0.1,t,True,0.55,0.9856,0.055318,False
208,132,0.1,site_boot,True,0.55,0.9856,0.055318,False
208,133,0.05,wsr,False,,,,
208,133,0.05,hoeffding,False,,,,
208,133,0.05,mpeb,False,,,,
208,133,0.05,t,True,0.63,0.9613,0.047442,False
208,133,0.05,site_boot,True,0.63,0.9613,0.047442,False
208,133,0.1,wsr,True,0.55,0.9855,0.057091,False
208,133,0.1,hoeffding,False,,,,
208,133,0.1,mpeb,False,,,,
208,133,0.1,t,True,0.55,0.9855,0.057091,False
208,133,0.1,site_boot,True,0.55,0.9855,0.057091,False
208,134,0.05,wsr,False,,,,
208,134,0.05,hoeffding,False,,,,
208,134,0.05,mpeb,False,,,,
208,134,0.05,t,True,0.69,0.9392,0.039234,False
208,134,0.05,site_boot,True,0.69,0.9392,0.039234,False
208,134,0.1,wsr,True,0.55,0.9856,0.054677,False
208,134,0.1,hoeffding,False,,,,
208,134,0.1,mpeb,False,,,,
208,134,0.1,t,True,0.55,0.9856,0.054677,False
208,134,0.1,site_boot,True,0.55,0.9856,0.054677,False
208,135,0.05,wsr,False,,,,
208,135,0.05,hoeffding,False,,,,
208,135,0.05,mpeb,False,,,,
208,135,0.05,t,True,0.65,0.9523,0.044721,False
208,135,0.05,site_boot,True,0.65,0.9523,0.044721,False
208,135,0.1,wsr,True,0.55,0.9847,0.056294,False
208,135,0.1,hoeffding,False,,,,
208,135,0.1,mpeb,False,,,,
208,135,0.1,t,True,0.55,0.9847,0.056294,False
208,135,0.1,site_boot,True,0.55,0.9847,0.056294,False
208,136,0.05,wsr,False,,,,
208,136,0.05,hoeffding,False,,,,
208,136,0.05,mpeb,False,,,,
208,136,0.05,t,True,0.67,0.9466,0.041299,False
208,136,0.05,site_boot,True,0.67,0.9466,0.041299,False
208,136,0.1,wsr,True,0.55,0.9857,0.054468,False
208,136,0.1,hoeffding,False,,,,
208,136,0.1,mpeb,False,,,,
208,136,0.1,t,True,0.55,0.9857,0.054468,False
208,136,0.1,site_boot,True,0.55,0.9857,0.054468,False
208,137,0.05,wsr,False,,,,
208,137,0.05,hoeffding,False,,,,
208,137,0.05,mpeb,False,,,,
208,137,0.05,t,True,0.65,0.9563,0.043687,False
208,137,0.05,site_boot,True,0.65,0.9563,0.043687,False
208,137,0.1,wsr,True,0.55,0.9856,0.054359,False
208,137,0.1,hoeffding,False,,,,
208,137,0.1,mpeb,False,,,,
208,137,0.1,t,True,0.55,0.9856,0.054359,False
208,137,0.1,site_boot,True,0.55,0.9856,0.054359,False
208,138,0.05,wsr,False,,,,
208,138,0.05,hoeffding,False,,,,
208,138,0.05,mpeb,False,,,,
208,138,0.05,t,True,0.65,0.9534,0.045162,False
208,138,0.05,site_boot,True,0.65,0.9534,0.045162,False
208,138,0.1,wsr,True,0.55,0.9857,0.056454,False
208,138,0.1,hoeffding,False,,,,
208,138,0.1,mpeb,False,,,,
208,138,0.1,t,True,0.55,0.9857,0.056454,False
208,138,0.1,site_boot,True,0.55,0.9857,0.056454,False
208,139,0.05,wsr,False,,,,
208,139,0.05,hoeffding,False,,,,
208,139,0.05,mpeb,False,,,,
208,139,0.05,t,True,0.67,0.9426,0.0452,False
208,139,0.05,site_boot,True,0.67,0.9426,0.0452,False
208,139,0.1,wsr,True,0.55,0.9839,0.059133,False
208,139,0.1,hoeffding,False,,,,
208,139,0.1,mpeb,False,,,,
208,139,0.1,t,True,0.55,0.9839,0.059133,False
208,139,0.1,site_boot,True,0.55,0.9839,0.059133,False
208,140,0.05,wsr,False,,,,
208,140,0.05,hoeffding,False,,,,
208,140,0.05,mpeb,False,,,,
208,140,0.05,t,True,0.65,0.9554,0.044268,False
208,140,0.05,site_boot,True,0.65,0.9554,0.044268,False
208,140,0.1,wsr,True,0.55,0.9858,0.055567,False
208,140,0.1,hoeffding,False,,,,
208,140,0.1,mpeb,False,,,,
208,140,0.1,t,True,0.55,0.9858,0.055567,False
208,140,0.1,site_boot,True,0.55,0.9858,0.055567,False
208,141,0.05,wsr,False,,,,
208,141,0.05,hoeffding,False,,,,
208,141,0.05,mpeb,False,,,,
208,141,0.05,t,True,0.65,0.9476,0.04486,False
208,141,0.05,site_boot,True,0.65,0.9476,0.04486,False
208,141,0.1,wsr,True,0.55,0.9833,0.057128,False
208,141,0.1,hoeffding,False,,,,
208,141,0.1,mpeb,False,,,,
208,141,0.1,t,True,0.55,0.9833,0.057128,False
208,141,0.1,site_boot,True,0.55,0.9833,0.057128,False
208,142,0.05,wsr,False,,,,
208,142,0.05,hoeffding,False,,,,
208,142,0.05,mpeb,False,,,,
208,142,0.05,t,True,0.63,0.9588,0.049932,False
208,142,0.05,site_boot,True,0.63,0.9588,0.049932,False
208,142,0.1,wsr,True,0.55,0.9844,0.059137,False
208,142,0.1,hoeffding,False,,,,
208,142,0.1,mpeb,False,,,,
208,142,0.1,t,True,0.55,0.9844,0.059137,False
208,142,0.1,site_boot,True,0.55,0.9844,0.059137,False
208,143,0.05,wsr,False,,,,
208,143,0.05,hoeffding,False,,,,
208,143,0.05,mpeb,False,,,,
208,143,0.05,t,True,0.73,0.9243,0.038696,False
208,143,0.05,site_boot,True,0.73,0.9243,0.038696,False
208,143,0.1,wsr,True,0.61,0.9663,0.052056,False
208,143,0.1,hoeffding,False,,,,
208,143,0.1,mpeb,False,,,,
208,143,0.1,t,True,0.55,0.9853,0.059565,False
208,143,0.1,site_boot,True,0.55,0.9853,0.059565,False
208,144,0.05,wsr,False,,,,
208,144,0.05,hoeffding,False,,,,
208,144,0.05,mpeb,False,,,,
208,144,0.05,t,True,0.61,0.9663,0.051298,True
208,144,0.05,site_boot,True,0.61,0.9663,0.051298,True
208,144,0.1,wsr,True,0.55,0.9847,0.058174,False
208,144,0.1,hoeffding,False,,,,
208,144,0.1,mpeb,False,,,,
208,144,0.1,t,True,0.55,0.9847,0.058174,False
208,144,0.1,site_boot,True,0.55,0.9847,0.058174,False
208,145,0.05,wsr,False,,,,
208,145,0.05,hoeffding,False,,,,
208,145,0.05,mpeb,False,,,,
208,145,0.05,t,True,0.67,0.9463,0.040975,False
208,145,0.05,site_boot,True,0.67,0.9463,0.040975,False
208,145,0.1,wsr,True,0.57,0.9794,0.052382,False
208,145,0.1,hoeffding,False,,,,
208,145,0.1,mpeb,False,,,,
208,145,0.1,t,True,0.55,0.9853,0.054626,False
208,145,0.1,site_boot,True,0.55,0.9853,0.054626,False
208,146,0.05,wsr,False,,,,
208,146,0.05,hoeffding,False,,,,
208,146,0.05,mpeb,False,,,,
208,146,0.05,t,True,0.65,0.9534,0.046099,False
208,146,0.05,site_boot,True,0.65,0.9534,0.046099,False
208,146,0.1,wsr,True,0.55,0.9849,0.057789,False
208,146,0.1,hoeffding,False,,,,
208,146,0.1,mpeb,False,,,,
208,146,0.1,t,True,0.55,0.9849,0.057789,False
208,146,0.1,site_boot,True,0.55,0.9849,0.057789,False
208,147,0.05,wsr,False,,,,
208,147,0.05,hoeffding,False,,,,
208,147,0.05,mpeb,False,,,,
208,147,0.05,t,True,0.65,0.9534,0.047553,False
208,147,0.05,site_boot,True,0.65,0.9534,0.047553,False
208,147,0.1,wsr,True,0.55,0.985,0.05834,False
208,147,0.1,hoeffding,False,,,,
208,147,0.1,mpeb,False,,,,
208,147,0.1,t,True,0.55,0.985,0.05834,False
208,147,0.1,site_boot,True,0.55,0.985,0.05834,False
208,148,0.05,wsr,False,,,,
208,148,0.05,hoeffding,False,,,,
208,148,0.05,mpeb,False,,,,
208,148,0.05,t,True,0.65,0.9552,0.046564,False
208,148,0.05,site_boot,True,0.65,0.9552,0.046564,False
208,148,0.1,wsr,True,0.55,0.9857,0.057232,False
208,148,0.1,hoeffding,False,,,,
208,148,0.1,mpeb,False,,,,
208,148,0.1,t,True,0.55,0.9857,0.057232,False
208,148,0.1,site_boot,True,0.55,0.9857,0.057232,False
208,149,0.05,wsr,False,,,,
208,149,0.05,hoeffding,False,,,,
208,149,0.05,mpeb,False,,,,
208,149,0.05,t,True,0.67,0.9485,0.045744,False
208,149,0.05,site_boot,True,0.67,0.9485,0.045744,False
208,149,0.1,wsr,True,0.55,0.9858,0.059171,False
208,149,0.1,hoeffding,False,,,,
208,149,0.1,mpeb,False,,,,
208,149,0.1,t,True,0.55,0.9858,0.059171,False
208,149,0.1,site_boot,True,0.55,0.9858,0.059171,False
208,150,0.05,wsr,False,,,,
208,150,0.05,hoeffding,False,,,,
208,150,0.05,mpeb,False,,,,
208,150,0.05,t,True,0.67,0.9484,0.042413,False
208,150,0.05,site_boot,True,0.69,0.9409,0.040471,False
208,150,0.1,wsr,True,0.55,0.9854,0.055874,False
208,150,0.1,hoeffding,False,,,,
208,150,0.1,mpeb,False,,,,
208,150,0.1,t,True,0.55,0.9854,0.055874,False
208,150,0.1,site_boot,True,0.55,0.9854,0.055874,False
208,151,0.05,wsr,False,,,,
208,151,0.05,hoeffding,False,,,,
208,151,0.05,mpeb,False,,,,
208,151,0.05,t,True,0.69,0.9442,0.040227,False
208,151,0.05,site_boot,True,0.69,0.9442,0.040227,False
208,151,0.1,wsr,True,0.57,0.9809,0.053774,False
208,151,0.1,hoeffding,False,,,,
208,151,0.1,mpeb,False,,,,
208,151,0.1,t,True,0.55,0.9866,0.055878,False
208,151,0.1,site_boot,True,0.55,0.9866,0.055878,False
208,152,0.05,wsr,False,,,,
208,152,0.05,hoeffding,False,,,,
208,152,0.05,mpeb,False,,,,
208,152,0.05,t,True,0.69,0.9431,0.044536,False
208,152,0.05,site_boot,True,0.69,0.9431,0.044536,False
208,152,0.1,wsr,True,0.55,0.986,0.06044,False
208,152,0.1,hoeffding,False,,,,
208,152,0.1,mpeb,False,,,,
208,152,0.1,t,True,0.55,0.986,0.06044,False
208,152,0.1,site_boot,True,0.55,0.986,0.06044,False
208,153,0.05,wsr,False,,,,
208,153,0.05,hoeffding,False,,,,
208,153,0.05,mpeb,False,,,,
208,153,0.05,t,True,0.67,0.9453,0.046466,False
208,153,0.05,site_boot,True,0.67,0.9453,0.046466,False
208,153,0.1,wsr,True,0.55,0.9852,0.060696,False
208,153,0.1,hoeffding,False,,,,
208,153,0.1,mpeb,False,,,,
208,153,0.1,t,True,0.55,0.9852,0.060696,False
208,153,0.1,site_boot,True,0.55,0.9852,0.060696,False
208,154,0.05,wsr,False,,,,
208,154,0.05,hoeffding,False,,,,
208,154,0.05,mpeb,False,,,,
208,154,0.05,t,True,0.65,0.9523,0.046226,False
208,154,0.05,site_boot,True,0.65,0.9523,0.046226,False
208,154,0.1,wsr,True,0.55,0.9845,0.057334,False
208,154,0.1,hoeffding,False,,,,
208,154,0.1,mpeb,False,,,,
208,154,0.1,t,True,0.55,0.9845,0.057334,False
208,154,0.1,site_boot,True,0.55,0.9845,0.057334,False
208,155,0.05,wsr,False,,,,
208,155,0.05,hoeffding,False,,,,
208,155,0.05,mpeb,False,,,,
208,155,0.05,t,True,0.65,0.9546,0.041836,False
208,155,0.05,site_boot,True,0.65,0.9546,0.041836,False
208,155,0.1,wsr,True,0.55,0.9853,0.052418,False
208,155,0.1,hoeffding,False,,,,
208,155,0.1,mpeb,False,,,,
208,155,0.1,t,True,0.55,0.9853,0.052418,False
208,155,0.1,site_boot,True,0.55,0.9853,0.052418,False
208,156,0.05,wsr,False,,,,
208,156,0.05,hoeffding,False,,,,
208,156,0.05,mpeb,False,,,,
208,156,0.05,t,True,0.65,0.9528,0.045459,False
208,156,0.05,site_boot,True,0.65,0.9528,0.045459,False
208,156,0.1,wsr,True,0.55,0.9849,0.056618,False
208,156,0.1,hoeffding,False,,,,
208,156,0.1,mpeb,False,,,,
208,156,0.1,t,True,0.55,0.9849,0.056618,False
208,156,0.1,site_boot,True,0.55,0.9849,0.056618,False
208,157,0.05,wsr,False,,,,
208,157,0.05,hoeffding,False,,,,
208,157,0.05,mpeb,False,,,,
208,157,0.05,t,True,0.65,0.952,0.047002,False
208,157,0.05,site_boot,True,0.65,0.952,0.047002,False
208,157,0.1,wsr,True,0.55,0.9849,0.058902,False
208,157,0.1,hoeffding,False,,,,
208,157,0.1,mpeb,False,,,,
208,157,0.1,t,True,0.55,0.9849,0.058902,False
208,157,0.1,site_boot,True,0.55,0.9849,0.058902,False
208,158,0.05,wsr,False,,,,
208,158,0.05,hoeffding,False,,,,
208,158,0.05,mpeb,False,,,,
208,158,0.05,t,True,0.63,0.9606,0.046945,False
208,158,0.05,site_boot,True,0.63,0.9606,0.046945,False
208,158,0.1,wsr,True,0.55,0.9853,0.056378,False
208,158,0.1,hoeffding,False,,,,
208,158,0.1,mpeb,False,,,,
208,158,0.1,t,True,0.55,0.9853,0.056378,False
208,158,0.1,site_boot,True,0.55,0.9853,0.056378,False
208,159,0.05,wsr,False,,,,
208,159,0.05,hoeffding,False,,,,
208,159,0.05,mpeb,False,,,,
208,159,0.05,t,True,0.63,0.9587,0.047083,False
208,159,0.05,site_boot,True,0.63,0.9587,0.047083,False
208,159,0.1,wsr,True,0.55,0.9845,0.056179,False
208,159,0.1,hoeffding,False,,,,
208,159,0.1,mpeb,False,,,,
208,159,0.1,t,True,0.55,0.9845,0.056179,False
208,159,0.1,site_boot,True,0.55,0.9845,0.056179,False
208,160,0.05,wsr,False,,,,
208,160,0.05,hoeffding,False,,,,
208,160,0.05,mpeb,False,,,,
208,160,0.05,t,True,0.69,0.9374,0.043627,False
208,160,0.05,site_boot,True,0.69,0.9374,0.043627,False
208,160,0.1,wsr,True,0.55,0.985,0.05941,False
208,160,0.1,hoeffding,False,,,,
208,160,0.1,mpeb,False,,,,
208,160,0.1,t,True,0.55,0.985,0.05941,False
208,160,0.1,site_boot,True,0.55,0.985,0.05941,False
208,161,0.05,wsr,False,,,,
208,161,0.05,hoeffding,False,,,,
208,161,0.05,mpeb,False,,,,
208,161,0.05,t,True,0.65,0.9553,0.046539,False
208,161,0.05,site_boot,True,0.65,0.9553,0.046539,False
208,161,0.1,wsr,True,0.55,0.9858,0.057939,False
208,161,0.1,hoeffding,False,,,,
208,161,0.1,mpeb,False,,,,
208,161,0.1,t,True,0.55,0.9858,0.057939,False
208,161,0.1,site_boot,True,0.55,0.9858,0.057939,False
208,162,0.05,wsr,False,,,,
208,162,0.05,hoeffding,False,,,,
208,162,0.05,mpeb,False,,,,
208,162,0.05,t,True,0.65,0.9511,0.045447,False
208,162,0.05,site_boot,True,0.63,0.9579,0.047519,False
208,162,0.1,wsr,True,0.55,0.9841,0.056735,False
208,162,0.1,hoeffding,False,,,,
208,162,0.1,mpeb,False,,,,
208,162,0.1,t,True,0.55,0.9841,0.056735,False
208,162,0.1,site_boot,True,0.55,0.9841,0.056735,False
208,163,0.05,wsr,False,,,,
208,163,0.05,hoeffding,False,,,,
208,163,0.05,mpeb,False,,,,
208,163,0.05,t,True,0.63,0.9603,0.045104,False
208,163,0.05,site_boot,True,0.63,0.9603,0.045104,False
208,163,0.1,wsr,True,0.55,0.9855,0.053905,False
208,163,0.1,hoeffding,False,,,,
208,163,0.1,mpeb,False,,,,
208,163,0.1,t,True,0.55,0.9855,0.053905,False
208,163,0.1,site_boot,True,0.55,0.9855,0.053905,False
208,164,0.05,wsr,False,,,,
208,164,0.05,hoeffding,False,,,,
208,164,0.05,mpeb,False,,,,
208,164,0.05,t,True,0.63,0.9595,0.047042,False
208,164,0.05,site_boot,True,0.63,0.9595,0.047042,False
208,164,0.1,wsr,True,0.55,0.9849,0.057196,False
208,164,0.1,hoeffding,False,,,,
208,164,0.1,mpeb,False,,,,
208,164,0.1,t,True,0.55,0.9849,0.057196,False
208,164,0.1,site_boot,True,0.55,0.9849,0.057196,False
208,165,0.05,wsr,False,,,,
208,165,0.05,hoeffding,False,,,,
208,165,0.05,mpeb,False,,,,
208,165,0.05,t,True,0.69,0.9398,0.044043,False
208,165,0.05,site_boot,True,0.69,0.9398,0.044043,False
208,165,0.1,wsr,True,0.55,0.9855,0.059723,False
208,165,0.1,hoeffding,False,,,,
208,165,0.1,mpeb,False,,,,
208,165,0.1,t,True,0.55,0.9855,0.059723,False
208,165,0.1,site_boot,True,0.55,0.9855,0.059723,False
208,166,0.05,wsr,False,,,,
208,166,0.05,hoeffding,False,,,,
208,166,0.05,mpeb,False,,,,
208,166,0.05,t,True,0.63,0.9598,0.04837,False
208,166,0.05,site_boot,True,0.63,0.9598,0.04837,False
208,166,0.1,wsr,True,0.55,0.9855,0.057968,False
208,166,0.1,hoeffding,False,,,,
208,166,0.1,mpeb,False,,,,
208,166,0.1,t,True,0.55,0.9855,0.057968,False
208,166,0.1,site_boot,True,0.55,0.9855,0.057968,False
208,167,0.05,wsr,False,,,,
208,167,0.05,hoeffding,False,,,,
208,167,0.05,mpeb,False,,,,
208,167,0.05,t,True,0.67,0.9451,0.04365,False
208,167,0.05,site_boot,True,0.67,0.9451,0.04365,False
208,167,0.1,wsr,True,0.55,0.9841,0.056848,False
208,167,0.1,hoeffding,False,,,,
208,167,0.1,mpeb,False,,,,
208,167,0.1,t,True,0.55,0.9841,0.056848,False
208,167,0.1,site_boot,True,0.55,0.9841,0.056848,False
208,168,0.05,wsr,False,,,,
208,168,0.05,hoeffding,False,,,,
208,168,0.05,mpeb,False,,,,
208,168,0.05,t,True,0.65,0.9537,0.051563,True
208,168,0.05,site_boot,True,0.65,0.9537,0.051563,True
208,168,0.1,wsr,True,0.55,0.9852,0.063068,False
208,168,0.1,hoeffding,False,,,,
208,168,0.1,mpeb,False,,,,
208,168,0.1,t,True,0.55,0.9852,0.063068,False
208,168,0.1,site_boot,True,0.55,0.9852,0.063068,False
208,169,0.05,wsr,False,,,,
208,169,0.05,hoeffding,False,,,,
208,169,0.05,mpeb,False,,,,
208,169,0.05,t,True,0.67,0.9449,0.043147,False
208,169,0.05,site_boot,True,0.67,0.9449,0.043147,False
208,169,0.1,wsr,True,0.55,0.9848,0.056868,False
208,169,0.1,hoeffding,False,,,,
208,169,0.1,mpeb,False,,,,
208,169,0.1,t,True,0.55,0.9848,0.056868,False
208,169,0.1,site_boot,True,0.55,0.9848,0.056868,False
208,170,0.05,wsr,False,,,,
208,170,0.05,hoeffding,False,,,,
208,170,0.05,mpeb,False,,,,
208,170,0.05,t,True,0.65,0.9537,0.047493,False
208,170,0.05,site_boot,True,0.65,0.9537,0.047493,False
208,170,0.1,wsr,True,0.55,0.9854,0.058375,False
208,170,0.1,hoeffding,False,,,,
208,170,0.1,mpeb,False,,,,
208,170,0.1,t,True,0.55,0.9854,0.058375,False
208,170,0.1,site_boot,True,0.55,0.9854,0.058375,False
208,171,0.05,wsr,False,,,,
208,171,0.05,hoeffding,False,,,,
208,171,0.05,mpeb,False,,,,
208,171,0.05,t,True,0.67,0.9462,0.045836,False
208,171,0.05,site_boot,True,0.67,0.9462,0.045836,False
208,171,0.1,wsr,True,0.55,0.9849,0.059895,False
208,171,0.1,hoeffding,False,,,,
208,171,0.1,mpeb,False,,,,
208,171,0.1,t,True,0.55,0.9849,0.059895,False
208,171,0.1,site_boot,True,0.55,0.9849,0.059895,False
208,172,0.05,wsr,False,,,,
208,172,0.05,hoeffding,False,,,,
208,172,0.05,mpeb,False,,,,
208,172,0.05,t,True,0.69,0.9375,0.042731,False
208,172,0.05,site_boot,True,0.69,0.9375,0.042731,False
208,172,0.1,wsr,True,0.57,0.9786,0.05648,False
208,172,0.1,hoeffding,False,,,,
208,172,0.1,mpeb,False,,,,
208,172,0.1,t,True,0.55,0.9849,0.058909,False
208,172,0.1,site_boot,True,0.55,0.9849,0.058909,False
208,173,0.05,wsr,False,,,,
208,173,0.05,hoeffding,False,,,,
208,173,0.05,mpeb,False,,,,
208,173,0.05,t,True,0.65,0.9509,0.045841,False
208,173,0.05,site_boot,True,0.65,0.9509,0.045841,False
208,173,0.1,wsr,True,0.55,0.9843,0.056251,False
208,173,0.1,hoeffding,False,,,,
208,173,0.1,mpeb,False,,,,
208,173,0.1,t,True,0.55,0.9843,0.056251,False
208,173,0.1,site_boot,True,0.55,0.9843,0.056251,False
208,174,0.05,wsr,False,,,,
208,174,0.05,hoeffding,False,,,,
208,174,0.05,mpeb,False,,,,
208,174,0.05,t,True,0.67,0.9452,0.045566,False
208,174,0.05,site_boot,True,0.67,0.9452,0.045566,False
208,174,0.1,wsr,True,0.55,0.9842,0.058525,False
208,174,0.1,hoeffding,False,,,,
208,174,0.1,mpeb,False,,,,
208,174,0.1,t,True,0.55,0.9842,0.058525,False
208,174,0.1,site_boot,True,0.55,0.9842,0.058525,False
208,175,0.05,wsr,False,,,,
208,175,0.05,hoeffding,False,,,,
208,175,0.05,mpeb,False,,,,
208,175,0.05,t,True,0.69,0.9341,0.039845,False
208,175,0.05,site_boot,True,0.69,0.9341,0.039845,False
208,175,0.1,wsr,True,0.55,0.984,0.05676,False
208,175,0.1,hoeffding,False,,,,
208,175,0.1,mpeb,False,,,,
208,175,0.1,t,True,0.55,0.984,0.05676,False
208,175,0.1,site_boot,True,0.55,0.984,0.05676,False
208,176,0.05,wsr,False,,,,
208,176,0.05,hoeffding,False,,,,
208,176,0.05,mpeb,False,,,,
208,176,0.05,t,True,0.69,0.9408,0.046019,False
208,176,0.05,site_boot,True,0.69,0.9408,0.046019,False
208,176,0.1,wsr,True,0.55,0.9854,0.061964,False
208,176,0.1,hoeffding,False,,,,
208,176,0.1,mpeb,False,,,,
208,176,0.1,t,True,0.55,0.9854,0.061964,False
208,176,0.1,site_boot,True,0.55,0.9854,0.061964,False
208,177,0.05,wsr,False,,,,
208,177,0.05,hoeffding,False,,,,
208,177,0.05,mpeb,False,,,,
208,177,0.05,t,True,0.67,0.9497,0.045765,False
208,177,0.05,site_boot,True,0.67,0.9497,0.045765,False
208,177,0.1,wsr,True,0.55,0.9861,0.058916,False
208,177,0.1,hoeffding,False,,,,
208,177,0.1,mpeb,False,,,,
208,177,0.1,t,True,0.55,0.9861,0.058916,False
208,177,0.1,site_boot,True,0.55,0.9861,0.058916,False
208,178,0.05,wsr,False,,,,
208,178,0.05,hoeffding,False,,,,
208,178,0.05,mpeb,False,,,,
208,178,0.05,t,True,0.71,0.9308,0.036653,False
208,178,0.05,site_boot,True,0.71,0.9308,0.036653,False
208,178,0.1,wsr,True,0.57,0.979,0.05209,False
208,178,0.1,hoeffding,False,,,,
208,178,0.1,mpeb,False,,,,
208,178,0.1,t,True,0.55,0.9851,0.054349,False
208,178,0.1,site_boot,True,0.55,0.9851,0.054349,False
208,179,0.05,wsr,False,,,,
208,179,0.05,hoeffding,False,,,,
208,179,0.05,mpeb,False,,,,
208,179,0.05,t,True,0.67,0.9469,0.044168,False
208,179,0.05,site_boot,True,0.67,0.9469,0.044168,False
208,179,0.1,wsr,True,0.55,0.9855,0.058087,False
208,179,0.1,hoeffding,False,,,,
208,179,0.1,mpeb,False,,,,
208,179,0.1,t,True,0.55,0.9855,0.058087,False
208,179,0.1,site_boot,True,0.55,0.9855,0.058087,False
208,180,0.05,wsr,False,,,,
208,180,0.05,hoeffding,False,,,,
208,180,0.05,mpeb,False,,,,
208,180,0.05,t,True,0.61,0.9671,0.049913,False
208,180,0.05,site_boot,True,0.61,0.9671,0.049913,False
208,180,0.1,wsr,True,0.55,0.9858,0.05747,False
208,180,0.1,hoeffding,False,,,,
208,180,0.1,mpeb,False,,,,
208,180,0.1,t,True,0.55,0.9858,0.05747,False
208,180,0.1,site_boot,True,0.55,0.9858,0.05747,False
208,181,0.05,wsr,False,,,,
208,181,0.05,hoeffding,False,,,,
208,181,0.05,mpeb,False,,,,
208,181,0.05,t,True,0.65,0.9541,0.045448,False
208,181,0.05,site_boot,True,0.65,0.9541,0.045448,False
208,181,0.1,wsr,True,0.55,0.9855,0.055927,False
208,181,0.1,hoeffding,False,,,,
208,181,0.1,mpeb,False,,,,
208,181,0.1,t,True,0.55,0.9855,0.055927,False
208,181,0.1,site_boot,True,0.55,0.9855,0.055927,False
208,182,0.05,wsr,False,,,,
208,182,0.05,hoeffding,False,,,,
208,182,0.05,mpeb,False,,,,
208,182,0.05,t,True,0.67,0.9466,0.04176,False
208,182,0.05,site_boot,True,0.67,0.9466,0.04176,False
208,182,0.1,wsr,True,0.55,0.9851,0.055713,False
208,182,0.1,hoeffding,False,,,,
208,182,0.1,mpeb,False,,,,
208,182,0.1,t,True,0.55,0.9851,0.055713,False
208,182,0.1,site_boot,True,0.55,0.9851,0.055713,False
208,183,0.05,wsr,False,,,,
208,183,0.05,hoeffding,False,,,,
208,183,0.05,mpeb,False,,,,
208,183,0.05,t,True,0.67,0.9475,0.042916,False
208,183,0.05,site_boot,True,0.67,0.9475,0.042916,False
208,183,0.1,wsr,True,0.55,0.9854,0.05572,False
208,183,0.1,hoeffding,False,,,,
208,183,0.1,mpeb,False,,,,
208,183,0.1,t,True,0.55,0.9854,0.05572,False
208,183,0.1,site_boot,True,0.55,0.9854,0.05572,False
208,184,0.05,wsr,False,,,,
208,184,0.05,hoeffding,False,,,,
208,184,0.05,mpeb,False,,,,
208,184,0.05,t,True,0.67,0.9468,0.044622,False
208,184,0.05,site_boot,True,0.67,0.9468,0.044622,False
208,184,0.1,wsr,True,0.55,0.985,0.058306,False
208,184,0.1,hoeffding,False,,,,
208,184,0.1,mpeb,False,,,,
208,184,0.1,t,True,0.55,0.985,0.058306,False
208,184,0.1,site_boot,True,0.55,0.985,0.058306,False
208,185,0.05,wsr,False,,,,
208,185,0.05,hoeffding,False,,,,
208,185,0.05,mpeb,False,,,,
208,185,0.05,t,True,0.67,0.9446,0.043742,False
208,185,0.05,site_boot,True,0.67,0.9446,0.043742,False
208,185,0.1,wsr,True,0.55,0.9849,0.057801,False
208,185,0.1,hoeffding,False,,,,
208,185,0.1,mpeb,False,,,,
208,185,0.1,t,True,0.55,0.9849,0.057801,False
208,185,0.1,site_boot,True,0.55,0.9849,0.057801,False
208,186,0.05,wsr,False,,,,
208,186,0.05,hoeffding,False,,,,
208,186,0.05,mpeb,False,,,,
208,186,0.05,t,True,0.67,0.946,0.041924,False
208,186,0.05,site_boot,True,0.67,0.946,0.041924,False
208,186,0.1,wsr,True,0.55,0.985,0.054765,False
208,186,0.1,hoeffding,False,,,,
208,186,0.1,mpeb,False,,,,
208,186,0.1,t,True,0.55,0.985,0.054765,False
208,186,0.1,site_boot,True,0.55,0.985,0.054765,False
208,187,0.05,wsr,False,,,,
208,187,0.05,hoeffding,False,,,,
208,187,0.05,mpeb,False,,,,
208,187,0.05,t,True,0.69,0.9382,0.039558,False
208,187,0.05,site_boot,True,0.69,0.9382,0.039558,False
208,187,0.1,wsr,True,0.57,0.9783,0.052889,False
208,187,0.1,hoeffding,False,,,,
208,187,0.1,mpeb,False,,,,
208,187,0.1,t,True,0.55,0.9845,0.055476,False
208,187,0.1,site_boot,True,0.55,0.9845,0.055476,False
208,188,0.05,wsr,False,,,,
208,188,0.05,hoeffding,False,,,,
208,188,0.05,mpeb,False,,,,
208,188,0.05,t,True,0.67,0.9431,0.04439,False
208,188,0.05,site_boot,True,0.67,0.9431,0.04439,False
208,188,0.1,wsr,True,0.55,0.9841,0.058812,False
208,188,0.1,hoeffding,False,,,,
208,188,0.1,mpeb,False,,,,
208,188,0.1,t,True,0.55,0.9841,0.058812,False
208,188,0.1,site_boot,True,0.55,0.9841,0.058812,False
208,189,0.05,wsr,False,,,,
208,189,0.05,hoeffding,False,,,,
208,189,0.05,mpeb,False,,,,
208,189,0.05,t,True,0.65,0.9542,0.045164,False
208,189,0.05,site_boot,True,0.65,0.9542,0.045164,False
208,189,0.1,wsr,True,0.55,0.9851,0.055673,False
208,189,0.1,hoeffding,False,,,,
208,189,0.1,mpeb,False,,,,
208,189,0.1,t,True,0.55,0.9851,0.055673,False
208,189,0.1,site_boot,True,0.55,0.9851,0.055673,False
208,190,0.05,wsr,False,,,,
208,190,0.05,hoeffding,False,,,,
208,190,0.05,mpeb,False,,,,
208,190,0.05,t,True,0.65,0.9541,0.047704,False
208,190,0.05,site_boot,True,0.65,0.9541,0.047704,False
208,190,0.1,wsr,True,0.55,0.9852,0.058641,False
208,190,0.1,hoeffding,False,,,,
208,190,0.1,mpeb,False,,,,
208,190,0.1,t,True,0.55,0.9852,0.058641,False
208,190,0.1,site_boot,True,0.55,0.9852,0.058641,False
208,191,0.05,wsr,False,,,,
208,191,0.05,hoeffding,False,,,,
208,191,0.05,mpeb,False,,,,
208,191,0.05,t,True,0.65,0.9573,0.048582,False
208,191,0.05,site_boot,True,0.65,0.9573,0.048582,False
208,191,0.1,wsr,True,0.55,0.9867,0.05968,False
208,191,0.1,hoeffding,False,,,,
208,191,0.1,mpeb,False,,,,
208,191,0.1,t,True,0.55,0.9867,0.05968,False
208,191,0.1,site_boot,True,0.55,0.9867,0.05968,False
208,192,0.05,wsr,False,,,,
208,192,0.05,hoeffding,False,,,,
208,192,0.05,mpeb,False,,,,
208,192,0.05,t,True,0.65,0.9492,0.044143,False
208,192,0.05,site_boot,True,0.65,0.9492,0.044143,False
208,192,0.1,wsr,True,0.55,0.9834,0.056463,False
208,192,0.1,hoeffding,False,,,,
208,192,0.1,mpeb,False,,,,
208,192,0.1,t,True,0.55,0.9834,0.056463,False
208,192,0.1,site_boot,True,0.55,0.9834,0.056463,False
208,193,0.05,wsr,False,,,,
208,193,0.05,hoeffding,False,,,,
208,193,0.05,mpeb,False,,,,
208,193,0.05,t,True,0.65,0.9558,0.046937,False
208,193,0.05,site_boot,True,0.65,0.9558,0.046937,False
208,193,0.1,wsr,True,0.55,0.9866,0.058409,False
208,193,0.1,hoeffding,False,,,,
208,193,0.1,mpeb,False,,,,
208,193,0.1,t,True,0.55,0.9866,0.058409,False
208,193,0.1,site_boot,True,0.55,0.9866,0.058409,False
208,194,0.05,wsr,False,,,,
208,194,0.05,hoeffding,False,,,,
208,194,0.05,mpeb,False,,,,
208,194,0.05,t,True,0.71,0.9372,0.038185,False
208,194,0.05,site_boot,True,0.71,0.9372,0.038185,False
208,194,0.1,wsr,True,0.57,0.9812,0.051825,False
208,194,0.1,hoeffding,False,,,,
208,194,0.1,mpeb,False,,,,
208,194,0.1,t,True,0.55,0.9864,0.053734,False
208,194,0.1,site_boot,True,0.55,0.9864,0.053734,False
208,195,0.05,wsr,False,,,,
208,195,0.05,hoeffding,False,,,,
208,195,0.05,mpeb,False,,,,
208,195,0.05,t,True,0.65,0.9547,0.046071,False
208,195,0.05,site_boot,True,0.65,0.9547,0.046071,False
208,195,0.1,wsr,True,0.55,0.9853,0.057271,False
208,195,0.1,hoeffding,False,,,,
208,195,0.1,mpeb,False,,,,
208,195,0.1,t,True,0.55,0.9853,0.057271,False
208,195,0.1,site_boot,True,0.55,0.9853,0.057271,False
208,196,0.05,wsr,False,,,,
208,196,0.05,hoeffding,False,,,,
208,196,0.05,mpeb,False,,,,
208,196,0.05,t,True,0.71,0.9312,0.041124,False
208,196,0.05,site_boot,True,0.71,0.9312,0.041124,False
208,196,0.1,wsr,True,0.57,0.979,0.056708,False
208,196,0.1,hoeffding,False,,,,
208,196,0.1,mpeb,False,,,,
208,196,0.1,t,True,0.55,0.985,0.058673,False
208,196,0.1,site_boot,True,0.55,0.985,0.058673,False
208,197,0.05,wsr,False,,,,
208,197,0.05,hoeffding,False,,,,
208,197,0.05,mpeb,False,,,,
208,197,0.05,t,True,0.69,0.9367,0.042069,False
208,197,0.05,site_boot,True,0.69,0.9367,0.042069,False
208,197,0.1,wsr,True,0.57,0.978,0.056387,False
208,197,0.1,hoeffding,False,,,,
208,197,0.1,mpeb,False,,,,
208,197,0.1,t,True,0.55,0.9845,0.059029,False
208,197,0.1,site_boot,True,0.55,0.9845,0.059029,False
208,198,0.05,wsr,False,,,,
208,198,0.05,hoeffding,False,,,,
208,198,0.05,mpeb,False,,,,
208,198,0.05,t,True,0.63,0.9612,0.047845,False
208,198,0.05,site_boot,True,0.63,0.9612,0.047845,False
208,198,0.1,wsr,True,0.55,0.9861,0.05648,False
208,198,0.1,hoeffding,False,,,,
208,198,0.1,mpeb,False,,,,
208,198,0.1,t,True,0.55,0.9861,0.05648,False
208,198,0.1,site_boot,True,0.55,0.9861,0.05648,False
208,199,0.05,wsr,False,,,,
208,199,0.05,hoeffding,False,,,,
208,199,0.05,mpeb,False,,,,
208,199,0.05,t,True,0.61,0.9633,0.04991,False
208,199,0.05,site_boot,True,0.61,0.9633,0.04991,False
208,199,0.1,wsr,True,0.55,0.9835,0.05762,False
208,199,0.1,hoeffding,False,,,,
208,199,0.1,mpeb,False,,,,
208,199,0.1,t,True,0.55,0.9835,0.05762,False
208,199,0.1,site_boot,True,0.55,0.9835,0.05762,False
300,0,0.05,wsr,False,,,,
300,0,0.05,hoeffding,False,,,,
300,0,0.05,mpeb,False,,,,
300,0,0.05,t,True,0.65,0.9509,0.047357,False
300,0,0.05,site_boot,True,0.65,0.9509,0.047357,False
300,0,0.1,wsr,True,0.55,0.984,0.058703,False
300,0,0.1,hoeffding,False,,,,
300,0,0.1,mpeb,False,,,,
300,0,0.1,t,True,0.55,0.984,0.058703,False
300,0,0.1,site_boot,True,0.55,0.984,0.058703,False
300,1,0.05,wsr,False,,,,
300,1,0.05,hoeffding,False,,,,
300,1,0.05,mpeb,False,,,,
300,1,0.05,t,True,0.63,0.9594,0.04915,False
300,1,0.05,site_boot,True,0.63,0.9594,0.04915,False
300,1,0.1,wsr,True,0.55,0.9851,0.058642,False
300,1,0.1,hoeffding,False,,,,
300,1,0.1,mpeb,False,,,,
300,1,0.1,t,True,0.55,0.9851,0.058642,False
300,1,0.1,site_boot,True,0.55,0.9851,0.058642,False
300,2,0.05,wsr,True,0.93,0.7549,0.014867,False
300,2,0.05,hoeffding,False,,,,
300,2,0.05,mpeb,False,,,,
300,2,0.05,t,True,0.65,0.9519,0.046471,False
300,2,0.05,site_boot,True,0.65,0.9519,0.046471,False
300,2,0.1,wsr,True,0.55,0.9843,0.057367,False
300,2,0.1,hoeffding,False,,,,
300,2,0.1,mpeb,False,,,,
300,2,0.1,t,True,0.55,0.9843,0.057367,False
300,2,0.1,site_boot,True,0.55,0.9843,0.057367,False
300,3,0.05,wsr,True,0.95,0.7112,0.011902,False
300,3,0.05,hoeffding,False,,,,
300,3,0.05,mpeb,False,,,,
300,3,0.05,t,True,0.63,0.9608,0.0497,False
300,3,0.05,site_boot,True,0.63,0.9608,0.0497,False
300,3,0.1,wsr,True,0.55,0.9852,0.05893,False
300,3,0.1,hoeffding,False,,,,
300,3,0.1,mpeb,False,,,,
300,3,0.1,t,True,0.55,0.9852,0.05893,False
300,3,0.1,site_boot,True,0.55,0.9852,0.05893,False
300,4,0.05,wsr,False,,,,
300,4,0.05,hoeffding,False,,,,
300,4,0.05,mpeb,False,,,,
300,4,0.05,t,True,0.63,0.9629,0.04705,False
300,4,0.05,site_boot,True,0.63,0.9629,0.04705,False
300,4,0.1,wsr,True,0.55,0.9863,0.056204,False
300,4,0.1,hoeffding,False,,,,
300,4,0.1,mpeb,False,,,,
300,4,0.1,t,True,0.55,0.9863,0.056204,False
300,4,0.1,site_boot,True,0.55,0.9863,0.056204,False
300,5,0.05,wsr,True,0.95,0.7103,0.01148,False
300,5,0.05,hoeffding,False,,,,
300,5,0.05,mpeb,False,,,,
300,5,0.05,t,True,0.63,0.9596,0.049536,False
300,5,0.05,site_boot,True,0.63,0.9596,0.049536,False
300,5,0.1,wsr,True,0.55,0.9846,0.058911,False
300,5,0.1,hoeffding,False,,,,
300,5,0.1,mpeb,False,,,,
300,5,0.1,t,True,0.55,0.9846,0.058911,False
300,5,0.1,site_boot,True,0.55,0.9846,0.058911,False
300,6,0.05,wsr,True,0.91,0.7981,0.0175,False
300,6,0.05,hoeffding,False,,,,
300,6,0.05,mpeb,False,,,,
300,6,0.05,t,True,0.63,0.9622,0.049865,False
300,6,0.05,site_boot,True,0.63,0.9622,0.049865,False
300,6,0.1,wsr,True,0.55,0.9858,0.057996,False
300,6,0.1,hoeffding,False,,,,
300,6,0.1,mpeb,False,,,,
300,6,0.1,t,True,0.55,0.9858,0.057996,False
300,6,0.1,site_boot,True,0.55,0.9858,0.057996,False
300,7,0.05,wsr,False,,,,
300,7,0.05,hoeffding,False,,,,
300,7,0.05,mpeb,False,,,,
300,7,0.05,t,True,0.63,0.9605,0.047047,False
300,7,0.05,site_boot,True,0.63,0.9605,0.047047,False
300,7,0.1,wsr,True,0.55,0.9851,0.055807,False
300,7,0.1,hoeffding,False,,,,
300,7,0.1,mpeb,False,,,,
300,7,0.1,t,True,0.55,0.9851,0.055807,False
300,7,0.1,site_boot,True,0.55,0.9851,0.055807,False
300,8,0.05,wsr,True,0.93,0.7587,0.013598,False
300,8,0.05,hoeffding,False,,,,
300,8,0.05,mpeb,False,,,,
300,8,0.05,t,True,0.65,0.9535,0.043092,False
300,8,0.05,site_boot,True,0.65,0.9535,0.043092,False
300,8,0.1,wsr,True,0.55,0.9852,0.055024,False
300,8,0.1,hoeffding,False,,,,
300,8,0.1,mpeb,False,,,,
300,8,0.1,t,True,0.55,0.9852,0.055024,False
300,8,0.1,site_boot,True,0.55,0.9852,0.055024,False
300,9,0.05,wsr,False,,,,
300,9,0.05,hoeffding,False,,,,
300,9,0.05,mpeb,False,,,,
300,9,0.05,t,True,0.65,0.9537,0.044366,False
300,9,0.05,site_boot,True,0.67,0.9465,0.042468,False
300,9,0.1,wsr,True,0.55,0.9852,0.05588,False
300,9,0.1,hoeffding,False,,,,
300,9,0.1,mpeb,False,,,,
300,9,0.1,t,True,0.55,0.9852,0.05588,False
300,9,0.1,site_boot,True,0.55,0.9852,0.05588,False
300,10,0.05,wsr,False,,,,
300,10,0.05,hoeffding,False,,,,
300,10,0.05,mpeb,False,,,,
300,10,0.05,t,True,0.67,0.9462,0.04416,False
300,10,0.05,site_boot,True,0.67,0.9462,0.04416,False
300,10,0.1,wsr,True,0.55,0.985,0.057923,False
300,10,0.1,hoeffding,False,,,,
300,10,0.1,mpeb,False,,,,
300,10,0.1,t,True,0.55,0.985,0.057923,False
300,10,0.1,site_boot,True,0.55,0.985,0.057923,False
300,11,0.05,wsr,False,,,,
300,11,0.05,hoeffding,False,,,,
300,11,0.05,mpeb,False,,,,
300,11,0.05,t,True,0.65,0.9536,0.045938,False
300,11,0.05,site_boot,True,0.65,0.9536,0.045938,False
300,11,0.1,wsr,True,0.55,0.9853,0.058541,False
300,11,0.1,hoeffding,False,,,,
300,11,0.1,mpeb,False,,,,
300,11,0.1,t,True,0.55,0.9853,0.058541,False
300,11,0.1,site_boot,True,0.55,0.9853,0.058541,False
300,12,0.05,wsr,False,,,,
300,12,0.05,hoeffding,False,,,,
300,12,0.05,mpeb,False,,,,
300,12,0.05,t,True,0.69,0.9419,0.041405,False
300,12,0.05,site_boot,True,0.69,0.9419,0.041405,False
300,12,0.1,wsr,True,0.55,0.986,0.057666,False
300,12,0.1,hoeffding,False,,,,
300,12,0.1,mpeb,False,,,,
300,12,0.1,t,True,0.55,0.986,0.057666,False
300,12,0.1,site_boot,True,0.55,0.986,0.057666,False
300,13,0.05,wsr,True,0.95,0.7118,0.011016,False
300,13,0.05,hoeffding,False,,,,
300,13,0.05,mpeb,False,,,,
300,13,0.05,t,True,0.65,0.9529,0.046074,False
300,13,0.05,site_boot,True,0.65,0.9529,0.046074,False
300,13,0.1,wsr,True,0.55,0.9851,0.057349,False
300,13,0.1,hoeffding,False,,,,
300,13,0.1,mpeb,False,,,,
300,13,0.1,t,True,0.55,0.9851,0.057349,False
300,13,0.1,site_boot,True,0.55,0.9851,0.057349,False
300,14,0.05,wsr,False,,,,
300,14,0.05,hoeffding,False,,,,
300,14,0.05,mpeb,False,,,,
300,14,0.05,t,True,0.63,0.9574,0.047707,False
300,14,0.05,site_boot,True,0.63,0.9574,0.047707,False
300,14,0.1,wsr,True,0.55,0.9837,0.057057,False
300,14,0.1,hoeffding,False,,,,
300,14,0.1,mpeb,False,,,,
300,14,0.1,t,True,0.55,0.9837,0.057057,False
300,14,0.1,site_boot,True,0.55,0.9837,0.057057,False
300,15,0.05,wsr,False,,,,
300,15,0.05,hoeffding,False,,,,
300,15,0.05,mpeb,False,,,,
300,15,0.05,t,True,0.63,0.9597,0.049331,False
300,15,0.05,site_boot,True,0.63,0.9597,0.049331,False
300,15,0.1,wsr,True,0.55,0.9853,0.05872,False
300,15,0.1,hoeffding,False,,,,
300,15,0.1,mpeb,False,,,,
300,15,0.1,t,True,0.55,0.9853,0.05872,False
300,15,0.1,site_boot,True,0.55,0.9853,0.05872,False
300,16,0.05,wsr,False,,,,
300,16,0.05,hoeffding,False,,,,
300,16,0.05,mpeb,False,,,,
300,16,0.05,t,True,0.63,0.9618,0.050372,True
300,16,0.05,site_boot,True,0.63,0.9618,0.050372,True
300,16,0.1,wsr,True,0.55,0.9859,0.058584,False
300,16,0.1,hoeffding,False,,,,
300,16,0.1,mpeb,False,,,,
300,16,0.1,t,True,0.55,0.9859,0.058584,False
300,16,0.1,site_boot,True,0.55,0.9859,0.058584,False
300,17,0.05,wsr,False,,,,
300,17,0.05,hoeffding,False,,,,
300,17,0.05,mpeb,False,,,,
300,17,0.05,t,True,0.65,0.9538,0.048077,False
300,17,0.05,site_boot,True,0.65,0.9538,0.048077,False
300,17,0.1,wsr,True,0.55,0.9851,0.059091,False
300,17,0.1,hoeffding,False,,,,
300,17,0.1,mpeb,False,,,,
300,17,0.1,t,True,0.55,0.9851,0.059091,False
300,17,0.1,site_boot,True,0.55,0.9851,0.059091,False
300,18,0.05,wsr,True,0.93,0.7665,0.014456,False
300,18,0.05,hoeffding,False,,,,
300,18,0.05,mpeb,False,,,,
300,18,0.05,t,True,0.63,0.9612,0.049405,False
300,18,0.05,site_boot,True,0.63,0.9612,0.049405,False
300,18,0.1,wsr,True,0.55,0.9856,0.058683,False
300,18,0.1,hoeffding,False,,,,
300,18,0.1,mpeb,False,,,,
300,18,0.1,t,True,0.55,0.9856,0.058683,False
300,18,0.1,site_boot,True,0.55,0.9856,0.058683,False
300,19,0.05,wsr,False,,,,
300,19,0.05,hoeffding,False,,,,
300,19,0.05,mpeb,False,,,,
300,19,0.05,t,True,0.69,0.9355,0.041414,False
300,19,0.05,site_boot,True,0.69,0.9355,0.041414,False
300,19,0.1,wsr,True,0.55,0.9843,0.057288,False
300,19,0.1,hoeffding,False,,,,
300,19,0.1,mpeb,False,,,,
300,19,0.1,t,True,0.55,0.9843,0.057288,False
300,19,0.1,site_boot,True,0.55,0.9843,0.057288,False
300,20,0.05,wsr,False,,,,
300,20,0.05,hoeffding,False,,,,
300,20,0.05,mpeb,False,,,,
300,20,0.05,t,True,0.67,0.9417,0.044769,False
300,20,0.05,site_boot,True,0.67,0.9417,0.044769,False
300,20,0.1,wsr,True,0.55,0.9838,0.059141,False
300,20,0.1,hoeffding,False,,,,
300,20,0.1,mpeb,False,,,,
300,20,0.1,t,True,0.55,0.9838,0.059141,False
300,20,0.1,site_boot,True,0.55,0.9838,0.059141,False
300,21,0.05,wsr,False,,,,
300,21,0.05,hoeffding,False,,,,
300,21,0.05,mpeb,False,,,,
300,21,0.05,t,True,0.67,0.9475,0.04374,False
300,21,0.05,site_boot,True,0.67,0.9475,0.04374,False
300,21,0.1,wsr,True,0.55,0.9853,0.05587,False
300,21,0.1,hoeffding,False,,,,
300,21,0.1,mpeb,False,,,,
300,21,0.1,t,True,0.55,0.9853,0.05587,False
300,21,0.1,site_boot,True,0.55,0.9853,0.05587,False
300,22,0.05,wsr,False,,,,
300,22,0.05,hoeffding,False,,,,
300,22,0.05,mpeb,False,,,,
300,22,0.05,t,True,0.69,0.939,0.041598,False
300,22,0.05,site_boot,True,0.69,0.939,0.041598,False
300,22,0.1,wsr,True,0.55,0.9849,0.057531,False
300,22,0.1,hoeffding,False,,,,
300,22,0.1,mpeb,False,,,,
300,22,0.1,t,True,0.55,0.9849,0.057531,False
300,22,0.1,site_boot,True,0.55,0.9849,0.057531,False
300,23,0.05,wsr,False,,,,
300,23,0.05,hoeffding,False,,,,
300,23,0.05,mpeb,False,,,,
300,23,0.05,t,True,0.69,0.9438,0.041748,False
300,23,0.05,site_boot,True,0.69,0.9438,0.041748,False
300,23,0.1,wsr,True,0.55,0.9859,0.055863,False
300,23,0.1,hoeffding,False,,,,
300,23,0.1,mpeb,False,,,,
300,23,0.1,t,True,0.55,0.9859,0.055863,False
300,23,0.1,site_boot,True,0.55,0.9859,0.055863,False
300,24,0.05,wsr,False,,,,
300,24,0.05,hoeffding,False,,,,
300,24,0.05,mpeb,False,,,,
300,24,0.05,t,True,0.67,0.9497,0.042939,False
300,24,0.05,site_boot,True,0.67,0.9497,0.042939,False
300,24,0.1,wsr,True,0.55,0.986,0.055984,False
300,24,0.1,hoeffding,False,,,,
300,24,0.1,mpeb,False,,,,
300,24,0.1,t,True,0.55,0.986,0.055984,False
300,24,0.1,site_boot,True,0.55,0.986,0.055984,False
300,25,0.05,wsr,False,,,,
300,25,0.05,hoeffding,False,,,,
300,25,0.05,mpeb,False,,,,
300,25,0.05,t,True,0.67,0.942,0.042449,False
300,25,0.05,site_boot,True,0.67,0.942,0.042449,False
300,25,0.1,wsr,True,0.55,0.9834,0.056208,False
300,25,0.1,hoeffding,False,,,,
300,25,0.1,mpeb,False,,,,
300,25,0.1,t,True,0.55,0.9834,0.056208,False
300,25,0.1,site_boot,True,0.55,0.9834,0.056208,False
300,26,0.05,wsr,False,,,,
300,26,0.05,hoeffding,False,,,,
300,26,0.05,mpeb,False,,,,
300,26,0.05,t,True,0.65,0.9567,0.042656,False
300,26,0.05,site_boot,True,0.65,0.9567,0.042656,False
300,26,0.1,wsr,True,0.55,0.9863,0.053626,False
300,26,0.1,hoeffding,False,,,,
300,26,0.1,mpeb,False,,,,
300,26,0.1,t,True,0.55,0.9863,0.053626,False
300,26,0.1,site_boot,True,0.55,0.9863,0.053626,False
300,27,0.05,wsr,False,,,,
300,27,0.05,hoeffding,False,,,,
300,27,0.05,mpeb,False,,,,
300,27,0.05,t,True,0.65,0.9534,0.040864,False
300,27,0.05,site_boot,True,0.65,0.9534,0.040864,False
300,27,0.1,wsr,True,0.55,0.9851,0.051449,False
300,27,0.1,hoeffding,False,,,,
300,27,0.1,mpeb,False,,,,
300,27,0.1,t,True,0.55,0.9851,0.051449,False
300,27,0.1,site_boot,True,0.55,0.9851,0.051449,False
300,28,0.05,wsr,False,,,,
300,28,0.05,hoeffding,False,,,,
300,28,0.05,mpeb,False,,,,
300,28,0.05,t,True,0.67,0.9437,0.046223,False
300,28,0.05,site_boot,True,0.67,0.9437,0.046223,False
300,28,0.1,wsr,True,0.55,0.9845,0.059484,False
300,28,0.1,hoeffding,False,,,,
300,28,0.1,mpeb,False,,,,
300,28,0.1,t,True,0.55,0.9845,0.059484,False
300,28,0.1,site_boot,True,0.55,0.9845,0.059484,False
300,29,0.05,wsr,True,0.95,0.7161,0.011955,False
300,29,0.05,hoeffding,False,,,,
300,29,0.05,mpeb,False,,,,
300,29,0.05,t,True,0.67,0.9457,0.044819,False
300,29,0.05,site_boot,True,0.67,0.9457,0.044819,False
300,29,0.1,wsr,True,0.55,0.9852,0.058676,False
300,29,0.1,hoeffding,False,,,,
300,29,0.1,mpeb,False,,,,
300,29,0.1,t,True,0.55,0.9852,0.058676,False
300,29,0.1,site_boot,True,0.55,0.9852,0.058676,False
300,30,0.05,wsr,True,0.93,0.7616,0.015793,False
300,30,0.05,hoeffding,False,,,,
300,30,0.05,mpeb,False,,,,
300,30,0.05,t,True,0.63,0.9592,0.048953,False
300,30,0.05,site_boot,True,0.63,0.9592,0.048953,False
300,30,0.1,wsr,True,0.55,0.9844,0.057512,False
300,30,0.1,hoeffding,False,,,,
300,30,0.1,mpeb,False,,,,
300,30,0.1,t,True,0.55,0.9844,0.057512,False
300,30,0.1,site_boot,True,0.55,0.9844,0.057512,False
300,31,0.05,wsr,False,,,,
300,31,0.05,hoeffding,False,,,,
300,31,0.05,mpeb,False,,,,
300,31,0.05,t,True,0.67,0.9437,0.042441,False
300,31,0.05,site_boot,True,0.67,0.9437,0.042441,False
300,31,0.1,wsr,True,0.55,0.9845,0.056243,False
300,31,0.1,hoeffding,False,,,,
300,31,0.1,mpeb,False,,,,
300,31,0.1,t,True,0.55,0.9845,0.056243,False
300,31,0.1,site_boot,True,0.55,0.9845,0.056243,False
300,32,0.05,wsr,False,,,,
300,32,0.05,hoeffding,False,,,,
300,32,0.05,mpeb,False,,,,
300,32,0.05,t,True,0.65,0.9529,0.045943,False
300,32,0.05,site_boot,True,0.65,0.9529,0.045943,False
300,32,0.1,wsr,True,0.55,0.9849,0.05743,False
300,32,0.1,hoeffding,False,,,,
300,32,0.1,mpeb,False,,,,
300,32,0.1,t,True,0.55,0.9849,0.05743,False
300,32,0.1,site_boot,True,0.55,0.9849,0.05743,False
300,33,0.05,wsr,False,,,,
300,33,0.05,hoeffding,False,,,,
300,33,0.05,mpeb,False,,,,
300,33,0.05,t,True,0.67,0.9458,0.041877,False
300,33,0.05,site_boot,True,0.67,0.9458,0.041877,False
300,33,0.1,wsr,True,0.55,0.9853,0.056715,False
300,33,0.1,hoeffding,False,,,,
300,33,0.1,mpeb,False,,,,
300,33,0.1,t,True,0.55,0.9853,0.056715,False
300,33,0.1,site_boot,True,0.55,0.9853,0.056715,False
300,34,0.05,wsr,False,,,,
300,34,0.05,hoeffding,False,,,,
300,34,0.05,mpeb,False,,,,
300,34,0.05,t,True,0.67,0.9482,0.045696,False
300,34,0.05,site_boot,True,0.67,0.9482,0.045696,False
300,34,0.1,wsr,True,0.55,0.9854,0.058339,False
300,34,0.1,hoeffding,False,,,,
300,34,0.1,mpeb,False,,,,
300,34,0.1,t,True,0.55,0.9854,0.058339,False
300,34,0.1,site_boot,True,0.55,0.9854,0.058339,False
300,35,0.05,wsr,True,0.95,0.7116,0.011319,False
300,35,0.05,hoeffding,False,,,,
300,35,0.05,mpeb,False,,,,
300,35,0.05,t,True,0.61,0.9667,0.050848,True
300,35,0.05,site_boot,True,0.61,0.9667,0.050848,True
300,35,0.1,wsr,True,0.55,0.9855,0.057482,False
300,35,0.1,hoeffding,False,,,,
300,35,0.1,mpeb,False,,,,
300,35,0.1,t,True,0.55,0.9855,0.057482,False
300,35,0.1,site_boot,True,0.55,0.9855,0.057482,False
300,36,0.05,wsr,False,,,,
300,36,0.05,hoeffding,False,,,,
300,36,0.05,mpeb,False,,,,
300,36,0.05,t,True,0.67,0.9454,0.04444,False
300,36,0.05,site_boot,True,0.67,0.9454,0.04444,False
300,36,0.1,wsr,True,0.55,0.9845,0.058802,False
300,36,0.1,hoeffding,False,,,,
300,36,0.1,mpeb,False,,,,
300,36,0.1,t,True,0.55,0.9845,0.058802,False
300,36,0.1,site_boot,True,0.55,0.9845,0.058802,False
300,37,0.05,wsr,True,0.93,0.7444,0.014069,False
300,37,0.05,hoeffding,False,,,,
300,37,0.05,mpeb,False,,,,
300,37,0.05,t,True,0.63,0.9579,0.049331,False
300,37,0.05,site_boot,True,0.63,0.9579,0.049331,False
300,37,0.1,wsr,True,0.55,0.9844,0.058692,False
300,37,0.1,hoeffding,False,,,,
300,37,0.1,mpeb,False,,,,
300,37,0.1,t,True,0.55,0.9844,0.058692,False
300,37,0.1,site_boot,True,0.55,0.9844,0.058692,False
300,38,0.05,wsr,False,,,,
300,38,0.05,hoeffding,False,,,,
300,38,0.05,mpeb,False,,,,
300,38,0.05,t,True,0.65,0.9463,0.045028,False
300,38,0.05,site_boot,True,0.65,0.9463,0.045028,False
300,38,0.1,wsr,True,0.55,0.983,0.057883,False
300,38,0.1,hoeffding,False,,,,
300,38,0.1,mpeb,False,,,,
300,38,0.1,t,True,0.55,0.983,0.057883,False
300,38,0.1,site_boot,True,0.55,0.983,0.057883,False
300,39,0.05,wsr,False,,,,
300,39,0.05,hoeffding,False,,,,
300,39,0.05,mpeb,False,,,,
300,39,0.05,t,True,0.65,0.9526,0.047245,False
300,39,0.05,site_boot,True,0.65,0.9526,0.047245,False
300,39,0.1,wsr,True,0.55,0.985,0.058552,False
300,39,0.1,hoeffding,False,,,,
300,39,0.1,mpeb,False,,,,
300,39,0.1,t,True,0.55,0.985,0.058552,False
300,39,0.1,site_boot,True,0.55,0.985,0.058552,False
300,40,0.05,wsr,False,,,,
300,40,0.05,hoeffding,False,,,,
300,40,0.05,mpeb,False,,,,
300,40,0.05,t,True,0.67,0.9464,0.043497,False
300,40,0.05,site_boot,True,0.67,0.9464,0.043497,False
300,40,0.1,wsr,True,0.55,0.9851,0.057709,False
300,40,0.1,hoeffding,False,,,,
300,40,0.1,mpeb,False,,,,
300,40,0.1,t,True,0.55,0.9851,0.057709,False
300,40,0.1,site_boot,True,0.55,0.9851,0.057709,False
300,41,0.05,wsr,False,,,,
300,41,0.05,hoeffding,False,,,,
300,41,0.05,mpeb,False,,,,
300,41,0.05,t,True,0.63,0.9575,0.049529,False
300,41,0.05,site_boot,True,0.63,0.9575,0.049529,False
300,41,0.1,wsr,True,0.55,0.9842,0.058473,False
300,41,0.1,hoeffding,False,,,,
300,41,0.1,mpeb,False,,,,
300,41,0.1,t,True,0.55,0.9842,0.058473,False
300,41,0.1,site_boot,True,0.55,0.9842,0.058473,False
300,42,0.05,wsr,False,,,,
300,42,0.05,hoeffding,False,,,,
300,42,0.05,mpeb,False,,,,
300,42,0.05,t,True,0.67,0.9498,0.043911,False
300,42,0.05,site_boot,True,0.67,0.9498,0.043911,False
300,42,0.1,wsr,True,0.55,0.986,0.056879,False
300,42,0.1,hoeffding,False,,,,
300,42,0.1,mpeb,False,,,,
300,42,0.1,t,True,0.55,0.986,0.056879,False
300,42,0.1,site_boot,True,0.55,0.986,0.056879,False
300,43,0.05,wsr,False,,,,
300,43,0.05,hoeffding,False,,,,
300,43,0.05,mpeb,False,,,,
300,43,0.05,t,True,0.65,0.9531,0.048034,False
300,43,0.05,site_boot,True,0.65,0.9531,0.048034,False
300,43,0.1,wsr,True,0.55,0.9846,0.059719,False
300,43,0.1,hoeffding,False,,,,
300,43,0.1,mpeb,False,,,,
300,43,0.1,t,True,0.55,0.9846,0.059719,False
300,43,0.1,site_boot,True,0.55,0.9846,0.059719,False
300,44,0.05,wsr,False,,,,
300,44,0.05,hoeffding,False,,,,
300,44,0.05,mpeb,False,,,,
300,44,0.05,t,True,0.63,0.96,0.050955,True
300,44,0.05,site_boot,True,0.63,0.96,0.050955,True
300,44,0.1,wsr,True,0.55,0.9851,0.05987,False
300,44,0.1,hoeffding,False,,,,
300,44,0.1,mpeb,False,,,,
300,44,0.1,t,True,0.55,0.9851,0.05987,False
300,44,0.1,site_boot,True,0.55,0.9851,0.05987,False
300,45,0.05,wsr,False,,,,
300,45,0.05,hoeffding,False,,,,
300,45,0.05,mpeb,False,,,,
300,45,0.05,t,True,0.63,0.9603,0.05135,True
300,45,0.05,site_boot,True,0.63,0.9603,0.05135,True
300,45,0.1,wsr,True,0.55,0.9852,0.060127,False
300,45,0.1,hoeffding,False,,,,
300,45,0.1,mpeb,False,,,,
300,45,0.1,t,True,0.55,0.9852,0.060127,False
300,45,0.1,site_boot,True,0.55,0.9852,0.060127,False
300,46,0.05,wsr,False,,,,
300,46,0.05,hoeffding,False,,,,
300,46,0.05,mpeb,False,,,,
300,46,0.05,t,True,0.69,0.9437,0.040651,False
300,46,0.05,site_boot,True,0.69,0.9437,0.040651,False
300,46,0.1,wsr,True,0.55,0.9863,0.055934,False
300,46,0.1,hoeffding,False,,,,
300,46,0.1,mpeb,False,,,,
300,46,0.1,t,True,0.55,0.9863,0.055934,False
300,46,0.1,site_boot,True,0.55,0.9863,0.055934,False
300,47,0.05,wsr,False,,,,
300,47,0.05,hoeffding,False,,,,
300,47,0.05,mpeb,False,,,,
300,47,0.05,t,True,0.67,0.9404,0.044599,False
300,47,0.05,site_boot,True,0.67,0.9404,0.044599,False
300,47,0.1,wsr,True,0.55,0.9835,0.058787,False
300,47,0.1,hoeffding,False,,,,
300,47,0.1,mpeb,False,,,,
300,47,0.1,t,True,0.55,0.9835,0.058787,False
300,47,0.1,site_boot,True,0.55,0.9835,0.058787,False
300,48,0.05,wsr,False,,,,
300,48,0.05,hoeffding,False,,,,
300,48,0.05,mpeb,False,,,,
300,48,0.05,t,True,0.69,0.9391,0.044375,False
300,48,0.05,site_boot,True,0.69,0.9391,0.044375,False
300,48,0.1,wsr,True,0.55,0.9852,0.059776,False
300,48,0.1,hoeffding,False,,,,
300,48,0.1,mpeb,False,,,,
300,48,0.1,t,True,0.55,0.9852,0.059776,False
300,48,0.1,site_boot,True,0.55,0.9852,0.059776,False
300,49,0.05,wsr,True,0.93,0.7583,0.013354,False
300,49,0.05,hoeffding,False,,,,
300,49,0.05,mpeb,False,,,,
300,49,0.05,t,True,0.65,0.9532,0.045795,False
300,49,0.05,site_boot,True,0.65,0.9532,0.045795,False
300,49,0.1,wsr,True,0.55,0.9849,0.056514,False
300,49,0.1,hoeffding,False,,,,
300,49,0.1,mpeb,False,,,,
300,49,0.1,t,True,0.55,0.9849,0.056514,False
300,49,0.1,site_boot,True,0.55,0.9849,0.056514,False
300,50,0.05,wsr,True,0.93,0.7657,0.01373,False
300,50,0.05,hoeffding,False,,,,
300,50,0.05,mpeb,False,,,,
300,50,0.05,t,True,0.65,0.9546,0.045499,False
300,50,0.05,site_boot,True,0.65,0.9546,0.045499,False
300,50,0.1,wsr,True,0.55,0.9852,0.056997,False
300,50,0.1,hoeffding,False,,,,
300,50,0.1,mpeb,False,,,,
300,50,0.1,t,True,0.55,0.9852,0.056997,False
300,50,0.1,site_boot,True,0.55,0.9852,0.056997,False
300,51,0.05,wsr,True,0.93,0.7523,0.014142,False
300,51,0.05,hoeffding,False,,,,
300,51,0.05,mpeb,False,,,,
300,51,0.05,t,True,0.63,0.9592,0.048716,False
300,51,0.05,site_boot,True,0.63,0.9592,0.048716,False
300,51,0.1,wsr,True,0.55,0.985,0.058144,False
300,51,0.1,hoeffding,False,,,,
300,51,0.1,mpeb,False,,,,
300,51,0.1,t,True,0.55,0.985,0.058144,False
300,51,0.1,site_boot,True,0.55,0.985,0.058144,False
300,52,0.05,wsr,False,,,,
300,52,0.05,hoeffding,False,,,,
300,52,0.05,mpeb,False,,,,
300,52,0.05,t,True,0.67,0.9431,0.043577,False
300,52,0.05,site_boot,True,0.67,0.9431,0.043577,False
300,52,0.1,wsr,True,0.55,0.9845,0.05751,False
300,52,0.1,hoeffding,False,,,,
300,52,0.1,mpeb,False,,,,
300,52,0.1,t,True,0.55,0.9845,0.05751,False
300,52,0.1,site_boot,True,0.55,0.9845,0.05751,False
300,53,0.05,wsr,False,,,,
300,53,0.05,hoeffding,False,,,,
300,53,0.05,mpeb,False,,,,
300,53,0.05,t,True,0.71,0.9348,0.039022,False
300,53,0.05,site_boot,True,0.71,0.9348,0.039022,False
300,53,0.1,wsr,True,0.55,0.9854,0.056414,False
300,53,0.1,hoeffding,False,,,,
300,53,0.1,mpeb,False,,,,
300,53,0.1,t,True,0.55,0.9854,0.056414,False
300,53,0.1,site_boot,True,0.55,0.9854,0.056414,False
300,54,0.05,wsr,True,0.93,0.7503,0.014751,False
300,54,0.05,hoeffding,False,,,,
300,54,0.05,mpeb,False,,,,
300,54,0.05,t,True,0.65,0.9508,0.046154,False
300,54,0.05,site_boot,True,0.65,0.9508,0.046154,False
300,54,0.1,wsr,True,0.55,0.9847,0.058105,False
300,54,0.1,hoeffding,False,,,,
300,54,0.1,mpeb,False,,,,
300,54,0.1,t,True,0.55,0.9847,0.058105,False
300,54,0.1,site_boot,True,0.55,0.9847,0.058105,False
300,55,0.05,wsr,True,0.95,0.7058,0.011346,False
300,55,0.05,hoeffding,False,,,,
300,55,0.05,mpeb,False,,,,
300,55,0.05,t,True,0.63,0.9581,0.048545,False
300,55,0.05,site_boot,True,0.63,0.9581,0.048545,False
300,55,0.1,wsr,True,0.55,0.9842,0.057389,False
300,55,0.1,hoeffding,False,,,,
300,55,0.1,mpeb,False,,,,
300,55,0.1,t,True,0.55,0.9842,0.057389,False
300,55,0.1,site_boot,True,0.55,0.9842,0.057389,False
300,56,0.05,wsr,True,0.95,0.7171,0.010908,False
300,56,0.05,hoeffding,False,,,,
300,56,0.05,mpeb,False,,,,
300,56,0.05,t,True,0.63,0.9611,0.047529,False
300,56,0.05,site_boot,True,0.63,0.9611,0.047529,False
300,56,0.1,wsr,True,0.55,0.9854,0.057218,False
300,56,0.1,hoeffding,False,,,,
300,56,0.1,mpeb,False,,,,
300,56,0.1,t,True,0.55,0.9854,0.057218,False
300,56,0.1,site_boot,True,0.55,0.9854,0.057218,False
300,57,0.05,wsr,False,,,,
300,57,0.05,hoeffding,False,,,,
300,57,0.05,mpeb,False,,,,
300,57,0.05,t,True,0.69,0.9424,0.04283,False
300,57,0.05,site_boot,True,0.69,0.9424,0.04283,False
300,57,0.1,wsr,True,0.55,0.9858,0.057785,False
300,57,0.1,hoeffding,False,,,,
300,57,0.1,mpeb,False,,,,
300,57,0.1,t,True,0.55,0.9858,0.057785,False
300,57,0.1,site_boot,True,0.55,0.9858,0.057785,False
300,58,0.05,wsr,False,,,,
300,58,0.05,hoeffding,False,,,,
300,58,0.05,mpeb,False,,,,
300,58,0.05,t,True,0.67,0.9455,0.044827,False
300,58,0.05,site_boot,True,0.67,0.9455,0.044827,False
300,58,0.1,wsr,True,0.55,0.9849,0.057975,False
300,58,0.1,hoeffding,False,,,,
300,58,0.1,mpeb,False,,,,
300,58,0.1,t,True,0.55,0.9849,0.057975,False
300,58,0.1,site_boot,True,0.55,0.9849,0.057975,False
300,59,0.05,wsr,False,,,,
300,59,0.05,hoeffding,False,,,,
300,59,0.05,mpeb,False,,,,
300,59,0.05,t,True,0.67,0.9422,0.044803,False
300,59,0.05,site_boot,True,0.67,0.9422,0.044803,False
300,59,0.1,wsr,True,0.55,0.9844,0.059749,False
300,59,0.1,hoeffding,False,,,,
300,59,0.1,mpeb,False,,,,
300,59,0.1,t,True,0.55,0.9844,0.059749,False
300,59,0.1,site_boot,True,0.55,0.9844,0.059749,False
300,60,0.05,wsr,True,0.95,0.7253,0.012875,False
300,60,0.05,hoeffding,False,,,,
300,60,0.05,mpeb,False,,,,
300,60,0.05,t,True,0.65,0.9566,0.047882,False
300,60,0.05,site_boot,True,0.65,0.9566,0.047882,False
300,60,0.1,wsr,True,0.55,0.9861,0.059279,False
300,60,0.1,hoeffding,False,,,,
300,60,0.1,mpeb,False,,,,
300,60,0.1,t,True,0.55,0.9861,0.059279,False
300,60,0.1,site_boot,True,0.55,0.9861,0.059279,False
300,61,0.05,wsr,False,,,,
300,61,0.05,hoeffding,False,,,,
300,61,0.05,mpeb,False,,,,
300,61,0.05,t,True,0.65,0.9496,0.045802,False
300,61,0.05,site_boot,True,0.65,0.9496,0.045802,False
300,61,0.1,wsr,True,0.55,0.9843,0.057756,False
300,61,0.1,hoeffding,False,,,,
300,61,0.1,mpeb,False,,,,
300,61,0.1,t,True,0.55,0.9843,0.057756,False
300,61,0.1,site_boot,True,0.55,0.9843,0.057756,False
300,62,0.05,wsr,True,0.93,0.7558,0.012976,False
300,62,0.05,hoeffding,False,,,,
300,62,0.05,mpeb,False,,,,
300,62,0.05,t,True,0.63,0.9603,0.049101,False
300,62,0.05,site_boot,True,0.63,0.9603,0.049101,False
300,62,0.1,wsr,True,0.55,0.9855,0.058548,False
300,62,0.1,hoeffding,False,,,,
300,62,0.1,mpeb,False,,,,
300,62,0.1,t,True,0.55,0.9855,0.058548,False
300,62,0.1,site_boot,True,0.55,0.9855,0.058548,False
300,63,0.05,wsr,False,,,,
300,63,0.05,hoeffding,False,,,,
300,63,0.05,mpeb,False,,,,
300,63,0.05,t,True,0.63,0.9599,0.046461,False
300,63,0.05,site_boot,True,0.63,0.9599,0.046461,False
300,63,0.1,wsr,True,0.55,0.985,0.055353,False
300,63,0.1,hoeffding,False,,,,
300,63,0.1,mpeb,False,,,,
300,63,0.1,t,True,0.55,0.985,0.055353,False
300,63,0.1,site_boot,True,0.55,0.985,0.055353,False
300,64,0.05,wsr,False,,,,
300,64,0.05,hoeffding,False,,,,
300,64,0.05,mpeb,False,,,,
300,64,0.05,t,True,0.67,0.9465,0.044372,False
300,64,0.05,site_boot,True,0.67,0.9465,0.044372,False
300,64,0.1,wsr,True,0.55,0.9852,0.058039,False
300,64,0.1,hoeffding,False,,,,
300,64,0.1,mpeb,False,,,,
300,64,0.1,t,True,0.55,0.9852,0.058039,False
300,64,0.1,site_boot,True,0.55,0.9852,0.058039,False
300,65,0.05,wsr,False,,,,
300,65,0.05,hoeffding,False,,,,
300,65,0.05,mpeb,False,,,,
300,65,0.05,t,True,0.63,0.9593,0.04747,False
300,65,0.05,site_boot,True,0.63,0.9593,0.04747,False
300,65,0.1,wsr,True,0.55,0.9846,0.05632,False
300,65,0.1,hoeffding,False,,,,
300,65,0.1,mpeb,False,,,,
300,65,0.1,t,True,0.55,0.9846,0.05632,False
300,65,0.1,site_boot,True,0.55,0.9846,0.05632,False
300,66,0.05,wsr,False,,,,
300,66,0.05,hoeffding,False,,,,
300,66,0.05,mpeb,False,,,,
300,66,0.05,t,True,0.69,0.9381,0.043651,False
300,66,0.05,site_boot,True,0.69,0.9381,0.043651,False
300,66,0.1,wsr,True,0.55,0.9848,0.058671,False
300,66,0.1,hoeffding,False,,,,
300,66,0.1,mpeb,False,,,,
300,66,0.1,t,True,0.55,0.9848,0.058671,False
300,66,0.1,site_boot,True,0.55,0.9848,0.058671,False
300,67,0.05,wsr,False,,,,
300,67,0.05,hoeffding,False,,,,
300,67,0.05,mpeb,False,,,,
300,67,0.05,t,True,0.65,0.9553,0.048088,False
300,67,0.05,site_boot,True,0.65,0.9553,0.048088,False
300,67,0.1,wsr,True,0.55,0.9859,0.059317,False
300,67,0.1,hoeffding,False,,,,
300,67,0.1,mpeb,False,,,,
300,67,0.1,t,True,0.55,0.9859,0.059317,False
300,67,0.1,site_boot,True,0.55,0.9859,0.059317,False
300,68,0.05,wsr,True,0.95,0.7041,0.010106,False
300,68,0.05,hoeffding,False,,,,
300,68,0.05,mpeb,False,,,,
300,68,0.05,t,True,0.63,0.9585,0.04642,False
300,68,0.05,site_boot,True,0.63,0.9585,0.04642,False
300,68,0.1,wsr,True,0.55,0.9845,0.055712,False
300,68,0.1,hoeffding,False,,,,
300,68,0.1,mpeb,False,,,,
300,68,0.1,t,True,0.55,0.9845,0.055712,False
300,68,0.1,site_boot,True,0.55,0.9845,0.055712,False
300,69,0.05,wsr,True,0.95,0.7239,0.011478,False
300,69,0.05,hoeffding,False,,,,
300,69,0.05,mpeb,False,,,,
300,69,0.05,t,True,0.67,0.9495,0.041837,False
300,69,0.05,site_boot,True,0.67,0.9495,0.041837,False
300,69,0.1,wsr,True,0.55,0.9856,0.054621,False
300,69,0.1,hoeffding,False,,,,
300,69,0.1,mpeb,False,,,,
300,69,0.1,t,True,0.55,0.9856,0.054621,False
300,69,0.1,site_boot,True,0.55,0.9856,0.054621,False
300,70,0.05,wsr,False,,,,
300,70,0.05,hoeffding,False,,,,
300,70,0.05,mpeb,False,,,,
300,70,0.05,t,True,0.67,0.9494,0.044881,False
300,70,0.05,site_boot,True,0.67,0.9494,0.044881,False
300,70,0.1,wsr,True,0.55,0.9857,0.057492,False
300,70,0.1,hoeffding,False,,,,
300,70,0.1,mpeb,False,,,,
300,70,0.1,t,True,0.55,0.9857,0.057492,False
300,70,0.1,site_boot,True,0.55,0.9857,0.057492,False
300,71,0.05,wsr,False,,,,
300,71,0.05,hoeffding,False,,,,
300,71,0.05,mpeb,False,,,,
300,71,0.05,t,True,0.65,0.9543,0.044112,False
300,71,0.05,site_boot,True,0.65,0.9543,0.044112,False
300,71,0.1,wsr,True,0.55,0.9855,0.055172,False
300,71,0.1,hoeffding,False,,,,
300,71,0.1,mpeb,False,,,,
300,71,0.1,t,True,0.55,0.9855,0.055172,False
300,71,0.1,site_boot,True,0.55,0.9855,0.055172,False
300,72,0.05,wsr,False,,,,
300,72,0.05,hoeffding,False,,,,
300,72,0.05,mpeb,False,,,,
300,72,0.05,t,True,0.63,0.9598,0.046822,False
300,72,0.05,site_boot,True,0.63,0.9598,0.046822,False
300,72,0.1,wsr,True,0.55,0.9853,0.055933,False
300,72,0.1,hoeffding,False,,,,
300,72,0.1,mpeb,False,,,,
300,72,0.1,t,True,0.55,0.9853,0.055933,False
300,72,0.1,site_boot,True,0.55,0.9853,0.055933,False
300,73,0.05,wsr,False,,,,
300,73,0.05,hoeffding,False,,,,
300,73,0.05,mpeb,False,,,,
300,73,0.05,t,True,0.65,0.9551,0.044623,False
300,73,0.05,site_boot,True,0.65,0.9551,0.044623,False
300,73,0.1,wsr,True,0.55,0.9858,0.056022,False
300,73,0.1,hoeffding,False,,,,
300,73,0.1,mpeb,False,,,,
300,73,0.1,t,True,0.55,0.9858,0.056022,False
300,73,0.1,site_boot,True,0.55,0.9858,0.056022,False
300,74,0.05,wsr,False,,,,
300,74,0.05,hoeffding,False,,,,
300,74,0.05,mpeb,False,,,,
300,74,0.05,t,True,0.67,0.9463,0.043554,False
300,74,0.05,site_boot,True,0.67,0.9463,0.043554,False
300,74,0.1,wsr,True,0.55,0.9851,0.057058,False
300,74,0.1,hoeffding,False,,,,
300,74,0.1,mpeb,False,,,,
300,74,0.1,t,True,0.55,0.9851,0.057058,False
300,74,0.1,site_boot,True,0.55,0.9851,0.057058,False
300,75,0.05,wsr,True,0.95,0.7187,0.010416,False
300,75,0.05,hoeffding,False,,,,
300,75,0.05,mpeb,False,,,,
300,75,0.05,t,True,0.65,0.9544,0.044893,False
300,75,0.05,site_boot,True,0.65,0.9544,0.044893,False
300,75,0.1,wsr,True,0.55,0.9858,0.056088,False
300,75,0.1,hoeffding,False,,,,
300,75,0.1,mpeb,False,,,,
300,75,0.1,t,True,0.55,0.9858,0.056088,False
300,75,0.1,site_boot,True,0.55,0.9858,0.056088,False
300,76,0.05,wsr,False,,,,
300,76,0.05,hoeffding,False,,,,
300,76,0.05,mpeb,False,,,,
300,76,0.05,t,True,0.67,0.9443,0.046396,False
300,76,0.05,site_boot,True,0.67,0.9443,0.046396,False
300,76,0.1,wsr,True,0.55,0.9843,0.061391,False
300,76,0.1,hoeffding,False,,,,
300,76,0.1,mpeb,False,,,,
300,76,0.1,t,True,0.55,0.9843,0.061391,False
300,76,0.1,site_boot,True,0.55,0.9843,0.061391,False
300,77,0.05,wsr,False,,,,
300,77,0.05,hoeffding,False,,,,
300,77,0.05,mpeb,False,,,,
300,77,0.05,t,True,0.65,0.9538,0.044451,False
300,77,0.05,site_boot,True,0.65,0.9538,0.044451,False
300,77,0.1,wsr,True,0.55,0.9861,0.056191,False
300,77,0.1,hoeffding,False,,,,
300,77,0.1,mpeb,False,,,,
300,77,0.1,t,True,0.55,0.9861,0.056191,False
300,77,0.1,site_boot,True,0.55,0.9861,0.056191,False
300,78,0.05,wsr,True,0.95,0.7138,0.011339,False
300,78,0.05,hoeffding,False,,,,
300,78,0.05,mpeb,False,,,,
300,78,0.05,t,True,0.67,0.9464,0.043537,False
300,78,0.05,site_boot,True,0.67,0.9464,0.043537,False
300,78,0.1,wsr,True,0.55,0.9849,0.057359,False
300,78,0.1,hoeffding,False,,,,
300,78,0.1,mpeb,False,,,,
300,78,0.1,t,True,0.55,0.9849,0.057359,False
300,78,0.1,site_boot,True,0.55,0.9849,0.057359,False
300,79,0.05,wsr,False,,,,
300,79,0.05,hoeffding,False,,,,
300,79,0.05,mpeb,False,,,,
300,79,0.05,t,True,0.67,0.948,0.042357,False
300,79,0.05,site_boot,True,0.67,0.948,0.042357,False
300,79,0.1,wsr,True,0.55,0.9855,0.054485,False
300,79,0.1,hoeffding,False,,,,
300,79,0.1,mpeb,False,,,,
300,79,0.1,t,True,0.55,0.9855,0.054485,False
300,79,0.1,site_boot,True,0.55,0.9855,0.054485,False
300,80,0.05,wsr,False,,,,
300,80,0.05,hoeffding,False,,,,
300,80,0.05,mpeb,False,,,,
300,80,0.05,t,True,0.63,0.9592,0.04743,False
300,80,0.05,site_boot,True,0.63,0.9592,0.04743,False
300,80,0.1,wsr,True,0.55,0.985,0.057336,False
300,80,0.1,hoeffding,False,,,,
300,80,0.1,mpeb,False,,,,
300,80,0.1,t,True,0.55,0.985,0.057336,False
300,80,0.1,site_boot,True,0.55,0.985,0.057336,False
300,81,0.05,wsr,False,,,,
300,81,0.05,hoeffding,False,,,,
300,81,0.05,mpeb,False,,,,
300,81,0.05,t,True,0.67,0.9458,0.043023,False
300,81,0.05,site_boot,True,0.67,0.9458,0.043023,False
300,81,0.1,wsr,True,0.55,0.9847,0.056216,False
300,81,0.1,hoeffding,False,,,,
300,81,0.1,mpeb,False,,,,
300,81,0.1,t,True,0.55,0.9847,0.056216,False
300,81,0.1,site_boot,True,0.55,0.9847,0.056216,False
300,82,0.05,wsr,False,,,,
300,82,0.05,hoeffding,False,,,,
300,82,0.05,mpeb,False,,,,
300,82,0.05,t,True,0.69,0.9411,0.042277,False
300,82,0.05,site_boot,True,0.69,0.9411,0.042277,False
300,82,0.1,wsr,True,0.55,0.9857,0.057882,False
300,82,0.1,hoeffding,False,,,,
300,82,0.1,mpeb,False,,,,
300,82,0.1,t,True,0.55,0.9857,0.057882,False
300,82,0.1,site_boot,True,0.55,0.9857,0.057882,False
300,83,0.05,wsr,False,,,,
300,83,0.05,hoeffding,False,,,,
300,83,0.05,mpeb,False,,,,
300,83,0.05,t,True,0.65,0.9542,0.04426,False
300,83,0.05,site_boot,True,0.65,0.9542,0.04426,False
300,83,0.1,wsr,True,0.55,0.9861,0.055863,False
300,83,0.1,hoeffding,False,,,,
300,83,0.1,mpeb,False,,,,
300,83,0.1,t,True,0.55,0.9861,0.055863,False
300,83,0.1,site_boot,True,0.55,0.9861,0.055863,False
300,84,0.05,wsr,False,,,,
300,84,0.05,hoeffding,False,,,,
300,84,0.05,mpeb,False,,,,
300,84,0.05,t,True,0.69,0.9417,0.042984,False
300,84,0.05,site_boot,True,0.69,0.9417,0.042984,False
300,84,0.1,wsr,True,0.55,0.9857,0.058555,False
300,84,0.1,hoeffding,False,,,,
300,84,0.1,mpeb,False,,,,
300,84,0.1,t,True,0.55,0.9857,0.058555,False
300,84,0.1,site_boot,True,0.55,0.9857,0.058555,False
300,85,0.05,wsr,True,0.95,0.7147,0.011343,False
300,85,0.05,hoeffding,False,,,,
300,85,0.05,mpeb,False,,,,
300,85,0.05,t,True,0.65,0.9539,0.046815,False
300,85,0.05,site_boot,True,0.65,0.9539,0.046815,False
300,85,0.1,wsr,True,0.55,0.9849,0.057604,False
300,85,0.1,hoeffding,False,,,,
300,85,0.1,mpeb,False,,,,
300,85,0.1,t,True,0.55,0.9849,0.057604,False
300,85,0.1,site_boot,True,0.55,0.9849,0.057604,False
300,86,0.05,wsr,False,,,,
300,86,0.05,hoeffding,False,,,,
300,86,0.05,mpeb,False,,,,
300,86,0.05,t,True,0.67,0.9478,0.043048,False
300,86,0.05,site_boot,True,0.67,0.9478,0.043048,False
300,86,0.1,wsr,True,0.55,0.9858,0.056392,False
300,86,0.1,hoeffding,False,,,,
300,86,0.1,mpeb,False,,,,
300,86,0.1,t,True,0.55,0.9858,0.056392,False
300,86,0.1,site_boot,True,0.55,0.9858,0.056392,False
300,87,0.05,wsr,False,,,,
300,87,0.05,hoeffding,False,,,,
300,87,0.05,mpeb,False,,,,
300,87,0.05,t,True,0.65,0.9533,0.047473,False
300,87,0.05,site_boot,True,0.65,0.9533,0.047473,False
300,87,0.1,wsr,True,0.55,0.9852,0.058332,False
300,87,0.1,hoeffding,False,,,,
300,87,0.1,mpeb,False,,,,
300,87,0.1,t,True,0.55,0.9852,0.058332,False
300,87,0.1,site_boot,True,0.55,0.9852,0.058332,False
300,88,0.05,wsr,False,,,,
300,88,0.05,hoeffding,False,,,,
300,88,0.05,mpeb,False,,,,
300,88,0.05,t,True,0.67,0.9415,0.043821,False
300,88,0.05,site_boot,True,0.67,0.9415,0.043821,False
300,88,0.1,wsr,True,0.55,0.9831,0.057923,False
300,88,0.1,hoeffding,False,,,,
300,88,0.1,mpeb,False,,,,
300,88,0.1,t,True,0.55,0.9831,0.057923,False
300,88,0.1,site_boot,True,0.55,0.9831,0.057923,False
300,89,0.05,wsr,True,0.95,0.7117,0.011178,False
300,89,0.05,hoeffding,False,,,,
300,89,0.05,mpeb,False,,,,
300,89,0.05,t,True,0.65,0.9535,0.045451,False
300,89,0.05,site_boot,True,0.65,0.9535,0.045451,False
300,89,0.1,wsr,True,0.55,0.985,0.056593,False
300,89,0.1,hoeffding,False,,,,
300,89,0.1,mpeb,False,,,,
300,89,0.1,t,True,0.55,0.985,0.056593,False
300,89,0.1,site_boot,True,0.55,0.985,0.056593,False
300,90,0.05,wsr,False,,,,
300,90,0.05,hoeffding,False,,,,
300,90,0.05,mpeb,False,,,,
300,90,0.05,t,True,0.63,0.9586,0.048037,False
300,90,0.05,site_boot,True,0.65,0.9516,0.045417,False
300,90,0.1,wsr,True,0.55,0.9846,0.057385,False
300,90,0.1,hoeffding,False,,,,
300,90,0.1,mpeb,False,,,,
300,90,0.1,t,True,0.55,0.9846,0.057385,False
300,90,0.1,site_boot,True,0.55,0.9846,0.057385,False
300,91,0.05,wsr,False,,,,
300,91,0.05,hoeffding,False,,,,
300,91,0.05,mpeb,False,,,,
300,91,0.05,t,True,0.69,0.9352,0.040836,False
300,91,0.05,site_boot,True,0.69,0.9352,0.040836,False
300,91,0.1,wsr,True,0.55,0.9839,0.056642,False
300,91,0.1,hoeffding,False,,,,
300,91,0.1,mpeb,False,,,,
300,91,0.1,t,True,0.55,0.9839,0.056642,False
300,91,0.1,site_boot,True,0.55,0.9839,0.056642,False
300,92,0.05,wsr,False,,,,
300,92,0.05,hoeffding,False,,,,
300,92,0.05,mpeb,False,,,,
300,92,0.05,t,True,0.63,0.9583,0.04685,False
300,92,0.05,site_boot,True,0.63,0.9583,0.04685,False
300,92,0.1,wsr,True,0.55,0.9843,0.05715,False
300,92,0.1,hoeffding,False,,,,
300,92,0.1,mpeb,False,,,,
300,92,0.1,t,True,0.55,0.9843,0.05715,False
300,92,0.1,site_boot,True,0.55,0.9843,0.05715,False
300,93,0.05,wsr,True,0.95,0.7165,0.010879,False
300,93,0.05,hoeffding,False,,,,
300,93,0.05,mpeb,False,,,,
300,93,0.05,t,True,0.63,0.9619,0.049129,False
300,93,0.05,site_boot,True,0.63,0.9619,0.049129,False
300,93,0.1,wsr,True,0.55,0.9855,0.057669,False
300,93,0.1,hoeffding,False,,,,
300,93,0.1,mpeb,False,,,,
300,93,0.1,t,True,0.55,0.9855,0.057669,False
300,93,0.1,site_boot,True,0.55,0.9855,0.057669,False
300,94,0.05,wsr,False,,,,
300,94,0.05,hoeffding,False,,,,
300,94,0.05,mpeb,False,,,,
300,94,0.05,t,True,0.65,0.9521,0.045056,False
300,94,0.05,site_boot,True,0.65,0.9521,0.045056,False
300,94,0.1,wsr,True,0.55,0.9845,0.057056,False
300,94,0.1,hoeffding,False,,,,
300,94,0.1,mpeb,False,,,,
300,94,0.1,t,True,0.55,0.9845,0.057056,False
300,94,0.1,site_boot,True,0.55,0.9845,0.057056,False
300,95,0.05,wsr,False,,,,
300,95,0.05,hoeffding,False,,,,
300,95,0.05,mpeb,False,,,,
300,95,0.05,t,True,0.67,0.9454,0.042831,False
300,95,0.05,site_boot,True,0.67,0.9454,0.042831,False
300,95,0.1,wsr,True,0.55,0.9853,0.057327,False
300,95,0.1,hoeffding,False,,,,
300,95,0.1,mpeb,False,,,,
300,95,0.1,t,True,0.55,0.9853,0.057327,False
300,95,0.1,site_boot,True,0.55,0.9853,0.057327,False
300,96,0.05,wsr,True,0.95,0.7242,0.012753,False
300,96,0.05,hoeffding,False,,,,
300,96,0.05,mpeb,False,,,,
300,96,0.05,t,True,0.63,0.9611,0.049131,False
300,96,0.05,site_boot,True,0.63,0.9611,0.049131,False
300,96,0.1,wsr,True,0.55,0.9853,0.057518,False
300,96,0.1,hoeffding,False,,,,
300,96,0.1,mpeb,False,,,,
300,96,0.1,t,True,0.55,0.9853,0.057518,False
300,96,0.1,site_boot,True,0.55,0.9853,0.057518,False
300,97,0.05,wsr,True,0.95,0.7139,0.01144,False
300,97,0.05,hoeffding,False,,,,
300,97,0.05,mpeb,False,,,,
300,97,0.05,t,True,0.65,0.954,0.045966,False
300,97,0.05,site_boot,True,0.65,0.954,0.045966,False
300,97,0.1,wsr,True,0.55,0.9849,0.056193,False
300,97,0.1,hoeffding,False,,,,
300,97,0.1,mpeb,False,,,,
300,97,0.1,t,True,0.55,0.9849,0.056193,False
300,97,0.1,site_boot,True,0.55,0.9849,0.056193,False
300,98,0.05,wsr,False,,,,
300,98,0.05,hoeffding,False,,,,
300,98,0.05,mpeb,False,,,,
300,98,0.05,t,True,0.65,0.9544,0.045274,False
300,98,0.05,site_boot,True,0.65,0.9544,0.045274,False
300,98,0.1,wsr,True,0.55,0.9857,0.056702,False
300,98,0.1,hoeffding,False,,,,
300,98,0.1,mpeb,False,,,,
300,98,0.1,t,True,0.55,0.9857,0.056702,False
300,98,0.1,site_boot,True,0.55,0.9857,0.056702,False
300,99,0.05,wsr,False,,,,
300,99,0.05,hoeffding,False,,,,
300,99,0.05,mpeb,False,,,,
300,99,0.05,t,True,0.67,0.9459,0.045951,False
300,99,0.05,site_boot,True,0.67,0.9459,0.045951,False
300,99,0.1,wsr,True,0.55,0.9848,0.060347,False
300,99,0.1,hoeffding,False,,,,
300,99,0.1,mpeb,False,,,,
300,99,0.1,t,True,0.55,0.9848,0.060347,False
300,99,0.1,site_boot,True,0.55,0.9848,0.060347,False
300,100,0.05,wsr,False,,,,
300,100,0.05,hoeffding,False,,,,
300,100,0.05,mpeb,False,,,,
300,100,0.05,t,True,0.65,0.9505,0.047478,False
300,100,0.05,site_boot,True,0.65,0.9505,0.047478,False
300,100,0.1,wsr,True,0.55,0.9843,0.058644,False
300,100,0.1,hoeffding,False,,,,
300,100,0.1,mpeb,False,,,,
300,100,0.1,t,True,0.55,0.9843,0.058644,False
300,100,0.1,site_boot,True,0.55,0.9843,0.058644,False
300,101,0.05,wsr,True,0.93,0.7618,0.013459,False
300,101,0.05,hoeffding,False,,,,
300,101,0.05,mpeb,False,,,,
300,101,0.05,t,True,0.63,0.9606,0.048047,False
300,101,0.05,site_boot,True,0.63,0.9606,0.048047,False
300,101,0.1,wsr,True,0.55,0.9852,0.057666,False
300,101,0.1,hoeffding,False,,,,
300,101,0.1,mpeb,False,,,,
300,101,0.1,t,True,0.55,0.9852,0.057666,False
300,101,0.1,site_boot,True,0.55,0.9852,0.057666,False
300,102,0.05,wsr,False,,,,
300,102,0.05,hoeffding,False,,,,
300,102,0.05,mpeb,False,,,,
300,102,0.05,t,True,0.63,0.959,0.048656,False
300,102,0.05,site_boot,True,0.63,0.959,0.048656,False
300,102,0.1,wsr,True,0.55,0.9847,0.057835,False
300,102,0.1,hoeffding,False,,,,
300,102,0.1,mpeb,False,,,,
300,102,0.1,t,True,0.55,0.9847,0.057835,False
300,102,0.1,site_boot,True,0.55,0.9847,0.057835,False
300,103,0.05,wsr,False,,,,
300,103,0.05,hoeffding,False,,,,
300,103,0.05,mpeb,False,,,,
300,103,0.05,t,True,0.65,0.95,0.046343,False
300,103,0.05,site_boot,True,0.65,0.95,0.046343,False
300,103,0.1,wsr,True,0.55,0.984,0.057774,False
300,103,0.1,hoeffding,False,,,,
300,103,0.1,mpeb,False,,,,
300,103,0.1,t,True,0.55,0.984,0.057774,False
300,103,0.1,site_boot,True,0.55,0.984,0.057774,False
300,104,0.05,wsr,False,,,,
300,104,0.05,hoeffding,False,,,,
300,104,0.05,mpeb,False,,,,
300,104,0.05,t,True,0.67,0.9467,0.042894,False
300,104,0.05,site_boot,True,0.67,0.9467,0.042894,False
300,104,0.1,wsr,True,0.55,0.9855,0.056792,False
300,104,0.1,hoeffding,False,,,,
300,104,0.1,mpeb,False,,,,
300,104,0.1,t,True,0.55,0.9855,0.056792,False
300,104,0.1,site_boot,True,0.55,0.9855,0.056792,False
300,105,0.05,wsr,True,0.95,0.7046,0.0111,False
300,105,0.05,hoeffding,False,,,,
300,105,0.05,mpeb,False,,,,
300,105,0.05,t,True,0.65,0.9516,0.046117,False
300,105,0.05,site_boot,True,0.65,0.9516,0.046117,False
300,105,0.1,wsr,True,0.55,0.9849,0.058571,False
300,105,0.1,hoeffding,False,,,,
300,105,0.1,mpeb,False,,,,
300,105,0.1,t,True,0.55,0.9849,0.058571,False
300,105,0.1,site_boot,True,0.55,0.9849,0.058571,False
300,106,0.05,wsr,False,,,,
300,106,0.05,hoeffding,False,,,,
300,106,0.05,mpeb,False,,,,
300,106,0.05,t,True,0.67,0.943,0.046277,False
300,106,0.05,site_boot,True,0.67,0.943,0.046277,False
300,106,0.1,wsr,True,0.55,0.9838,0.060294,False
300,106,0.1,hoeffding,False,,,,
300,106,0.1,mpeb,False,,,,
300,106,0.1,t,True,0.55,0.9838,0.060294,False
300,106,0.1,site_boot,True,0.55,0.9838,0.060294,False
300,107,0.05,wsr,True,0.93,0.7526,0.013551,False
300,107,0.05,hoeffding,False,,,,
300,107,0.05,mpeb,False,,,,
300,107,0.05,t,True,0.65,0.9518,0.045954,False
300,107,0.05,site_boot,True,0.65,0.9518,0.045954,False
300,107,0.1,wsr,True,0.55,0.9847,0.057764,False
300,107,0.1,hoeffding,False,,,,
300,107,0.1,mpeb,False,,,,
300,107,0.1,t,True,0.55,0.9847,0.057764,False
300,107,0.1,site_boot,True,0.55,0.9847,0.057764,False
300,108,0.05,wsr,True,0.93,0.7597,0.012746,False
300,108,0.05,hoeffding,False,,,,
300,108,0.05,mpeb,False,,,,
300,108,0.05,t,True,0.63,0.9602,0.044906,False
300,108,0.05,site_boot,True,0.63,0.9602,0.044906,False
300,108,0.1,wsr,True,0.55,0.9849,0.053145,False
300,108,0.1,hoeffding,False,,,,
300,108,0.1,mpeb,False,,,,
300,108,0.1,t,True,0.55,0.9849,0.053145,False
300,108,0.1,site_boot,True,0.55,0.9849,0.053145,False
300,109,0.05,wsr,False,,,,
300,109,0.05,hoeffding,False,,,,
300,109,0.05,mpeb,False,,,,
300,109,0.05,t,True,0.63,0.9591,0.048638,False
300,109,0.05,site_boot,True,0.63,0.9591,0.048638,False
300,109,0.1,wsr,True,0.55,0.9849,0.057618,False
300,109,0.1,hoeffding,False,,,,
300,109,0.1,mpeb,False,,,,
300,109,0.1,t,True,0.55,0.9849,0.057618,False
300,109,0.1,site_boot,True,0.55,0.9849,0.057618,False
300,110,0.05,wsr,True,0.95,0.7134,0.010206,False
300,110,0.05,hoeffding,False,,,,
300,110,0.05,mpeb,False,,,,
300,110,0.05,t,True,0.65,0.9536,0.045414,False
300,110,0.05,site_boot,True,0.65,0.9536,0.045414,False
300,110,0.1,wsr,True,0.55,0.9852,0.05727,False
300,110,0.1,hoeffding,False,,,,
300,110,0.1,mpeb,False,,,,
300,110,0.1,t,True,0.55,0.9852,0.05727,False
300,110,0.1,site_boot,True,0.55,0.9852,0.05727,False
300,111,0.05,wsr,False,,,,
300,111,0.05,hoeffding,False,,,,
300,111,0.05,mpeb,False,,,,
300,111,0.05,t,True,0.67,0.9473,0.041177,False
300,111,0.05,site_boot,True,0.67,0.9473,0.041177,False
300,111,0.1,wsr,True,0.55,0.9857,0.055126,False
300,111,0.1,hoeffding,False,,,,
300,111,0.1,mpeb,False,,,,
300,111,0.1,t,True,0.55,0.9857,0.055126,False
300,111,0.1,site_boot,True,0.55,0.9857,0.055126,False
300,112,0.05,wsr,False,,,,
300,112,0.05,hoeffding,False,,,,
300,112,0.05,mpeb,False,,,,
300,112,0.05,t,True,0.67,0.9424,0.04748,False
300,112,0.05,site_boot,True,0.67,0.9424,0.04748,False
300,112,0.1,wsr,True,0.55,0.9844,0.060885,False
300,112,0.1,hoeffding,False,,,,
300,112,0.1,mpeb,False,,,,
300,112,0.1,t,True,0.55,0.9844,0.060885,False
300,112,0.1,site_boot,True,0.55,0.9844,0.060885,False
300,113,0.05,wsr,True,0.91,0.7917,0.017311,False
300,113,0.05,hoeffding,False,,,,
300,113,0.05,mpeb,False,,,,
300,113,0.05,t,True,0.63,0.96,0.04899,False
300,113,0.05,site_boot,True,0.63,0.96,0.04899,False
300,113,0.1,wsr,True,0.55,0.9853,0.05887,False
300,113,0.1,hoeffding,False,,,,
300,113,0.1,mpeb,False,,,,
300,113,0.1,t,True,0.55,0.9853,0.05887,False
300,113,0.1,site_boot,True,0.55,0.9853,0.05887,False
300,114,0.05,wsr,True,0.93,0.7605,0.013729,False
300,114,0.05,hoeffding,False,,,,
300,114,0.05,mpeb,False,,,,
300,114,0.05,t,True,0.61,0.9666,0.048996,False
300,114,0.05,site_boot,True,0.61,0.9666,0.048996,False
300,114,0.1,wsr,True,0.55,0.9855,0.05621,False
300,114,0.1,hoeffding,False,,,,
300,114,0.1,mpeb,False,,,,
300,114,0.1,t,True,0.55,0.9855,0.05621,False
300,114,0.1,site_boot,True,0.55,0.9855,0.05621,False
300,115,0.05,wsr,True,0.95,0.7295,0.012173,False
300,115,0.05,hoeffding,False,,,,
300,115,0.05,mpeb,False,,,,
300,115,0.05,t,True,0.63,0.9634,0.048512,False
300,115,0.05,site_boot,True,0.63,0.9634,0.048512,False
300,115,0.1,wsr,True,0.55,0.9865,0.05766,False
300,115,0.1,hoeffding,False,,,,
300,115,0.1,mpeb,False,,,,
300,115,0.1,t,True,0.55,0.9865,0.05766,False
300,115,0.1,site_boot,True,0.55,0.9865,0.05766,False
300,116,0.05,wsr,False,,,,
300,116,0.05,hoeffding,False,,,,
300,116,0.05,mpeb,False,,,,
300,116,0.05,t,True,0.67,0.9483,0.045757,False
300,116,0.05,site_boot,True,0.67,0.9483,0.045757,False
300,116,0.1,wsr,True,0.55,0.9855,0.058774,False
300,116,0.1,hoeffding,False,,,,
300,116,0.1,mpeb,False,,,,
300,116,0.1,t,True,0.55,0.9855,0.058774,False
300,116,0.1,site_boot,True,0.55,0.9855,0.058774,False
300,117,0.05,wsr,False,,,,
300,117,0.05,hoeffding,False,,,,
300,117,0.05,mpeb,False,,,,
300,117,0.05,t,True,0.65,0.9511,0.045526,False
300,117,0.05,site_boot,True,0.65,0.9511,0.045526,False
300,117,0.1,wsr,True,0.55,0.9838,0.056448,False
300,117,0.1,hoeffding,False,,,,
300,117,0.1,mpeb,False,,,,
300,117,0.1,t,True,0.55,0.9838,0.056448,False
300,117,0.1,site_boot,True,0.55,0.9838,0.056448,False
300,118,0.05,wsr,False,,,,
300,118,0.05,hoeffding,False,,,,
300,118,0.05,mpeb,False,,,,
300,118,0.05,t,True,0.67,0.9513,0.04613,False
300,118,0.05,site_boot,True,0.67,0.9513,0.04613,False
300,118,0.1,wsr,True,0.55,0.9862,0.058403,False
300,118,0.1,hoeffding,False,,,,
300,118,0.1,mpeb,False,,,,
300,118,0.1,t,True,0.55,0.9862,0.058403,False
300,118,0.1,site_boot,True,0.55,0.9862,0.058403,False
300,119,0.05,wsr,False,,,,
300,119,0.05,hoeffding,False,,,,
300,119,0.05,mpeb,False,,,,
300,119,0.05,t,True,0.65,0.9545,0.048028,False
300,119,0.05,site_boot,True,0.67,0.948,0.045918,False
300,119,0.1,wsr,True,0.55,0.9854,0.05906,False
300,119,0.1,hoeffding,False,,,,
300,119,0.1,mpeb,False,,,,
300,119,0.1,t,True,0.55,0.9854,0.05906,False
300,119,0.1,site_boot,True,0.55,0.9854,0.05906,False
300,120,0.05,wsr,False,,,,
300,120,0.05,hoeffding,False,,,,
300,120,0.05,mpeb,False,,,,
300,120,0.05,t,True,0.69,0.9376,0.045124,False
300,120,0.05,site_boot,True,0.69,0.9376,0.045124,False
300,120,0.1,wsr,True,0.55,0.9845,0.061651,False
300,120,0.1,hoeffding,False,,,,
300,120,0.1,mpeb,False,,,,
300,120,0.1,t,True,0.55,0.9845,0.061651,False
300,120,0.1,site_boot,True,0.55,0.9845,0.061651,False
300,121,0.05,wsr,False,,,,
300,121,0.05,hoeffding,False,,,,
300,121,0.05,mpeb,False,,,,
300,121,0.05,t,True,0.65,0.9524,0.045517,False
300,121,0.05,site_boot,True,0.65,0.9524,0.045517,False
300,121,0.1,wsr,True,0.55,0.9848,0.057434,False
300,121,0.1,hoeffding,False,,,,
300,121,0.1,mpeb,False,,,,
300,121,0.1,t,True,0.55,0.9848,0.057434,False
300,121,0.1,site_boot,True,0.55,0.9848,0.057434,False
300,122,0.05,wsr,False,,,,
300,122,0.05,hoeffding,False,,,,
300,122,0.05,mpeb,False,,,,
300,122,0.05,t,True,0.67,0.9428,0.043885,False
300,122,0.05,site_boot,True,0.67,0.9428,0.043885,False
300,122,0.1,wsr,True,0.55,0.9842,0.059258,False
300,122,0.1,hoeffding,False,,,,
300,122,0.1,mpeb,False,,,,
300,122,0.1,t,True,0.55,0.9842,0.059258,False
300,122,0.1,site_boot,True,0.55,0.9842,0.059258,False
300,123,0.05,wsr,True,0.95,0.7211,0.010634,False
300,123,0.05,hoeffding,False,,,,
300,123,0.05,mpeb,False,,,,
300,123,0.05,t,True,0.65,0.9544,0.044283,False
300,123,0.05,site_boot,True,0.65,0.9544,0.044283,False
300,123,0.1,wsr,True,0.55,0.9856,0.055165,False
300,123,0.1,hoeffding,False,,,,
300,123,0.1,mpeb,False,,,,
300,123,0.1,t,True,0.55,0.9856,0.055165,False
300,123,0.1,site_boot,True,0.55,0.9856,0.055165,False
300,124,0.05,wsr,False,,,,
300,124,0.05,hoeffding,False,,,,
300,124,0.05,mpeb,False,,,,
300,124,0.05,t,True,0.61,0.9687,0.049828,False
300,124,0.05,site_boot,True,0.61,0.9687,0.049828,False
300,124,0.1,wsr,True,0.55,0.9861,0.056459,False
300,124,0.1,hoeffding,False,,,,
300,124,0.1,mpeb,False,,,,
300,124,0.1,t,True,0.55,0.9861,0.056459,False
300,124,0.1,site_boot,True,0.55,0.9861,0.056459,False
300,125,0.05,wsr,False,,,,
300,125,0.05,hoeffding,False,,,,
300,125,0.05,mpeb,False,,,,
300,125,0.05,t,True,0.65,0.9508,0.046543,False
300,125,0.05,site_boot,True,0.65,0.9508,0.046543,False
300,125,0.1,wsr,True,0.55,0.9842,0.058543,False
300,125,0.1,hoeffding,False,,,,
300,125,0.1,mpeb,False,,,,
300,125,0.1,t,True,0.55,0.9842,0.058543,False
300,125,0.1,site_boot,True,0.55,0.9842,0.058543,False
300,126,0.05,wsr,False,,,,
300,126,0.05,hoeffding,False,,,,
300,126,0.05,mpeb,False,,,,
300,126,0.05,t,True,0.65,0.9524,0.045682,False
300,126,0.05,site_boot,True,0.65,0.9524,0.045682,False
300,126,0.1,wsr,True,0.55,0.9844,0.057339,False
300,126,0.1,hoeffding,False,,,,
300,126,0.1,mpeb,False,,,,
300,126,0.1,t,True,0.55,0.9844,0.057339,False
300,126,0.1,site_boot,True,0.55,0.9844,0.057339,False
300,127,0.05,wsr,False,,,,
300,127,0.05,hoeffding,False,,,,
300,127,0.05,mpeb,False,,,,
300,127,0.05,t,True,0.63,0.9589,0.047695,False
300,127,0.05,site_boot,True,0.63,0.9589,0.047695,False
300,127,0.1,wsr,True,0.55,0.985,0.057264,False
300,127,0.1,hoeffding,False,,,,
300,127,0.1,mpeb,False,,,,
300,127,0.1,t,True,0.55,0.985,0.057264,False
300,127,0.1,site_boot,True,0.55,0.985,0.057264,False
300,128,0.05,wsr,False,,,,
300,128,0.05,hoeffding,False,,,,
300,128,0.05,mpeb,False,,,,
300,128,0.05,t,True,0.65,0.9566,0.044947,False
300,128,0.05,site_boot,True,0.67,0.95,0.042771,False
300,128,0.1,wsr,True,0.55,0.986,0.055346,False
300,128,0.1,hoeffding,False,,,,
300,128,0.1,mpeb,False,,,,
300,128,0.1,t,True,0.55,0.986,0.055346,False
300,128,0.1,site_boot,True,0.55,0.986,0.055346,False
300,129,0.05,wsr,False,,,,
300,129,0.05,hoeffding,False,,,,
300,129,0.05,mpeb,False,,,,
300,129,0.05,t,True,0.63,0.9564,0.049968,False
300,129,0.05,site_boot,True,0.63,0.9564,0.049968,False
300,129,0.1,wsr,True,0.55,0.9832,0.059236,False
300,129,0.1,hoeffding,False,,,,
300,129,0.1,mpeb,False,,,,
300,129,0.1,t,True,0.55,0.9832,0.059236,False
300,129,0.1,site_boot,True,0.55,0.9832,0.059236,False
300,130,0.05,wsr,False,,,,
300,130,0.05,hoeffding,False,,,,
300,130,0.05,mpeb,False,,,,
300,130,0.05,t,True,0.65,0.9502,0.046554,False
300,130,0.05,site_boot,True,0.65,0.9502,0.046554,False
300,130,0.1,wsr,True,0.55,0.9843,0.057363,False
300,130,0.1,hoeffding,False,,,,
300,130,0.1,mpeb,False,,,,
300,130,0.1,t,True,0.55,0.9843,0.057363,False
300,130,0.1,site_boot,True,0.55,0.9843,0.057363,False
300,131,0.05,wsr,True,0.95,0.7042,0.010222,False
300,131,0.05,hoeffding,False,,,,
300,131,0.05,mpeb,False,,,,
300,131,0.05,t,True,0.63,0.9587,0.047748,False
300,131,0.05,site_boot,True,0.63,0.9587,0.047748,False
300,131,0.1,wsr,True,0.55,0.9841,0.056638,False
300,131,0.1,hoeffding,False,,,,
300,131,0.1,mpeb,False,,,,
300,131,0.1,t,True,0.55,0.9841,0.056638,False
300,131,0.1,site_boot,True,0.55,0.9841,0.056638,False
300,132,0.05,wsr,True,0.93,0.7612,0.014285,False
300,132,0.05,hoeffding,False,,,,
300,132,0.05,mpeb,False,,,,
300,132,0.05,t,True,0.65,0.9534,0.046063,False
300,132,0.05,site_boot,True,0.65,0.9534,0.046063,False
300,132,0.1,wsr,True,0.55,0.9854,0.057094,False
300,132,0.1,hoeffding,False,,,,
300,132,0.1,mpeb,False,,,,
300,132,0.1,t,True,0.55,0.9854,0.057094,False
300,132,0.1,site_boot,True,0.55,0.9854,0.057094,False
300,133,0.05,wsr,False,,,,
300,133,0.05,hoeffding,False,,,,
300,133,0.05,mpeb,False,,,,
300,133,0.05,t,True,0.67,0.9435,0.049307,False
300,133,0.05,site_boot,True,0.67,0.9435,0.049307,False
300,133,0.1,wsr,True,0.55,0.9842,0.063552,False
300,133,0.1,hoeffding,False,,,,
300,133,0.1,mpeb,False,,,,
300,133,0.1,t,True,0.55,0.9842,0.063552,False
300,133,0.1,site_boot,True,0.55,0.9842,0.063552,False
300,134,0.05,wsr,False,,,,
300,134,0.05,hoeffding,False,,,,
300,134,0.05,mpeb,False,,,,
300,134,0.05,t,True,0.65,0.9566,0.045039,False
300,134,0.05,site_boot,True,0.65,0.9566,0.045039,False
300,134,0.1,wsr,True,0.55,0.9861,0.055009,False
300,134,0.1,hoeffding,False,,,,
300,134,0.1,mpeb,False,,,,
300,134,0.1,t,True,0.55,0.9861,0.055009,False
300,134,0.1,site_boot,True,0.55,0.9861,0.055009,False
300,135,0.05,wsr,False,,,,
300,135,0.05,hoeffding,False,,,,
300,135,0.05,mpeb,False,,,,
300,135,0.05,t,True,0.65,0.9542,0.048143,False
300,135,0.05,site_boot,True,0.65,0.9542,0.048143,False
300,135,0.1,wsr,True,0.55,0.9854,0.059938,False
300,135,0.1,hoeffding,False,,,,
300,135,0.1,mpeb,False,,,,
300,135,0.1,t,True,0.55,0.9854,0.059938,False
300,135,0.1,site_boot,True,0.55,0.9854,0.059938,False
300,136,0.05,wsr,False,,,,
300,136,0.05,hoeffding,False,,,,
300,136,0.05,mpeb,False,,,,
300,136,0.05,t,True,0.65,0.9512,0.045575,False
300,136,0.05,site_boot,True,0.65,0.9512,0.045575,False
300,136,0.1,wsr,True,0.55,0.9842,0.057305,False
300,136,0.1,hoeffding,False,,,,
300,136,0.1,mpeb,False,,,,
300,136,0.1,t,True,0.55,0.9842,0.057305,False
300,136,0.1,site_boot,True,0.55,0.9842,0.057305,False
300,137,0.05,wsr,False,,,,
300,137,0.05,hoeffding,False,,,,
300,137,0.05,mpeb,False,,,,
300,137,0.05,t,True,0.65,0.9509,0.048014,False
300,137,0.05,site_boot,True,0.65,0.9509,0.048014,False
300,137,0.1,wsr,True,0.55,0.9846,0.060471,False
300,137,0.1,hoeffding,False,,,,
300,137,0.1,mpeb,False,,,,
300,137,0.1,t,True,0.55,0.9846,0.060471,False
300,137,0.1,site_boot,True,0.55,0.9846,0.060471,False
300,138,0.05,wsr,True,0.91,0.7931,0.01724,False
300,138,0.05,hoeffding,False,,,,
300,138,0.05,mpeb,False,,,,
300,138,0.05,t,True,0.63,0.9597,0.049581,False
300,138,0.05,site_boot,True,0.63,0.9597,0.049581,False
300,138,0.1,wsr,True,0.55,0.9848,0.059036,False
300,138,0.1,hoeffding,False,,,,
300,138,0.1,mpeb,False,,,,
300,138,0.1,t,True,0.55,0.9848,0.059036,False
300,138,0.1,site_boot,True,0.55,0.9848,0.059036,False
300,139,0.05,wsr,False,,,,
300,139,0.05,hoeffding,False,,,,
300,139,0.05,mpeb,False,,,,
300,139,0.05,t,True,0.67,0.9447,0.044253,False
300,139,0.05,site_boot,True,0.67,0.9447,0.044253,False
300,139,0.1,wsr,True,0.55,0.9849,0.057351,False
300,139,0.1,hoeffding,False,,,,
300,139,0.1,mpeb,False,,,,
300,139,0.1,t,True,0.55,0.9849,0.057351,False
300,139,0.1,site_boot,True,0.55,0.9849,0.057351,False
300,140,0.05,wsr,False,,,,
300,140,0.05,hoeffding,False,,,,
300,140,0.05,mpeb,False,,,,
300,140,0.05,t,True,0.65,0.9485,0.046325,False
300,140,0.05,site_boot,True,0.65,0.9485,0.046325,False
300,140,0.1,wsr,True,0.55,0.9834,0.057924,False
300,140,0.1,hoeffding,False,,,,
300,140,0.1,mpeb,False,,,,
300,140,0.1,t,True,0.55,0.9834,0.057924,False
300,140,0.1,site_boot,True,0.55,0.9834,0.057924,False
300,141,0.05,wsr,False,,,,
300,141,0.05,hoeffding,False,,,,
300,141,0.05,mpeb,False,,,,
300,141,0.05,t,True,0.67,0.9453,0.043106,False
300,141,0.05,site_boot,True,0.67,0.9453,0.043106,False
300,141,0.1,wsr,True,0.55,0.9848,0.056671,False
300,141,0.1,hoeffding,False,,,,
300,141,0.1,mpeb,False,,,,
300,141,0.1,t,True,0.55,0.9848,0.056671,False
300,141,0.1,site_boot,True,0.55,0.9848,0.056671,False
300,142,0.05,wsr,False,,,,
300,142,0.05,hoeffding,False,,,,
300,142,0.05,mpeb,False,,,,
300,142,0.05,t,True,0.65,0.9528,0.046358,False
300,142,0.05,site_boot,True,0.65,0.9528,0.046358,False
300,142,0.1,wsr,True,0.55,0.985,0.057785,False
300,142,0.1,hoeffding,False,,,,
300,142,0.1,mpeb,False,,,,
300,142,0.1,t,True,0.55,0.985,0.057785,False
300,142,0.1,site_boot,True,0.55,0.985,0.057785,False
300,143,0.05,wsr,True,0.93,0.7603,0.014451,False
300,143,0.05,hoeffding,False,,,,
300,143,0.05,mpeb,False,,,,
300,143,0.05,t,True,0.65,0.9538,0.046521,False
300,143,0.05,site_boot,True,0.63,0.9606,0.049099,False
300,143,0.1,wsr,True,0.55,0.9851,0.057997,False
300,143,0.1,hoeffding,False,,,,
300,143,0.1,mpeb,False,,,,
300,143,0.1,t,True,0.55,0.9851,0.057997,False
300,143,0.1,site_boot,True,0.55,0.9851,0.057997,False
300,144,0.05,wsr,False,,,,
300,144,0.05,hoeffding,False,,,,
300,144,0.05,mpeb,False,,,,
300,144,0.05,t,True,0.65,0.9523,0.044148,False
300,144,0.05,site_boot,True,0.65,0.9523,0.044148,False
300,144,0.1,wsr,True,0.55,0.985,0.05623,False
300,144,0.1,hoeffding,False,,,,
300,144,0.1,mpeb,False,,,,
300,144,0.1,t,True,0.55,0.985,0.05623,False
300,144,0.1,site_boot,True,0.55,0.985,0.05623,False
300,145,0.05,wsr,False,,,,
300,145,0.05,hoeffding,False,,,,
300,145,0.05,mpeb,False,,,,
300,145,0.05,t,True,0.67,0.9466,0.042136,False
300,145,0.05,site_boot,True,0.67,0.9466,0.042136,False
300,145,0.1,wsr,True,0.55,0.9845,0.054819,False
300,145,0.1,hoeffding,False,,,,
300,145,0.1,mpeb,False,,,,
300,145,0.1,t,True,0.55,0.9845,0.054819,False
300,145,0.1,site_boot,True,0.55,0.9845,0.054819,False
300,146,0.05,wsr,False,,,,
300,146,0.05,hoeffding,False,,,,
300,146,0.05,mpeb,False,,,,
300,146,0.05,t,True,0.67,0.9459,0.043858,False
300,146,0.05,site_boot,True,0.67,0.9459,0.043858,False
300,146,0.1,wsr,True,0.55,0.9852,0.058186,False
300,146,0.1,hoeffding,False,,,,
300,146,0.1,mpeb,False,,,,
300,146,0.1,t,True,0.55,0.9852,0.058186,False
300,146,0.1,site_boot,True,0.55,0.9852,0.058186,False
300,147,0.05,wsr,False,,,,
300,147,0.05,hoeffding,False,,,,
300,147,0.05,mpeb,False,,,,
300,147,0.05,t,True,0.63,0.9581,0.049421,False
300,147,0.05,site_boot,True,0.63,0.9581,0.049421,False
300,147,0.1,wsr,True,0.55,0.9849,0.058849,False
300,147,0.1,hoeffding,False,,,,
300,147,0.1,mpeb,False,,,,
300,147,0.1,t,True,0.55,0.9849,0.058849,False
300,147,0.1,site_boot,True,0.55,0.9849,0.058849,False
300,148,0.05,wsr,False,,,,
300,148,0.05,hoeffding,False,,,,
300,148,0.05,mpeb,False,,,,
300,148,0.05,t,True,0.67,0.945,0.044256,False
300,148,0.05,site_boot,True,0.67,0.945,0.044256,False
300,148,0.1,wsr,True,0.55,0.9849,0.058659,False
300,148,0.1,hoeffding,False,,,,
300,148,0.1,mpeb,False,,,,
300,148,0.1,t,True,0.55,0.9849,0.058659,False
300,148,0.1,site_boot,True,0.55,0.9849,0.058659,False
300,149,0.05,wsr,True,0.95,0.696,0.012244,False
300,149,0.05,hoeffding,False,,,,
300,149,0.05,mpeb,False,,,,
300,149,0.05,t,True,0.65,0.9488,0.048822,False
300,149,0.05,site_boot,True,0.65,0.9488,0.048822,False
300,149,0.1,wsr,True,0.55,0.9835,0.061339,False
300,149,0.1,hoeffding,False,,,,
300,149,0.1,mpeb,False,,,,
300,149,0.1,t,True,0.55,0.9835,0.061339,False
300,149,0.1,site_boot,True,0.55,0.9835,0.061339,False
300,150,0.05,wsr,False,,,,
300,150,0.05,hoeffding,False,,,,
300,150,0.05,mpeb,False,,,,
300,150,0.05,t,True,0.67,0.9477,0.044537,False
300,150,0.05,site_boot,True,0.67,0.9477,0.044537,False
300,150,0.1,wsr,True,0.55,0.9854,0.057509,False
300,150,0.1,hoeffding,False,,,,
300,150,0.1,mpeb,False,,,,
300,150,0.1,t,True,0.55,0.9854,0.057509,False
300,150,0.1,site_boot,True,0.55,0.9854,0.057509,False
300,151,0.05,wsr,True,0.95,0.7236,0.012403,False
300,151,0.05,hoeffding,False,,,,
300,151,0.05,mpeb,False,,,,
300,151,0.05,t,True,0.61,0.9676,0.053749,True
300,151,0.05,site_boot,True,0.61,0.9676,0.053749,True
300,151,0.1,wsr,True,0.55,0.9857,0.060665,False
300,151,0.1,hoeffding,False,,,,
300,151,0.1,mpeb,False,,,,
300,151,0.1,t,True,0.55,0.9857,0.060665,False
300,151,0.1,site_boot,True,0.55,0.9857,0.060665,False
300,152,0.05,wsr,False,,,,
300,152,0.05,hoeffding,False,,,,
300,152,0.05,mpeb,False,,,,
300,152,0.05,t,True,0.65,0.9512,0.045246,False
300,152,0.05,site_boot,True,0.65,0.9512,0.045246,False
300,152,0.1,wsr,True,0.55,0.9846,0.057481,False
300,152,0.1,hoeffding,False,,,,
300,152,0.1,mpeb,False,,,,
300,152,0.1,t,True,0.55,0.9846,0.057481,False
300,152,0.1,site_boot,True,0.55,0.9846,0.057481,False
300,153,0.05,wsr,False,,,,
300,153,0.05,hoeffding,False,,,,
300,153,0.05,mpeb,False,,,,
300,153,0.05,t,True,0.67,0.9502,0.044675,False
300,153,0.05,site_boot,True,0.67,0.9502,0.044675,False
300,153,0.1,wsr,True,0.55,0.9861,0.057529,False
300,153,0.1,hoeffding,False,,,,
300,153,0.1,mpeb,False,,,,
300,153,0.1,t,True,0.55,0.9861,0.057529,False
300,153,0.1,site_boot,True,0.55,0.9861,0.057529,False
300,154,0.05,wsr,True,0.95,0.7084,0.011418,False
300,154,0.05,hoeffding,False,,,,
300,154,0.05,mpeb,False,,,,
300,154,0.05,t,True,0.63,0.9599,0.049913,False
300,154,0.05,site_boot,True,0.63,0.9599,0.049913,False
300,154,0.1,wsr,True,0.55,0.9853,0.059696,False
300,154,0.1,hoeffding,False,,,,
300,154,0.1,mpeb,False,,,,
300,154,0.1,t,True,0.55,0.9853,0.059696,False
300,154,0.1,site_boot,True,0.55,0.9853,0.059696,False
300,155,0.05,wsr,False,,,,
300,155,0.05,hoeffding,False,,,,
300,155,0.05,mpeb,False,,,,
300,155,0.05,t,True,0.63,0.9584,0.048626,False
300,155,0.05,site_boot,True,0.63,0.9584,0.048626,False
300,155,0.1,wsr,True,0.55,0.984,0.057479,False
300,155,0.1,hoeffding,False,,,,
300,155,0.1,mpeb,False,,,,
300,155,0.1,t,True,0.55,0.984,0.057479,False
300,155,0.1,site_boot,True,0.55,0.984,0.057479,False
300,156,0.05,wsr,False,,,,
300,156,0.05,hoeffding,False,,,,
300,156,0.05,mpeb,False,,,,
300,156,0.05,t,True,0.67,0.9446,0.041868,False
300,156,0.05,site_boot,True,0.67,0.9446,0.041868,False
300,156,0.1,wsr,True,0.55,0.9847,0.056217,False
300,156,0.1,hoeffding,False,,,,
300,156,0.1,mpeb,False,,,,
300,156,0.1,t,True,0.55,0.9847,0.056217,False
300,156,0.1,site_boot,True,0.55,0.9847,0.056217,False
300,157,0.05,wsr,False,,,,
300,157,0.05,hoeffding,False,,,,
300,157,0.05,mpeb,False,,,,
300,157,0.05,t,True,0.65,0.9546,0.044496,False
300,157,0.05,site_boot,True,0.65,0.9546,0.044496,False
300,157,0.1,wsr,True,0.55,0.9857,0.056211,False
300,157,0.1,hoeffding,False,,,,
300,157,0.1,mpeb,False,,,,
300,157,0.1,t,True,0.55,0.9857,0.056211,False
300,157,0.1,site_boot,True,0.55,0.9857,0.056211,False
300,158,0.05,wsr,False,,,,
300,158,0.05,hoeffding,False,,,,
300,158,0.05,mpeb,False,,,,
300,158,0.05,t,True,0.69,0.9393,0.043139,False
300,158,0.05,site_boot,True,0.69,0.9393,0.043139,False
300,158,0.1,wsr,True,0.55,0.9849,0.059358,False
300,158,0.1,hoeffding,False,,,,
300,158,0.1,mpeb,False,,,,
300,158,0.1,t,True,0.55,0.9849,0.059358,False
300,158,0.1,site_boot,True,0.55,0.9849,0.059358,False
300,159,0.05,wsr,True,0.93,0.7639,0.014983,False
300,159,0.05,hoeffding,False,,,,
300,159,0.05,mpeb,False,,,,
300,159,0.05,t,True,0.63,0.9616,0.048014,False
300,159,0.05,site_boot,True,0.65,0.9551,0.045936,False
300,159,0.1,wsr,True,0.55,0.9856,0.057358,False
300,159,0.1,hoeffding,False,,,,
300,159,0.1,mpeb,False,,,,
300,159,0.1,t,True,0.55,0.9856,0.057358,False
300,159,0.1,site_boot,True,0.55,0.9856,0.057358,False
300,160,0.05,wsr,False,,,,
300,160,0.05,hoeffding,False,,,,
300,160,0.05,mpeb,False,,,,
300,160,0.05,t,True,0.67,0.9459,0.044044,False
300,160,0.05,site_boot,True,0.67,0.9459,0.044044,False
300,160,0.1,wsr,True,0.55,0.9847,0.057343,False
300,160,0.1,hoeffding,False,,,,
300,160,0.1,mpeb,False,,,,
300,160,0.1,t,True,0.55,0.9847,0.057343,False
300,160,0.1,site_boot,True,0.55,0.9847,0.057343,False
300,161,0.05,wsr,False,,,,
300,161,0.05,hoeffding,False,,,,
300,161,0.05,mpeb,False,,,,
300,161,0.05,t,True,0.65,0.9558,0.0459,False
300,161,0.05,site_boot,True,0.65,0.9558,0.0459,False
300,161,0.1,wsr,True,0.55,0.986,0.057418,False
300,161,0.1,hoeffding,False,,,,
300,161,0.1,mpeb,False,,,,
300,161,0.1,t,True,0.55,0.986,0.057418,False
300,161,0.1,site_boot,True,0.55,0.986,0.057418,False
300,162,0.05,wsr,True,0.93,0.7449,0.012973,False
300,162,0.05,hoeffding,False,,,,
300,162,0.05,mpeb,False,,,,
300,162,0.05,t,True,0.63,0.9577,0.047315,False
300,162,0.05,site_boot,True,0.61,0.9644,0.049719,False
300,162,0.1,wsr,True,0.55,0.9842,0.057289,False
300,162,0.1,hoeffding,False,,,,
300,162,0.1,mpeb,False,,,,
300,162,0.1,t,True,0.55,0.9842,0.057289,False
300,162,0.1,site_boot,True,0.55,0.9842,0.057289,False
300,163,0.05,wsr,False,,,,
300,163,0.05,hoeffding,False,,,,
300,163,0.05,mpeb,False,,,,
300,163,0.05,t,True,0.65,0.9492,0.046638,False
300,163,0.05,site_boot,True,0.65,0.9492,0.046638,False
300,163,0.1,wsr,True,0.55,0.9834,0.058838,False
300,163,0.1,hoeffding,False,,,,
300,163,0.1,mpeb,False,,,,
300,163,0.1,t,True,0.55,0.9834,0.058838,False
300,163,0.1,site_boot,True,0.55,0.9834,0.058838,False
300,164,0.05,wsr,False,,,,
300,164,0.05,hoeffding,False,,,,
300,164,0.05,mpeb,False,,,,
300,164,0.05,t,True,0.65,0.9522,0.047953,False
300,164,0.05,site_boot,True,0.65,0.9522,0.047953,False
300,164,0.1,wsr,True,0.55,0.9841,0.058911,False
300,164,0.1,hoeffding,False,,,,
300,164,0.1,mpeb,False,,,,
300,164,0.1,t,True,0.55,0.9841,0.058911,False
300,164,0.1,site_boot,True,0.55,0.9841,0.058911,False
300,165,0.05,wsr,False,,,,
300,165,0.05,hoeffding,False,,,,
300,165,0.05,mpeb,False,,,,
300,165,0.05,t,True,0.67,0.9466,0.047921,False
300,165,0.05,site_boot,True,0.67,0.9466,0.047921,False
300,165,0.1,wsr,True,0.55,0.985,0.06164,False
300,165,0.1,hoeffding,False,,,,
300,165,0.1,mpeb,False,,,,
300,165,0.1,t,True,0.55,0.985,0.06164,False
300,165,0.1,site_boot,True,0.55,0.985,0.06164,False
300,166,0.05,wsr,False,,,,
300,166,0.05,hoeffding,False,,,,
300,166,0.05,mpeb,False,,,,
300,166,0.05,t,True,0.65,0.9514,0.046582,False
300,166,0.05,site_boot,True,0.65,0.9514,0.046582,False
300,166,0.1,wsr,True,0.55,0.9847,0.057902,False
300,166,0.1,hoeffding,False,,,,
300,166,0.1,mpeb,False,,,,
300,166,0.1,t,True,0.55,0.9847,0.057902,False
300,166,0.1,site_boot,True,0.55,0.9847,0.057902,False
300,167,0.05,wsr,True,0.93,0.7598,0.014325,False
300,167,0.05,hoeffding,False,,,,
300,167,0.05,mpeb,False,,,,
300,167,0.05,t,True,0.65,0.9544,0.044179,False
300,167,0.05,site_boot,True,0.65,0.9544,0.044179,False
300,167,0.1,wsr,True,0.55,0.9853,0.055305,False
300,167,0.1,hoeffding,False,,,,
300,167,0.1,mpeb,False,,,,
300,167,0.1,t,True,0.55,0.9853,0.055305,False
300,167,0.1,site_boot,True,0.55,0.9853,0.055305,False
300,168,0.05,wsr,False,,,,
300,168,0.05,hoeffding,False,,,,
300,168,0.05,mpeb,False,,,,
300,168,0.05,t,True,0.67,0.9435,0.042982,False
300,168,0.05,site_boot,True,0.65,0.9508,0.045329,False
300,168,0.1,wsr,True,0.55,0.9838,0.057038,False
300,168,0.1,hoeffding,False,,,,
300,168,0.1,mpeb,False,,,,
300,168,0.1,t,True,0.55,0.9838,0.057038,False
300,168,0.1,site_boot,True,0.55,0.9838,0.057038,False
300,169,0.05,wsr,False,,,,
300,169,0.05,hoeffding,False,,,,
300,169,0.05,mpeb,False,,,,
300,169,0.05,t,True,0.61,0.9652,0.051545,True
300,169,0.05,site_boot,True,0.61,0.9652,0.051545,True
300,169,0.1,wsr,True,0.55,0.9845,0.058475,False
300,169,0.1,hoeffding,False,,,,
300,169,0.1,mpeb,False,,,,
300,169,0.1,t,True,0.55,0.9845,0.058475,False
300,169,0.1,site_boot,True,0.55,0.9845,0.058475,False
300,170,0.05,wsr,False,,,,
300,170,0.05,hoeffding,False,,,,
300,170,0.05,mpeb,False,,,,
300,170,0.05,t,True,0.67,0.9481,0.043602,False
300,170,0.05,site_boot,True,0.67,0.9481,0.043602,False
300,170,0.1,wsr,True,0.55,0.9856,0.056556,False
300,170,0.1,hoeffding,False,,,,
300,170,0.1,mpeb,False,,,,
300,170,0.1,t,True,0.55,0.9856,0.056556,False
300,170,0.1,site_boot,True,0.55,0.9856,0.056556,False
300,171,0.05,wsr,False,,,,
300,171,0.05,hoeffding,False,,,,
300,171,0.05,mpeb,False,,,,
300,171,0.05,t,True,0.67,0.9464,0.041605,False
300,171,0.05,site_boot,True,0.67,0.9464,0.041605,False
300,171,0.1,wsr,True,0.55,0.9851,0.055516,False
300,171,0.1,hoeffding,False,,,,
300,171,0.1,mpeb,False,,,,
300,171,0.1,t,True,0.55,0.9851,0.055516,False
300,171,0.1,site_boot,True,0.55,0.9851,0.055516,False
300,172,0.05,wsr,False,,,,
300,172,0.05,hoeffding,False,,,,
300,172,0.05,mpeb,False,,,,
300,172,0.05,t,True,0.65,0.9514,0.044601,False
300,172,0.05,site_boot,True,0.65,0.9514,0.044601,False
300,172,0.1,wsr,True,0.55,0.9845,0.056626,False
300,172,0.1,hoeffding,False,,,,
300,172,0.1,mpeb,False,,,,
300,172,0.1,t,True,0.55,0.9845,0.056626,False
300,172,0.1,site_boot,True,0.55,0.9845,0.056626,False
300,173,0.05,wsr,False,,,,
300,173,0.05,hoeffding,False,,,,
300,173,0.05,mpeb,False,,,,
300,173,0.05,t,True,0.69,0.9419,0.042426,False
300,173,0.05,site_boot,True,0.69,0.9419,0.042426,False
300,173,0.1,wsr,True,0.55,0.9854,0.056652,False
300,173,0.1,hoeffding,False,,,,
300,173,0.1,mpeb,False,,,,
300,173,0.1,t,True,0.55,0.9854,0.056652,False
300,173,0.1,site_boot,True,0.55,0.9854,0.056652,False
300,174,0.05,wsr,True,0.93,0.7671,0.015962,False
300,174,0.05,hoeffding,False,,,,
300,174,0.05,mpeb,False,,,,
300,174,0.05,t,True,0.65,0.9549,0.048091,False
300,174,0.05,site_boot,True,0.65,0.9549,0.048091,False
300,174,0.1,wsr,True,0.55,0.9855,0.059216,False
300,174,0.1,hoeffding,False,,,,
300,174,0.1,mpeb,False,,,,
300,174,0.1,t,True,0.55,0.9855,0.059216,False
300,174,0.1,site_boot,True,0.55,0.9855,0.059216,False
300,175,0.05,wsr,True,0.95,0.7093,0.011132,False
300,175,0.05,hoeffding,False,,,,
300,175,0.05,mpeb,False,,,,
300,175,0.05,t,True,0.65,0.9529,0.04641,False
300,175,0.05,site_boot,True,0.65,0.9529,0.04641,False
300,175,0.1,wsr,True,0.55,0.9849,0.057346,False
300,175,0.1,hoeffding,False,,,,
300,175,0.1,mpeb,False,,,,
300,175,0.1,t,True,0.55,0.9849,0.057346,False
300,175,0.1,site_boot,True,0.55,0.9849,0.057346,False
300,176,0.05,wsr,False,,,,
300,176,0.05,hoeffding,False,,,,
300,176,0.05,mpeb,False,,,,
300,176,0.05,t,True,0.67,0.9505,0.040853,False
300,176,0.05,site_boot,True,0.67,0.9505,0.040853,False
300,176,0.1,wsr,True,0.55,0.986,0.054174,False
300,176,0.1,hoeffding,False,,,,
300,176,0.1,mpeb,False,,,,
300,176,0.1,t,True,0.55,0.986,0.054174,False
300,176,0.1,site_boot,True,0.55,0.986,0.054174,False
300,177,0.05,wsr,False,,,,
300,177,0.05,hoeffding,False,,,,
300,177,0.05,mpeb,False,,,,
300,177,0.05,t,True,0.65,0.9553,0.046056,False
300,177,0.05,site_boot,True,0.65,0.9553,0.046056,False
300,177,0.1,wsr,True,0.55,0.9861,0.057424,False
300,177,0.1,hoeffding,False,,,,
300,177,0.1,mpeb,False,,,,
300,177,0.1,t,True,0.55,0.9861,0.057424,False
300,177,0.1,site_boot,True,0.55,0.9861,0.057424,False
300,178,0.05,wsr,True,0.95,0.7317,0.010697,False
300,178,0.05,hoeffding,False,,,,
300,178,0.05,mpeb,False,,,,
300,178,0.05,t,True,0.63,0.9629,0.045941,False
300,178,0.05,site_boot,True,0.63,0.9629,0.045941,False
300,178,0.1,wsr,True,0.55,0.9859,0.053953,False
300,178,0.1,hoeffding,False,,,,
300,178,0.1,mpeb,False,,,,
300,178,0.1,t,True,0.55,0.9859,0.053953,False
300,178,0.1,site_boot,True,0.55,0.9859,0.053953,False
300,179,0.05,wsr,True,0.91,0.7867,0.015941,False
300,179,0.05,hoeffding,False,,,,
300,179,0.05,mpeb,False,,,,
300,179,0.05,t,True,0.63,0.9588,0.047901,False
300,179,0.05,site_boot,True,0.63,0.9588,0.047901,False
300,179,0.1,wsr,True,0.55,0.9847,0.057893,False
300,179,0.1,hoeffding,False,,,,
300,179,0.1,mpeb,False,,,,
300,179,0.1,t,True,0.55,0.9847,0.057893,False
300,179,0.1,site_boot,True,0.55,0.9847,0.057893,False
300,180,0.05,wsr,False,,,,
300,180,0.05,hoeffding,False,,,,
300,180,0.05,mpeb,False,,,,
300,180,0.05,t,True,0.67,0.95,0.043591,False
300,180,0.05,site_boot,True,0.67,0.95,0.043591,False
300,180,0.1,wsr,True,0.55,0.9863,0.056375,False
300,180,0.1,hoeffding,False,,,,
300,180,0.1,mpeb,False,,,,
300,180,0.1,t,True,0.55,0.9863,0.056375,False
300,180,0.1,site_boot,True,0.55,0.9863,0.056375,False
300,181,0.05,wsr,False,,,,
300,181,0.05,hoeffding,False,,,,
300,181,0.05,mpeb,False,,,,
300,181,0.05,t,True,0.65,0.9556,0.044216,False
300,181,0.05,site_boot,True,0.65,0.9556,0.044216,False
300,181,0.1,wsr,True,0.55,0.9858,0.055245,False
300,181,0.1,hoeffding,False,,,,
300,181,0.1,mpeb,False,,,,
300,181,0.1,t,True,0.55,0.9858,0.055245,False
300,181,0.1,site_boot,True,0.55,0.9858,0.055245,False
300,182,0.05,wsr,False,,,,
300,182,0.05,hoeffding,False,,,,
300,182,0.05,mpeb,False,,,,
300,182,0.05,t,True,0.65,0.9508,0.049373,False
300,182,0.05,site_boot,True,0.65,0.9508,0.049373,False
300,182,0.1,wsr,True,0.55,0.9843,0.060821,False
300,182,0.1,hoeffding,False,,,,
300,182,0.1,mpeb,False,,,,
300,182,0.1,t,True,0.55,0.9843,0.060821,False
300,182,0.1,site_boot,True,0.55,0.9843,0.060821,False
300,183,0.05,wsr,False,,,,
300,183,0.05,hoeffding,False,,,,
300,183,0.05,mpeb,False,,,,
300,183,0.05,t,True,0.65,0.9557,0.047047,False
300,183,0.05,site_boot,True,0.65,0.9557,0.047047,False
300,183,0.1,wsr,True,0.55,0.986,0.058793,False
300,183,0.1,hoeffding,False,,,,
300,183,0.1,mpeb,False,,,,
300,183,0.1,t,True,0.55,0.986,0.058793,False
300,183,0.1,site_boot,True,0.55,0.986,0.058793,False
300,184,0.05,wsr,True,0.95,0.7162,0.010427,False
300,184,0.05,hoeffding,False,,,,
300,184,0.05,mpeb,False,,,,
300,184,0.05,t,True,0.63,0.9612,0.047323,False
300,184,0.05,site_boot,True,0.63,0.9612,0.047323,False
300,184,0.1,wsr,True,0.55,0.9855,0.055566,False
300,184,0.1,hoeffding,False,,,,
300,184,0.1,mpeb,False,,,,
300,184,0.1,t,True,0.55,0.9855,0.055566,False
300,184,0.1,site_boot,True,0.55,0.9855,0.055566,False
300,185,0.05,wsr,False,,,,
300,185,0.05,hoeffding,False,,,,
300,185,0.05,mpeb,False,,,,
300,185,0.05,t,True,0.69,0.9372,0.040806,False
300,185,0.05,site_boot,True,0.69,0.9372,0.040806,False
300,185,0.1,wsr,True,0.55,0.9842,0.056401,False
300,185,0.1,hoeffding,False,,,,
300,185,0.1,mpeb,False,,,,
300,185,0.1,t,True,0.55,0.9842,0.056401,False
300,185,0.1,site_boot,True,0.55,0.9842,0.056401,False
300,186,0.05,wsr,False,,,,
300,186,0.05,hoeffding,False,,,,
300,186,0.05,mpeb,False,,,,
300,186,0.05,t,True,0.67,0.9479,0.04442,False
300,186,0.05,site_boot,True,0.67,0.9479,0.04442,False
300,186,0.1,wsr,True,0.55,0.9857,0.057677,False
300,186,0.1,hoeffding,False,,,,
300,186,0.1,mpeb,False,,,,
300,186,0.1,t,True,0.55,0.9857,0.057677,False
300,186,0.1,site_boot,True,0.55,0.9857,0.057677,False
300,187,0.05,wsr,False,,,,
300,187,0.05,hoeffding,False,,,,
300,187,0.05,mpeb,False,,,,
300,187,0.05,t,True,0.67,0.9421,0.041435,False
300,187,0.05,site_boot,True,0.67,0.9421,0.041435,False
300,187,0.1,wsr,True,0.55,0.9842,0.055768,False
300,187,0.1,hoeffding,False,,,,
300,187,0.1,mpeb,False,,,,
300,187,0.1,t,True,0.55,0.9842,0.055768,False
300,187,0.1,site_boot,True,0.55,0.9842,0.055768,False
300,188,0.05,wsr,True,0.93,0.7521,0.013478,False
300,188,0.05,hoeffding,False,,,,
300,188,0.05,mpeb,False,,,,
300,188,0.05,t,True,0.63,0.9589,0.048343,False
300,188,0.05,site_boot,True,0.63,0.9589,0.048343,False
300,188,0.1,wsr,True,0.55,0.9849,0.05806,False
300,188,0.1,hoeffding,False,,,,
300,188,0.1,mpeb,False,,,,
300,188,0.1,t,True,0.55,0.9849,0.05806,False
300,188,0.1,site_boot,True,0.55,0.9849,0.05806,False
300,189,0.05,wsr,False,,,,
300,189,0.05,hoeffding,False,,,,
300,189,0.05,mpeb,False,,,,
300,189,0.05,t,True,0.67,0.9502,0.042043,False
300,189,0.05,site_boot,True,0.69,0.9436,0.039973,False
300,189,0.1,wsr,True,0.55,0.986,0.05487,False
300,189,0.1,hoeffding,False,,,,
300,189,0.1,mpeb,False,,,,
300,189,0.1,t,True,0.55,0.986,0.05487,False
300,189,0.1,site_boot,True,0.55,0.986,0.05487,False
300,190,0.05,wsr,True,0.95,0.7055,0.011561,False
300,190,0.05,hoeffding,False,,,,
300,190,0.05,mpeb,False,,,,
300,190,0.05,t,True,0.67,0.9462,0.046047,False
300,190,0.05,site_boot,True,0.67,0.9462,0.046047,False
300,190,0.1,wsr,True,0.55,0.9851,0.059302,False
300,190,0.1,hoeffding,False,,,,
300,190,0.1,mpeb,False,,,,
300,190,0.1,t,True,0.55,0.9851,0.059302,False
300,190,0.1,site_boot,True,0.55,0.9851,0.059302,False
300,191,0.05,wsr,False,,,,
300,191,0.05,hoeffding,False,,,,
300,191,0.05,mpeb,False,,,,
300,191,0.05,t,True,0.67,0.9447,0.045529,False
300,191,0.05,site_boot,True,0.67,0.9447,0.045529,False
300,191,0.1,wsr,True,0.55,0.9845,0.059257,False
300,191,0.1,hoeffding,False,,,,
300,191,0.1,mpeb,False,,,,
300,191,0.1,t,True,0.55,0.9845,0.059257,False
300,191,0.1,site_boot,True,0.55,0.9845,0.059257,False
300,192,0.05,wsr,False,,,,
300,192,0.05,hoeffding,False,,,,
300,192,0.05,mpeb,False,,,,
300,192,0.05,t,True,0.69,0.9399,0.039285,False
300,192,0.05,site_boot,True,0.69,0.9399,0.039285,False
300,192,0.1,wsr,True,0.55,0.9856,0.054676,False
300,192,0.1,hoeffding,False,,,,
300,192,0.1,mpeb,False,,,,
300,192,0.1,t,True,0.55,0.9856,0.054676,False
300,192,0.1,site_boot,True,0.55,0.9856,0.054676,False
300,193,0.05,wsr,False,,,,
300,193,0.05,hoeffding,False,,,,
300,193,0.05,mpeb,False,,,,
300,193,0.05,t,True,0.67,0.9453,0.044955,False
300,193,0.05,site_boot,True,0.67,0.9453,0.044955,False
300,193,0.1,wsr,True,0.55,0.9846,0.058531,False
300,193,0.1,hoeffding,False,,,,
300,193,0.1,mpeb,False,,,,
300,193,0.1,t,True,0.55,0.9846,0.058531,False
300,193,0.1,site_boot,True,0.55,0.9846,0.058531,False
300,194,0.05,wsr,False,,,,
300,194,0.05,hoeffding,False,,,,
300,194,0.05,mpeb,False,,,,
300,194,0.05,t,True,0.65,0.9545,0.046238,False
300,194,0.05,site_boot,True,0.65,0.9545,0.046238,False
300,194,0.1,wsr,True,0.55,0.9854,0.058147,False
300,194,0.1,hoeffding,False,,,,
300,194,0.1,mpeb,False,,,,
300,194,0.1,t,True,0.55,0.9854,0.058147,False
300,194,0.1,site_boot,True,0.55,0.9854,0.058147,False
300,195,0.05,wsr,True,0.93,0.7606,0.0147,False
300,195,0.05,hoeffding,False,,,,
300,195,0.05,mpeb,False,,,,
300,195,0.05,t,True,0.65,0.9536,0.046356,False
300,195,0.05,site_boot,True,0.65,0.9536,0.046356,False
300,195,0.1,wsr,True,0.55,0.9849,0.05759,False
300,195,0.1,hoeffding,False,,,,
300,195,0.1,mpeb,False,,,,
300,195,0.1,t,True,0.55,0.9849,0.05759,False
300,195,0.1,site_boot,True,0.55,0.9849,0.05759,False
300,196,0.05,wsr,True,0.95,0.7058,0.011276,False
300,196,0.05,hoeffding,False,,,,
300,196,0.05,mpeb,False,,,,
300,196,0.05,t,True,0.63,0.9592,0.049272,False
300,196,0.05,site_boot,True,0.63,0.9592,0.049272,False
300,196,0.1,wsr,True,0.55,0.9853,0.059571,False
300,196,0.1,hoeffding,False,,,,
300,196,0.1,mpeb,False,,,,
300,196,0.1,t,True,0.55,0.9853,0.059571,False
300,196,0.1,site_boot,True,0.55,0.9853,0.059571,False
300,197,0.05,wsr,False,,,,
300,197,0.05,hoeffding,False,,,,
300,197,0.05,mpeb,False,,,,
300,197,0.05,t,True,0.65,0.9491,0.044714,False
300,197,0.05,site_boot,True,0.65,0.9491,0.044714,False
300,197,0.1,wsr,True,0.55,0.9833,0.056814,False
300,197,0.1,hoeffding,False,,,,
300,197,0.1,mpeb,False,,,,
300,197,0.1,t,True,0.55,0.9833,0.056814,False
300,197,0.1,site_boot,True,0.55,0.9833,0.056814,False
300,198,0.05,wsr,False,,,,
300,198,0.05,hoeffding,False,,,,
300,198,0.05,mpeb,False,,,,
300,198,0.05,t,True,0.67,0.95,0.044162,False
300,198,0.05,site_boot,True,0.67,0.95,0.044162,False
300,198,0.1,wsr,True,0.55,0.9861,0.057341,False
300,198,0.1,hoeffding,False,,,,
300,198,0.1,mpeb,False,,,,
300,198,0.1,t,True,0.55,0.9861,0.057341,False
300,198,0.1,site_boot,True,0.55,0.9861,0.057341,False
300,199,0.05,wsr,False,,,,
300,199,0.05,hoeffding,False,,,,
300,199,0.05,mpeb,False,,,,
300,199,0.05,t,True,0.65,0.9498,0.045028,False
300,199,0.05,site_boot,True,0.65,0.9498,0.045028,False
300,199,0.1,wsr,True,0.55,0.9844,0.056797,False
300,199,0.1,hoeffding,False,,,,
300,199,0.1,mpeb,False,,,,
300,199,0.1,t,True,0.55,0.9844,0.056797,False
300,199,0.1,site_boot,True,0.55,0.9844,0.056797,False
400,0,0.05,wsr,True,0.85,0.8499,0.024832,False
400,0,0.05,hoeffding,False,,,,
400,0,0.05,mpeb,False,,,,
400,0,0.05,t,True,0.63,0.9582,0.048227,False
400,0,0.05,site_boot,True,0.63,0.9582,0.048227,False
400,0,0.1,wsr,True,0.55,0.9849,0.057644,False
400,0,0.1,hoeffding,False,,,,
400,0,0.1,mpeb,True,0.79,0.8902,0.031342,False
400,0,0.1,t,True,0.55,0.9849,0.057644,False
400,0,0.1,site_boot,True,0.55,0.9849,0.057644,False
400,1,0.05,wsr,True,0.85,0.861,0.023383,False
400,1,0.05,hoeffding,False,,,,
400,1,0.05,mpeb,False,,,,
400,1,0.05,t,True,0.65,0.955,0.042652,False
400,1,0.05,site_boot,True,0.65,0.955,0.042652,False
400,1,0.1,wsr,True,0.55,0.986,0.053142,False
400,1,0.1,hoeffding,False,,,,
400,1,0.1,mpeb,True,0.79,0.8993,0.029397,False
400,1,0.1,t,True,0.55,0.986,0.053142,False
400,1,0.1,site_boot,True,0.55,0.986,0.053142,False
400,2,0.05,wsr,True,0.85,0.8499,0.025311,False
400,2,0.05,hoeffding,False,,,,
400,2,0.05,mpeb,False,,,,
400,2,0.05,t,True,0.63,0.9584,0.050644,True
400,2,0.05,site_boot,True,0.65,0.9515,0.048237,False
400,2,0.1,wsr,True,0.55,0.984,0.060041,False
400,2,0.1,hoeffding,False,,,,
400,2,0.1,mpeb,True,0.77,0.9007,0.034512,False
400,2,0.1,t,True,0.55,0.984,0.060041,False
400,2,0.1,site_boot,True,0.55,0.984,0.060041,False
400,3,0.05,wsr,True,0.83,0.8705,0.026971,False
400,3,0.05,hoeffding,False,,,,
400,3,0.05,mpeb,False,,,,
400,3,0.05,t,True,0.65,0.9538,0.046027,False
400,3,0.05,site_boot,True,0.65,0.9538,0.046027,False
400,3,0.1,wsr,True,0.55,0.9855,0.057517,False
400,3,0.1,hoeffding,False,,,,
400,3,0.1,mpeb,True,0.77,0.9057,0.033509,False
400,3,0.1,t,True,0.55,0.9855,0.057517,False
400,3,0.1,site_boot,True,0.55,0.9855,0.057517,False
400,4,0.05,wsr,True,0.85,0.8573,0.026172,False
400,4,0.05,hoeffding,False,,,,
400,4,0.05,mpeb,False,,,,
400,4,0.05,t,True,0.65,0.9539,0.048461,False
400,4,0.05,site_boot,True,0.65,0.9539,0.048461,False
400,4,0.1,wsr,True,0.55,0.9853,0.059804,False
400,4,0.1,hoeffding,False,,,,
400,4,0.1,mpeb,True,0.75,0.9142,0.037128,False
400,4,0.1,t,True,0.55,0.9853,0.059804,False
400,4,0.1,site_boot,True,0.55,0.9853,0.059804,False
400,5,0.05,wsr,True,0.87,0.8431,0.023333,False
400,5,0.05,hoeffding,False,,,,
400,5,0.05,mpeb,False,,,,
400,5,0.05,t,True,0.69,0.9403,0.043582,False
400,5,0.05,site_boot,True,0.69,0.9403,0.043582,False
400,5,0.1,wsr,True,0.55,0.9849,0.059042,False
400,5,0.1,hoeffding,False,,,,
400,5,0.1,mpeb,True,0.83,0.8742,0.028465,False
400,5,0.1,t,True,0.55,0.9849,0.059042,False
400,5,0.1,site_boot,True,0.55,0.9849,0.059042,False
400,6,0.05,wsr,True,0.85,0.8546,0.023268,False
400,6,0.05,hoeffding,False,,,,
400,6,0.05,mpeb,False,,,,
400,6,0.05,t,True,0.65,0.9529,0.044563,False
400,6,0.05,site_boot,True,0.65,0.9529,0.044563,False
400,6,0.1,wsr,True,0.55,0.9848,0.056169,False
400,6,0.1,hoeffding,False,,,,
400,6,0.1,mpeb,True,0.77,0.905,0.031898,False
400,6,0.1,t,True,0.55,0.9848,0.056169,False
400,6,0.1,site_boot,True,0.55,0.9848,0.056169,False
400,7,0.05,wsr,True,0.83,0.8616,0.025764,False
400,7,0.05,hoeffding,False,,,,
400,7,0.05,mpeb,False,,,,
400,7,0.05,t,True,0.63,0.957,0.04825,False
400,7,0.05,site_boot,True,0.63,0.957,0.04825,False
400,7,0.1,wsr,True,0.55,0.9842,0.057637,False
400,7,0.1,hoeffding,False,,,,
400,7,0.1,mpeb,True,0.73,0.9174,0.037285,False
400,7,0.1,t,True,0.55,0.9842,0.057637,False
400,7,0.1,site_boot,True,0.55,0.9842,0.057637,False
400,8,0.05,wsr,True,0.87,0.8337,0.020919,False
400,8,0.05,hoeffding,False,,,,
400,8,0.05,mpeb,False,,,,
400,8,0.05,t,True,0.67,0.9448,0.042883,False
400,8,0.05,site_boot,True,0.67,0.9448,0.042883,False
400,8,0.1,wsr,True,0.55,0.9838,0.056511,False
400,8,0.1,hoeffding,False,,,,
400,8,0.1,mpeb,True,0.81,0.88,0.0277,False
400,8,0.1,t,True,0.55,0.9838,0.056511,False
400,8,0.1,site_boot,True,0.55,0.9838,0.056511,False
400,9,0.05,wsr,True,0.83,0.8625,0.02783,False
400,9,0.05,hoeffding,False,,,,
400,9,0.05,mpeb,False,,,,
400,9,0.05,t,True,0.61,0.9645,0.053829,True
400,9,0.05,site_boot,True,0.61,0.9645,0.053829,True
400,9,0.1,wsr,True,0.55,0.9842,0.061042,False
400,9,0.1,hoeffding,False,,,,
400,9,0.1,mpeb,True,0.73,0.9181,0.039505,False
400,9,0.1,t,True,0.55,0.9842,0.061042,False
400,9,0.1,site_boot,True,0.55,0.9842,0.061042,False
400,10,0.05,wsr,True,0.87,0.8281,0.021246,False
400,10,0.05,hoeffding,False,,,,
400,10,0.05,mpeb,False,,,,
400,10,0.05,t,True,0.65,0.9499,0.045525,False
400,10,0.05,site_boot,True,0.65,0.9499,0.045525,False
400,10,0.1,wsr,True,0.55,0.9842,0.057902,False
400,10,0.1,hoeffding,False,,,,
400,10,0.1,mpeb,True,0.79,0.8879,0.030447,False
400,10,0.1,t,True,0.55,0.9842,0.057902,False
400,10,0.1,site_boot,True,0.55,0.9842,0.057902,False
400,11,0.05,wsr,True,0.85,0.8446,0.023779,False
400,11,0.05,hoeffding,False,,,,
400,11,0.05,mpeb,False,,,,
400,11,0.05,t,True,0.65,0.9499,0.046779,False
400,11,0.05,site_boot,True,0.65,0.9499,0.046779,False
400,11,0.1,wsr,True,0.55,0.9838,0.058764,False
400,11,0.1,hoeffding,False,,,,
400,11,0.1,mpeb,True,0.77,0.8986,0.032956,False
400,11,0.1,t,True,0.55,0.9838,0.058764,False
400,11,0.1,site_boot,True,0.55,0.9838,0.058764,False
400,12,0.05,wsr,True,0.85,0.8581,0.025212,False
400,12,0.05,hoeffding,False,,,,
400,12,0.05,mpeb,False,,,,
400,12,0.05,t,True,0.65,0.9531,0.046322,False
400,12,0.05,site_boot,True,0.65,0.9531,0.046322,False
400,12,0.1,wsr,True,0.55,0.9847,0.057693,False
400,12,0.1,hoeffding,False,,,,
400,12,0.1,mpeb,True,0.79,0.8966,0.032761,False
400,12,0.1,t,True,0.55,0.9847,0.057693,False
400,12,0.1,site_boot,True,0.55,0.9847,0.057693,False
400,13,0.05,wsr,True,0.87,0.8448,0.02218,False
400,13,0.05,hoeffding,False,,,,
400,13,0.05,mpeb,False,,,,
400,13,0.05,t,True,0.67,0.9484,0.044446,False
400,13,0.05,site_boot,True,0.67,0.9484,0.044446,False
400,13,0.1,wsr,True,0.55,0.9855,0.056832,False
400,13,0.1,hoeffding,False,,,,
400,13,0.1,mpeb,True,0.79,0.8984,0.031319,False
400,13,0.1,t,True,0.55,0.9855,0.056832,False
400,13,0.1,site_boot,True,0.55,0.9855,0.056832,False
400,14,0.05,wsr,True,0.83,0.8757,0.026683,False
400,14,0.05,hoeffding,False,,,,
400,14,0.05,mpeb,False,,,,
400,14,0.05,t,True,0.63,0.9624,0.048614,False
400,14,0.05,site_boot,True,0.63,0.9624,0.048614,False
400,14,0.1,wsr,True,0.55,0.9864,0.057357,False
400,14,0.1,hoeffding,False,,,,
400,14,0.1,mpeb,True,0.73,0.9268,0.037818,False
400,14,0.1,t,True,0.55,0.9864,0.057357,False
400,14,0.1,site_boot,True,0.55,0.9864,0.057357,False
400,15,0.05,wsr,True,0.87,0.8426,0.022854,False
400,15,0.05,hoeffding,False,,,,
400,15,0.05,mpeb,False,,,,
400,15,0.05,t,True,0.67,0.947,0.045744,False
400,15,0.05,site_boot,True,0.67,0.947,0.045744,False
400,15,0.1,wsr,True,0.55,0.9856,0.058338,False
400,15,0.1,hoeffding,False,,,,
400,15,0.1,mpeb,True,0.83,0.8732,0.028256,False
400,15,0.1,t,True,0.55,0.9856,0.058338,False
400,15,0.1,site_boot,True,0.55,0.9856,0.058338,False
400,16,0.05,wsr,True,0.85,0.8539,0.023687,False
400,16,0.05,hoeffding,False,,,,
400,16,0.05,mpeb,False,,,,
400,16,0.05,t,True,0.65,0.9526,0.044588,False
400,16,0.05,site_boot,True,0.65,0.9526,0.044588,False
400,16,0.1,wsr,True,0.55,0.985,0.056406,False
400,16,0.1,hoeffding,False,,,,
400,16,0.1,mpeb,True,0.77,0.9032,0.032227,False
400,16,0.1,t,True,0.55,0.985,0.056406,False
400,16,0.1,site_boot,True,0.55,0.985,0.056406,False
400,17,0.05,wsr,True,0.89,0.8283,0.019092,False
400,17,0.05,hoeffding,False,,,,
400,17,0.05,mpeb,False,,,,
400,17,0.05,t,True,0.69,0.9429,0.041108,False
400,17,0.05,site_boot,True,0.69,0.9429,0.041108,False
400,17,0.1,wsr,True,0.55,0.9866,0.057434,False
400,17,0.1,hoeffding,False,,,,
400,17,0.1,mpeb,True,0.83,0.8785,0.026361,False
400,17,0.1,t,True,0.55,0.9866,0.057434,False
400,17,0.1,site_boot,True,0.55,0.9866,0.057434,False
400,18,0.05,wsr,True,0.87,0.8467,0.020854,False
400,18,0.05,hoeffding,False,,,,
400,18,0.05,mpeb,False,,,,
400,18,0.05,t,True,0.65,0.9565,0.043723,False
400,18,0.05,site_boot,True,0.65,0.9565,0.043723,False
400,18,0.1,wsr,True,0.55,0.9855,0.054641,False
400,18,0.1,hoeffding,False,,,,
400,18,0.1,mpeb,True,0.79,0.9008,0.029691,False
400,18,0.1,t,True,0.55,0.9855,0.054641,False
400,18,0.1,site_boot,True,0.55,0.9855,0.054641,False
400,19,0.05,wsr,True,0.85,0.8469,0.024574,False
400,19,0.05,hoeffding,False,,,,
400,19,0.05,mpeb,False,,,,
400,19,0.05,t,True,0.65,0.9506,0.046984,False
400,19,0.05,site_boot,True,0.65,0.9506,0.046984,False
400,19,0.1,wsr,True,0.55,0.9838,0.058336,False
400,19,0.1,hoeffding,False,,,,
400,19,0.1,mpeb,True,0.79,0.8884,0.031375,False
400,19,0.1,t,True,0.55,0.9838,0.058336,False
400,19,0.1,site_boot,True,0.55,0.9838,0.058336,False
400,20,0.05,wsr,True,0.83,0.8719,0.025807,False
400,20,0.05,hoeffding,False,,,,
400,20,0.05,mpeb,False,,,,
400,20,0.05,t,True,0.63,0.9608,0.046296,False
400,20,0.05,site_boot,True,0.63,0.9608,0.046296,False
400,20,0.1,wsr,True,0.55,0.9851,0.055687,False
400,20,0.1,hoeffding,False,,,,
400,20,0.1,mpeb,True,0.73,0.9244,0.036357,False
400,20,0.1,t,True,0.55,0.9851,0.055687,False
400,20,0.1,site_boot,True,0.55,0.9851,0.055687,False
400,21,0.05,wsr,True,0.81,0.8777,0.027636,False
400,21,0.05,hoeffding,False,,,,
400,21,0.05,mpeb,False,,,,
400,21,0.05,t,True,0.61,0.9647,0.050045,True
400,21,0.05,site_boot,True,0.61,0.9647,0.050045,True
400,21,0.1,wsr,True,0.55,0.9841,0.056619,False
400,21,0.1,hoeffding,False,,,,
400,21,0.1,mpeb,True,0.73,0.9192,0.036235,False
400,21,0.1,t,True,0.55,0.9841,0.056619,False
400,21,0.1,site_boot,True,0.55,0.9841,0.056619,False
400,22,0.05,wsr,True,0.85,0.8575,0.023534,False
400,22,0.05,hoeffding,False,,,,
400,22,0.05,mpeb,False,,,,
400,22,0.05,t,True,0.65,0.9545,0.044202,False
400,22,0.05,site_boot,True,0.65,0.9545,0.044202,False
400,22,0.1,wsr,True,0.55,0.986,0.055422,False
400,22,0.1,hoeffding,False,,,,
400,22,0.1,mpeb,True,0.79,0.8968,0.029737,False
400,22,0.1,t,True,0.55,0.986,0.055422,False
400,22,0.1,site_boot,True,0.55,0.986,0.055422,False
400,23,0.05,wsr,True,0.83,0.8593,0.026107,False
400,23,0.05,hoeffding,False,,,,
400,23,0.05,mpeb,False,,,,
400,23,0.05,t,True,0.63,0.9559,0.048613,False
400,23,0.05,site_boot,True,0.63,0.9559,0.048613,False
400,23,0.1,wsr,True,0.55,0.9833,0.058474,False
400,23,0.1,hoeffding,False,,,,
400,23,0.1,mpeb,True,0.75,0.9061,0.034736,False
400,23,0.1,t,True,0.55,0.9833,0.058474,False
400,23,0.1,site_boot,True,0.55,0.9833,0.058474,False
400,24,0.05,wsr,True,0.85,0.8541,0.022846,False
400,24,0.05,hoeffding,False,,,,
400,24,0.05,mpeb,False,,,,
400,24,0.05,t,True,0.65,0.9527,0.043545,False
400,24,0.05,site_boot,True,0.65,0.9527,0.043545,False
400,24,0.1,wsr,True,0.55,0.9848,0.054696,False
400,24,0.1,hoeffding,False,,,,
400,24,0.1,mpeb,True,0.77,0.9041,0.031677,False
400,24,0.1,t,True,0.55,0.9848,0.054696,False
400,24,0.1,site_boot,True,0.55,0.9848,0.054696,False
400,25,0.05,wsr,True,0.87,0.8382,0.023337,False
400,25,0.05,hoeffding,False,,,,
400,25,0.05,mpeb,False,,,,
400,25,0.05,t,True,0.67,0.9461,0.045778,False
400,25,0.05,site_boot,True,0.67,0.9461,0.045778,False
400,25,0.1,wsr,True,0.55,0.9847,0.058816,False
400,25,0.1,hoeffding,False,,,,
400,25,0.1,mpeb,True,0.81,0.8834,0.030428,False
400,25,0.1,t,True,0.55,0.9847,0.058816,False
400,25,0.1,site_boot,True,0.55,0.9847,0.058816,False
400,26,0.05,wsr,True,0.85,0.8538,0.024518,False
400,26,0.05,hoeffding,False,,,,
400,26,0.05,mpeb,False,,,,
400,26,0.05,t,True,0.65,0.9531,0.046526,False
400,26,0.05,site_boot,True,0.65,0.9531,0.046526,False
400,26,0.1,wsr,True,0.55,0.9843,0.057756,False
400,26,0.1,hoeffding,False,,,,
400,26,0.1,mpeb,True,0.77,0.9045,0.033466,False
400,26,0.1,t,True,0.55,0.9843,0.057756,False
400,26,0.1,site_boot,True,0.55,0.9843,0.057756,False
400,27,0.05,wsr,True,0.87,0.8464,0.023173,False
400,27,0.05,hoeffding,False,,,,
400,27,0.05,mpeb,False,,,,
400,27,0.05,t,True,0.67,0.9495,0.045786,False
400,27,0.05,site_boot,True,0.67,0.9495,0.045786,False
400,27,0.1,wsr,True,0.55,0.9861,0.060194,False
400,27,0.1,hoeffding,False,,,,
400,27,0.1,mpeb,True,0.81,0.889,0.030245,False
400,27,0.1,t,True,0.55,0.9861,0.060194,False
400,27,0.1,site_boot,True,0.55,0.9861,0.060194,False
400,28,0.05,wsr,True,0.83,0.8688,0.026764,False
400,28,0.05,hoeffding,False,,,,
400,28,0.05,mpeb,False,,,,
400,28,0.05,t,True,0.63,0.9587,0.04867,False
400,28,0.05,site_boot,True,0.63,0.9587,0.04867,False
400,28,0.1,wsr,True,0.55,0.985,0.058899,False
400,28,0.1,hoeffding,False,,,,
400,28,0.1,mpeb,True,0.75,0.9129,0.035461,False
400,28,0.1,t,True,0.55,0.985,0.058899,False
400,28,0.1,site_boot,True,0.55,0.985,0.058899,False
400,29,0.05,wsr,True,0.87,0.839,0.021689,False
400,29,0.05,hoeffding,False,,,,
400,29,0.05,mpeb,False,,,,
400,29,0.05,t,True,0.69,0.9393,0.040684,False
400,29,0.05,site_boot,True,0.69,0.9393,0.040684,False
400,29,0.1,wsr,True,0.55,0.9857,0.056597,False
400,29,0.1,hoeffding,False,,,,
400,29,0.1,mpeb,True,0.83,0.871,0.026064,False
400,29,0.1,t,True,0.55,0.9857,0.056597,False
400,29,0.1,site_boot,True,0.55,0.9857,0.056597,False
400,30,0.05,wsr,True,0.85,0.8502,0.02256,False
400,30,0.05,hoeffding,False,,,,
400,30,0.05,mpeb,False,,,,
400,30,0.05,t,True,0.67,0.9449,0.041621,False
400,30,0.05,site_boot,True,0.67,0.9449,0.041621,False
400,30,0.1,wsr,True,0.55,0.985,0.055554,False
400,30,0.1,hoeffding,False,,,,
400,30,0.1,mpeb,True,0.81,0.8787,0.027132,False
400,30,0.1,t,True,0.55,0.985,0.055554,False
400,30,0.1,site_boot,True,0.55,0.985,0.055554,False
400,31,0.05,wsr,True,0.87,0.8382,0.022117,False
400,31,0.05,hoeffding,False,,,,
400,31,0.05,mpeb,False,,,,
400,31,0.05,t,True,0.69,0.9382,0.041719,False
400,31,0.05,site_boot,True,0.69,0.9382,0.041719,False
400,31,0.1,wsr,True,0.55,0.9848,0.057003,False
400,31,0.1,hoeffding,False,,,,
400,31,0.1,mpeb,True,0.81,0.8832,0.029,False
400,31,0.1,t,True,0.55,0.9848,0.057003,False
400,31,0.1,site_boot,True,0.55,0.9848,0.057003,False
400,32,0.05,wsr,True,0.85,0.8583,0.024302,False
400,32,0.05,hoeffding,False,,,,
400,32,0.05,mpeb,False,,,,
400,32,0.05,t,True,0.65,0.9542,0.045669,False
400,32,0.05,site_boot,True,0.65,0.9542,0.045669,False
400,32,0.1,wsr,True,0.55,0.9849,0.056987,False
400,32,0.1,hoeffding,False,,,,
400,32,0.1,mpeb,True,0.77,0.9076,0.032887,False
400,32,0.1,t,True,0.55,0.9849,0.056987,False
400,32,0.1,site_boot,True,0.55,0.9849,0.056987,False
400,33,0.05,wsr,True,0.83,0.8727,0.026644,False
400,33,0.05,hoeffding,False,,,,
400,33,0.05,mpeb,False,,,,
400,33,0.05,t,True,0.65,0.9545,0.04588,False
400,33,0.05,site_boot,True,0.65,0.9545,0.04588,False
400,33,0.1,wsr,True,0.55,0.9852,0.057201,False
400,33,0.1,hoeffding,False,,,,
400,33,0.1,mpeb,True,0.77,0.9067,0.032793,False
400,33,0.1,t,True,0.55,0.9852,0.057201,False
400,33,0.1,site_boot,True,0.55,0.9852,0.057201,False
400,34,0.05,wsr,True,0.85,0.8607,0.028114,False
400,34,0.05,hoeffding,False,,,,
400,34,0.05,mpeb,False,,,,
400,34,0.05,t,True,0.63,0.961,0.051932,True
400,34,0.05,site_boot,True,0.63,0.961,0.051932,True
400,34,0.1,wsr,True,0.55,0.985,0.061149,False
400,34,0.1,hoeffding,False,,,,
400,34,0.1,mpeb,True,0.77,0.9084,0.037278,False
400,34,0.1,t,True,0.55,0.985,0.061149,False
400,34,0.1,site_boot,True,0.55,0.985,0.061149,False
400,35,0.05,wsr,True,0.89,0.8174,0.017606,False
400,35,0.05,hoeffding,False,,,,
400,35,0.05,mpeb,False,,,,
400,35,0.05,t,True,0.65,0.9535,0.04393,False
400,35,0.05,site_boot,True,0.65,0.9535,0.04393,False
400,35,0.1,wsr,True,0.55,0.9852,0.055014,False
400,35,0.1,hoeffding,False,,,,
400,35,0.1,mpeb,True,0.79,0.8949,0.028688,False
400,35,0.1,t,True,0.55,0.9852,0.055014,False
400,35,0.1,site_boot,True,0.55,0.9852,0.055014,False
400,36,0.05,wsr,True,0.85,0.8527,0.022737,False
400,36,0.05,hoeffding,False,,,,
400,36,0.05,mpeb,False,,,,
400,36,0.05,t,True,0.65,0.9517,0.044068,False
400,36,0.05,site_boot,True,0.65,0.9517,0.044068,False
400,36,0.1,wsr,True,0.55,0.9849,0.055472,False
400,36,0.1,hoeffding,False,,,,
400,36,0.1,mpeb,True,0.79,0.8918,0.029539,False
400,36,0.1,t,True,0.55,0.9849,0.055472,False
400,36,0.1,site_boot,True,0.55,0.9849,0.055472,False
400,37,0.05,wsr,True,0.85,0.854,0.023731,False
400,37,0.05,hoeffding,False,,,,
400,37,0.05,mpeb,False,,,,
400,37,0.05,t,True,0.65,0.9517,0.045862,False
400,37,0.05,site_boot,True,0.65,0.9517,0.045862,False
400,37,0.1,wsr,True,0.55,0.9847,0.057562,False
400,37,0.1,hoeffding,False,,,,
400,37,0.1,mpeb,True,0.77,0.903,0.032679,False
400,37,0.1,t,True,0.55,0.9847,0.057562,False
400,37,0.1,site_boot,True,0.55,0.9847,0.057562,False
400,38,0.05,wsr,True,0.87,0.8439,0.020555,False
400,38,0.05,hoeffding,False,,,,
400,38,0.05,mpeb,False,,,,
400,38,0.05,t,True,0.67,0.9497,0.041825,False
400,38,0.05,site_boot,True,0.67,0.9497,0.041825,False
400,38,0.1,wsr,True,0.55,0.9853,0.055128,False
400,38,0.1,hoeffding,False,,,,
400,38,0.1,mpeb,True,0.81,0.8883,0.027187,False
400,38,0.1,t,True,0.55,0.9853,0.055128,False
400,38,0.1,site_boot,True,0.55,0.9853,0.055128,False
400,39,0.05,wsr,True,0.87,0.8371,0.020299,False
400,39,0.05,hoeffding,False,,,,
400,39,0.05,mpeb,False,,,,
400,39,0.05,t,True,0.67,0.9463,0.042129,False
400,39,0.05,site_boot,True,0.67,0.9463,0.042129,False
400,39,0.1,wsr,True,0.55,0.9852,0.055543,False
400,39,0.1,hoeffding,False,,,,
400,39,0.1,mpeb,True,0.81,0.8824,0.027528,False
400,39,0.1,t,True,0.55,0.9852,0.055543,False
400,39,0.1,site_boot,True,0.55,0.9852,0.055543,False
400,40,0.05,wsr,True,0.85,0.8642,0.021374,False
400,40,0.05,hoeffding,False,,,,
400,40,0.05,mpeb,False,,,,
400,40,0.05,t,True,0.63,0.9629,0.044522,False
400,40,0.05,site_boot,True,0.63,0.9629,0.044522,False
400,40,0.1,wsr,True,0.55,0.9864,0.053539,False
400,40,0.1,hoeffding,False,,,,
400,40,0.1,mpeb,True,0.77,0.9107,0.029723,False
400,40,0.1,t,True,0.55,0.9864,0.053539,False
400,40,0.1,site_boot,True,0.55,0.9864,0.053539,False
400,41,0.05,wsr,True,0.85,0.857,0.024592,False
400,41,0.05,hoeffding,False,,,,
400,41,0.05,mpeb,False,,,,
400,41,0.05,t,True,0.67,0.9468,0.044112,False
400,41,0.05,site_boot,True,0.67,0.9468,0.044112,False
400,41,0.1,wsr,True,0.55,0.985,0.057916,False
400,41,0.1,hoeffding,False,,,,
400,41,0.1,mpeb,True,0.79,0.8956,0.03134,False
400,41,0.1,t,True,0.55,0.985,0.057916,False
400,41,0.1,site_boot,True,0.55,0.985,0.057916,False
400,42,0.05,wsr,True,0.87,0.8439,0.022161,False
400,42,0.05,hoeffding,False,,,,
400,42,0.05,mpeb,False,,,,
400,42,0.05,t,True,0.67,0.9485,0.043767,False
400,42,0.05,site_boot,True,0.67,0.9485,0.043767,False
400,42,0.1,wsr,True,0.55,0.9859,0.057695,False
400,42,0.1,hoeffding,False,,,,
400,42,0.1,mpeb,True,0.81,0.8876,0.02904,False
400,42,0.1,t,True,0.55,0.9859,0.057695,False
400,42,0.1,site_boot,True,0.55,0.9859,0.057695,False
400,43,0.05,wsr,True,0.87,0.8448,0.020922,False
400,43,0.05,hoeffding,False,,,,
400,43,0.05,mpeb,False,,,,
400,43,0.05,t,True,0.67,0.9484,0.04298,False
400,43,0.05,site_boot,True,0.67,0.9484,0.04298,False
400,43,0.1,wsr,True,0.55,0.9859,0.055885,False
400,43,0.1,hoeffding,False,,,,
400,43,0.1,mpeb,True,0.81,0.8877,0.028244,False
400,43,0.1,t,True,0.55,0.9859,0.055885,False
400,43,0.1,site_boot,True,0.55,0.9859,0.055885,False
400,44,0.05,wsr,True,0.87,0.8374,0.020237,False
400,44,0.05,hoeffding,False,,,,
400,44,0.05,mpeb,False,,,,
400,44,0.05,t,True,0.63,0.9595,0.046805,False
400,44,0.05,site_boot,True,0.63,0.9595,0.046805,False
400,44,0.1,wsr,True,0.55,0.9848,0.056378,False
400,44,0.1,hoeffding,False,,,,
400,44,0.1,mpeb,True,0.75,0.9136,0.032979,False
400,44,0.1,t,True,0.55,0.9848,0.056378,False
400,44,0.1,site_boot,True,0.55,0.9848,0.056378,False
400,45,0.05,wsr,True,0.89,0.8236,0.022639,False
400,45,0.05,hoeffding,False,,,,
400,45,0.05,mpeb,False,,,,
400,45,0.05,t,True,0.67,0.9485,0.048298,False
400,45,0.05,site_boot,True,0.67,0.9485,0.048298,False
400,45,0.1,wsr,True,0.55,0.9854,0.062247,False
400,45,0.1,hoeffding,False,,,,
400,45,0.1,mpeb,True,0.83,0.8742,0.030684,False
400,45,0.1,t,True,0.55,0.9854,0.062247,False
400,45,0.1,site_boot,True,0.55,0.9854,0.062247,False
400,46,0.05,wsr,True,0.85,0.8556,0.02488,False
400,46,0.05,hoeffding,False,,,,
400,46,0.05,mpeb,False,,,,
400,46,0.05,t,True,0.65,0.9533,0.04586,False
400,46,0.05,site_boot,True,0.65,0.9533,0.04586,False
400,46,0.1,wsr,True,0.55,0.985,0.057117,False
400,46,0.1,hoeffding,False,,,,
400,46,0.1,mpeb,True,0.79,0.8948,0.031143,False
400,46,0.1,t,True,0.55,0.985,0.057117,False
400,46,0.1,site_boot,True,0.55,0.985,0.057117,False
400,47,0.05,wsr,True,0.87,0.8372,0.022361,False
400,47,0.05,hoeffding,False,,,,
400,47,0.05,mpeb,False,,,,
400,47,0.05,t,True,0.65,0.9524,0.045636,False
400,47,0.05,site_boot,True,0.65,0.9524,0.045636,False
400,47,0.1,wsr,True,0.55,0.9846,0.05649,False
400,47,0.1,hoeffding,False,,,,
400,47,0.1,mpeb,True,0.79,0.8935,0.031284,False
400,47,0.1,t,True,0.55,0.9846,0.05649,False
400,47,0.1,site_boot,True,0.55,0.9846,0.05649,False
400,48,0.05,wsr,True,0.85,0.86,0.022427,False
400,48,0.05,hoeffding,False,,,,
400,48,0.05,mpeb,False,,,,
400,48,0.05,t,True,0.67,0.9476,0.040905,False
400,48,0.05,site_boot,True,0.67,0.9476,0.040905,False
400,48,0.1,wsr,True,0.55,0.9856,0.053444,False
400,48,0.1,hoeffding,False,,,,
400,48,0.1,mpeb,True,0.79,0.8976,0.028616,False
400,48,0.1,t,True,0.55,0.9856,0.053444,False
400,48,0.1,site_boot,True,0.55,0.9856,0.053444,False
400,49,0.05,wsr,True,0.83,0.8723,0.024989,False
400,49,0.05,hoeffding,False,,,,
400,49,0.05,mpeb,False,,,,
400,49,0.05,t,True,0.65,0.9542,0.043529,False
400,49,0.05,site_boot,True,0.65,0.9542,0.043529,False
400,49,0.1,wsr,True,0.55,0.9855,0.054756,False
400,49,0.1,hoeffding,False,,,,
400,49,0.1,mpeb,True,0.77,0.9064,0.031322,False
400,49,0.1,t,True,0.55,0.9855,0.054756,False
400,49,0.1,site_boot,True,0.55,0.9855,0.054756,False
400,50,0.05,wsr,True,0.87,0.8408,0.02168,False
400,50,0.05,hoeffding,False,,,,
400,50,0.05,mpeb,False,,,,
400,50,0.05,t,True,0.65,0.9549,0.046266,False
400,50,0.05,site_boot,True,0.65,0.9549,0.046266,False
400,50,0.1,wsr,True,0.55,0.9857,0.057864,False
400,50,0.1,hoeffding,False,,,,
400,50,0.1,mpeb,True,0.79,0.8966,0.03093,False
400,50,0.1,t,True,0.55,0.9857,0.057864,False
400,50,0.1,site_boot,True,0.55,0.9857,0.057864,False
400,51,0.05,wsr,True,0.85,0.8568,0.026021,False
400,51,0.05,hoeffding,False,,,,
400,51,0.05,mpeb,False,,,,
400,51,0.05,t,True,0.65,0.9539,0.047609,False
400,51,0.05,site_boot,True,0.65,0.9539,0.047609,False
400,51,0.1,wsr,True,0.55,0.9854,0.058583,False
400,51,0.1,hoeffding,False,,,,
400,51,0.1,mpeb,True,0.79,0.8955,0.032962,False
400,51,0.1,t,True,0.55,0.9854,0.058583,False
400,51,0.1,site_boot,True,0.55,0.9854,0.058583,False
400,52,0.05,wsr,True,0.85,0.8605,0.02468,False
400,52,0.05,hoeffding,False,,,,
400,52,0.05,mpeb,False,,,,
400,52,0.05,t,True,0.67,0.9474,0.042958,False
400,52,0.05,site_boot,True,0.67,0.9474,0.042958,False
400,52,0.1,wsr,True,0.55,0.9848,0.056285,False
400,52,0.1,hoeffding,False,,,,
400,52,0.1,mpeb,True,0.81,0.8876,0.028921,False
400,52,0.1,t,True,0.55,0.9848,0.056285,False
400,52,0.1,site_boot,True,0.55,0.9848,0.056285,False
400,53,0.05,wsr,True,0.87,0.8318,0.022113,False
400,53,0.05,hoeffding,False,,,,
400,53,0.05,mpeb,False,,,,
400,53,0.05,t,True,0.65,0.9498,0.046314,False
400,53,0.05,site_boot,True,0.65,0.9498,0.046314,False
400,53,0.1,wsr,True,0.55,0.9841,0.058638,False
400,53,0.1,hoeffding,False,,,,
400,53,0.1,mpeb,True,0.81,0.877,0.028504,False
400,53,0.1,t,True,0.55,0.9841,0.058638,False
400,53,0.1,site_boot,True,0.55,0.9841,0.058638,False
400,54,0.05,wsr,True,0.89,0.8166,0.019059,False
400,54,0.05,hoeffding,False,,,,
400,54,0.05,mpeb,False,,,,
400,54,0.05,t,True,0.69,0.9377,0.041714,False
400,54,0.05,site_boot,True,0.69,0.9377,0.041714,False
400,54,0.1,wsr,True,0.55,0.9851,0.05837,False
400,54,0.1,hoeffding,False,,,,
400,54,0.1,mpeb,True,0.85,0.8543,0.023933,False
400,54,0.1,t,True,0.55,0.9851,0.05837,False
400,54,0.1,site_boot,True,0.55,0.9851,0.05837,False
400,55,0.05,wsr,True,0.87,0.8307,0.021523,False
400,55,0.05,hoeffding,False,,,,
400,55,0.05,mpeb,False,,,,
400,55,0.05,t,True,0.63,0.9578,0.047401,False
400,55,0.05,site_boot,True,0.63,0.9578,0.047401,False
400,55,0.1,wsr,True,0.55,0.9841,0.057117,False
400,55,0.1,hoeffding,False,,,,
400,55,0.1,mpeb,True,0.77,0.8999,0.032148,False
400,55,0.1,t,True,0.55,0.9841,0.057117,False
400,55,0.1,site_boot,True,0.55,0.9841,0.057117,False
400,56,0.05,wsr,True,0.83,0.8685,0.025257,False
400,56,0.05,hoeffding,False,,,,
400,56,0.05,mpeb,False,,,,
400,56,0.05,t,True,0.63,0.9602,0.046281,False
400,56,0.05,site_boot,True,0.63,0.9602,0.046281,False
400,56,0.1,wsr,True,0.55,0.9854,0.05601,False
400,56,0.1,hoeffding,False,,,,
400,56,0.1,mpeb,True,0.77,0.9039,0.031811,False
400,56,0.1,t,True,0.55,0.9854,0.05601,False
400,56,0.1,site_boot,True,0.55,0.9854,0.05601,False
400,57,0.05,wsr,True,0.83,0.8651,0.025897,False
400,57,0.05,hoeffding,False,,,,
400,57,0.05,mpeb,False,,,,
400,57,0.05,t,True,0.63,0.958,0.048516,False
400,57,0.05,site_boot,True,0.63,0.958,0.048516,False
400,57,0.1,wsr,True,0.55,0.9842,0.058298,False
400,57,0.1,hoeffding,False,,,,
400,57,0.1,mpeb,True,0.75,0.9101,0.03522,False
400,57,0.1,t,True,0.55,0.9842,0.058298,False
400,57,0.1,site_boot,True,0.55,0.9842,0.058298,False
400,58,0.05,wsr,True,0.85,0.8586,0.023233,False
400,58,0.05,hoeffding,False,,,,
400,58,0.05,mpeb,False,,,,
400,58,0.05,t,True,0.63,0.9609,0.045503,False
400,58,0.05,site_boot,True,0.63,0.9609,0.045503,False
400,58,0.1,wsr,True,0.55,0.9851,0.054299,False
400,58,0.1,hoeffding,False,,,,
400,58,0.1,mpeb,True,0.77,0.9065,0.031542,False
400,58,0.1,t,True,0.55,0.9851,0.054299,False
400,58,0.1,site_boot,True,0.55,0.9851,0.054299,False
400,59,0.05,wsr,True,0.85,0.8484,0.023138,False
400,59,0.05,hoeffding,False,,,,
400,59,0.05,mpeb,False,,,,
400,59,0.05,t,True,0.67,0.9444,0.042839,False
400,59,0.05,site_boot,True,0.67,0.9444,0.042839,False
400,59,0.1,wsr,True,0.55,0.9844,0.056247,False
400,59,0.1,hoeffding,False,,,,
400,59,0.1,mpeb,True,0.77,0.9008,0.031992,False
400,59,0.1,t,True,0.55,0.9844,0.056247,False
400,59,0.1,site_boot,True,0.55,0.9844,0.056247,False
400,60,0.05,wsr,True,0.83,0.8651,0.025803,False
400,60,0.05,hoeffding,False,,,,
400,60,0.05,mpeb,False,,,,
400,60,0.05,t,True,0.63,0.9589,0.046687,False
400,60,0.05,site_boot,True,0.63,0.9589,0.046687,False
400,60,0.1,wsr,True,0.55,0.9843,0.056327,False
400,60,0.1,hoeffding,False,,,,
400,60,0.1,mpeb,True,0.75,0.9107,0.03404,False
400,60,0.1,t,True,0.55,0.9843,0.056327,False
400,60,0.1,site_boot,True,0.55,0.9843,0.056327,False
400,61,0.05,wsr,True,0.83,0.8628,0.026212,False
400,61,0.05,hoeffding,False,,,,
400,61,0.05,mpeb,False,,,,
400,61,0.05,t,True,0.63,0.9569,0.048804,False
400,61,0.05,site_boot,True,0.63,0.9569,0.048804,False
400,61,0.1,wsr,True,0.55,0.984,0.058005,False
400,61,0.1,hoeffding,False,,,,
400,61,0.1,mpeb,True,0.75,0.9093,0.035432,False
400,61,0.1,t,True,0.55,0.984,0.058005,False
400,61,0.1,site_boot,True,0.55,0.984,0.058005,False
400,62,0.05,wsr,True,0.87,0.8324,0.023617,False
400,62,0.05,hoeffding,False,,,,
400,62,0.05,mpeb,False,,,,
400,62,0.05,t,True,0.65,0.9512,0.048158,False
400,62,0.05,site_boot,True,0.65,0.9512,0.048158,False
400,62,0.1,wsr,True,0.55,0.9844,0.060619,False
400,62,0.1,hoeffding,False,,,,
400,62,0.1,mpeb,True,0.77,0.9015,0.035012,False
400,62,0.1,t,True,0.55,0.9844,0.060619,False
400,62,0.1,site_boot,True,0.55,0.9844,0.060619,False
400,63,0.05,wsr,True,0.85,0.8546,0.022097,False
400,63,0.05,hoeffding,False,,,,
400,63,0.05,mpeb,False,,,,
400,63,0.05,t,True,0.63,0.9602,0.046249,False
400,63,0.05,site_boot,True,0.63,0.9602,0.046249,False
400,63,0.1,wsr,True,0.55,0.9847,0.055473,False
400,63,0.1,hoeffding,False,,,,
400,63,0.1,mpeb,True,0.77,0.9046,0.03155,False
400,63,0.1,t,True,0.55,0.9847,0.055473,False
400,63,0.1,site_boot,True,0.55,0.9847,0.055473,False
400,64,0.05,wsr,True,0.85,0.8531,0.024022,False
400,64,0.05,hoeffding,False,,,,
400,64,0.05,mpeb,False,,,,
400,64,0.05,t,True,0.65,0.9527,0.046475,False
400,64,0.05,site_boot,True,0.65,0.9527,0.046475,False
400,64,0.1,wsr,True,0.55,0.9848,0.057978,False
400,64,0.1,hoeffding,False,,,,
400,64,0.1,mpeb,True,0.77,0.9032,0.033748,False
400,64,0.1,t,True,0.55,0.9848,0.057978,False
400,64,0.1,site_boot,True,0.55,0.9848,0.057978,False
400,65,0.05,wsr,True,0.85,0.8552,0.026066,False
400,65,0.05,hoeffding,False,,,,
400,65,0.05,mpeb,False,,,,
400,65,0.05,t,True,0.65,0.9542,0.049864,False
400,65,0.05,site_boot,True,0.65,0.9542,0.049864,False
400,65,0.1,wsr,True,0.55,0.9852,0.060866,False
400,65,0.1,hoeffding,False,,,,
400,65,0.1,mpeb,True,0.79,0.8948,0.03331,False
400,65,0.1,t,True,0.55,0.9852,0.060866,False
400,65,0.1,site_boot,True,0.55,0.9852,0.060866,False
400,66,0.05,wsr,True,0.87,0.8368,0.023854,False
400,66,0.05,hoeffding,False,,,,
400,66,0.05,mpeb,False,,,,
400,66,0.05,t,True,0.69,0.9381,0.044987,False
400,66,0.05,site_boot,True,0.69,0.9381,0.044987,False
400,66,0.1,wsr,True,0.55,0.9846,0.061105,False
400,66,0.1,hoeffding,False,,,,
400,66,0.1,mpeb,True,0.81,0.8824,0.03081,False
400,66,0.1,t,True,0.55,0.9846,0.061105,False
400,66,0.1,site_boot,True,0.55,0.9846,0.061105,False
400,67,0.05,wsr,True,0.85,0.8553,0.023564,False
400,67,0.05,hoeffding,False,,,,
400,67,0.05,mpeb,False,,,,
400,67,0.05,t,True,0.65,0.9537,0.045909,False
400,67,0.05,site_boot,True,0.65,0.9537,0.045909,False
400,67,0.1,wsr,True,0.55,0.9854,0.057195,False
400,67,0.1,hoeffding,False,,,,
400,67,0.1,mpeb,True,0.77,0.9049,0.033044,False
400,67,0.1,t,True,0.55,0.9854,0.057195,False
400,67,0.1,site_boot,True,0.55,0.9854,0.057195,False
400,68,0.05,wsr,True,0.85,0.8553,0.024687,False
400,68,0.05,hoeffding,False,,,,
400,68,0.05,mpeb,False,,,,
400,68,0.05,t,True,0.65,0.9534,0.048041,False
400,68,0.05,site_boot,True,0.65,0.9534,0.048041,False
400,68,0.1,wsr,True,0.55,0.9849,0.059267,False
400,68,0.1,hoeffding,False,,,,
400,68,0.1,mpeb,True,0.77,0.9048,0.034136,False
400,68,0.1,t,True,0.55,0.9849,0.059267,False
400,68,0.1,site_boot,True,0.55,0.9849,0.059267,False
400,69,0.05,wsr,True,0.85,0.8596,0.023807,False
400,69,0.05,hoeffding,False,,,,
400,69,0.05,mpeb,False,,,,
400,69,0.05,t,True,0.65,0.9551,0.045276,False
400,69,0.05,site_boot,True,0.65,0.9551,0.045276,False
400,69,0.1,wsr,True,0.55,0.986,0.057438,False
400,69,0.1,hoeffding,False,,,,
400,69,0.1,mpeb,True,0.77,0.9073,0.032914,False
400,69,0.1,t,True,0.55,0.986,0.057438,False
400,69,0.1,site_boot,True,0.55,0.986,0.057438,False
400,70,0.05,wsr,True,0.83,0.8692,0.024648,False
400,70,0.05,hoeffding,False,,,,
400,70,0.05,mpeb,False,,,,
400,70,0.05,t,True,0.63,0.9602,0.045238,False
400,70,0.05,site_boot,True,0.63,0.9602,0.045238,False
400,70,0.1,wsr,True,0.55,0.9851,0.054932,False
400,70,0.1,hoeffding,False,,,,
400,70,0.1,mpeb,True,0.75,0.9143,0.032908,False
400,70,0.1,t,True,0.55,0.9851,0.054932,False
400,70,0.1,site_boot,True,0.55,0.9851,0.054932,False
400,71,0.05,wsr,True,0.85,0.8569,0.023462,False
400,71,0.05,hoeffding,False,,,,
400,71,0.05,mpeb,False,,,,
400,71,0.05,t,True,0.65,0.9523,0.044097,False
400,71,0.05,site_boot,True,0.65,0.9523,0.044097,False
400,71,0.1,wsr,True,0.55,0.985,0.056573,False
400,71,0.1,hoeffding,False,,,,
400,71,0.1,mpeb,True,0.79,0.8954,0.030215,False
400,71,0.1,t,True,0.55,0.985,0.056573,False
400,71,0.1,site_boot,True,0.55,0.985,0.056573,False
400,72,0.05,wsr,True,0.87,0.8338,0.024175,False
400,72,0.05,hoeffding,False,,,,
400,72,0.05,mpeb,False,,,,
400,72,0.05,t,True,0.65,0.9504,0.048523,False
400,72,0.05,site_boot,True,0.65,0.9504,0.048523,False
400,72,0.1,wsr,True,0.55,0.9843,0.059655,False
400,72,0.1,hoeffding,False,,,,
400,72,0.1,mpeb,True,0.81,0.8786,0.0307,False
400,72,0.1,t,True,0.55,0.9843,0.059655,False
400,72,0.1,site_boot,True,0.55,0.9843,0.059655,False
400,73,0.05,wsr,True,0.87,0.84,0.021342,False
400,73,0.05,hoeffding,False,,,,
400,73,0.05,mpeb,False,,,,
400,73,0.05,t,True,0.65,0.9531,0.044524,False
400,73,0.05,site_boot,True,0.65,0.9531,0.044524,False
400,73,0.1,wsr,True,0.55,0.9848,0.055577,False
400,73,0.1,hoeffding,False,,,,
400,73,0.1,mpeb,True,0.79,0.8953,0.030463,False
400,73,0.1,t,True,0.55,0.9848,0.055577,False
400,73,0.1,site_boot,True,0.55,0.9848,0.055577,False
400,74,0.05,wsr,True,0.85,0.8555,0.02606,False
400,74,0.05,hoeffding,False,,,,
400,74,0.05,mpeb,False,,,,
400,74,0.05,t,True,0.65,0.9533,0.047713,False
400,74,0.05,site_boot,True,0.65,0.9533,0.047713,False
400,74,0.1,wsr,True,0.55,0.9851,0.059158,False
400,74,0.1,hoeffding,False,,,,
400,74,0.1,mpeb,True,0.77,0.9043,0.034434,False
400,74,0.1,t,True,0.55,0.9851,0.059158,False
400,74,0.1,site_boot,True,0.55,0.9851,0.059158,False
400,75,0.05,wsr,True,0.85,0.851,0.022358,False
400,75,0.05,hoeffding,False,,,,
400,75,0.05,mpeb,False,,,,
400,75,0.05,t,True,0.63,0.9592,0.046199,False
400,75,0.05,site_boot,True,0.63,0.9592,0.046199,False
400,75,0.1,wsr,True,0.55,0.985,0.055167,False
400,75,0.1,hoeffding,False,,,,
400,75,0.1,mpeb,True,0.73,0.9209,0.035713,False
400,75,0.1,t,True,0.55,0.985,0.055167,False
400,75,0.1,site_boot,True,0.55,0.985,0.055167,False
400,76,0.05,wsr,True,0.83,0.8623,0.027643,False
400,76,0.05,hoeffding,False,,,,
400,76,0.05,mpeb,False,,,,
400,76,0.05,t,True,0.63,0.9571,0.051467,True
400,76,0.05,site_boot,True,0.65,0.95,0.048822,False
400,76,0.1,wsr,True,0.55,0.9844,0.061486,False
400,76,0.1,hoeffding,False,,,,
400,76,0.1,mpeb,True,0.77,0.8987,0.0354,False
400,76,0.1,t,True,0.55,0.9844,0.061486,False
400,76,0.1,site_boot,True,0.55,0.9844,0.061486,False
400,77,0.05,wsr,True,0.85,0.8521,0.024726,False
400,77,0.05,hoeffding,False,,,,
400,77,0.05,mpeb,False,,,,
400,77,0.05,t,True,0.65,0.9522,0.046725,False
400,77,0.05,site_boot,True,0.65,0.9522,0.046725,False
400,77,0.1,wsr,True,0.55,0.9849,0.057565,False
400,77,0.1,hoeffding,False,,,,
400,77,0.1,mpeb,True,0.77,0.902,0.033659,False
400,77,0.1,t,True,0.55,0.9849,0.057565,False
400,77,0.1,site_boot,True,0.55,0.9849,0.057565,False
400,78,0.05,wsr,True,0.87,0.8393,0.020679,False
400,78,0.05,hoeffding,False,,,,
400,78,0.05,mpeb,False,,,,
400,78,0.05,t,True,0.67,0.9471,0.043278,False
400,78,0.05,site_boot,True,0.65,0.9541,0.045507,False
400,78,0.1,wsr,True,0.55,0.9852,0.056608,False
400,78,0.1,hoeffding,False,,,,
400,78,0.1,mpeb,True,0.81,0.8841,0.028411,False
400,78,0.1,t,True,0.55,0.9852,0.056608,False
400,78,0.1,site_boot,True,0.55,0.9852,0.056608,False
400,79,0.05,wsr,True,0.85,0.8502,0.023393,False
400,79,0.05,hoeffding,False,,,,
400,79,0.05,mpeb,False,,,,
400,79,0.05,t,True,0.67,0.9437,0.04306,False
400,79,0.05,site_boot,True,0.67,0.9437,0.04306,False
400,79,0.1,wsr,True,0.55,0.9841,0.057829,False
400,79,0.1,hoeffding,False,,,,
400,79,0.1,mpeb,True,0.79,0.8896,0.02971,False
400,79,0.1,t,True,0.55,0.9841,0.057829,False
400,79,0.1,site_boot,True,0.55,0.9841,0.057829,False
400,80,0.05,wsr,True,0.83,0.8686,0.026283,False
400,80,0.05,hoeffding,False,,,,
400,80,0.05,mpeb,False,,,,
400,80,0.05,t,True,0.63,0.9594,0.04832,False
400,80,0.05,site_boot,True,0.63,0.9594,0.04832,False
400,80,0.1,wsr,True,0.55,0.9848,0.057855,False
400,80,0.1,hoeffding,False,,,,
400,80,0.1,mpeb,True,0.75,0.913,0.03535,False
400,80,0.1,t,True,0.55,0.9848,0.057855,False
400,80,0.1,site_boot,True,0.55,0.9848,0.057855,False
400,81,0.05,wsr,True,0.85,0.8553,0.025545,False
400,81,0.05,hoeffding,False,,,,
400,81,0.05,mpeb,False,,,,
400,81,0.05,t,True,0.63,0.9592,0.04938,False
400,81,0.05,site_boot,True,0.63,0.9592,0.04938,False
400,81,0.1,wsr,True,0.55,0.9848,0.058885,False
400,81,0.1,hoeffding,False,,,,
400,81,0.1,mpeb,True,0.77,0.904,0.03436,False
400,81,0.1,t,True,0.55,0.9848,0.058885,False
400,81,0.1,site_boot,True,0.55,0.9848,0.058885,False
400,82,0.05,wsr,True,0.85,0.8549,0.024916,False
400,82,0.05,hoeffding,False,,,,
400,82,0.05,mpeb,False,,,,
400,82,0.05,t,True,0.65,0.9529,0.04828,False
400,82,0.05,site_boot,True,0.65,0.9529,0.04828,False
400,82,0.1,wsr,True,0.55,0.9847,0.059735,False
400,82,0.1,hoeffding,False,,,,
400,82,0.1,mpeb,True,0.77,0.9042,0.034188,False
400,82,0.1,t,True,0.55,0.9847,0.059735,False
400,82,0.1,site_boot,True,0.55,0.9847,0.059735,False
400,83,0.05,wsr,True,0.83,0.8697,0.025023,False
400,83,0.05,hoeffding,False,,,,
400,83,0.05,mpeb,False,,,,
400,83,0.05,t,True,0.63,0.9598,0.045724,False
400,83,0.05,site_boot,True,0.63,0.9598,0.045724,False
400,83,0.1,wsr,True,0.55,0.9848,0.054515,False
400,83,0.1,hoeffding,False,,,,
400,83,0.1,mpeb,True,0.75,0.9139,0.032995,False
400,83,0.1,t,True,0.55,0.9848,0.054515,False
400,83,0.1,site_boot,True,0.55,0.9848,0.054515,False
400,84,0.05,wsr,True,0.87,0.8417,0.020516,False
400,84,0.05,hoeffding,False,,,,
400,84,0.05,mpeb,False,,,,
400,84,0.05,t,True,0.69,0.9406,0.040551,False
400,84,0.05,site_boot,True,0.69,0.9406,0.040551,False
400,84,0.1,wsr,True,0.55,0.9851,0.055716,False
400,84,0.1,hoeffding,False,,,,
400,84,0.1,mpeb,True,0.81,0.8858,0.027936,False
400,84,0.1,t,True,0.55,0.9851,0.055716,False
400,84,0.1,site_boot,True,0.55,0.9851,0.055716,False
400,85,0.05,wsr,True,0.87,0.8374,0.021606,False
400,85,0.05,hoeffding,False,,,,
400,85,0.05,mpeb,False,,,,
400,85,0.05,t,True,0.67,0.9459,0.043066,False
400,85,0.05,site_boot,True,0.67,0.9459,0.043066,False
400,85,0.1,wsr,True,0.55,0.9852,0.056815,False
400,85,0.1,hoeffding,False,,,,
400,85,0.1,mpeb,True,0.83,0.8693,0.026121,False
400,85,0.1,t,True,0.55,0.9852,0.056815,False
400,85,0.1,site_boot,True,0.55,0.9852,0.056815,False
400,86,0.05,wsr,True,0.85,0.8552,0.025598,False
400,86,0.05,hoeffding,False,,,,
400,86,0.05,mpeb,False,,,,
400,86,0.05,t,True,0.65,0.9539,0.046989,False
400,86,0.05,site_boot,True,0.65,0.9539,0.046989,False
400,86,0.1,wsr,True,0.55,0.9854,0.057831,False
400,86,0.1,hoeffding,False,,,,
400,86,0.1,mpeb,True,0.79,0.8948,0.032005,False
400,86,0.1,t,True,0.55,0.9854,0.057831,False
400,86,0.1,site_boot,True,0.55,0.9854,0.057831,False
400,87,0.05,wsr,True,0.85,0.8539,0.026066,False
400,87,0.05,hoeffding,False,,,,
400,87,0.05,mpeb,False,,,,
400,87,0.05,t,True,0.65,0.9527,0.047495,False
400,87,0.05,site_boot,True,0.65,0.9527,0.047495,False
400,87,0.1,wsr,True,0.55,0.9845,0.059719,False
400,87,0.1,hoeffding,False,,,,
400,87,0.1,mpeb,True,0.77,0.9036,0.03518,False
400,87,0.1,t,True,0.55,0.9845,0.059719,False
400,87,0.1,site_boot,True,0.55,0.9845,0.059719,False
400,88,0.05,wsr,True,0.87,0.846,0.024295,False
400,88,0.05,hoeffding,False,,,,
400,88,0.05,mpeb,False,,,,
400,88,0.05,t,True,0.65,0.9552,0.048704,False
400,88,0.05,site_boot,True,0.67,0.9488,0.046388,False
400,88,0.1,wsr,True,0.55,0.9858,0.05979,False
400,88,0.1,hoeffding,False,,,,
400,88,0.1,mpeb,True,0.81,0.8881,0.031269,False
400,88,0.1,t,True,0.55,0.9858,0.05979,False
400,88,0.1,site_boot,True,0.55,0.9858,0.05979,False
400,89,0.05,wsr,True,0.85,0.8536,0.024479,False
400,89,0.05,hoeffding,False,,,,
400,89,0.05,mpeb,False,,,,
400,89,0.05,t,True,0.67,0.9446,0.043619,False
400,89,0.05,site_boot,True,0.65,0.9517,0.045812,False
400,89,0.1,wsr,True,0.55,0.9848,0.057909,False
400,89,0.1,hoeffding,False,,,,
400,89,0.1,mpeb,True,0.79,0.8931,0.03168,False
400,89,0.1,t,True,0.55,0.9848,0.057909,False
400,89,0.1,site_boot,True,0.55,0.9848,0.057909,False
400,90,0.05,wsr,True,0.87,0.8375,0.02276,False
400,90,0.05,hoeffding,False,,,,
400,90,0.05,mpeb,False,,,,
400,90,0.05,t,True,0.67,0.9454,0.044708,False
400,90,0.05,site_boot,True,0.67,0.9454,0.044708,False
400,90,0.1,wsr,True,0.55,0.9851,0.05864,False
400,90,0.1,hoeffding,False,,,,
400,90,0.1,mpeb,True,0.81,0.8826,0.029558,False
400,90,0.1,t,True,0.55,0.9851,0.05864,False
400,90,0.1,site_boot,True,0.55,0.9851,0.05864,False
400,91,0.05,wsr,True,0.87,0.8362,0.021035,False
400,91,0.05,hoeffding,False,,,,
400,91,0.05,mpeb,False,,,,
400,91,0.05,t,True,0.67,0.9445,0.0415,False
400,91,0.05,site_boot,True,0.65,0.9516,0.043371,False
400,91,0.1,wsr,True,0.55,0.9847,0.055154,False
400,91,0.1,hoeffding,False,,,,
400,91,0.1,mpeb,True,0.81,0.8804,0.02762,False
400,91,0.1,t,True,0.55,0.9847,0.055154,False
400,91,0.1,site_boot,True,0.55,0.9847,0.055154,False
400,92,0.05,wsr,True,0.83,0.8628,0.024513,False
400,92,0.05,hoeffding,False,,,,
400,92,0.05,mpeb,False,,,,
400,92,0.05,t,True,0.63,0.9569,0.046044,False
400,92,0.05,site_boot,True,0.63,0.9569,0.046044,False
400,92,0.1,wsr,True,0.55,0.9844,0.055411,False
400,92,0.1,hoeffding,False,,,,
400,92,0.1,mpeb,True,0.77,0.8992,0.031126,False
400,92,0.1,t,True,0.55,0.9844,0.055411,False
400,92,0.1,site_boot,True,0.55,0.9844,0.055411,False
400,93,0.05,wsr,True,0.85,0.8463,0.024495,False
400,93,0.05,hoeffding,False,,,,
400,93,0.05,mpeb,False,,,,
400,93,0.05,t,True,0.65,0.9506,0.047725,False
400,93,0.05,site_boot,True,0.65,0.9506,0.047725,False
400,93,0.1,wsr,True,0.55,0.9838,0.059357,False
400,93,0.1,hoeffding,False,,,,
400,93,0.1,mpeb,True,0.77,0.8987,0.034366,False
400,93,0.1,t,True,0.55,0.9838,0.059357,False
400,93,0.1,site_boot,True,0.55,0.9838,0.059357,False
400,94,0.05,wsr,True,0.85,0.862,0.025897,False
400,94,0.05,hoeffding,False,,,,
400,94,0.05,mpeb,False,,,,
400,94,0.05,t,True,0.65,0.9553,0.047606,False
400,94,0.05,site_boot,True,0.65,0.9553,0.047606,False
400,94,0.1,wsr,True,0.55,0.9858,0.058288,False
400,94,0.1,hoeffding,False,,,,
400,94,0.1,mpeb,True,0.77,0.9086,0.034842,False
400,94,0.1,t,True,0.55,0.9858,0.058288,False
400,94,0.1,site_boot,True,0.55,0.9858,0.058288,False
400,95,0.05,wsr,True,0.85,0.8605,0.024838,False
400,95,0.05,hoeffding,False,,,,
400,95,0.05,mpeb,False,,,,
400,95,0.05,t,True,0.65,0.9551,0.046479,False
400,95,0.05,site_boot,True,0.65,0.9551,0.046479,False
400,95,0.1,wsr,True,0.55,0.9856,0.057394,False
400,95,0.1,hoeffding,False,,,,
400,95,0.1,mpeb,True,0.77,0.9078,0.033616,False
400,95,0.1,t,True,0.55,0.9856,0.057394,False
400,95,0.1,site_boot,True,0.55,0.9856,0.057394,False
400,96,0.05,wsr,True,0.87,0.8347,0.020956,False
400,96,0.05,hoeffding,False,,,,
400,96,0.05,mpeb,False,,,,
400,96,0.05,t,True,0.67,0.9461,0.043518,False
400,96,0.05,site_boot,True,0.67,0.9461,0.043518,False
400,96,0.1,wsr,True,0.55,0.9851,0.057067,False
400,96,0.1,hoeffding,False,,,,
400,96,0.1,mpeb,True,0.81,0.8811,0.027666,False
400,96,0.1,t,True,0.55,0.9851,0.057067,False
400,96,0.1,site_boot,True,0.55,0.9851,0.057067,False
400,97,0.05,wsr,True,0.83,0.8656,0.026515,False
400,97,0.05,hoeffding,False,,,,
400,97,0.05,mpeb,False,,,,
400,97,0.05,t,True,0.63,0.9581,0.048585,False
400,97,0.05,site_boot,True,0.63,0.9581,0.048585,False
400,97,0.1,wsr,True,0.55,0.9846,0.058302,False
400,97,0.1,hoeffding,False,,,,
400,97,0.1,mpeb,True,0.75,0.9107,0.0353,False
400,97,0.1,t,True,0.55,0.9846,0.058302,False
400,97,0.1,site_boot,True,0.55,0.9846,0.058302,False
400,98,0.05,wsr,True,0.83,0.8568,0.027461,False
400,98,0.05,hoeffding,False,,,,
400,98,0.05,mpeb,False,,,,
400,98,0.05,t,True,0.63,0.956,0.049409,False
400,98,0.05,site_boot,True,0.63,0.956,0.049409,False
400,98,0.1,wsr,True,0.55,0.984,0.059179,False
400,98,0.1,hoeffding,False,,,,
400,98,0.1,mpeb,True,0.75,0.906,0.035846,False
400,98,0.1,t,True,0.55,0.984,0.059179,False
400,98,0.1,site_boot,True,0.55,0.984,0.059179,False
400,99,0.05,wsr,True,0.85,0.8633,0.022374,False
400,99,0.05,hoeffding,False,,,,
400,99,0.05,mpeb,False,,,,
400,99,0.05,t,True,0.63,0.9629,0.045066,False
400,99,0.05,site_boot,True,0.63,0.9629,0.045066,False
400,99,0.1,wsr,True,0.55,0.9861,0.054134,False
400,99,0.1,hoeffding,False,,,,
400,99,0.1,mpeb,True,0.79,0.9003,0.028642,False
400,99,0.1,t,True,0.55,0.9861,0.054134,False
400,99,0.1,site_boot,True,0.55,0.9861,0.054134,False
400,100,0.05,wsr,True,0.87,0.8449,0.021245,False
400,100,0.05,hoeffding,False,,,,
400,100,0.05,mpeb,False,,,,
400,100,0.05,t,True,0.69,0.9414,0.040806,False
400,100,0.05,site_boot,True,0.69,0.9414,0.040806,False
400,100,0.1,wsr,True,0.55,0.9857,0.05698,False
400,100,0.1,hoeffding,False,,,,
400,100,0.1,mpeb,True,0.81,0.8874,0.028444,False
400,100,0.1,t,True,0.55,0.9857,0.05698,False
400,100,0.1,site_boot,True,0.55,0.9857,0.05698,False
400,101,0.05,wsr,True,0.83,0.8694,0.02665,False
400,101,0.05,hoeffding,False,,,,
400,101,0.05,mpeb,False,,,,
400,101,0.05,t,True,0.61,0.9657,0.051711,True
400,101,0.05,site_boot,True,0.61,0.9657,0.051711,True
400,101,0.1,wsr,True,0.55,0.9849,0.059348,False
400,101,0.1,hoeffding,False,,,,
400,101,0.1,mpeb,True,0.71,0.9301,0.039986,False
400,101,0.1,t,True,0.55,0.9849,0.059348,False
400,101,0.1,site_boot,True,0.55,0.9849,0.059348,False
400,102,0.05,wsr,True,0.85,0.8593,0.023409,False
400,102,0.05,hoeffding,False,,,,
400,102,0.05,mpeb,False,,,,
400,102,0.05,t,True,0.65,0.9551,0.044485,False
400,102,0.05,site_boot,True,0.65,0.9551,0.044485,False
400,102,0.1,wsr,True,0.55,0.9859,0.056347,False
400,102,0.1,hoeffding,False,,,,
400,102,0.1,mpeb,True,0.77,0.9078,0.03172,False
400,102,0.1,t,True,0.55,0.9859,0.056347,False
400,102,0.1,site_boot,True,0.55,0.9859,0.056347,False
400,103,0.05,wsr,True,0.85,0.8576,0.023684,False
400,103,0.05,hoeffding,False,,,,
400,103,0.05,mpeb,False,,,,
400,103,0.05,t,True,0.67,0.9478,0.043161,False
400,103,0.05,site_boot,True,0.65,0.9546,0.045034,False
400,103,0.1,wsr,True,0.55,0.9857,0.056262,False
400,103,0.1,hoeffding,False,,,,
400,103,0.1,mpeb,True,0.77,0.906,0.031873,False
400,103,0.1,t,True,0.55,0.9857,0.056262,False
400,103,0.1,site_boot,True,0.55,0.9857,0.056262,False
400,104,0.05,wsr,True,0.85,0.8537,0.02386,False
400,104,0.05,hoeffding,False,,,,
400,104,0.05,mpeb,False,,,,
400,104,0.05,t,True,0.65,0.9529,0.04652,False
400,104,0.05,site_boot,True,0.65,0.9529,0.04652,False
400,104,0.1,wsr,True,0.55,0.9852,0.05798,False
400,104,0.1,hoeffding,False,,,,
400,104,0.1,mpeb,True,0.79,0.8931,0.030923,False
400,104,0.1,t,True,0.55,0.9852,0.05798,False
400,104,0.1,site_boot,True,0.55,0.9852,0.05798,False
400,105,0.05,wsr,True,0.85,0.8614,0.024368,False
400,105,0.05,hoeffding,False,,,,
400,105,0.05,mpeb,False,,,,
400,105,0.05,t,True,0.65,0.9552,0.045658,False
400,105,0.05,site_boot,True,0.65,0.9552,0.045658,False
400,105,0.1,wsr,True,0.55,0.9858,0.056643,False
400,105,0.1,hoeffding,False,,,,
400,105,0.1,mpeb,True,0.77,0.9091,0.032663,False
400,105,0.1,t,True,0.55,0.9858,0.056643,False
400,105,0.1,site_boot,True,0.55,0.9858,0.056643,False
400,106,0.05,wsr,True,0.85,0.8663,0.023145,False
400,106,0.05,hoeffding,False,,,,
400,106,0.05,mpeb,False,,,,
400,106,0.05,t,True,0.67,0.9505,0.041525,False
400,106,0.05,site_boot,True,0.67,0.9505,0.041525,False
400,106,0.1,wsr,True,0.55,0.9863,0.054566,False
400,106,0.1,hoeffding,False,,,,
400,106,0.1,mpeb,True,0.81,0.8916,0.027462,False
400,106,0.1,t,True,0.55,0.9863,0.054566,False
400,106,0.1,site_boot,True,0.55,0.9863,0.054566,False
400,107,0.05,wsr,True,0.85,0.8481,0.022641,False
400,107,0.05,hoeffding,False,,,,
400,107,0.05,mpeb,False,,,,
400,107,0.05,t,True,0.65,0.9508,0.045341,False
400,107,0.05,site_boot,True,0.65,0.9508,0.045341,False
400,107,0.1,wsr,True,0.55,0.9845,0.057372,False
400,107,0.1,hoeffding,False,,,,
400,107,0.1,mpeb,True,0.79,0.8892,0.029548,False
400,107,0.1,t,True,0.55,0.9845,0.057372,False
400,107,0.1,site_boot,True,0.55,0.9845,0.057372,False
400,108,0.05,wsr,True,0.85,0.8505,0.024029,False
400,108,0.05,hoeffding,False,,,,
400,108,0.05,mpeb,False,,,,
400,108,0.05,t,True,0.65,0.9512,0.046274,False
400,108,0.05,site_boot,True,0.65,0.9512,0.046274,False
400,108,0.1,wsr,True,0.55,0.9846,0.058321,False
400,108,0.1,hoeffding,False,,,,
400,108,0.1,mpeb,True,0.77,0.9014,0.032858,False
400,108,0.1,t,True,0.55,0.9846,0.058321,False
400,108,0.1,site_boot,True,0.55,0.9846,0.058321,False
400,109,0.05,wsr,True,0.85,0.8604,0.024285,False
400,109,0.05,hoeffding,False,,,,
400,109,0.05,mpeb,False,,,,
400,109,0.05,t,True,0.63,0.9611,0.047413,False
400,109,0.05,site_boot,True,0.63,0.9611,0.047413,False
400,109,0.1,wsr,True,0.55,0.9852,0.056415,False
400,109,0.1,hoeffding,False,,,,
400,109,0.1,mpeb,True,0.77,0.9081,0.032864,False
400,109,0.1,t,True,0.55,0.9852,0.056415,False
400,109,0.1,site_boot,True,0.55,0.9852,0.056415,False
400,110,0.05,wsr,True,0.83,0.8714,0.025089,False
400,110,0.05,hoeffding,False,,,,
400,110,0.05,mpeb,False,,,,
400,110,0.05,t,True,0.65,0.9539,0.045203,False
400,110,0.05,site_boot,True,0.65,0.9539,0.045203,False
400,110,0.1,wsr,True,0.55,0.9852,0.05626,False
400,110,0.1,hoeffding,False,,,,
400,110,0.1,mpeb,True,0.75,0.9156,0.03424,False
400,110,0.1,t,True,0.55,0.9852,0.05626,False
400,110,0.1,site_boot,True,0.55,0.9852,0.05626,False
400,111,0.05,wsr,True,0.83,0.8713,0.024508,False
400,111,0.05,hoeffding,False,,,,
400,111,0.05,mpeb,False,,,,
400,111,0.05,t,True,0.63,0.961,0.046109,False
400,111,0.05,site_boot,True,0.63,0.961,0.046109,False
400,111,0.1,wsr,True,0.55,0.9857,0.054839,False
400,111,0.1,hoeffding,False,,,,
400,111,0.1,mpeb,True,0.77,0.906,0.03103,False
400,111,0.1,t,True,0.55,0.9857,0.054839,False
400,111,0.1,site_boot,True,0.55,0.9857,0.054839,False
400,112,0.05,wsr,True,0.85,0.8529,0.024493,False
400,112,0.05,hoeffding,False,,,,
400,112,0.05,mpeb,False,,,,
400,112,0.05,t,True,0.65,0.9519,0.046226,False
400,112,0.05,site_boot,True,0.65,0.9519,0.046226,False
400,112,0.1,wsr,True,0.55,0.9845,0.058092,False
400,112,0.1,hoeffding,False,,,,
400,112,0.1,mpeb,True,0.77,0.9031,0.033161,False
400,112,0.1,t,True,0.55,0.9845,0.058092,False
400,112,0.1,site_boot,True,0.55,0.9845,0.058092,False
400,113,0.05,wsr,True,0.85,0.851,0.022665,False
400,113,0.05,hoeffding,False,,,,
400,113,0.05,mpeb,False,,,,
400,113,0.05,t,True,0.63,0.959,0.046827,False
400,113,0.05,site_boot,True,0.65,0.9525,0.044674,False
400,113,0.1,wsr,True,0.55,0.9848,0.05571,False
400,113,0.1,hoeffding,False,,,,
400,113,0.1,mpeb,True,0.77,0.9027,0.031455,False
400,113,0.1,t,True,0.55,0.9848,0.05571,False
400,113,0.1,site_boot,True,0.55,0.9848,0.05571,False
400,114,0.05,wsr,True,0.87,0.8326,0.023531,False
400,114,0.05,hoeffding,False,,,,
400,114,0.05,mpeb,False,,,,
400,114,0.05,t,True,0.65,0.9513,0.049409,False
400,114,0.05,site_boot,True,0.65,0.9513,0.049409,False
400,114,0.1,wsr,True,0.55,0.9844,0.061102,False
400,114,0.1,hoeffding,False,,,,
400,114,0.1,mpeb,True,0.79,0.8898,0.032783,False
400,114,0.1,t,True,0.55,0.9844,0.061102,False
400,114,0.1,site_boot,True,0.55,0.9844,0.061102,False
400,115,0.05,wsr,True,0.85,0.8549,0.026752,False
400,115,0.05,hoeffding,False,,,,
400,115,0.05,mpeb,False,,,,
400,115,0.05,t,True,0.65,0.9535,0.048621,False
400,115,0.05,site_boot,True,0.65,0.9535,0.048621,False
400,115,0.1,wsr,True,0.55,0.9851,0.060318,False
400,115,0.1,hoeffding,False,,,,
400,115,0.1,mpeb,True,0.77,0.9047,0.03568,False
400,115,0.1,t,True,0.55,0.9851,0.060318,False
400,115,0.1,site_boot,True,0.55,0.9851,0.060318,False
400,116,0.05,wsr,True,0.85,0.8661,0.022282,False
400,116,0.05,hoeffding,False,,,,
400,116,0.05,mpeb,False,,,,
400,116,0.05,t,True,0.65,0.9568,0.043716,False
400,116,0.05,site_boot,True,0.65,0.9568,0.043716,False
400,116,0.1,wsr,True,0.55,0.9863,0.054505,False
400,116,0.1,hoeffding,False,,,,
400,116,0.1,mpeb,True,0.79,0.9019,0.028538,False
400,116,0.1,t,True,0.55,0.9863,0.054505,False
400,116,0.1,site_boot,True,0.55,0.9863,0.054505,False
400,117,0.05,wsr,True,0.85,0.8527,0.025803,False
400,117,0.05,hoeffding,False,,,,
400,117,0.05,mpeb,False,,,,
400,117,0.05,t,True,0.67,0.945,0.04559,False
400,117,0.05,site_boot,True,0.65,0.9523,0.048212,False
400,117,0.1,wsr,True,0.55,0.9844,0.059389,False
400,117,0.1,hoeffding,False,,,,
400,117,0.1,mpeb,True,0.79,0.8932,0.032525,False
400,117,0.1,t,True,0.55,0.9844,0.059389,False
400,117,0.1,site_boot,True,0.55,0.9844,0.059389,False
400,118,0.05,wsr,True,0.85,0.8565,0.025135,False
400,118,0.05,hoeffding,False,,,,
400,118,0.05,mpeb,False,,,,
400,118,0.05,t,True,0.65,0.9539,0.047291,False
400,118,0.05,site_boot,True,0.65,0.9539,0.047291,False
400,118,0.1,wsr,True,0.55,0.9856,0.059694,False
400,118,0.1,hoeffding,False,,,,
400,118,0.1,mpeb,True,0.77,0.9059,0.034433,False
400,118,0.1,t,True,0.55,0.9856,0.059694,False
400,118,0.1,site_boot,True,0.55,0.9856,0.059694,False
400,119,0.05,wsr,True,0.85,0.8554,0.022034,False
400,119,0.05,hoeffding,False,,,,
400,119,0.05,mpeb,False,,,,
400,119,0.05,t,True,0.67,0.9476,0.041642,False
400,119,0.05,site_boot,True,0.67,0.9476,0.041642,False
400,119,0.1,wsr,True,0.55,0.9848,0.054309,False
400,119,0.1,hoeffding,False,,,,
400,119,0.1,mpeb,True,0.79,0.8955,0.028772,False
400,119,0.1,t,True,0.55,0.9848,0.054309,False
400,119,0.1,site_boot,True,0.55,0.9848,0.054309,False
400,120,0.05,wsr,True,0.85,0.8512,0.024967,False
400,120,0.05,hoeffding,False,,,,
400,120,0.05,mpeb,False,,,,
400,120,0.05,t,True,0.65,0.9518,0.048717,False
400,120,0.05,site_boot,True,0.65,0.9518,0.048717,False
400,120,0.1,wsr,True,0.55,0.9844,0.060381,False
400,120,0.1,hoeffding,False,,,,
400,120,0.1,mpeb,True,0.77,0.9017,0.035057,False
400,120,0.1,t,True,0.55,0.9844,0.060381,False
400,120,0.1,site_boot,True,0.55,0.9844,0.060381,False
400,121,0.05,wsr,True,0.85,0.8587,0.024802,False
400,121,0.05,hoeffding,False,,,,
400,121,0.05,mpeb,False,,,,
400,121,0.05,t,True,0.65,0.9548,0.047088,False
400,121,0.05,site_boot,True,0.65,0.9548,0.047088,False
400,121,0.1,wsr,True,0.55,0.9858,0.058385,False
400,121,0.1,hoeffding,False,,,,
400,121,0.1,mpeb,True,0.79,0.8977,0.031629,False
400,121,0.1,t,True,0.55,0.9858,0.058385,False
400,121,0.1,site_boot,True,0.55,0.9858,0.058385,False
400,122,0.05,wsr,True,0.85,0.85,0.025211,False
400,122,0.05,hoeffding,False,,,,
400,122,0.05,mpeb,False,,,,
400,122,0.05,t,True,0.63,0.9588,0.05021,True
400,122,0.05,site_boot,True,0.63,0.9588,0.05021,True
400,122,0.1,wsr,True,0.55,0.9839,0.059608,False
400,122,0.1,hoeffding,False,,,,
400,122,0.1,mpeb,True,0.75,0.9118,0.036605,False
400,122,0.1,t,True,0.55,0.9839,0.059608,False
400,122,0.1,site_boot,True,0.55,0.9839,0.059608,False
400,123,0.05,wsr,True,0.85,0.8558,0.023614,False
400,123,0.05,hoeffding,False,,,,
400,123,0.05,mpeb,False,,,,
400,123,0.05,t,True,0.65,0.9532,0.045135,False
400,123,0.05,site_boot,True,0.65,0.9532,0.045135,False
400,123,0.1,wsr,True,0.55,0.985,0.056527,False
400,123,0.1,hoeffding,False,,,,
400,123,0.1,mpeb,True,0.79,0.8951,0.029848,False
400,123,0.1,t,True,0.55,0.985,0.056527,False
400,123,0.1,site_boot,True,0.55,0.985,0.056527,False
400,124,0.05,wsr,True,0.87,0.839,0.020682,False
400,124,0.05,hoeffding,False,,,,
400,124,0.05,mpeb,False,,,,
400,124,0.05,t,True,0.67,0.947,0.044076,False
400,124,0.05,site_boot,True,0.67,0.947,0.044076,False
400,124,0.1,wsr,True,0.55,0.9855,0.057672,False
400,124,0.1,hoeffding,False,,,,
400,124,0.1,mpeb,True,0.81,0.884,0.028135,False
400,124,0.1,t,True,0.55,0.9855,0.057672,False
400,124,0.1,site_boot,True,0.55,0.9855,0.057672,False
400,125,0.05,wsr,True,0.87,0.8359,0.021556,False
400,125,0.05,hoeffding,False,,,,
400,125,0.05,mpeb,False,,,,
400,125,0.05,t,True,0.67,0.9448,0.042485,False
400,125,0.05,site_boot,True,0.67,0.9448,0.042485,False
400,125,0.1,wsr,True,0.55,0.985,0.055788,False
400,125,0.1,hoeffding,False,,,,
400,125,0.1,mpeb,True,0.79,0.8923,0.030493,False
400,125,0.1,t,True,0.55,0.985,0.055788,False
400,125,0.1,site_boot,True,0.55,0.985,0.055788,False
400,126,0.05,wsr,True,0.85,0.8495,0.024694,False
400,126,0.05,hoeffding,False,,,,
400,126,0.05,mpeb,False,,,,
400,126,0.05,t,True,0.65,0.9509,0.04713,False
400,126,0.05,site_boot,True,0.65,0.9509,0.04713,False
400,126,0.1,wsr,True,0.55,0.9842,0.05864,False
400,126,0.1,hoeffding,False,,,,
400,126,0.1,mpeb,True,0.77,0.9007,0.034067,False
400,126,0.1,t,True,0.55,0.9842,0.05864,False
400,126,0.1,site_boot,True,0.55,0.9842,0.05864,False
400,127,0.05,wsr,True,0.83,0.8637,0.02744,False
400,127,0.05,hoeffding,False,,,,
400,127,0.05,mpeb,False,,,,
400,127,0.05,t,True,0.63,0.9575,0.049894,False
400,127,0.05,site_boot,True,0.63,0.9575,0.049894,False
400,127,0.1,wsr,True,0.55,0.984,0.060326,False
400,127,0.1,hoeffding,False,,,,
400,127,0.1,mpeb,True,0.75,0.9098,0.035989,False
400,127,0.1,t,True,0.55,0.984,0.060326,False
400,127,0.1,site_boot,True,0.55,0.984,0.060326,False
400,128,0.05,wsr,True,0.85,0.8527,0.024793,False
400,128,0.05,hoeffding,False,,,,
400,128,0.05,mpeb,False,,,,
400,128,0.05,t,True,0.65,0.9521,0.04796,False
400,128,0.05,site_boot,True,0.65,0.9521,0.04796,False
400,128,0.1,wsr,True,0.55,0.9836,0.05995,False
400,128,0.1,hoeffding,False,,,,
400,128,0.1,mpeb,True,0.77,0.903,0.034922,False
400,128,0.1,t,True,0.55,0.9836,0.05995,False
400,128,0.1,site_boot,True,0.55,0.9836,0.05995,False
400,129,0.05,wsr,True,0.85,0.8658,0.025548,False
400,129,0.05,hoeffding,False,,,,
400,129,0.05,mpeb,False,,,,
400,129,0.05,t,True,0.65,0.9565,0.046838,False
400,129,0.05,site_boot,True,0.65,0.9565,0.046838,False
400,129,0.1,wsr,True,0.55,0.9866,0.057427,False
400,129,0.1,hoeffding,False,,,,
400,129,0.1,mpeb,True,0.77,0.9123,0.034437,False
400,129,0.1,t,True,0.55,0.9866,0.057427,False
400,129,0.1,site_boot,True,0.55,0.9866,0.057427,False
400,130,0.05,wsr,True,0.83,0.8725,0.025144,False
400,130,0.05,hoeffding,False,,,,
400,130,0.05,mpeb,False,,,,
400,130,0.05,t,True,0.65,0.9539,0.042953,False
400,130,0.05,site_boot,True,0.65,0.9539,0.042953,False
400,130,0.1,wsr,True,0.55,0.9853,0.054276,False
400,130,0.1,hoeffding,False,,,,
400,130,0.1,mpeb,True,0.75,0.9158,0.033371,False
400,130,0.1,t,True,0.55,0.9853,0.054276,False
400,130,0.1,site_boot,True,0.55,0.9853,0.054276,False
400,131,0.05,wsr,True,0.85,0.8534,0.022342,False
400,131,0.05,hoeffding,False,,,,
400,131,0.05,mpeb,False,,,,
400,131,0.05,t,True,0.65,0.9522,0.04185,False
400,131,0.05,site_boot,True,0.65,0.9522,0.04185,False
400,131,0.1,wsr,True,0.55,0.9847,0.05289,False
400,131,0.1,hoeffding,False,,,,
400,131,0.1,mpeb,True,0.79,0.8932,0.027982,False
400,131,0.1,t,True,0.55,0.9847,0.05289,False
400,131,0.1,site_boot,True,0.55,0.9847,0.05289,False
400,132,0.05,wsr,True,0.85,0.8519,0.022787,False
400,132,0.05,hoeffding,False,,,,
400,132,0.05,mpeb,False,,,,
400,132,0.05,t,True,0.67,0.945,0.041952,False
400,132,0.05,site_boot,True,0.67,0.945,0.041952,False
400,132,0.1,wsr,True,0.55,0.9846,0.056055,False
400,132,0.1,hoeffding,False,,,,
400,132,0.1,mpeb,True,0.79,0.8919,0.029251,False
400,132,0.1,t,True,0.55,0.9846,0.056055,False
400,132,0.1,site_boot,True,0.55,0.9846,0.056055,False
400,133,0.05,wsr,True,0.85,0.8564,0.023375,False
400,133,0.05,hoeffding,False,,,,
400,133,0.05,mpeb,False,,,,
400,133,0.05,t,True,0.65,0.9537,0.045372,False
400,133,0.05,site_boot,True,0.65,0.9537,0.045372,False
400,133,0.1,wsr,True,0.55,0.9853,0.056975,False
400,133,0.1,hoeffding,False,,,,
400,133,0.1,mpeb,True,0.79,0.8958,0.029784,False
400,133,0.1,t,True,0.55,0.9853,0.056975,False
400,133,0.1,site_boot,True,0.55,0.9853,0.056975,False
400,134,0.05,wsr,True,0.87,0.8364,0.023288,False
400,134,0.05,hoeffding,False,,,,
400,134,0.05,mpeb,False,,,,
400,134,0.05,t,True,0.65,0.9526,0.04748,False
400,134,0.05,site_boot,True,0.65,0.9526,0.04748,False
400,134,0.1,wsr,True,0.55,0.9853,0.058723,False
400,134,0.1,hoeffding,False,,,,
400,134,0.1,mpeb,True,0.79,0.8928,0.031903,False
400,134,0.1,t,True,0.55,0.9853,0.058723,False
400,134,0.1,site_boot,True,0.55,0.9853,0.058723,False
400,135,0.05,wsr,True,0.83,0.8643,0.027256,False
400,135,0.05,hoeffding,False,,,,
400,135,0.05,mpeb,False,,,,
400,135,0.05,t,True,0.63,0.958,0.049583,False
400,135,0.05,site_boot,True,0.63,0.958,0.049583,False
400,135,0.1,wsr,True,0.55,0.9846,0.059382,False
400,135,0.1,hoeffding,False,,,,
400,135,0.1,mpeb,True,0.73,0.9192,0.038673,False
400,135,0.1,t,True,0.55,0.9846,0.059382,False
400,135,0.1,site_boot,True,0.55,0.9846,0.059382,False
400,136,0.05,wsr,True,0.85,0.8502,0.024427,False
400,136,0.05,hoeffding,False,,,,
400,136,0.05,mpeb,False,,,,
400,136,0.05,t,True,0.65,0.9516,0.04697,False
400,136,0.05,site_boot,True,0.65,0.9516,0.04697,False
400,136,0.1,wsr,True,0.55,0.984,0.059014,False
400,136,0.1,hoeffding,False,,,,
400,136,0.1,mpeb,True,0.77,0.9007,0.033289,False
400,136,0.1,t,True,0.55,0.984,0.059014,False
400,136,0.1,site_boot,True,0.55,0.984,0.059014,False
400,137,0.05,wsr,True,0.87,0.8337,0.02157,False
400,137,0.05,hoeffding,False,,,,
400,137,0.05,mpeb,False,,,,
400,137,0.05,t,True,0.67,0.9444,0.044118,False
400,137,0.05,site_boot,True,0.67,0.9444,0.044118,False
400,137,0.1,wsr,True,0.55,0.9847,0.057736,False
400,137,0.1,hoeffding,False,,,,
400,137,0.1,mpeb,True,0.79,0.8908,0.030618,False
400,137,0.1,t,True,0.55,0.9847,0.057736,False
400,137,0.1,site_boot,True,0.55,0.9847,0.057736,False
400,138,0.05,wsr,True,0.87,0.8434,0.023165,False
400,138,0.05,hoeffding,False,,,,
400,138,0.05,mpeb,False,,,,
400,138,0.05,t,True,0.69,0.9402,0.043464,False
400,138,0.05,site_boot,True,0.69,0.9402,0.043464,False
400,138,0.1,wsr,True,0.55,0.9852,0.059241,False
400,138,0.1,hoeffding,False,,,,
400,138,0.1,mpeb,True,0.83,0.8741,0.027927,False
400,138,0.1,t,True,0.55,0.9852,0.059241,False
400,138,0.1,site_boot,True,0.55,0.9852,0.059241,False
400,139,0.05,wsr,True,0.85,0.8625,0.025905,False
400,139,0.05,hoeffding,False,,,,
400,139,0.05,mpeb,False,,,,
400,139,0.05,t,True,0.63,0.9613,0.049862,False
400,139,0.05,site_boot,True,0.63,0.9613,0.049862,False
400,139,0.1,wsr,True,0.55,0.9856,0.05827,False
400,139,0.1,hoeffding,False,,,,
400,139,0.1,mpeb,True,0.77,0.9091,0.035528,False
400,139,0.1,t,True,0.55,0.9856,0.05827,False
400,139,0.1,site_boot,True,0.55,0.9856,0.05827,False
400,140,0.05,wsr,True,0.89,0.8174,0.019409,False
400,140,0.05,hoeffding,False,,,,
400,140,0.05,mpeb,False,,,,
400,140,0.05,t,True,0.67,0.9454,0.043679,False
400,140,0.05,site_boot,True,0.67,0.9454,0.043679,False
400,140,0.1,wsr,True,0.55,0.9848,0.057529,False
400,140,0.1,hoeffding,False,,,,
400,140,0.1,mpeb,True,0.81,0.8822,0.029028,False
400,140,0.1,t,True,0.55,0.9848,0.057529,False
400,140,0.1,site_boot,True,0.55,0.9848,0.057529,False
400,141,0.05,wsr,True,0.85,0.8575,0.023279,False
400,141,0.05,hoeffding,False,,,,
400,141,0.05,mpeb,False,,,,
400,141,0.05,t,True,0.65,0.9537,0.043479,False
400,141,0.05,site_boot,True,0.65,0.9537,0.043479,False
400,141,0.1,wsr,True,0.55,0.9849,0.054939,False
400,141,0.1,hoeffding,False,,,,
400,141,0.1,mpeb,True,0.77,0.9059,0.031917,False
400,141,0.1,t,True,0.55,0.9849,0.054939,False
400,141,0.1,site_boot,True,0.55,0.9849,0.054939,False
400,142,0.05,wsr,True,0.83,0.8667,0.025447,False
400,142,0.05,hoeffding,False,,,,
400,142,0.05,mpeb,False,,,,
400,142,0.05,t,True,0.65,0.9523,0.044638,False
400,142,0.05,site_boot,True,0.65,0.9523,0.044638,False
400,142,0.1,wsr,True,0.55,0.9843,0.055986,False
400,142,0.1,hoeffding,False,,,,
400,142,0.1,mpeb,True,0.77,0.9021,0.031883,False
400,142,0.1,t,True,0.55,0.9843,0.055986,False
400,142,0.1,site_boot,True,0.55,0.9843,0.055986,False
400,143,0.05,wsr,True,0.85,0.8539,0.024104,False
400,143,0.05,hoeffding,False,,,,
400,143,0.05,mpeb,False,,,,
400,143,0.05,t,True,0.67,0.9459,0.043356,False
400,143,0.05,site_boot,True,0.67,0.9459,0.043356,False
400,143,0.1,wsr,True,0.55,0.9851,0.057567,False
400,143,0.1,hoeffding,False,,,,
400,143,0.1,mpeb,True,0.81,0.8819,0.029009,False
400,143,0.1,t,True,0.55,0.9851,0.057567,False
400,143,0.1,site_boot,True,0.55,0.9851,0.057567,False
400,144,0.05,wsr,True,0.83,0.8606,0.024183,False
400,144,0.05,hoeffding,False,,,,
400,144,0.05,mpeb,False,,,,
400,144,0.05,t,True,0.63,0.9568,0.044904,False
400,144,0.05,site_boot,True,0.63,0.9568,0.044904,False
400,144,0.1,wsr,True,0.55,0.9838,0.05494,False
400,144,0.1,hoeffding,False,,,,
400,144,0.1,mpeb,True,0.77,0.8978,0.030405,False
400,144,0.1,t,True,0.55,0.9838,0.05494,False
400,144,0.1,site_boot,True,0.55,0.9838,0.05494,False
400,145,0.05,wsr,True,0.85,0.8564,0.024478,False
400,145,0.05,hoeffding,False,,,,
400,145,0.05,mpeb,False,,,,
400,145,0.05,t,True,0.65,0.9546,0.047656,False
400,145,0.05,site_boot,True,0.65,0.9546,0.047656,False
400,145,0.1,wsr,True,0.55,0.9854,0.059092,False
400,145,0.1,hoeffding,False,,,,
400,145,0.1,mpeb,True,0.77,0.9053,0.033795,False
400,145,0.1,t,True,0.55,0.9854,0.059092,False
400,145,0.1,site_boot,True,0.55,0.9854,0.059092,False
400,146,0.05,wsr,True,0.85,0.8478,0.025927,False
400,146,0.05,hoeffding,False,,,,
400,146,0.05,mpeb,False,,,,
400,146,0.05,t,True,0.63,0.9574,0.049669,False
400,146,0.05,site_boot,True,0.63,0.9574,0.049669,False
400,146,0.1,wsr,True,0.55,0.9843,0.058935,False
400,146,0.1,hoeffding,False,,,,
400,146,0.1,mpeb,True,0.75,0.9098,0.037028,False
400,146,0.1,t,True,0.55,0.9843,0.058935,False
400,146,0.1,site_boot,True,0.55,0.9843,0.058935,False
400,147,0.05,wsr,True,0.83,0.8711,0.027525,False
400,147,0.05,hoeffding,False,,,,
400,147,0.05,mpeb,False,,,,
400,147,0.05,t,True,0.63,0.96,0.049456,False
400,147,0.05,site_boot,True,0.63,0.96,0.049456,False
400,147,0.1,wsr,True,0.55,0.9852,0.058763,False
400,147,0.1,hoeffding,False,,,,
400,147,0.1,mpeb,True,0.73,0.9234,0.038387,False
400,147,0.1,t,True,0.55,0.9852,0.058763,False
400,147,0.1,site_boot,True,0.55,0.9852,0.058763,False
400,148,0.05,wsr,True,0.83,0.8755,0.02665,False
400,148,0.05,hoeffding,False,,,,
400,148,0.05,mpeb,False,,,,
400,148,0.05,t,True,0.63,0.962,0.047544,False
400,148,0.05,site_boot,True,0.63,0.962,0.047544,False
400,148,0.1,wsr,True,0.55,0.9857,0.055446,False
400,148,0.1,hoeffding,False,,,,
400,148,0.1,mpeb,True,0.73,0.9264,0.037175,False
400,148,0.1,t,True,0.55,0.9857,0.055446,False
400,148,0.1,site_boot,True,0.55,0.9857,0.055446,False
400,149,0.05,wsr,True,0.85,0.856,0.022618,False
400,149,0.05,hoeffding,False,,,,
400,149,0.05,mpeb,False,,,,
400,149,0.05,t,True,0.65,0.9529,0.044891,False
400,149,0.05,site_boot,True,0.65,0.9529,0.044891,False
400,149,0.1,wsr,True,0.55,0.9848,0.056618,False
400,149,0.1,hoeffding,False,,,,
400,149,0.1,mpeb,True,0.77,0.9052,0.031679,False
400,149,0.1,t,True,0.55,0.9848,0.056618,False
400,149,0.1,site_boot,True,0.55,0.9848,0.056618,False
400,150,0.05,wsr,True,0.83,0.8713,0.025916,False
400,150,0.05,hoeffding,False,,,,
400,150,0.05,mpeb,False,,,,
400,150,0.05,t,True,0.63,0.9601,0.048083,False
400,150,0.05,site_boot,True,0.63,0.9601,0.048083,False
400,150,0.1,wsr,True,0.55,0.9848,0.056922,False
400,150,0.1,hoeffding,False,,,,
400,150,0.1,mpeb,True,0.75,0.9153,0.034962,False
400,150,0.1,t,True,0.55,0.9848,0.056922,False
400,150,0.1,site_boot,True,0.55,0.9848,0.056922,False
400,151,0.05,wsr,True,0.85,0.8521,0.024662,False
400,151,0.05,hoeffding,False,,,,
400,151,0.05,mpeb,False,,,,
400,151,0.05,t,True,0.67,0.9452,0.043574,False
400,151,0.05,site_boot,True,0.67,0.9452,0.043574,False
400,151,0.1,wsr,True,0.55,0.9846,0.057117,False
400,151,0.1,hoeffding,False,,,,
400,151,0.1,mpeb,True,0.79,0.8919,0.030764,False
400,151,0.1,t,True,0.55,0.9846,0.057117,False
400,151,0.1,site_boot,True,0.55,0.9846,0.057117,False
400,152,0.05,wsr,True,0.89,0.8176,0.018803,False
400,152,0.05,hoeffding,False,,,,
400,152,0.05,mpeb,False,,,,
400,152,0.05,t,True,0.67,0.9468,0.042891,False
400,152,0.05,site_boot,True,0.67,0.9468,0.042891,False
400,152,0.1,wsr,True,0.55,0.9848,0.056037,False
400,152,0.1,hoeffding,False,,,,
400,152,0.1,mpeb,True,0.81,0.8827,0.028475,False
400,152,0.1,t,True,0.55,0.9848,0.056037,False
400,152,0.1,site_boot,True,0.55,0.9848,0.056037,False
400,153,0.05,wsr,True,0.87,0.8451,0.024037,False
400,153,0.05,hoeffding,False,,,,
400,153,0.05,mpeb,False,,,,
400,153,0.05,t,True,0.65,0.9552,0.048002,False
400,153,0.05,site_boot,True,0.65,0.9552,0.048002,False
400,153,0.1,wsr,True,0.55,0.9854,0.059568,False
400,153,0.1,hoeffding,False,,,,
400,153,0.1,mpeb,True,0.79,0.8984,0.03264,False
400,153,0.1,t,True,0.55,0.9854,0.059568,False
400,153,0.1,site_boot,True,0.55,0.9854,0.059568,False
400,154,0.05,wsr,True,0.87,0.8421,0.0211,False
400,154,0.05,hoeffding,False,,,,
400,154,0.05,mpeb,False,,,,
400,154,0.05,t,True,0.67,0.948,0.04278,False
400,154,0.05,site_boot,True,0.67,0.948,0.04278,False
400,154,0.1,wsr,True,0.55,0.9855,0.055853,False
400,154,0.1,hoeffding,False,,,,
400,154,0.1,mpeb,True,0.79,0.8983,0.03004,False
400,154,0.1,t,True,0.55,0.9855,0.055853,False
400,154,0.1,site_boot,True,0.55,0.9855,0.055853,False
400,155,0.05,wsr,True,0.85,0.8599,0.024062,False
400,155,0.05,hoeffding,False,,,,
400,155,0.05,mpeb,False,,,,
400,155,0.05,t,True,0.65,0.9544,0.045069,False
400,155,0.05,site_boot,True,0.65,0.9544,0.045069,False
400,155,0.1,wsr,True,0.55,0.9856,0.056568,False
400,155,0.1,hoeffding,False,,,,
400,155,0.1,mpeb,True,0.79,0.8978,0.030616,False
400,155,0.1,t,True,0.55,0.9856,0.056568,False
400,155,0.1,site_boot,True,0.55,0.9856,0.056568,False
400,156,0.05,wsr,True,0.87,0.8367,0.022686,False
400,156,0.05,hoeffding,False,,,,
400,156,0.05,mpeb,False,,,,
400,156,0.05,t,True,0.63,0.9598,0.050464,True
400,156,0.05,site_boot,True,0.63,0.9598,0.050464,True
400,156,0.1,wsr,True,0.55,0.9855,0.059972,False
400,156,0.1,hoeffding,False,,,,
400,156,0.1,mpeb,True,0.77,0.9042,0.03521,False
400,156,0.1,t,True,0.55,0.9855,0.059972,False
400,156,0.1,site_boot,True,0.55,0.9855,0.059972,False
400,157,0.05,wsr,True,0.87,0.8368,0.022497,False
400,157,0.05,hoeffding,False,,,,
400,157,0.05,mpeb,False,,,,
400,157,0.05,t,True,0.67,0.9447,0.045436,False
400,157,0.05,site_boot,True,0.67,0.9447,0.045436,False
400,157,0.1,wsr,True,0.55,0.9844,0.059808,False
400,157,0.1,hoeffding,False,,,,
400,157,0.1,mpeb,True,0.79,0.8929,0.031905,False
400,157,0.1,t,True,0.55,0.9844,0.059808,False
400,157,0.1,site_boot,True,0.55,0.9844,0.059808,False
400,158,0.05,wsr,True,0.83,0.8677,0.027166,False
400,158,0.05,hoeffding,False,,,,
400,158,0.05,mpeb,False,,,,
400,158,0.05,t,True,0.63,0.958,0.049308,False
400,158,0.05,site_boot,True,0.65,0.951,0.047126,False
400,158,0.1,wsr,True,0.55,0.9845,0.058701,False
400,158,0.1,hoeffding,False,,,,
400,158,0.1,mpeb,True,0.77,0.9017,0.03323,False
400,158,0.1,t,True,0.55,0.9845,0.058701,False
400,158,0.1,site_boot,True,0.55,0.9845,0.058701,False
400,159,0.05,wsr,True,0.85,0.8547,0.024663,False
400,159,0.05,hoeffding,False,,,,
400,159,0.05,mpeb,False,,,,
400,159,0.05,t,True,0.63,0.9599,0.047902,False
400,159,0.05,site_boot,True,0.63,0.9599,0.047902,False
400,159,0.1,wsr,True,0.55,0.985,0.057325,False
400,159,0.1,hoeffding,False,,,,
400,159,0.1,mpeb,True,0.79,0.8934,0.030921,False
400,159,0.1,t,True,0.55,0.985,0.057325,False
400,159,0.1,site_boot,True,0.55,0.985,0.057325,False
400,160,0.05,wsr,True,0.85,0.8558,0.023202,False
400,160,0.05,hoeffding,False,,,,
400,160,0.05,mpeb,False,,,,
400,160,0.05,t,True,0.65,0.953,0.044778,False
400,160,0.05,site_boot,True,0.65,0.953,0.044778,False
400,160,0.1,wsr,True,0.55,0.9851,0.056773,False
400,160,0.1,hoeffding,False,,,,
400,160,0.1,mpeb,True,0.77,0.9044,0.031726,False
400,160,0.1,t,True,0.55,0.9851,0.056773,False
400,160,0.1,site_boot,True,0.55,0.9851,0.056773,False
400,161,0.05,wsr,True,0.85,0.86,0.023409,False
400,161,0.05,hoeffding,False,,,,
400,161,0.05,mpeb,False,,,,
400,161,0.05,t,True,0.65,0.955,0.044456,False
400,161,0.05,site_boot,True,0.65,0.955,0.044456,False
400,161,0.1,wsr,True,0.55,0.9852,0.056121,False
400,161,0.1,hoeffding,False,,,,
400,161,0.1,mpeb,True,0.77,0.9078,0.032095,False
400,161,0.1,t,True,0.55,0.9852,0.056121,False
400,161,0.1,site_boot,True,0.55,0.9852,0.056121,False
400,162,0.05,wsr,True,0.89,0.8252,0.020036,False
400,162,0.05,hoeffding,False,,,,
400,162,0.05,mpeb,False,,,,
400,162,0.05,t,True,0.69,0.941,0.042406,False
400,162,0.05,site_boot,True,0.69,0.941,0.042406,False
400,162,0.1,wsr,True,0.55,0.9854,0.056804,False
400,162,0.1,hoeffding,False,,,,
400,162,0.1,mpeb,True,0.85,0.8611,0.024783,False
400,162,0.1,t,True,0.55,0.9854,0.056804,False
400,162,0.1,site_boot,True,0.55,0.9854,0.056804,False
400,163,0.05,wsr,True,0.83,0.8759,0.02695,False
400,163,0.05,hoeffding,False,,,,
400,163,0.05,mpeb,False,,,,
400,163,0.05,t,True,0.61,0.9678,0.050341,True
400,163,0.05,site_boot,True,0.61,0.9678,0.050341,True
400,163,0.1,wsr,True,0.55,0.9856,0.056825,False
400,163,0.1,hoeffding,False,,,,
400,163,0.1,mpeb,True,0.75,0.9191,0.035515,False
400,163,0.1,t,True,0.55,0.9856,0.056825,False
400,163,0.1,site_boot,True,0.55,0.9856,0.056825,False
400,164,0.05,wsr,True,0.81,0.8783,0.029496,False
400,164,0.05,hoeffding,False,,,,
400,164,0.05,mpeb,False,,,,
400,164,0.05,t,True,0.63,0.9585,0.050173,True
400,164,0.05,site_boot,True,0.63,0.9585,0.050173,True
400,164,0.1,wsr,True,0.55,0.9842,0.059451,False
400,164,0.1,hoeffding,False,,,,
400,164,0.1,mpeb,True,0.71,0.9284,0.04063,False
400,164,0.1,t,True,0.55,0.9842,0.059451,False
400,164,0.1,site_boot,True,0.55,0.9842,0.059451,False
400,165,0.05,wsr,True,0.87,0.8347,0.021576,False
400,165,0.05,hoeffding,False,,,,
400,165,0.05,mpeb,False,,,,
400,165,0.05,t,True,0.65,0.953,0.045744,False
400,165,0.05,site_boot,True,0.65,0.953,0.045744,False
400,165,0.1,wsr,True,0.55,0.9852,0.057708,False
400,165,0.1,hoeffding,False,,,,
400,165,0.1,mpeb,True,0.81,0.8804,0.02832,False
400,165,0.1,t,True,0.55,0.9852,0.057708,False
400,165,0.1,site_boot,True,0.55,0.9852,0.057708,False
400,166,0.05,wsr,True,0.85,0.8541,0.023584,False
400,166,0.05,hoeffding,False,,,,
400,166,0.05,mpeb,False,,,,
400,166,0.05,t,True,0.63,0.9596,0.048154,False
400,166,0.05,site_boot,True,0.63,0.9596,0.048154,False
400,166,0.1,wsr,True,0.55,0.9851,0.05831,False
400,166,0.1,hoeffding,False,,,,
400,166,0.1,mpeb,True,0.77,0.9032,0.032738,False
400,166,0.1,t,True,0.55,0.9851,0.05831,False
400,166,0.1,site_boot,True,0.55,0.9851,0.05831,False
400,167,0.05,wsr,True,0.85,0.865,0.023739,False
400,167,0.05,hoeffding,False,,,,
400,167,0.05,mpeb,False,,,,
400,167,0.05,t,True,0.65,0.956,0.044671,False
400,167,0.05,site_boot,True,0.65,0.956,0.044671,False
400,167,0.1,wsr,True,0.55,0.9858,0.056037,False
400,167,0.1,hoeffding,False,,,,
400,167,0.1,mpeb,True,0.79,0.9015,0.030366,False
400,167,0.1,t,True,0.55,0.9858,0.056037,False
400,167,0.1,site_boot,True,0.55,0.9858,0.056037,False
400,168,0.05,wsr,True,0.87,0.841,0.021516,False
400,168,0.05,hoeffding,False,,,,
400,168,0.05,mpeb,False,,,,
400,168,0.05,t,True,0.67,0.9475,0.042968,False
400,168,0.05,site_boot,True,0.67,0.9475,0.042968,False
400,168,0.1,wsr,True,0.55,0.9856,0.056596,False
400,168,0.1,hoeffding,False,,,,
400,168,0.1,mpeb,True,0.81,0.8848,0.028196,False
400,168,0.1,t,True,0.55,0.9856,0.056596,False
400,168,0.1,site_boot,True,0.55,0.9856,0.056596,False
400,169,0.05,wsr,True,0.83,0.8687,0.028771,False
400,169,0.05,hoeffding,False,,,,
400,169,0.05,mpeb,False,,,,
400,169,0.05,t,True,0.63,0.9589,0.052352,True
400,169,0.05,site_boot,True,0.63,0.9589,0.052352,True
400,169,0.1,wsr,True,0.55,0.9847,0.062387,False
400,169,0.1,hoeffding,False,,,,
400,169,0.1,mpeb,True,0.75,0.9128,0.038221,False
400,169,0.1,t,True,0.55,0.9847,0.062387,False
400,169,0.1,site_boot,True,0.55,0.9847,0.062387,False
400,170,0.05,wsr,True,0.85,0.8561,0.024897,False
400,170,0.05,hoeffding,False,,,,
400,170,0.05,mpeb,False,,,,
400,170,0.05,t,True,0.67,0.9466,0.043663,False
400,170,0.05,site_boot,True,0.67,0.9466,0.043663,False
400,170,0.1,wsr,True,0.55,0.9852,0.057401,False
400,170,0.1,hoeffding,False,,,,
400,170,0.1,mpeb,True,0.79,0.8945,0.031197,False
400,170,0.1,t,True,0.55,0.9852,0.057401,False
400,170,0.1,site_boot,True,0.55,0.9852,0.057401,False
400,171,0.05,wsr,True,0.85,0.8565,0.025101,False
400,171,0.05,hoeffding,False,,,,
400,171,0.05,mpeb,False,,,,
400,171,0.05,t,True,0.65,0.9543,0.048443,False
400,171,0.05,site_boot,True,0.65,0.9543,0.048443,False
400,171,0.1,wsr,True,0.55,0.9851,0.059919,False
400,171,0.1,hoeffding,False,,,,
400,171,0.1,mpeb,True,0.77,0.9063,0.035109,False
400,171,0.1,t,True,0.55,0.9851,0.059919,False
400,171,0.1,site_boot,True,0.55,0.9851,0.059919,False
400,172,0.05,wsr,True,0.87,0.8375,0.021774,False
400,172,0.05,hoeffding,False,,,,
400,172,0.05,mpeb,False,,,,
400,172,0.05,t,True,0.67,0.9456,0.044032,False
400,172,0.05,site_boot,True,0.67,0.9456,0.044032,False
400,172,0.1,wsr,True,0.55,0.9847,0.057592,False
400,172,0.1,hoeffding,False,,,,
400,172,0.1,mpeb,True,0.81,0.8823,0.029012,False
400,172,0.1,t,True,0.55,0.9847,0.057592,False
400,172,0.1,site_boot,True,0.55,0.9847,0.057592,False
400,173,0.05,wsr,True,0.85,0.8518,0.024545,False
400,173,0.05,hoeffding,False,,,,
400,173,0.05,mpeb,False,,,,
400,173,0.05,t,True,0.65,0.9519,0.045301,False
400,173,0.05,site_boot,True,0.65,0.9519,0.045301,False
400,173,0.1,wsr,True,0.55,0.9846,0.057403,False
400,173,0.1,hoeffding,False,,,,
400,173,0.1,mpeb,True,0.77,0.9026,0.032484,False
400,173,0.1,t,True,0.55,0.9846,0.057403,False
400,173,0.1,site_boot,True,0.55,0.9846,0.057403,False
400,174,0.05,wsr,True,0.87,0.8397,0.023568,False
400,174,0.05,hoeffding,False,,,,
400,174,0.05,mpeb,False,,,,
400,174,0.05,t,True,0.67,0.9464,0.045892,False
400,174,0.05,site_boot,True,0.67,0.9464,0.045892,False
400,174,0.1,wsr,True,0.55,0.9851,0.059082,False
400,174,0.1,hoeffding,False,,,,
400,174,0.1,mpeb,True,0.81,0.8841,0.030882,False
400,174,0.1,t,True,0.55,0.9851,0.059082,False
400,174,0.1,site_boot,True,0.55,0.9851,0.059082,False
400,175,0.05,wsr,True,0.83,0.8612,0.02572,False
400,175,0.05,hoeffding,False,,,,
400,175,0.05,mpeb,False,,,,
400,175,0.05,t,True,0.63,0.9573,0.047891,False
400,175,0.05,site_boot,True,0.63,0.9573,0.047891,False
400,175,0.1,wsr,True,0.55,0.9842,0.058278,False
400,175,0.1,hoeffding,False,,,,
400,175,0.1,mpeb,True,0.77,0.898,0.032483,False
400,175,0.1,t,True,0.55,0.9842,0.058278,False
400,175,0.1,site_boot,True,0.55,0.9842,0.058278,False
400,176,0.05,wsr,True,0.85,0.8565,0.026594,False
400,176,0.05,hoeffding,False,,,,
400,176,0.05,mpeb,False,,,,
400,176,0.05,t,True,0.65,0.9533,0.048593,False
400,176,0.05,site_boot,True,0.65,0.9533,0.048593,False
400,176,0.1,wsr,True,0.55,0.985,0.060144,False
400,176,0.1,hoeffding,False,,,,
400,176,0.1,mpeb,True,0.77,0.9057,0.036303,False
400,176,0.1,t,True,0.55,0.985,0.060144,False
400,176,0.1,site_boot,True,0.55,0.985,0.060144,False
400,177,0.05,wsr,True,0.87,0.8445,0.022748,False
400,177,0.05,hoeffding,False,,,,
400,177,0.05,mpeb,False,,,,
400,177,0.05,t,True,0.67,0.9484,0.043772,False
400,177,0.05,site_boot,True,0.67,0.9484,0.043772,False
400,177,0.1,wsr,True,0.55,0.9858,0.057374,False
400,177,0.1,hoeffding,False,,,,
400,177,0.1,mpeb,True,0.83,0.8756,0.027296,False
400,177,0.1,t,True,0.55,0.9858,0.057374,False
400,177,0.1,site_boot,True,0.55,0.9858,0.057374,False
400,178,0.05,wsr,True,0.85,0.8606,0.0245,False
400,178,0.05,hoeffding,False,,,,
400,178,0.05,mpeb,False,,,,
400,178,0.05,t,True,0.65,0.9552,0.046753,False
400,178,0.05,site_boot,True,0.65,0.9552,0.046753,False
400,178,0.1,wsr,True,0.55,0.9864,0.057855,False
400,178,0.1,hoeffding,False,,,,
400,178,0.1,mpeb,True,0.79,0.8984,0.031368,False
400,178,0.1,t,True,0.55,0.9864,0.057855,False
400,178,0.1,site_boot,True,0.55,0.9864,0.057855,False
400,179,0.05,wsr,True,0.85,0.8526,0.024459,False
400,179,0.05,hoeffding,False,,,,
400,179,0.05,mpeb,False,,,,
400,179,0.05,t,True,0.65,0.9517,0.045814,False
400,179,0.05,site_boot,True,0.65,0.9517,0.045814,False
400,179,0.1,wsr,True,0.55,0.9846,0.057498,False
400,179,0.1,hoeffding,False,,,,
400,179,0.1,mpeb,True,0.77,0.9032,0.033049,False
400,179,0.1,t,True,0.55,0.9846,0.057498,False
400,179,0.1,site_boot,True,0.55,0.9846,0.057498,False
400,180,0.05,wsr,True,0.85,0.8509,0.024878,False
400,180,0.05,hoeffding,False,,,,
400,180,0.05,mpeb,False,,,,
400,180,0.05,t,True,0.67,0.9445,0.045267,False
400,180,0.05,site_boot,True,0.67,0.9445,0.045267,False
400,180,0.1,wsr,True,0.55,0.9846,0.05947,False
400,180,0.1,hoeffding,False,,,,
400,180,0.1,mpeb,True,0.77,0.9012,0.034127,False
400,180,0.1,t,True,0.55,0.9846,0.05947,False
400,180,0.1,site_boot,True,0.55,0.9846,0.05947,False
400,181,0.05,wsr,True,0.85,0.8563,0.026709,False
400,181,0.05,hoeffding,False,,,,
400,181,0.05,mpeb,False,,,,
400,181,0.05,t,True,0.65,0.9521,0.047751,False
400,181,0.05,site_boot,True,0.65,0.9521,0.047751,False
400,181,0.1,wsr,True,0.55,0.9848,0.060014,False
400,181,0.1,hoeffding,False,,,,
400,181,0.1,mpeb,True,0.77,0.9035,0.034983,False
400,181,0.1,t,True,0.55,0.9848,0.060014,False
400,181,0.1,site_boot,True,0.55,0.9848,0.060014,False
400,182,0.05,wsr,True,0.85,0.8587,0.023915,False
400,182,0.05,hoeffding,False,,,,
400,182,0.05,mpeb,False,,,,
400,182,0.05,t,True,0.63,0.9608,0.04781,False
400,182,0.05,site_boot,True,0.63,0.9608,0.04781,False
400,182,0.1,wsr,True,0.55,0.9857,0.057117,False
400,182,0.1,hoeffding,False,,,,
400,182,0.1,mpeb,True,0.77,0.9072,0.032704,False
400,182,0.1,t,True,0.55,0.9857,0.057117,False
400,182,0.1,site_boot,True,0.55,0.9857,0.057117,False
400,183,0.05,wsr,True,0.85,0.8504,0.022953,False
400,183,0.05,hoeffding,False,,,,
400,183,0.05,mpeb,False,,,,
400,183,0.05,t,True,0.67,0.9442,0.04291,False
400,183,0.05,site_boot,True,0.67,0.9442,0.04291,False
400,183,0.1,wsr,True,0.55,0.9849,0.057094,False
400,183,0.1,hoeffding,False,,,,
400,183,0.1,mpeb,True,0.79,0.8911,0.029206,False
400,183,0.1,t,True,0.55,0.9849,0.057094,False
400,183,0.1,site_boot,True,0.55,0.9849,0.057094,False
400,184,0.05,wsr,True,0.83,0.866,0.024964,False
400,184,0.05,hoeffding,False,,,,
400,184,0.05,mpeb,False,,,,
400,184,0.05,t,True,0.63,0.9589,0.045914,False
400,184,0.05,site_boot,True,0.63,0.9589,0.045914,False
400,184,0.1,wsr,True,0.55,0.9847,0.054925,False
400,184,0.1,hoeffding,False,,,,
400,184,0.1,mpeb,True,0.77,0.9025,0.030654,False
400,184,0.1,t,True,0.55,0.9847,0.054925,False
400,184,0.1,site_boot,True,0.55,0.9847,0.054925,False
400,185,0.05,wsr,True,0.85,0.8503,0.024312,False
400,185,0.05,hoeffding,False,,,,
400,185,0.05,mpeb,False,,,,
400,185,0.05,t,True,0.65,0.9516,0.04658,False
400,185,0.05,site_boot,True,0.65,0.9516,0.04658,False
400,185,0.1,wsr,True,0.55,0.9845,0.057947,False
400,185,0.1,hoeffding,False,,,,
400,185,0.1,mpeb,True,0.77,0.9014,0.033243,False
400,185,0.1,t,True,0.55,0.9845,0.057947,False
400,185,0.1,site_boot,True,0.55,0.9845,0.057947,False
400,186,0.05,wsr,True,0.85,0.8539,0.023856,False
400,186,0.05,hoeffding,False,,,,
400,186,0.05,mpeb,False,,,,
400,186,0.05,t,True,0.65,0.9524,0.045716,False
400,186,0.05,site_boot,True,0.65,0.9524,0.045716,False
400,186,0.1,wsr,True,0.55,0.985,0.056811,False
400,186,0.1,hoeffding,False,,,,
400,186,0.1,mpeb,True,0.79,0.8925,0.030693,False
400,186,0.1,t,True,0.55,0.985,0.056811,False
400,186,0.1,site_boot,True,0.55,0.985,0.056811,False
400,187,0.05,wsr,True,0.83,0.859,0.027361,False
400,187,0.05,hoeffding,False,,,,
400,187,0.05,mpeb,False,,,,
400,187,0.05,t,True,0.63,0.9567,0.05025,True
400,187,0.05,site_boot,True,0.63,0.9567,0.05025,True
400,187,0.1,wsr,True,0.55,0.9838,0.059667,False
400,187,0.1,hoeffding,False,,,,
400,187,0.1,mpeb,True,0.73,0.9166,0.039102,False
400,187,0.1,t,True,0.55,0.9838,0.059667,False
400,187,0.1,site_boot,True,0.55,0.9838,0.059667,False
400,188,0.05,wsr,True,0.87,0.8337,0.023003,False
400,188,0.05,hoeffding,False,,,,
400,188,0.05,mpeb,False,,,,
400,188,0.05,t,True,0.67,0.945,0.045209,False
400,188,0.05,site_boot,True,0.67,0.945,0.045209,False
400,188,0.1,wsr,True,0.55,0.9843,0.059477,False
400,188,0.1,hoeffding,False,,,,
400,188,0.1,mpeb,True,0.83,0.8665,0.027637,False
400,188,0.1,t,True,0.55,0.9843,0.059477,False
400,188,0.1,site_boot,True,0.55,0.9843,0.059477,False
400,189,0.05,wsr,True,0.89,0.8237,0.021032,False
400,189,0.05,hoeffding,False,,,,
400,189,0.05,mpeb,False,,,,
400,189,0.05,t,True,0.65,0.9555,0.047682,False
400,189,0.05,site_boot,True,0.65,0.9555,0.047682,False
400,189,0.1,wsr,True,0.55,0.9856,0.058252,False
400,189,0.1,hoeffding,False,,,,
400,189,0.1,mpeb,True,0.79,0.8989,0.033132,False
400,189,0.1,t,True,0.55,0.9856,0.058252,False
400,189,0.1,site_boot,True,0.55,0.9856,0.058252,False
400,190,0.05,wsr,True,0.87,0.8335,0.020335,False
400,190,0.05,hoeffding,False,,,,
400,190,0.05,mpeb,False,,,,
400,190,0.05,t,True,0.67,0.9437,0.042833,False
400,190,0.05,site_boot,True,0.67,0.9437,0.042833,False
400,190,0.1,wsr,True,0.55,0.9839,0.057199,False
400,190,0.1,hoeffding,False,,,,
400,190,0.1,mpeb,True,0.79,0.8904,0.028935,False
400,190,0.1,t,True,0.55,0.9839,0.057199,False
400,190,0.1,site_boot,True,0.55,0.9839,0.057199,False
400,191,0.05,wsr,True,0.83,0.8706,0.025042,False
400,191,0.05,hoeffding,False,,,,
400,191,0.05,mpeb,False,,,,
400,191,0.05,t,True,0.63,0.9606,0.04594,False
400,191,0.05,site_boot,True,0.63,0.9606,0.04594,False
400,191,0.1,wsr,True,0.55,0.9857,0.054554,False
400,191,0.1,hoeffding,False,,,,
400,191,0.1,mpeb,True,0.77,0.9056,0.030703,False
400,191,0.1,t,True,0.55,0.9857,0.054554,False
400,191,0.1,site_boot,True,0.55,0.9857,0.054554,False
400,192,0.05,wsr,True,0.85,0.8558,0.024417,False
400,192,0.05,hoeffding,False,,,,
400,192,0.05,mpeb,False,,,,
400,192,0.05,t,True,0.63,0.9596,0.04774,False
400,192,0.05,site_boot,True,0.63,0.9596,0.04774,False
400,192,0.1,wsr,True,0.55,0.9845,0.056976,False
400,192,0.1,hoeffding,False,,,,
400,192,0.1,mpeb,True,0.77,0.905,0.032959,False
400,192,0.1,t,True,0.55,0.9845,0.056976,False
400,192,0.1,site_boot,True,0.55,0.9845,0.056976,False
400,193,0.05,wsr,True,0.85,0.8497,0.024706,False
400,193,0.05,hoeffding,False,,,,
400,193,0.05,mpeb,False,,,,
400,193,0.05,t,True,0.67,0.9438,0.046134,False
400,193,0.05,site_boot,True,0.65,0.9512,0.048246,False
400,193,0.1,wsr,True,0.55,0.9845,0.060032,False
400,193,0.1,hoeffding,False,,,,
400,193,0.1,mpeb,True,0.77,0.8998,0.034209,False
400,193,0.1,t,True,0.55,0.9845,0.060032,False
400,193,0.1,site_boot,True,0.55,0.9845,0.060032,False
400,194,0.05,wsr,True,0.85,0.8558,0.023756,False
400,194,0.05,hoeffding,False,,,,
400,194,0.05,mpeb,False,,,,
400,194,0.05,t,True,0.65,0.9534,0.046375,False
400,194,0.05,site_boot,True,0.65,0.9534,0.046375,False
400,194,0.1,wsr,True,0.55,0.9849,0.057712,False
400,194,0.1,hoeffding,False,,,,
400,194,0.1,mpeb,True,0.77,0.9047,0.033349,False
400,194,0.1,t,True,0.55,0.9849,0.057712,False
400,194,0.1,site_boot,True,0.55,0.9849,0.057712,False
400,195,0.05,wsr,True,0.85,0.8488,0.024436,False
400,195,0.05,hoeffding,False,,,,
400,195,0.05,mpeb,False,,,,
400,195,0.05,t,True,0.65,0.9501,0.045958,False
400,195,0.05,site_boot,True,0.65,0.9501,0.045958,False
400,195,0.1,wsr,True,0.55,0.984,0.057695,False
400,195,0.1,hoeffding,False,,,,
400,195,0.1,mpeb,True,0.75,0.9091,0.034879,False
400,195,0.1,t,True,0.55,0.984,0.057695,False
400,195,0.1,site_boot,True,0.55,0.984,0.057695,False
400,196,0.05,wsr,True,0.85,0.8553,0.026704,False
400,196,0.05,hoeffding,False,,,,
400,196,0.05,mpeb,False,,,,
400,196,0.05,t,True,0.65,0.9524,0.048885,False
400,196,0.05,site_boot,True,0.65,0.9524,0.048885,False
400,196,0.1,wsr,True,0.55,0.9845,0.059916,False
400,196,0.1,hoeffding,False,,,,
400,196,0.1,mpeb,True,0.77,0.904,0.036267,False
400,196,0.1,t,True,0.55,0.9845,0.059916,False
400,196,0.1,site_boot,True,0.55,0.9845,0.059916,False
400,197,0.05,wsr,True,0.85,0.8598,0.025291,False
400,197,0.05,hoeffding,False,,,,
400,197,0.05,mpeb,False,,,,
400,197,0.05,t,True,0.67,0.9468,0.044316,False
400,197,0.05,site_boot,True,0.67,0.9468,0.044316,False
400,197,0.1,wsr,True,0.55,0.9854,0.058179,False
400,197,0.1,hoeffding,False,,,,
400,197,0.1,mpeb,True,0.77,0.9068,0.033588,False
400,197,0.1,t,True,0.55,0.9854,0.058179,False
400,197,0.1,site_boot,True,0.55,0.9854,0.058179,False
400,198,0.05,wsr,True,0.85,0.8615,0.023762,False
400,198,0.05,hoeffding,False,,,,
400,198,0.05,mpeb,False,,,,
400,198,0.05,t,True,0.65,0.9551,0.044543,False
400,198,0.05,site_boot,True,0.65,0.9551,0.044543,False
400,198,0.1,wsr,True,0.55,0.9857,0.055418,False
400,198,0.1,hoeffding,False,,,,
400,198,0.1,mpeb,True,0.75,0.9178,0.034441,False
400,198,0.1,t,True,0.55,0.9857,0.055418,False
400,198,0.1,site_boot,True,0.55,0.9857,0.055418,False
400,199,0.05,wsr,True,0.85,0.8538,0.024411,False
400,199,0.05,hoeffding,False,,,,
400,199,0.05,mpeb,False,,,,
400,199,0.05,t,True,0.65,0.9524,0.047457,False
400,199,0.05,site_boot,True,0.65,0.9524,0.047457,False
400,199,0.1,wsr,True,0.55,0.9842,0.059474,False
400,199,0.1,hoeffding,False,,,,
400,199,0.1,mpeb,True,0.79,0.8933,0.031311,False
400,199,0.1,t,True,0.55,0.9842,0.059474,False
400,199,0.1,site_boot,True,0.55,0.9842,0.059474,False
