eta,draw,alpha,certified,tau,coverage,rm_fresh,rm_exceed,risk_at_lowest_tau
0.01,0,0.05,False,,,,,0.067351
0.01,0,0.1,True,0.57,0.9766,0.06495,False,0.067351
0.01,1,0.05,False,,,,,0.065012
0.01,1,0.1,True,0.59,0.9673,0.059974,False,0.065012
0.01,2,0.05,False,,,,,0.064073
0.01,2,0.1,True,0.61,0.9596,0.056059,False,0.064073
0.01,3,0.05,False,,,,,0.063186
0.01,3,0.1,True,0.61,0.9607,0.055699,False,0.063186
0.01,4,0.05,False,,,,,0.063162
0.01,4,0.1,True,0.59,0.9672,0.057589,False,0.063162
0.01,5,0.05,False,,,,,0.065706
0.01,5,0.1,True,0.59,0.9688,0.060611,False,0.065706
0.01,6,0.05,False,,,,,0.062996
0.01,6,0.1,True,0.59,0.9672,0.057527,False,0.062996
0.01,7,0.05,False,,,,,0.066677
0.01,7,0.1,True,0.59,0.969,0.060992,False,0.066677
0.01,8,0.05,False,,,,,0.063184
0.01,8,0.1,True,0.59,0.9684,0.057771,False,0.063184
0.01,9,0.05,False,,,,,0.065057
0.01,9,0.1,True,0.55,0.9823,0.065057,False,0.065057
0.01,10,0.05,False,,,,,0.062464
0.01,10,0.1,True,0.59,0.9697,0.05763,False,0.062464
0.01,11,0.05,False,,,,,0.065467
0.01,11,0.1,True,0.63,0.9561,0.055202,False,0.065467
0.01,12,0.05,False,,,,,0.065767
0.01,12,0.1,True,0.61,0.9585,0.058297,False,0.065767
0.01,13,0.05,False,,,,,0.066912
0.01,13,0.1,True,0.61,0.9603,0.059055,False,0.066912
0.01,14,0.05,False,,,,,0.06593
0.01,14,0.1,True,0.65,0.9465,0.053496,False,0.06593
0.01,15,0.05,False,,,,,0.064986
0.01,15,0.1,True,0.63,0.9534,0.054773,False,0.064986
0.01,16,0.05,False,,,,,0.065669
0.01,16,0.1,True,0.59,0.9691,0.060409,False,0.065669
0.01,17,0.05,False,,,,,0.065815
0.01,17,0.1,True,0.59,0.9653,0.060312,False,0.065815
0.01,18,0.05,False,,,,,0.067146
0.01,18,0.1,True,0.59,0.9691,0.061628,False,0.067146
0.01,19,0.05,False,,,,,0.064378
0.01,19,0.1,True,0.65,0.9458,0.052183,False,0.064378
0.01,20,0.05,False,,,,,0.068798
0.01,20,0.1,True,0.61,0.9594,0.060793,False,0.068798
0.01,21,0.05,False,,,,,0.063969
0.01,21,0.1,True,0.61,0.9625,0.056395,False,0.063969
0.01,22,0.05,False,,,,,0.064378
0.01,22,0.1,True,0.59,0.969,0.058896,False,0.064378
0.01,23,0.05,False,,,,,0.068122
0.01,23,0.1,True,0.63,0.9558,0.057815,False,0.068122
0.01,24,0.05,False,,,,,0.066858
0.01,24,0.1,True,0.61,0.9604,0.058755,False,0.066858
0.01,25,0.05,False,,,,,0.066914
0.01,25,0.1,True,0.59,0.97,0.061578,False,0.066914
0.01,26,0.05,False,,,,,0.06543
0.01,26,0.1,True,0.59,0.9699,0.060285,False,0.06543
0.01,27,0.05,False,,,,,0.067737
0.01,27,0.1,True,0.59,0.967,0.062563,False,0.067737
0.01,28,0.05,False,,,,,0.068356
0.01,28,0.1,True,0.61,0.9617,0.060991,False,0.068356
0.01,29,0.05,False,,,,,0.063727
0.01,29,0.1,True,0.61,0.9606,0.056245,False,0.063727
0.01,30,0.05,False,,,,,0.065482
0.01,30,0.1,True,0.59,0.9677,0.060064,False,0.065482
0.01,31,0.05,False,,,,,0.068167
0.01,31,0.1,True,0.61,0.959,0.060623,False,0.068167
0.01,32,0.05,False,,,,,0.068802
0.01,32,0.1,True,0.59,0.9684,0.06365,False,0.068802
0.01,33,0.05,False,,,,,0.065262
0.01,33,0.1,True,0.59,0.9659,0.059186,False,0.065262
0.01,34,0.05,False,,,,,0.064311
0.01,34,0.1,True,0.57,0.9765,0.062008,False,0.064311
0.01,35,0.05,False,,,,,0.065564
0.01,35,0.1,True,0.57,0.9749,0.062654,False,0.065564
0.01,36,0.05,False,,,,,0.064489
0.01,36,0.1,True,0.63,0.9564,0.055345,False,0.064489
0.01,37,0.05,False,,,,,0.064097
0.01,37,0.1,True,0.65,0.9442,0.050815,False,0.064097
0.01,38,0.05,False,,,,,0.068315
0.01,38,0.1,True,0.59,0.9677,0.062665,False,0.068315
0.01,39,0.05,False,,,,,0.06401
0.01,39,0.1,True,0.61,0.9616,0.056455,False,0.06401
0.01,40,0.05,False,,,,,0.067117
0.01,40,0.1,True,0.65,0.948,0.05528,False,0.067117
0.01,41,0.05,False,,,,,0.06213
0.01,41,0.1,True,0.59,0.9697,0.057399,False,0.06213
0.01,42,0.05,False,,,,,0.066569
0.01,42,0.1,True,0.57,0.9757,0.063964,False,0.066569
0.01,43,0.05,False,,,,,0.064146
0.01,43,0.1,True,0.57,0.9734,0.061307,False,0.064146
0.01,44,0.05,False,,,,,0.065356
0.01,44,0.1,True,0.63,0.9527,0.055426,False,0.065356
0.01,45,0.05,False,,,,,0.070282
0.01,45,0.1,True,0.61,0.9619,0.062397,False,0.070282
0.01,46,0.05,False,,,,,0.065899
0.01,46,0.1,True,0.61,0.9582,0.057017,False,0.065899
0.01,47,0.05,False,,,,,0.066129
0.01,47,0.1,True,0.65,0.9448,0.053885,False,0.066129
0.01,48,0.05,False,,,,,0.06567
0.01,48,0.1,True,0.59,0.9688,0.061066,False,0.06567
0.01,49,0.05,False,,,,,0.064984
0.01,49,0.1,True,0.57,0.976,0.062362,False,0.064984
0.01,50,0.05,False,,,,,0.065718
0.01,50,0.1,True,0.65,0.9438,0.052058,False,0.065718
0.01,51,0.05,False,,,,,0.065208
0.01,51,0.1,True,0.61,0.9613,0.057376,False,0.065208
0.01,52,0.05,False,,,,,0.067552
0.01,52,0.1,True,0.63,0.9529,0.056685,False,0.067552
0.01,53,0.05,False,,,,,0.066076
0.01,53,0.1,True,0.59,0.9661,0.060821,False,0.066076
0.01,54,0.05,False,,,,,0.063212
0.01,54,0.1,True,0.63,0.9551,0.053691,False,0.063212
0.01,55,0.05,False,,,,,0.066613
0.01,55,0.1,True,0.61,0.9638,0.058818,False,0.066613
0.01,56,0.05,False,,,,,0.068007
0.01,56,0.1,True,0.61,0.9609,0.059706,False,0.068007
0.01,57,0.05,False,,,,,0.068373
0.01,57,0.1,True,0.59,0.9677,0.06304,False,0.068373
0.01,58,0.05,False,,,,,0.067542
0.01,58,0.1,True,0.59,0.9645,0.061104,False,0.067542
0.01,59,0.05,False,,,,,0.06677
0.01,59,0.1,True,0.67,0.9366,0.052004,False,0.06677
0.01,60,0.05,False,,,,,0.065003
0.01,60,0.1,True,0.65,0.9473,0.05281,False,0.065003
0.01,61,0.05,False,,,,,0.062032
0.01,61,0.1,True,0.55,0.9825,0.062032,False,0.062032
0.01,62,0.05,False,,,,,0.06537
0.01,62,0.1,True,0.57,0.9765,0.062803,False,0.06537
0.01,63,0.05,False,,,,,0.067078
0.01,63,0.1,True,0.63,0.9554,0.056853,False,0.067078
0.01,64,0.05,False,,,,,0.061815
0.01,64,0.1,True,0.61,0.9613,0.053695,False,0.061815
0.01,65,0.05,False,,,,,0.062685
0.01,65,0.1,True,0.61,0.9611,0.05502,False,0.062685
0.01,66,0.05,False,,,,,0.066783
0.01,66,0.1,True,0.63,0.9561,0.057748,False,0.066783
0.01,67,0.05,False,,,,,0.063791
0.01,67,0.1,True,0.57,0.9748,0.061086,False,0.063791
0.01,68,0.05,False,,,,,0.064744
0.01,68,0.1,True,0.59,0.97,0.05954,False,0.064744
0.01,69,0.05,False,,,,,0.063702
0.01,69,0.1,True,0.61,0.961,0.055726,False,0.063702
0.01,70,0.05,False,,,,,0.066243
0.01,70,0.1,True,0.67,0.9412,0.051984,False,0.066243
0.01,71,0.05,False,,,,,0.063657
0.01,71,0.1,True,0.59,0.9691,0.058746,False,0.063657
0.01,72,0.05,False,,,,,0.066048
0.01,72,0.1,True,0.61,0.9643,0.058605,False,0.066048
0.01,73,0.05,False,,,,,0.065963
0.01,73,0.1,True,0.57,0.9742,0.063551,False,0.065963
0.01,74,0.05,False,,,,,0.062252
0.01,74,0.1,True,0.59,0.9689,0.056832,False,0.062252
0.01,75,0.05,False,,,,,0.062357
0.01,75,0.1,True,0.61,0.9628,0.05487,False,0.062357
0.01,76,0.05,False,,,,,0.067038
0.01,76,0.1,True,0.63,0.9543,0.056655,False,0.067038
0.01,77,0.05,False,,,,,0.063581
0.01,77,0.1,True,0.61,0.959,0.055497,False,0.063581
0.01,78,0.05,False,,,,,0.066464
0.01,78,0.1,True,0.61,0.9598,0.057921,False,0.066464
0.01,79,0.05,False,,,,,0.064831
0.01,79,0.1,True,0.61,0.9625,0.057023,False,0.064831
0.01,80,0.05,False,,,,,0.066066
0.01,80,0.1,True,0.55,0.982,0.066066,False,0.066066
0.01,81,0.05,False,,,,,0.070552
0.01,81,0.1,True,0.59,0.9711,0.065974,False,0.070552
0.01,82,0.05,False,,,,,0.065432
0.01,82,0.1,True,0.59,0.9709,0.060422,False,0.065432
0.01,83,0.05,False,,,,,0.063992
0.01,83,0.1,True,0.61,0.96,0.056071,False,0.063992
0.01,84,0.05,False,,,,,0.065359
0.01,84,0.1,True,0.59,0.9719,0.060495,False,0.065359
0.01,85,0.05,False,,,,,0.062695
0.01,85,0.1,True,0.61,0.9594,0.053905,False,0.062695
0.01,86,0.05,False,,,,,0.066413
0.01,86,0.1,True,0.61,0.9616,0.058693,False,0.066413
0.01,87,0.05,False,,,,,0.064834
0.01,87,0.1,True,0.61,0.963,0.057461,False,0.064834
0.01,88,0.05,False,,,,,0.064752
0.01,88,0.1,True,0.59,0.9685,0.059782,False,0.064752
0.01,89,0.05,False,,,,,0.066816
0.01,89,0.1,True,0.63,0.9542,0.056872,False,0.066816
0.01,90,0.05,False,,,,,0.065405
0.01,90,0.1,True,0.59,0.9677,0.059978,False,0.065405
0.01,91,0.05,False,,,,,0.067881
0.01,91,0.1,True,0.61,0.9619,0.059857,False,0.067881
0.01,92,0.05,False,,,,,0.06776
0.01,92,0.1,True,0.61,0.9587,0.059582,False,0.06776
0.01,93,0.05,False,,,,,0.064939
0.01,93,0.1,True,0.57,0.9745,0.062709,False,0.064939
0.01,94,0.05,False,,,,,0.065587
0.01,94,0.1,True,0.59,0.9657,0.06037,False,0.065587
0.01,95,0.05,False,,,,,0.064239
0.01,95,0.1,True,0.59,0.9681,0.058903,False,0.064239
0.01,96,0.05,False,,,,,0.066977
0.01,96,0.1,True,0.61,0.9603,0.059084,False,0.066977
0.01,97,0.05,False,,,,,0.066501
0.01,97,0.1,True,0.65,0.9539,0.055495,False,0.066501
0.01,98,0.05,False,,,,,0.06341
0.01,98,0.1,True,0.61,0.9622,0.055754,False,0.06341
0.01,99,0.05,False,,,,,0.068618
0.01,99,0.1,True,0.61,0.9594,0.060518,False,0.068618
0.01,100,0.05,False,,,,,0.06889
0.01,100,0.1,True,0.63,0.9541,0.057974,False,0.06889
0.01,101,0.05,False,,,,,0.063598
0.01,101,0.1,True,0.61,0.9625,0.056055,False,0.063598
0.01,102,0.05,False,,,,,0.065239
0.01,102,0.1,True,0.63,0.9542,0.055685,False,0.065239
0.01,103,0.05,False,,,,,0.064471
0.01,103,0.1,True,0.61,0.9626,0.056494,False,0.064471
0.01,104,0.05,False,,,,,0.066801
0.01,104,0.1,True,0.63,0.9538,0.057095,False,0.066801
0.01,105,0.05,False,,,,,0.068273
0.01,105,0.1,True,0.59,0.9657,0.063069,False,0.068273
0.01,106,0.05,False,,,,,0.066438
0.01,106,0.1,True,0.61,0.9619,0.05921,False,0.066438
0.01,107,0.05,False,,,,,0.065331
0.01,107,0.1,True,0.59,0.9682,0.060313,False,0.065331
0.01,108,0.05,False,,,,,0.065136
0.01,108,0.1,True,0.61,0.9618,0.057775,False,0.065136
0.01,109,0.05,False,,,,,0.065594
0.01,109,0.1,True,0.61,0.9613,0.05775,False,0.065594
0.01,110,0.05,False,,,,,0.063452
0.01,110,0.1,True,0.61,0.9626,0.056076,False,0.063452
0.01,111,0.05,False,,,,,0.064227
0.01,111,0.1,True,0.63,0.9525,0.05393,False,0.064227
0.01,112,0.05,False,,,,,0.066023
0.01,112,0.1,True,0.61,0.9609,0.058307,False,0.066023
0.01,113,0.05,False,,,,,0.063735
0.01,113,0.1,True,0.61,0.959,0.055464,False,0.063735
0.01,114,0.05,False,,,,,0.064959
0.01,114,0.1,True,0.61,0.9636,0.057421,False,0.064959
0.01,115,0.05,False,,,,,0.064417
0.01,115,0.1,True,0.57,0.978,0.061581,False,0.064417
0.01,116,0.05,False,,,,,0.064879
0.01,116,0.1,True,0.61,0.96,0.057417,False,0.064879
0.01,117,0.05,False,,,,,0.06578
0.01,117,0.1,True,0.55,0.9823,0.06578,False,0.06578
0.01,118,0.05,False,,,,,0.068677
0.01,118,0.1,True,0.61,0.9592,0.060335,False,0.068677
0.01,119,0.05,False,,,,,0.063874
0.01,119,0.1,True,0.57,0.976,0.061317,False,0.063874
0.01,120,0.05,False,,,,,0.064583
0.01,120,0.1,True,0.59,0.9668,0.059312,False,0.064583
0.01,121,0.05,False,,,,,0.062949
0.01,121,0.1,True,0.63,0.9568,0.052571,False,0.062949
0.01,122,0.05,False,,,,,0.066912
0.01,122,0.1,True,0.57,0.9754,0.064163,False,0.066912
0.01,123,0.05,False,,,,,0.065616
0.01,123,0.1,True,0.63,0.9542,0.054768,False,0.065616
0.01,124,0.05,False,,,,,0.065621
0.01,124,0.1,True,0.61,0.9608,0.057493,False,0.065621
0.01,125,0.05,False,,,,,0.06396
0.01,125,0.1,True,0.55,0.9823,0.06396,False,0.06396
0.01,126,0.05,False,,,,,0.064826
0.01,126,0.1,True,0.61,0.9589,0.057188,False,0.064826
0.01,127,0.05,False,,,,,0.067524
0.01,127,0.1,True,0.63,0.9538,0.056325,False,0.067524
0.01,128,0.05,False,,,,,0.064409
0.01,128,0.1,True,0.59,0.9686,0.059256,False,0.064409
0.01,129,0.05,False,,,,,0.067
0.01,129,0.1,True,0.61,0.9624,0.059499,False,0.067
0.01,130,0.05,False,,,,,0.065033
0.01,130,0.1,True,0.59,0.9689,0.060416,False,0.065033
0.01,131,0.05,False,,,,,0.060476
0.01,131,0.1,True,0.61,0.9629,0.052816,False,0.060476
0.01,132,0.05,False,,,,,0.06722
0.01,132,0.1,True,0.59,0.9704,0.062253,False,0.06722
0.01,133,0.05,False,,,,,0.065557
0.01,133,0.1,True,0.63,0.955,0.055954,False,0.065557
0.01,134,0.05,False,,,,,0.065325
0.01,134,0.1,True,0.61,0.9603,0.05705,False,0.065325
0.01,135,0.05,False,,,,,0.06766
0.01,135,0.1,True,0.61,0.964,0.06063,False,0.06766
0.01,136,0.05,False,,,,,0.064338
0.01,136,0.1,True,0.63,0.9516,0.053899,False,0.064338
0.01,137,0.05,False,,,,,0.061814
0.01,137,0.1,True,0.59,0.9675,0.056976,False,0.061814
0.01,138,0.05,False,,,,,0.064544
0.01,138,0.1,True,0.59,0.9695,0.059429,False,0.064544
0.01,139,0.05,False,,,,,0.063754
0.01,139,0.1,True,0.61,0.9625,0.056621,False,0.063754
0.01,140,0.05,False,,,,,0.065229
0.01,140,0.1,True,0.57,0.9755,0.062903,False,0.065229
0.01,141,0.05,False,,,,,0.065848
0.01,141,0.1,True,0.63,0.9564,0.056275,False,0.065848
0.01,142,0.05,False,,,,,0.064375
0.01,142,0.1,True,0.65,0.9465,0.052495,False,0.064375
0.01,143,0.05,False,,,,,0.065425
0.01,143,0.1,True,0.57,0.975,0.062455,False,0.065425
0.01,144,0.05,False,,,,,0.062745
0.01,144,0.1,True,0.67,0.936,0.048184,False,0.062745
0.01,145,0.05,False,,,,,0.066242
0.01,145,0.1,True,0.57,0.9752,0.063805,False,0.066242
0.01,146,0.05,False,,,,,0.066459
0.01,146,0.1,True,0.63,0.9549,0.055916,False,0.066459
0.01,147,0.05,False,,,,,0.066816
0.01,147,0.1,True,0.61,0.9592,0.058855,False,0.066816
0.01,148,0.05,False,,,,,0.063439
0.01,148,0.1,True,0.59,0.9683,0.057898,False,0.063439
0.01,149,0.05,False,,,,,0.064223
0.01,149,0.1,True,0.65,0.9455,0.050917,False,0.064223
0.01,150,0.05,False,,,,,0.064648
0.01,150,0.1,True,0.61,0.964,0.05705,False,0.064648
0.01,151,0.05,False,,,,,0.064653
0.01,151,0.1,True,0.57,0.9763,0.062294,False,0.064653
0.01,152,0.05,False,,,,,0.063149
0.01,152,0.1,True,0.59,0.966,0.058179,False,0.063149
0.01,153,0.05,False,,,,,0.064447
0.01,153,0.1,True,0.59,0.9659,0.059223,False,0.064447
0.01,154,0.05,False,,,,,0.065356
0.01,154,0.1,True,0.59,0.9669,0.060423,False,0.065356
0.01,155,0.05,False,,,,,0.065558
0.01,155,0.1,True,0.59,0.9693,0.061022,False,0.065558
0.01,156,0.05,False,,,,,0.066079
0.01,156,0.1,True,0.63,0.9538,0.056002,False,0.066079
0.01,157,0.05,False,,,,,0.0655
0.01,157,0.1,True,0.61,0.9607,0.058177,False,0.0655
0.01,158,0.05,False,,,,,0.064953
0.01,158,0.1,True,0.67,0.9407,0.05063,False,0.064953
0.01,159,0.05,False,,,,,0.064463
0.01,159,0.1,True,0.61,0.9633,0.05703,False,0.064463
0.01,160,0.05,False,,,,,0.062249
0.01,160,0.1,True,0.59,0.9678,0.057209,False,0.062249
0.01,161,0.05,False,,,,,0.065168
0.01,161,0.1,True,0.61,0.9631,0.057887,False,0.065168
0.01,162,0.05,False,,,,,0.066331
0.01,162,0.1,True,0.63,0.952,0.055575,False,0.066331
0.01,163,0.05,False,,,,,0.064099
0.01,163,0.1,True,0.61,0.9653,0.056643,False,0.064099
0.01,164,0.05,False,,,,,0.066089
0.01,164,0.1,True,0.63,0.9541,0.056758,False,0.066089
0.01,165,0.05,False,,,,,0.063549
0.01,165,0.1,True,0.65,0.9465,0.051148,False,0.063549
0.01,166,0.05,False,,,,,0.066638
0.01,166,0.1,True,0.59,0.9685,0.061303,False,0.066638
0.01,167,0.05,False,,,,,0.064616
0.01,167,0.1,True,0.59,0.967,0.058957,False,0.064616
0.01,168,0.05,False,,,,,0.065638
0.01,168,0.1,True,0.59,0.9683,0.0604,False,0.065638
0.01,169,0.05,False,,,,,0.061368
0.01,169,0.1,True,0.61,0.9622,0.053838,False,0.061368
0.01,170,0.05,False,,,,,0.067535
0.01,170,0.1,True,0.59,0.9686,0.061776,False,0.067535
0.01,171,0.05,False,,,,,0.065982
0.01,171,0.1,True,0.63,0.9505,0.055413,False,0.065982
0.01,172,0.05,False,,,,,0.065519
0.01,172,0.1,True,0.59,0.9685,0.060346,False,0.065519
0.01,173,0.05,False,,,,,0.063984
0.01,173,0.1,True,0.59,0.9691,0.058674,False,0.063984
0.01,174,0.05,False,,,,,0.066608
0.01,174,0.1,True,0.65,0.9488,0.054188,False,0.066608
0.01,175,0.05,False,,,,,0.062569
0.01,175,0.1,True,0.59,0.9664,0.056681,False,0.062569
0.01,176,0.05,False,,,,,0.061895
0.01,176,0.1,True,0.61,0.9642,0.055201,False,0.061895
0.01,177,0.05,False,,,,,0.068904
0.01,177,0.1,True,0.61,0.9607,0.060659,False,0.068904
0.01,178,0.05,False,,,,,0.065876
0.01,178,0.1,True,0.57,0.9762,0.063197,False,0.065876
0.01,179,0.05,False,,,,,0.06558
0.01,179,0.1,True,0.63,0.9511,0.054814,False,0.06558
0.01,180,0.05,False,,,,,0.067507
0.01,180,0.1,True,0.61,0.9588,0.05932,False,0.067507
0.01,181,0.05,False,,,,,0.064412
0.01,181,0.1,True,0.61,0.9617,0.056604,False,0.064412
0.01,182,0.05,False,,,,,0.065798
0.01,182,0.1,True,0.61,0.9604,0.058375,False,0.065798
0.01,183,0.05,False,,,,,0.063497
0.01,183,0.1,True,0.57,0.9763,0.060791,False,0.063497
0.01,184,0.05,False,,,,,0.063826
0.01,184,0.1,True,0.63,0.9575,0.054518,False,0.063826
0.01,185,0.05,False,,,,,0.066002
0.01,185,0.1,True,0.63,0.9525,0.055931,False,0.066002
0.01,186,0.05,False,,,,,0.065535
0.01,186,0.1,True,0.61,0.9597,0.057384,False,0.065535
0.01,187,0.05,False,,,,,0.070555
0.01,187,0.1,True,0.57,0.9762,0.067832,False,0.070555
0.01,188,0.05,False,,,,,0.066586
0.01,188,0.1,True,0.63,0.956,0.056053,False,0.066586
0.01,189,0.05,False,,,,,0.069694
0.01,189,0.1,True,0.65,0.9541,0.057937,False,0.069694
0.01,190,0.05,False,,,,,0.066848
0.01,190,0.1,True,0.61,0.959,0.057947,False,0.066848
0.01,191,0.05,False,,,,,0.065562
0.01,191,0.1,True,0.63,0.9535,0.05518,False,0.065562
0.01,192,0.05,False,,,,,0.066303
0.01,192,0.1,True,0.61,0.9618,0.058957,False,0.066303
0.01,193,0.05,False,,,,,0.065571
0.01,193,0.1,True,0.59,0.9671,0.060364,False,0.065571
0.01,194,0.05,False,,,,,0.066556
0.01,194,0.1,True,0.57,0.9767,0.064033,False,0.066556
0.01,195,0.05,False,,,,,0.065134
0.01,195,0.1,True,0.61,0.9633,0.057859,False,0.065134
0.01,196,0.05,False,,,,,0.066001
0.01,196,0.1,True,0.59,0.9687,0.060978,False,0.066001
0.01,197,0.05,False,,,,,0.065216
0.01,197,0.1,True,0.59,0.9655,0.059396,False,0.065216
0.01,198,0.05,False,,,,,0.064262
0.01,198,0.1,True,0.63,0.9546,0.054108,False,0.064262
0.01,199,0.05,False,,,,,0.066789
0.01,199,0.1,True,0.59,0.9631,0.061238,False,0.066789
0.01,200,0.05,False,,,,,0.061829
0.01,200,0.1,True,0.63,0.9534,0.050943,False,0.061829
0.01,201,0.05,False,,,,,0.062481
0.01,201,0.1,True,0.59,0.9671,0.057662,False,0.062481
0.01,202,0.05,False,,,,,0.066894
0.01,202,0.1,True,0.59,0.9705,0.061166,False,0.066894
0.01,203,0.05,False,,,,,0.064775
0.01,203,0.1,True,0.61,0.9611,0.057279,False,0.064775
0.01,204,0.05,False,,,,,0.067589
0.01,204,0.1,True,0.57,0.9744,0.065157,False,0.067589
0.01,205,0.05,False,,,,,0.064238
0.01,205,0.1,True,0.61,0.9645,0.05724,False,0.064238
0.01,206,0.05,False,,,,,0.066104
0.01,206,0.1,True,0.57,0.9771,0.063433,False,0.066104
0.01,207,0.05,False,,,,,0.06633
0.01,207,0.1,True,0.61,0.9601,0.058896,False,0.06633
0.01,208,0.05,False,,,,,0.066132
0.01,208,0.1,True,0.61,0.9612,0.058401,False,0.066132
0.01,209,0.05,False,,,,,0.066267
0.01,209,0.1,True,0.63,0.9512,0.056236,False,0.066267
0.01,210,0.05,False,,,,,0.064033
0.01,210,0.1,True,0.59,0.9695,0.058411,False,0.064033
0.01,211,0.05,False,,,,,0.064149
0.01,211,0.1,True,0.59,0.9694,0.058794,False,0.064149
0.01,212,0.05,False,,,,,0.066991
0.01,212,0.1,True,0.61,0.9576,0.058408,False,0.066991
0.01,213,0.05,False,,,,,0.064469
0.01,213,0.1,True,0.59,0.9686,0.059623,False,0.064469
0.01,214,0.05,False,,,,,0.067319
0.01,214,0.1,True,0.63,0.9542,0.057136,False,0.067319
0.01,215,0.05,False,,,,,0.062141
0.01,215,0.1,True,0.59,0.9679,0.057223,False,0.062141
0.01,216,0.05,False,,,,,0.06534
0.01,216,0.1,True,0.61,0.9598,0.057523,False,0.06534
0.01,217,0.05,False,,,,,0.064897
0.01,217,0.1,True,0.59,0.9709,0.060156,False,0.064897
0.01,218,0.05,False,,,,,0.063716
0.01,218,0.1,True,0.63,0.9545,0.053157,False,0.063716
0.01,219,0.05,False,,,,,0.063964
0.01,219,0.1,True,0.61,0.9615,0.056424,False,0.063964
0.01,220,0.05,False,,,,,0.067109
0.01,220,0.1,True,0.63,0.9544,0.057267,False,0.067109
0.01,221,0.05,False,,,,,0.069111
0.01,221,0.1,True,0.59,0.9654,0.062995,False,0.069111
0.01,222,0.05,False,,,,,0.065879
0.01,222,0.1,True,0.63,0.9556,0.055871,False,0.065879
0.01,223,0.05,False,,,,,0.067081
0.01,223,0.1,True,0.59,0.968,0.061504,False,0.067081
0.01,224,0.05,False,,,,,0.064009
0.01,224,0.1,True,0.59,0.9695,0.058651,False,0.064009
0.01,225,0.05,False,,,,,0.067289
0.01,225,0.1,True,0.59,0.9703,0.062232,False,0.067289
0.01,226,0.05,False,,,,,0.067988
0.01,226,0.1,True,0.67,0.9432,0.053366,False,0.067988
0.01,227,0.05,False,,,,,0.064316
0.01,227,0.1,True,0.61,0.9603,0.05668,False,0.064316
0.01,228,0.05,False,,,,,0.067566
0.01,228,0.1,True,0.61,0.9626,0.059817,False,0.067566
0.01,229,0.05,False,,,,,0.070225
0.01,229,0.1,True,0.63,0.9545,0.059201,False,0.070225
0.01,230,0.05,False,,,,,0.067474
0.01,230,0.1,True,0.63,0.9539,0.057276,False,0.067474
0.01,231,0.05,False,,,,,0.068102
0.01,231,0.1,True,0.63,0.9548,0.057633,False,0.068102
0.01,232,0.05,False,,,,,0.062977
0.01,232,0.1,True,0.57,0.9748,0.060364,False,0.062977
0.01,233,0.05,False,,,,,0.064535
0.01,233,0.1,True,0.59,0.9691,0.059537,False,0.064535
0.01,234,0.05,False,,,,,0.066276
0.01,234,0.1,True,0.55,0.9821,0.066276,False,0.066276
0.01,235,0.05,False,,,,,0.068095
0.01,235,0.1,True,0.61,0.9613,0.059785,False,0.068095
0.01,236,0.05,False,,,,,0.066252
0.01,236,0.1,True,0.59,0.9688,0.061186,False,0.066252
0.01,237,0.05,False,,,,,0.0649
0.01,237,0.1,True,0.63,0.9552,0.055448,False,0.0649
0.01,238,0.05,False,,,,,0.065476
0.01,238,0.1,True,0.63,0.9548,0.055323,False,0.065476
0.01,239,0.05,False,,,,,0.063643
0.01,239,0.1,True,0.59,0.9692,0.059012,False,0.063643
0.01,240,0.05,False,,,,,0.065532
0.01,240,0.1,True,0.61,0.9586,0.057251,False,0.065532
0.01,241,0.05,False,,,,,0.065307
0.01,241,0.1,True,0.61,0.9602,0.057289,False,0.065307
0.01,242,0.05,False,,,,,0.067114
0.01,242,0.1,True,0.65,0.9441,0.054067,False,0.067114
0.01,243,0.05,False,,,,,0.068512
0.01,243,0.1,True,0.59,0.9655,0.062892,False,0.068512
0.01,244,0.05,False,,,,,0.067053
0.01,244,0.1,True,0.59,0.9662,0.061116,False,0.067053
0.01,245,0.05,False,,,,,0.06194
0.01,245,0.1,True,0.63,0.9543,0.051382,False,0.06194
0.01,246,0.05,False,,,,,0.066959
0.01,246,0.1,True,0.61,0.9638,0.05964,False,0.066959
0.01,247,0.05,False,,,,,0.067514
0.01,247,0.1,True,0.59,0.9689,0.062423,False,0.067514
0.01,248,0.05,False,,,,,0.064325
0.01,248,0.1,True,0.57,0.9752,0.06185,False,0.064325
0.01,249,0.05,False,,,,,0.067364
0.01,249,0.1,True,0.57,0.9756,0.064828,False,0.067364
0.01,250,0.05,False,,,,,0.06568
0.01,250,0.1,True,0.61,0.9625,0.057278,False,0.06568
0.01,251,0.05,False,,,,,0.063353
0.01,251,0.1,True,0.57,0.9777,0.06072,False,0.063353
0.01,252,0.05,False,,,,,0.06251
0.01,252,0.1,True,0.59,0.9698,0.057623,False,0.06251
0.01,253,0.05,False,,,,,0.065539
0.01,253,0.1,True,0.61,0.962,0.05763,False,0.065539
0.01,254,0.05,False,,,,,0.065377
0.01,254,0.1,True,0.63,0.9572,0.055734,False,0.065377
0.01,255,0.05,False,,,,,0.065421
0.01,255,0.1,True,0.59,0.9692,0.060396,False,0.065421
0.01,256,0.05,False,,,,,0.064793
0.01,256,0.1,True,0.61,0.9654,0.058012,False,0.064793
0.01,257,0.05,False,,,,,0.068231
0.01,257,0.1,True,0.59,0.9701,0.063465,False,0.068231
0.01,258,0.05,False,,,,,0.06258
0.01,258,0.1,True,0.61,0.9608,0.054908,False,0.06258
0.01,259,0.05,False,,,,,0.06446
0.01,259,0.1,True,0.61,0.9615,0.057065,False,0.06446
0.01,260,0.05,False,,,,,0.066434
0.01,260,0.1,True,0.67,0.9358,0.051033,False,0.066434
0.01,261,0.05,False,,,,,0.067037
0.01,261,0.1,True,0.63,0.9533,0.057239,False,0.067037
0.01,262,0.05,False,,,,,0.067394
0.01,262,0.1,True,0.57,0.9766,0.065102,False,0.067394
0.01,263,0.05,False,,,,,0.066612
0.01,263,0.1,True,0.57,0.9754,0.063758,False,0.066612
0.01,264,0.05,False,,,,,0.065526
0.01,264,0.1,True,0.65,0.9503,0.053407,False,0.065526
0.01,265,0.05,False,,,,,0.063236
0.01,265,0.1,True,0.61,0.9621,0.055966,False,0.063236
0.01,266,0.05,False,,,,,0.066307
0.01,266,0.1,True,0.63,0.956,0.056264,False,0.066307
0.01,267,0.05,False,,,,,0.065168
0.01,267,0.1,True,0.63,0.9503,0.053869,False,0.065168
0.01,268,0.05,False,,,,,0.063174
0.01,268,0.1,True,0.59,0.9716,0.058436,False,0.063174
0.01,269,0.05,False,,,,,0.064256
0.01,269,0.1,True,0.61,0.9616,0.055605,False,0.064256
0.01,270,0.05,False,,,,,0.0642
0.01,270,0.1,True,0.63,0.9558,0.054279,False,0.0642
0.01,271,0.05,False,,,,,0.066986
0.01,271,0.1,True,0.59,0.9685,0.06224,False,0.066986
0.01,272,0.05,False,,,,,0.063898
0.01,272,0.1,True,0.59,0.9682,0.057971,False,0.063898
0.01,273,0.05,False,,,,,0.064633
0.01,273,0.1,True,0.61,0.9608,0.056815,False,0.064633
0.01,274,0.05,False,,,,,0.065353
0.01,274,0.1,True,0.63,0.9529,0.054982,False,0.065353
0.01,275,0.05,False,,,,,0.065732
0.01,275,0.1,True,0.59,0.9692,0.060976,False,0.065732
0.01,276,0.05,False,,,,,0.064627
0.01,276,0.1,True,0.59,0.9673,0.059533,False,0.064627
0.01,277,0.05,False,,,,,0.066685
0.01,277,0.1,True,0.61,0.9586,0.05786,False,0.066685
0.01,278,0.05,False,,,,,0.067282
0.01,278,0.1,True,0.61,0.9613,0.05969,False,0.067282
0.01,279,0.05,False,,,,,0.065189
0.01,279,0.1,True,0.61,0.961,0.057276,False,0.065189
0.01,280,0.05,False,,,,,0.0644
0.01,280,0.1,True,0.63,0.9542,0.053256,False,0.0644
0.01,281,0.05,False,,,,,0.063928
0.01,281,0.1,True,0.55,0.9823,0.063928,False,0.063928
0.01,282,0.05,False,,,,,0.063815
0.01,282,0.1,True,0.61,0.9599,0.05553,False,0.063815
0.01,283,0.05,False,,,,,0.067094
0.01,283,0.1,True,0.59,0.9689,0.061948,False,0.067094
0.01,284,0.05,False,,,,,0.066716
0.01,284,0.1,True,0.59,0.9667,0.061749,False,0.066716
0.01,285,0.05,False,,,,,0.064676
0.01,285,0.1,True,0.59,0.9674,0.059432,False,0.064676
0.01,286,0.05,False,,,,,0.067914
0.01,286,0.1,True,0.61,0.9593,0.059514,False,0.067914
0.01,287,0.05,False,,,,,0.067344
0.01,287,0.1,True,0.59,0.9676,0.062308,False,0.067344
0.01,288,0.05,False,,,,,0.066598
0.01,288,0.1,True,0.61,0.9617,0.058997,False,0.066598
0.01,289,0.05,False,,,,,0.064456
0.01,289,0.1,True,0.59,0.9689,0.059119,False,0.064456
0.01,290,0.05,False,,,,,0.063165
0.01,290,0.1,True,0.63,0.9524,0.053103,False,0.063165
0.01,291,0.05,False,,,,,0.064318
0.01,291,0.1,True,0.59,0.9646,0.058202,False,0.064318
0.01,292,0.05,False,,,,,0.067145
0.01,292,0.1,True,0.61,0.9631,0.058938,False,0.067145
0.01,293,0.05,False,,,,,0.064618
0.01,293,0.1,True,0.57,0.9749,0.061693,False,0.064618
0.01,294,0.05,False,,,,,0.067354
0.01,294,0.1,True,0.59,0.9698,0.062506,False,0.067354
0.01,295,0.05,False,,,,,0.065603
0.01,295,0.1,True,0.61,0.9601,0.057317,False,0.065603
0.01,296,0.05,False,,,,,0.065331
0.01,296,0.1,True,0.61,0.9593,0.057762,False,0.065331
0.01,297,0.05,False,,,,,0.064767
0.01,297,0.1,True,0.57,0.9744,0.061733,False,0.064767
0.01,298,0.05,False,,,,,0.064874
0.01,298,0.1,True,0.63,0.9542,0.055392,False,0.064874
0.01,299,0.05,False,,,,,0.062197
0.01,299,0.1,True,0.61,0.9622,0.055499,False,0.062197
0.02,0,0.05,False,,,,,0.072392
0.02,0,0.1,True,0.75,0.8984,0.049496,False,0.072392
0.02,1,0.05,False,,,,,0.07397
0.02,1,0.1,True,0.67,0.9308,0.058271,False,0.07397
0.02,2,0.05,False,,,,,0.072316
0.02,2,0.1,True,0.67,0.9327,0.056758,False,0.072316
0.02,3,0.05,False,,,,,0.074603
0.02,3,0.1,True,0.69,0.9169,0.056404,False,0.074603
0.02,4,0.05,False,,,,,0.072886
0.02,4,0.1,True,0.69,0.9177,0.053345,False,0.072886
0.02,5,0.05,False,,,,,0.074327
0.02,5,0.1,True,0.69,0.9159,0.054667,False,0.074327
0.02,6,0.05,False,,,,,0.074021
0.02,6,0.1,True,0.65,0.937,0.060078,False,0.074021
0.02,7,0.05,False,,,,,0.073104
0.02,7,0.1,True,0.67,0.9296,0.057155,False,0.073104
0.02,8,0.05,False,,,,,0.071154
0.02,8,0.1,True,0.69,0.9222,0.052804,False,0.071154
0.02,9,0.05,False,,,,,0.069687
0.02,9,0.1,True,0.65,0.9382,0.056583,False,0.069687
0.02,10,0.05,False,,,,,0.073565
0.02,10,0.1,True,0.67,0.9348,0.058802,False,0.073565
0.02,11,0.05,False,,,,,0.075262
0.02,11,0.1,True,0.69,0.9279,0.058091,False,0.075262
0.02,12,0.05,False,,,,,0.07641
0.02,12,0.1,True,0.67,0.9275,0.060272,False,0.07641
0.02,13,0.05,False,,,,,0.076009
0.02,13,0.1,True,0.69,0.9182,0.056288,False,0.076009
0.02,14,0.05,False,,,,,0.072129
0.02,14,0.1,True,0.67,0.9306,0.055722,False,0.072129
0.02,15,0.05,False,,,,,0.070824
0.02,15,0.1,True,0.67,0.9281,0.054446,False,0.070824
0.02,16,0.05,False,,,,,0.074579
0.02,16,0.1,True,0.69,0.9216,0.056148,False,0.074579
0.02,17,0.05,False,,,,,0.073129
0.02,17,0.1,True,0.69,0.9227,0.055236,False,0.073129
0.02,18,0.05,False,,,,,0.073855
0.02,18,0.1,True,0.67,0.9322,0.056,False,0.073855
0.02,19,0.05,False,,,,,0.075605
0.02,19,0.1,True,0.71,0.9099,0.05382,False,0.075605
0.02,20,0.05,False,,,,,0.075658
0.02,20,0.1,True,0.63,0.9472,0.064034,False,0.075658
0.02,21,0.05,False,,,,,0.071304
0.02,21,0.1,True,0.67,0.9253,0.055769,False,0.071304
0.02,22,0.05,False,,,,,0.074056
0.02,22,0.1,True,0.67,0.9271,0.057702,False,0.074056
0.02,23,0.05,False,,,,,0.0744
0.02,23,0.1,True,0.71,0.913,0.053756,False,0.0744
0.02,24,0.05,False,,,,,0.071662
0.02,24,0.1,True,0.67,0.9287,0.05681,False,0.071662
0.02,25,0.05,False,,,,,0.073288
0.02,25,0.1,True,0.67,0.9271,0.056851,False,0.073288
0.02,26,0.05,False,,,,,0.072277
0.02,26,0.1,True,0.65,0.9465,0.059964,False,0.072277
0.02,27,0.05,False,,,,,0.072785
0.02,27,0.1,True,0.69,0.9181,0.054964,False,0.072785
0.02,28,0.05,False,,,,,0.074261
0.02,28,0.1,True,0.67,0.928,0.057623,False,0.074261
0.02,29,0.05,False,,,,,0.076854
0.02,29,0.1,True,0.65,0.9369,0.062509,False,0.076854
0.02,30,0.05,False,,,,,0.076053
0.02,30,0.1,True,0.69,0.9193,0.057214,False,0.076053
0.02,31,0.05,False,,,,,0.072202
0.02,31,0.1,True,0.71,0.9131,0.052033,False,0.072202
0.02,32,0.05,False,,,,,0.0765
0.02,32,0.1,True,0.67,0.9279,0.060065,False,0.0765
0.02,33,0.05,False,,,,,0.071462
0.02,33,0.1,True,0.71,0.9137,0.052259,False,0.071462
0.02,34,0.05,False,,,,,0.072471
0.02,34,0.1,True,0.69,0.9239,0.054587,False,0.072471
0.02,35,0.05,False,,,,,0.071616
0.02,35,0.1,True,0.69,0.924,0.05391,False,0.071616
0.02,36,0.05,False,,,,,0.076375
0.02,36,0.1,True,0.71,0.9057,0.053207,False,0.076375
0.02,37,0.05,False,,,,,0.071627
0.02,37,0.1,True,0.67,0.9257,0.055227,False,0.071627
0.02,38,0.05,False,,,,,0.075272
0.02,38,0.1,True,0.67,0.933,0.059158,False,0.075272
0.02,39,0.05,False,,,,,0.073998
0.02,39,0.1,True,0.65,0.9402,0.06059,False,0.073998
0.02,40,0.05,False,,,,,0.07209
0.02,40,0.1,True,0.67,0.9288,0.056228,False,0.07209
0.02,41,0.05,False,,,,,0.073705
0.02,41,0.1,True,0.69,0.9205,0.054992,False,0.073705
0.02,42,0.05,False,,,,,0.072616
0.02,42,0.1,True,0.67,0.9308,0.057186,False,0.072616
0.02,43,0.05,False,,,,,0.069705
0.02,43,0.1,True,0.73,0.9008,0.048628,False,0.069705
0.02,44,0.05,False,,,,,0.074968
0.02,44,0.1,True,0.67,0.9322,0.058814,False,0.074968
0.02,45,0.05,False,,,,,0.072122
0.02,45,0.1,True,0.67,0.9282,0.056087,False,0.072122
0.02,46,0.05,False,,,,,0.076711
0.02,46,0.1,True,0.69,0.9188,0.057773,False,0.076711
0.02,47,0.05,False,,,,,0.075923
0.02,47,0.1,True,0.71,0.9077,0.054634,False,0.075923
0.02,48,0.05,False,,,,,0.071416
0.02,48,0.1,True,0.67,0.9275,0.055378,False,0.071416
0.02,49,0.05,False,,,,,0.074273
0.02,49,0.1,True,0.65,0.9338,0.060004,False,0.074273
0.02,50,0.05,False,,,,,0.075321
0.02,50,0.1,True,0.67,0.9305,0.059459,False,0.075321
0.02,51,0.05,False,,,,,0.071832
0.02,51,0.1,True,0.67,0.9298,0.056312,False,0.071832
0.02,52,0.05,False,,,,,0.077338
0.02,52,0.1,True,0.71,0.9124,0.057256,False,0.077338
0.02,53,0.05,False,,,,,0.075212
0.02,53,0.1,True,0.73,0.9003,0.0521,False,0.075212
0.02,54,0.05,False,,,,,0.075854
0.02,54,0.1,True,0.73,0.8945,0.052425,False,0.075854
0.02,55,0.05,False,,,,,0.074005
0.02,55,0.1,True,0.65,0.9438,0.061471,False,0.074005
0.02,56,0.05,False,,,,,0.074451
0.02,56,0.1,True,0.67,0.9309,0.05793,False,0.074451
0.02,57,0.05,False,,,,,0.068681
0.02,57,0.1,True,0.69,0.9206,0.050928,False,0.068681
0.02,58,0.05,False,,,,,0.075847
0.02,58,0.1,True,0.71,0.9097,0.055184,False,0.075847
0.02,59,0.05,False,,,,,0.070976
0.02,59,0.1,True,0.65,0.9359,0.058311,False,0.070976
0.02,60,0.05,False,,,,,0.076926
0.02,60,0.1,True,0.69,0.9218,0.057999,False,0.076926
0.02,61,0.05,False,,,,,0.072789
0.02,61,0.1,True,0.69,0.9188,0.055024,False,0.072789
0.02,62,0.05,False,,,,,0.071681
0.02,62,0.1,True,0.73,0.8992,0.049018,False,0.071681
0.02,63,0.05,False,,,,,0.075799
0.02,63,0.1,True,0.67,0.9316,0.059026,False,0.075799
0.02,64,0.05,False,,,,,0.073132
0.02,64,0.1,True,0.67,0.9326,0.056747,False,0.073132
0.02,65,0.05,False,,,,,0.079481
0.02,65,0.1,True,0.67,0.9325,0.062817,False,0.079481
0.02,66,0.05,False,,,,,0.072947
0.02,66,0.1,True,0.69,0.9165,0.055126,False,0.072947
0.02,67,0.05,False,,,,,0.071438
0.02,67,0.1,True,0.67,0.928,0.054787,False,0.071438
0.02,68,0.05,False,,,,,0.069914
0.02,68,0.1,True,0.71,0.9117,0.049376,False,0.069914
0.02,69,0.05,False,,,,,0.073318
0.02,69,0.1,True,0.71,0.9193,0.053629,False,0.073318
0.02,70,0.05,False,,,,,0.068782
0.02,70,0.1,True,0.71,0.9093,0.049091,False,0.068782
0.02,71,0.05,False,,,,,0.073162
0.02,71,0.1,True,0.67,0.9294,0.057662,False,0.073162
0.02,72,0.05,False,,,,,0.073272
0.02,72,0.1,True,0.69,0.9236,0.055464,False,0.073272
0.02,73,0.05,False,,,,,0.073778
0.02,73,0.1,True,0.69,0.9195,0.055792,False,0.073778
0.02,74,0.05,False,,,,,0.072354
0.02,74,0.1,True,0.71,0.9154,0.052584,False,0.072354
0.02,75,0.05,False,,,,,0.075071
0.02,75,0.1,True,0.71,0.915,0.054496,False,0.075071
0.02,76,0.05,False,,,,,0.073585
0.02,76,0.1,True,0.69,0.9176,0.054479,False,0.073585
0.02,77,0.05,False,,,,,0.072124
0.02,77,0.1,True,0.69,0.9157,0.053724,False,0.072124
0.02,78,0.05,False,,,,,0.07243
0.02,78,0.1,True,0.71,0.9033,0.050626,False,0.07243
0.02,79,0.05,False,,,,,0.075045
0.02,79,0.1,True,0.65,0.9412,0.061461,False,0.075045
0.02,80,0.05,False,,,,,0.073246
0.02,80,0.1,True,0.67,0.9353,0.057736,False,0.073246
0.02,81,0.05,False,,,,,0.07433
0.02,81,0.1,True,0.67,0.9283,0.057564,False,0.07433
0.02,82,0.05,False,,,,,0.072926
0.02,82,0.1,True,0.73,0.9062,0.051016,False,0.072926
0.02,83,0.05,False,,,,,0.074132
0.02,83,0.1,True,0.65,0.938,0.060928,False,0.074132
0.02,84,0.05,False,,,,,0.070902
0.02,84,0.1,True,0.65,0.9403,0.057842,False,0.070902
0.02,85,0.05,False,,,,,0.072892
0.02,85,0.1,True,0.69,0.9217,0.054184,False,0.072892
0.02,86,0.05,False,,,,,0.069882
0.02,86,0.1,True,0.71,0.9091,0.050719,False,0.069882
0.02,87,0.05,False,,,,,0.072732
0.02,87,0.1,True,0.67,0.9253,0.057626,False,0.072732
0.02,88,0.05,False,,,,,0.072312
0.02,88,0.1,True,0.61,0.9537,0.063533,False,0.072312
0.02,89,0.05,False,,,,,0.074437
0.02,89,0.1,True,0.69,0.9224,0.055996,False,0.074437
0.02,90,0.05,False,,,,,0.072717
0.02,90,0.1,True,0.73,0.904,0.050838,False,0.072717
0.02,91,0.05,False,,,,,0.074714
0.02,91,0.1,True,0.65,0.9442,0.061377,False,0.074714
0.02,92,0.05,False,,,,,0.07199
0.02,92,0.1,True,0.75,0.8911,0.047428,False,0.07199
0.02,93,0.05,False,,,,,0.076258
0.02,93,0.1,True,0.65,0.9394,0.063343,False,0.076258
0.02,94,0.05,False,,,,,0.073532
0.02,94,0.1,True,0.69,0.9152,0.0538,False,0.073532
0.02,95,0.05,False,,,,,0.072975
0.02,95,0.1,True,0.63,0.9454,0.061686,False,0.072975
0.02,96,0.05,False,,,,,0.073056
0.02,96,0.1,True,0.71,0.9159,0.053267,False,0.073056
0.02,97,0.05,False,,,,,0.074441
0.02,97,0.1,True,0.63,0.9485,0.063469,False,0.074441
0.02,98,0.05,False,,,,,0.070756
0.02,98,0.1,True,0.69,0.9156,0.052598,False,0.070756
0.02,99,0.05,False,,,,,0.071589
0.02,99,0.1,True,0.69,0.9152,0.052704,False,0.071589
0.02,100,0.05,False,,,,,0.074596
0.02,100,0.1,True,0.61,0.9558,0.065498,False,0.074596
0.02,101,0.05,False,,,,,0.07466
0.02,101,0.1,True,0.65,0.9366,0.06128,False,0.07466
0.02,102,0.05,False,,,,,0.075093
0.02,102,0.1,True,0.63,0.9476,0.064562,False,0.075093
0.02,103,0.05,False,,,,,0.073764
0.02,103,0.1,True,0.75,0.8943,0.049286,False,0.073764
0.02,104,0.05,False,,,,,0.073356
0.02,104,0.1,True,0.71,0.9121,0.053182,False,0.073356
0.02,105,0.05,False,,,,,0.075236
0.02,105,0.1,True,0.71,0.9055,0.053377,False,0.075236
0.02,106,0.05,False,,,,,0.071178
0.02,106,0.1,True,0.65,0.9406,0.058585,False,0.071178
0.02,107,0.05,False,,,,,0.071854
0.02,107,0.1,True,0.69,0.9168,0.053734,False,0.071854
0.02,108,0.05,False,,,,,0.079468
0.02,108,0.1,True,0.73,0.9026,0.055576,False,0.079468
0.02,109,0.05,False,,,,,0.07515
0.02,109,0.1,True,0.67,0.9329,0.060681,False,0.07515
0.02,110,0.05,False,,,,,0.075312
0.02,110,0.1,True,0.73,0.9039,0.052871,False,0.075312
0.02,111,0.05,False,,,,,0.073897
0.02,111,0.1,True,0.71,0.9049,0.053009,False,0.073897
0.02,112,0.05,False,,,,,0.07889
0.02,112,0.1,True,0.71,0.9162,0.057486,False,0.07889
0.02,113,0.05,False,,,,,0.075871
0.02,113,0.1,True,0.67,0.9337,0.060849,False,0.075871
0.02,114,0.05,False,,,,,0.071426
0.02,114,0.1,True,0.69,0.9215,0.053327,False,0.071426
0.02,115,0.05,False,,,,,0.076462
0.02,115,0.1,True,0.73,0.8989,0.051557,False,0.076462
0.02,116,0.05,False,,,,,0.07285
0.02,116,0.1,True,0.69,0.9242,0.055635,False,0.07285
0.02,117,0.05,False,,,,,0.072088
0.02,117,0.1,True,0.63,0.9468,0.060954,False,0.072088
0.02,118,0.05,False,,,,,0.072594
0.02,118,0.1,True,0.67,0.9304,0.057197,False,0.072594
0.02,119,0.05,False,,,,,0.073203
0.02,119,0.1,True,0.71,0.9124,0.052726,False,0.073203
0.02,120,0.05,False,,,,,0.074098
0.02,120,0.1,True,0.67,0.9307,0.058426,False,0.074098
0.02,121,0.05,False,,,,,0.074023
0.02,121,0.1,True,0.67,0.9326,0.058353,False,0.074023
0.02,122,0.05,False,,,,,0.076082
0.02,122,0.1,True,0.69,0.9176,0.055754,False,0.076082
0.02,123,0.05,False,,,,,0.075451
0.02,123,0.1,True,0.69,0.9195,0.05644,False,0.075451
0.02,124,0.05,False,,,,,0.075965
0.02,124,0.1,True,0.71,0.904,0.054194,False,0.075965
0.02,125,0.05,False,,,,,0.073095
0.02,125,0.1,True,0.67,0.9324,0.057844,False,0.073095
0.02,126,0.05,False,,,,,0.072936
0.02,126,0.1,True,0.65,0.9387,0.058228,False,0.072936
0.02,127,0.05,False,,,,,0.074548
0.02,127,0.1,True,0.65,0.9423,0.061431,False,0.074548
0.02,128,0.05,False,,,,,0.076172
0.02,128,0.1,True,0.67,0.9334,0.061064,False,0.076172
0.02,129,0.05,False,,,,,0.074559
0.02,129,0.1,True,0.71,0.9062,0.053152,False,0.074559
0.02,130,0.05,False,,,,,0.074746
0.02,130,0.1,True,0.71,0.9141,0.05414,False,0.074746
0.02,131,0.05,False,,,,,0.076534
0.02,131,0.1,True,0.69,0.9178,0.05764,False,0.076534
0.02,132,0.05,False,,,,,0.072007
0.02,132,0.1,True,0.69,0.921,0.053462,False,0.072007
0.02,133,0.05,False,,,,,0.071588
0.02,133,0.1,True,0.71,0.9114,0.051256,False,0.071588
0.02,134,0.05,False,,,,,0.074157
0.02,134,0.1,True,0.67,0.9252,0.056879,False,0.074157
0.02,135,0.05,False,,,,,0.074816
0.02,135,0.1,True,0.69,0.9247,0.056158,False,0.074816
0.02,136,0.05,False,,,,,0.071943
0.02,136,0.1,True,0.69,0.922,0.053701,False,0.071943
0.02,137,0.05,False,,,,,0.071074
0.02,137,0.1,True,0.67,0.9315,0.055694,False,0.071074
0.02,138,0.05,False,,,,,0.076682
0.02,138,0.1,True,0.67,0.9288,0.060897,False,0.076682
0.02,139,0.05,False,,,,,0.069844
0.02,139,0.1,True,0.67,0.9286,0.054531,False,0.069844
0.02,140,0.05,False,,,,,0.072661
0.02,140,0.1,True,0.71,0.9178,0.051868,False,0.072661
0.02,141,0.05,False,,,,,0.071735
0.02,141,0.1,True,0.71,0.9062,0.049957,False,0.071735
0.02,142,0.05,False,,,,,0.071853
0.02,142,0.1,True,0.73,0.9005,0.049485,False,0.071853
0.02,143,0.05,False,,,,,0.073669
0.02,143,0.1,True,0.67,0.9242,0.057461,False,0.073669
0.02,144,0.05,False,,,,,0.075794
0.02,144,0.1,True,0.65,0.9333,0.061731,False,0.075794
0.02,145,0.05,False,,,,,0.073386
0.02,145,0.1,True,0.67,0.9314,0.057208,False,0.073386
0.02,146,0.05,False,,,,,0.0732
0.02,146,0.1,True,0.69,0.92,0.055242,False,0.0732
0.02,147,0.05,False,,,,,0.07259
0.02,147,0.1,True,0.73,0.9009,0.049666,False,0.07259
0.02,148,0.05,False,,,,,0.073139
0.02,148,0.1,True,0.65,0.9383,0.059227,False,0.073139
0.02,149,0.05,False,,,,,0.072748
0.02,149,0.1,True,0.69,0.9181,0.054343,False,0.072748
0.02,150,0.05,False,,,,,0.0749
0.02,150,0.1,True,0.65,0.9445,0.06152,False,0.0749
0.02,151,0.05,False,,,,,0.077093
0.02,151,0.1,True,0.71,0.9107,0.05569,False,0.077093
0.02,152,0.05,False,,,,,0.072096
0.02,152,0.1,True,0.69,0.9199,0.054957,False,0.072096
0.02,153,0.05,False,,,,,0.072395
0.02,153,0.1,True,0.67,0.9293,0.057225,False,0.072395
0.02,154,0.05,False,,,,,0.075341
0.02,154,0.1,True,0.69,0.9221,0.056374,False,0.075341
0.02,155,0.05,False,,,,,0.07228
0.02,155,0.1,True,0.67,0.928,0.056568,False,0.07228
0.02,156,0.05,False,,,,,0.076694
0.02,156,0.1,True,0.69,0.9169,0.057082,False,0.076694
0.02,157,0.05,False,,,,,0.070891
0.02,157,0.1,True,0.65,0.9407,0.058217,False,0.070891
0.02,158,0.05,False,,,,,0.07545
0.02,158,0.1,True,0.69,0.9199,0.057379,False,0.07545
0.02,159,0.05,False,,,,,0.074282
0.02,159,0.1,True,0.67,0.9281,0.056862,False,0.074282
0.02,160,0.05,False,,,,,0.074912
0.02,160,0.1,True,0.69,0.9159,0.055092,False,0.074912
0.02,161,0.05,False,,,,,0.071166
0.02,161,0.1,True,0.65,0.9357,0.05717,False,0.071166
0.02,162,0.05,False,,,,,0.073137
0.02,162,0.1,True,0.63,0.9488,0.062248,False,0.073137
0.02,163,0.05,False,,,,,0.073602
0.02,163,0.1,True,0.71,0.9101,0.054045,False,0.073602
0.02,164,0.05,False,,,,,0.070685
0.02,164,0.1,True,0.63,0.9501,0.059734,False,0.070685
0.02,165,0.05,False,,,,,0.072709
0.02,165,0.1,True,0.65,0.9328,0.05802,False,0.072709
0.02,166,0.05,False,,,,,0.078116
0.02,166,0.1,True,0.73,0.9023,0.053771,False,0.078116
0.02,167,0.05,False,,,,,0.072104
0.02,167,0.1,True,0.67,0.9267,0.0562,False,0.072104
0.02,168,0.05,False,,,,,0.07031
0.02,168,0.1,True,0.67,0.9327,0.05537,False,0.07031
0.02,169,0.05,False,,,,,0.076158
0.02,169,0.1,True,0.69,0.9186,0.056971,False,0.076158
0.02,170,0.05,False,,,,,0.074987
0.02,170,0.1,True,0.65,0.9417,0.061903,False,0.074987
0.02,171,0.05,False,,,,,0.072875
0.02,171,0.1,True,0.67,0.9312,0.057976,False,0.072875
0.02,172,0.05,False,,,,,0.074855
0.02,172,0.1,True,0.69,0.9128,0.056274,False,0.074855
0.02,173,0.05,False,,,,,0.072765
0.02,173,0.1,True,0.67,0.9261,0.056782,False,0.072765
0.02,174,0.05,False,,,,,0.073137
0.02,174,0.1,True,0.69,0.9248,0.05525,False,0.073137
0.02,175,0.05,False,,,,,0.073882
0.02,175,0.1,True,0.71,0.9034,0.051612,False,0.073882
0.02,176,0.05,False,,,,,0.077159
0.02,176,0.1,True,0.71,0.913,0.056317,False,0.077159
0.02,177,0.05,False,,,,,0.070424
0.02,177,0.1,True,0.67,0.9324,0.055172,False,0.070424
0.02,178,0.05,False,,,,,0.07363
0.02,178,0.1,True,0.65,0.939,0.060205,False,0.07363
0.02,179,0.05,False,,,,,0.077901
0.02,179,0.1,True,0.65,0.9311,0.062866,False,0.077901
0.02,180,0.05,False,,,,,0.073074
0.02,180,0.1,True,0.75,0.8933,0.048449,False,0.073074
0.02,181,0.05,False,,,,,0.073698
0.02,181,0.1,True,0.69,0.9244,0.056681,False,0.073698
0.02,182,0.05,False,,,,,0.075989
0.02,182,0.1,True,0.71,0.9082,0.054343,False,0.075989
0.02,183,0.05,False,,,,,0.074629
0.02,183,0.1,True,0.67,0.927,0.057687,False,0.074629
0.02,184,0.05,False,,,,,0.073594
0.02,184,0.1,True,0.71,0.9086,0.051923,False,0.073594
0.02,185,0.05,False,,,,,0.077213
0.02,185,0.1,True,0.67,0.927,0.060109,False,0.077213
0.02,186,0.05,False,,,,,0.073791
0.02,186,0.1,True,0.67,0.9307,0.057892,False,0.073791
0.02,187,0.05,False,,,,,0.075336
0.02,187,0.1,True,0.65,0.9365,0.060179,False,0.075336
0.02,188,0.05,False,,,,,0.072615
0.02,188,0.1,True,0.67,0.9276,0.056926,False,0.072615
0.02,189,0.05,False,,,,,0.073273
0.02,189,0.1,True,0.67,0.9233,0.055661,False,0.073273
0.02,190,0.05,False,,,,,0.075048
0.02,190,0.1,True,0.69,0.9198,0.056693,False,0.075048
0.02,191,0.05,False,,,,,0.07409
0.02,191,0.1,True,0.69,0.9195,0.055285,False,0.07409
0.02,192,0.05,False,,,,,0.072505
0.02,192,0.1,True,0.67,0.9322,0.056933,False,0.072505
0.02,193,0.05,False,,,,,0.071774
0.02,193,0.1,True,0.65,0.9392,0.058797,False,0.071774
0.02,194,0.05,False,,,,,0.075798
0.02,194,0.1,True,0.73,0.8964,0.050903,False,0.075798
0.02,195,0.05,False,,,,,0.072049
0.02,195,0.1,True,0.63,0.9477,0.060861,False,0.072049
0.02,196,0.05,False,,,,,0.071661
0.02,196,0.1,True,0.65,0.9315,0.058044,False,0.071661
0.02,197,0.05,False,,,,,0.070485
0.02,197,0.1,True,0.69,0.9184,0.052682,False,0.070485
0.02,198,0.05,False,,,,,0.07284
0.02,198,0.1,True,0.65,0.9385,0.059624,False,0.07284
0.02,199,0.05,False,,,,,0.070352
0.02,199,0.1,True,0.69,0.9197,0.051879,False,0.070352
0.02,200,0.05,False,,,,,0.07393
0.02,200,0.1,True,0.69,0.9291,0.056875,False,0.07393
0.02,201,0.05,False,,,,,0.073571
0.02,201,0.1,True,0.73,0.8993,0.050381,False,0.073571
0.02,202,0.05,False,,,,,0.071436
0.02,202,0.1,True,0.65,0.9374,0.057166,False,0.071436
0.02,203,0.05,False,,,,,0.076371
0.02,203,0.1,True,0.67,0.9297,0.058964,False,0.076371
0.02,204,0.05,False,,,,,0.070155
0.02,204,0.1,True,0.71,0.9113,0.050227,False,0.070155
0.02,205,0.05,False,,,,,0.079103
0.02,205,0.1,True,0.73,0.8989,0.053705,False,0.079103
0.02,206,0.05,False,,,,,0.071567
0.02,206,0.1,True,0.69,0.9121,0.052293,False,0.071567
0.02,207,0.05,False,,,,,0.074991
0.02,207,0.1,True,0.61,0.9569,0.066645,False,0.074991
0.02,208,0.05,False,,,,,0.076686
0.02,208,0.1,True,0.71,0.9104,0.055875,False,0.076686
0.02,209,0.05,False,,,,,0.070786
0.02,209,0.1,True,0.67,0.9308,0.054641,False,0.070786
0.02,210,0.05,False,,,,,0.072495
0.02,210,0.1,True,0.65,0.9394,0.058037,False,0.072495
0.02,211,0.05,False,,,,,0.072578
0.02,211,0.1,True,0.65,0.9371,0.058923,False,0.072578
0.02,212,0.05,False,,,,,0.07322
0.02,212,0.1,True,0.69,0.9165,0.055585,False,0.07322
0.02,213,0.05,False,,,,,0.076367
0.02,213,0.1,True,0.67,0.9295,0.060059,False,0.076367
0.02,214,0.05,False,,,,,0.074458
0.02,214,0.1,True,0.65,0.9366,0.05992,False,0.074458
0.02,215,0.05,False,,,,,0.075306
0.02,215,0.1,True,0.71,0.912,0.055724,False,0.075306
0.02,216,0.05,False,,,,,0.074471
0.02,216,0.1,True,0.65,0.9389,0.060579,False,0.074471
0.02,217,0.05,False,,,,,0.078154
0.02,217,0.1,True,0.73,0.9045,0.055207,False,0.078154
0.02,218,0.05,False,,,,,0.073507
0.02,218,0.1,True,0.67,0.9312,0.058119,False,0.073507
0.02,219,0.05,False,,,,,0.075833
0.02,219,0.1,True,0.73,0.9039,0.052322,False,0.075833
0.02,220,0.05,False,,,,,0.074805
0.02,220,0.1,True,0.67,0.9305,0.058269,False,0.074805
0.02,221,0.05,False,,,,,0.074692
0.02,221,0.1,True,0.71,0.9172,0.053792,False,0.074692
0.02,222,0.05,False,,,,,0.072986
0.02,222,0.1,True,0.69,0.9185,0.05282,False,0.072986
0.02,223,0.05,False,,,,,0.074534
0.02,223,0.1,True,0.67,0.9339,0.0595,False,0.074534
0.02,224,0.05,False,,,,,0.076581
0.02,224,0.1,True,0.69,0.9192,0.057754,False,0.076581
0.02,225,0.05,False,,,,,0.072732
0.02,225,0.1,True,0.67,0.9275,0.055926,False,0.072732
0.02,226,0.05,False,,,,,0.071565
0.02,226,0.1,True,0.71,0.9164,0.052439,False,0.071565
0.02,227,0.05,False,,,,,0.073709
0.02,227,0.1,True,0.73,0.8935,0.050207,False,0.073709
0.02,228,0.05,False,,,,,0.076306
0.02,228,0.1,True,0.67,0.9285,0.058835,False,0.076306
0.02,229,0.05,False,,,,,0.078657
0.02,229,0.1,True,0.69,0.9205,0.059871,False,0.078657
0.02,230,0.05,False,,,,,0.074563
0.02,230,0.1,True,0.71,0.9177,0.054789,False,0.074563
0.02,231,0.05,False,,,,,0.074731
0.02,231,0.1,True,0.69,0.9133,0.054842,False,0.074731
0.02,232,0.05,False,,,,,0.074539
0.02,232,0.1,True,0.67,0.9278,0.05804,False,0.074539
0.02,233,0.05,False,,,,,0.075016
0.02,233,0.1,True,0.71,0.9137,0.054344,False,0.075016
0.02,234,0.05,False,,,,,0.072445
0.02,234,0.1,True,0.71,0.9108,0.051442,False,0.072445
0.02,235,0.05,False,,,,,0.073491
0.02,235,0.1,True,0.73,0.8949,0.050506,False,0.073491
0.02,236,0.05,False,,,,,0.074833
0.02,236,0.1,True,0.71,0.9162,0.05432,False,0.074833
0.02,237,0.05,False,,,,,0.072072
0.02,237,0.1,True,0.69,0.9191,0.052918,False,0.072072
0.02,238,0.05,False,,,,,0.070427
0.02,238,0.1,True,0.69,0.9241,0.053513,False,0.070427
0.02,239,0.05,False,,,,,0.074042
0.02,239,0.1,True,0.67,0.9264,0.057151,False,0.074042
0.02,240,0.05,False,,,,,0.075511
0.02,240,0.1,True,0.71,0.9094,0.053382,False,0.075511
0.02,241,0.05,False,,,,,0.072099
0.02,241,0.1,True,0.71,0.9131,0.051607,False,0.072099
0.02,242,0.05,False,,,,,0.073773
0.02,242,0.1,True,0.61,0.9628,0.065948,False,0.073773
0.02,243,0.05,False,,,,,0.076248
0.02,243,0.1,True,0.67,0.9287,0.060432,False,0.076248
0.02,244,0.05,False,,,,,0.074494
0.02,244,0.1,True,0.69,0.9175,0.056191,False,0.074494
0.02,245,0.05,False,,,,,0.075986
0.02,245,0.1,True,0.73,0.8938,0.052565,False,0.075986
0.02,246,0.05,False,,,,,0.075336
0.02,246,0.1,True,0.69,0.9131,0.055673,False,0.075336
0.02,247,0.05,False,,,,,0.074118
0.02,247,0.1,True,0.71,0.9063,0.053729,False,0.074118
0.02,248,0.05,False,,,,,0.073246
0.02,248,0.1,True,0.69,0.9139,0.054773,False,0.073246
0.02,249,0.05,False,,,,,0.071409
0.02,249,0.1,True,0.61,0.9557,0.062808,False,0.071409
0.02,250,0.05,False,,,,,0.07417
0.02,250,0.1,True,0.67,0.9321,0.058446,False,0.07417
0.02,251,0.05,False,,,,,0.072897
0.02,251,0.1,True,0.65,0.9387,0.05989,False,0.072897
0.02,252,0.05,False,,,,,0.075454
0.02,252,0.1,True,0.67,0.9313,0.059806,False,0.075454
0.02,253,0.05,False,,,,,0.072484
0.02,253,0.1,True,0.71,0.9137,0.051732,False,0.072484
0.02,254,0.05,False,,,,,0.072971
0.02,254,0.1,True,0.63,0.9474,0.061695,False,0.072971
0.02,255,0.05,False,,,,,0.069934
0.02,255,0.1,True,0.67,0.9286,0.054652,False,0.069934
0.02,256,0.05,False,,,,,0.075219
0.02,256,0.1,True,0.67,0.9318,0.059339,False,0.075219
0.02,257,0.05,False,,,,,0.072696
0.02,257,0.1,True,0.65,0.9392,0.059593,False,0.072696
0.02,258,0.05,False,,,,,0.076421
0.02,258,0.1,True,0.65,0.937,0.06232,False,0.076421
0.02,259,0.05,False,,,,,0.071623
0.02,259,0.1,True,0.65,0.934,0.057268,False,0.071623
0.02,260,0.05,False,,,,,0.072975
0.02,260,0.1,True,0.67,0.9294,0.057261,False,0.072975
0.02,261,0.05,False,,,,,0.07601
0.02,261,0.1,True,0.75,0.8944,0.050796,False,0.07601
0.02,262,0.05,False,,,,,0.071081
0.02,262,0.1,True,0.67,0.9346,0.055744,False,0.071081
0.02,263,0.05,False,,,,,0.072671
0.02,263,0.1,True,0.65,0.9417,0.059785,False,0.072671
0.02,264,0.05,False,,,,,0.073139
0.02,264,0.1,True,0.67,0.9335,0.058286,False,0.073139
0.02,265,0.05,False,,,,,0.074433
0.02,265,0.1,True,0.65,0.9403,0.061402,False,0.074433
0.02,266,0.05,False,,,,,0.073249
0.02,266,0.1,True,0.69,0.9258,0.054366,False,0.073249
0.02,267,0.05,False,,,,,0.073931
0.02,267,0.1,True,0.67,0.9332,0.058427,False,0.073931
0.02,268,0.05,False,,,,,0.074358
0.02,268,0.1,True,0.73,0.8988,0.05225,False,0.074358
0.02,269,0.05,False,,,,,0.077175
0.02,269,0.1,True,0.71,0.9108,0.055732,False,0.077175
0.02,270,0.05,False,,,,,0.073372
0.02,270,0.1,True,0.69,0.9199,0.055827,False,0.073372
0.02,271,0.05,False,,,,,0.072549
0.02,271,0.1,True,0.71,0.9068,0.051429,False,0.072549
0.02,272,0.05,False,,,,,0.072136
0.02,272,0.1,True,0.71,0.9146,0.052934,False,0.072136
0.02,273,0.05,False,,,,,0.079204
0.02,273,0.1,True,0.67,0.9313,0.062361,False,0.079204
0.02,274,0.05,False,,,,,0.072568
0.02,274,0.1,True,0.67,0.9248,0.05666,False,0.072568
0.02,275,0.05,False,,,,,0.072327
0.02,275,0.1,True,0.69,0.9181,0.053086,False,0.072327
0.02,276,0.05,False,,,,,0.073144
0.02,276,0.1,True,0.67,0.9317,0.056785,False,0.073144
0.02,277,0.05,False,,,,,0.075086
0.02,277,0.1,True,0.67,0.9294,0.059262,False,0.075086
0.02,278,0.05,False,,,,,0.072633
0.02,278,0.1,True,0.69,0.9125,0.053473,False,0.072633
0.02,279,0.05,False,,,,,0.074755
0.02,279,0.1,True,0.65,0.9354,0.061452,False,0.074755
0.02,280,0.05,False,,,,,0.075147
0.02,280,0.1,True,0.71,0.9131,0.054524,False,0.075147
0.02,281,0.05,False,,,,,0.076357
0.02,281,0.1,True,0.67,0.9285,0.058905,False,0.076357
0.02,282,0.05,False,,,,,0.073066
0.02,282,0.1,True,0.71,0.9143,0.052375,False,0.073066
0.02,283,0.05,False,,,,,0.073617
0.02,283,0.1,True,0.67,0.9281,0.057445,False,0.073617
0.02,284,0.05,False,,,,,0.075215
0.02,284,0.1,True,0.69,0.9189,0.056364,False,0.075215
0.02,285,0.05,False,,,,,0.074361
0.02,285,0.1,True,0.67,0.9315,0.058785,False,0.074361
0.02,286,0.05,False,,,,,0.077245
0.02,286,0.1,True,0.71,0.9056,0.055027,False,0.077245
0.02,287,0.05,False,,,,,0.073765
0.02,287,0.1,True,0.65,0.9394,0.060174,False,0.073765
0.02,288,0.05,False,,,,,0.074801
0.02,288,0.1,True,0.67,0.9294,0.058776,False,0.074801
0.02,289,0.05,False,,,,,0.075155
0.02,289,0.1,True,0.67,0.9238,0.058935,False,0.075155
0.02,290,0.05,False,,,,,0.076051
0.02,290,0.1,True,0.67,0.9254,0.058986,False,0.076051
0.02,291,0.05,False,,,,,0.071786
0.02,291,0.1,True,0.67,0.9229,0.055557,False,0.071786
0.02,292,0.05,False,,,,,0.071715
0.02,292,0.1,True,0.69,0.9249,0.054085,False,0.071715
0.02,293,0.05,False,,,,,0.071968
0.02,293,0.1,True,0.67,0.9272,0.055935,False,0.071968
0.02,294,0.05,False,,,,,0.072554
0.02,294,0.1,True,0.69,0.9211,0.054143,False,0.072554
0.02,295,0.05,False,,,,,0.067934
0.02,295,0.1,True,0.65,0.938,0.054351,False,0.067934
0.02,296,0.05,False,,,,,0.074569
0.02,296,0.1,True,0.69,0.9128,0.055401,False,0.074569
0.02,297,0.05,False,,,,,0.075272
0.02,297,0.1,True,0.71,0.9047,0.053604,False,0.075272
0.02,298,0.05,False,,,,,0.071284
0.02,298,0.1,True,0.67,0.9279,0.055789,False,0.071284
0.02,299,0.05,False,,,,,0.072661
0.02,299,0.1,True,0.69,0.9132,0.053111,False,0.072661
0.03,0,0.05,False,,,,,0.083398
0.03,0,0.1,True,0.75,0.873,0.055728,False,0.083398
0.03,1,0.05,False,,,,,0.084937
0.03,1,0.1,True,0.77,0.8674,0.055216,False,0.084937
0.03,2,0.05,False,,,,,0.081785
0.03,2,0.1,True,0.73,0.8763,0.056234,False,0.081785
0.03,3,0.05,False,,,,,0.083563
0.03,3,0.1,True,0.79,0.8489,0.052886,False,0.083563
0.03,4,0.05,False,,,,,0.081093
0.03,4,0.1,True,0.71,0.8943,0.058132,False,0.081093
0.03,5,0.05,False,,,,,0.083319
0.03,5,0.1,True,0.77,0.849,0.053692,False,0.083319
0.03,6,0.05,False,,,,,0.081231
0.03,6,0.1,True,0.75,0.869,0.054951,False,0.081231
0.03,7,0.05,False,,,,,0.082633
0.03,7,0.1,True,0.79,0.8476,0.050999,False,0.082633
0.03,8,0.05,False,,,,,0.081298
0.03,8,0.1,True,0.73,0.8852,0.056759,False,0.081298
0.03,9,0.05,False,,,,,0.084059
0.03,9,0.1,True,0.75,0.8758,0.055782,False,0.084059
0.03,10,0.05,False,,,,,0.07741
0.03,10,0.1,True,0.83,0.7923,0.043356,False,0.07741
0.03,11,0.05,False,,,,,0.081892
0.03,11,0.1,True,0.77,0.8487,0.050718,False,0.081892
0.03,12,0.05,False,,,,,0.083471
0.03,12,0.1,True,0.79,0.8416,0.051902,False,0.083471
0.03,13,0.05,False,,,,,0.081809
0.03,13,0.1,True,0.79,0.8429,0.05077,False,0.081809
0.03,14,0.05,False,,,,,0.083294
0.03,14,0.1,True,0.77,0.8621,0.053727,False,0.083294
0.03,15,0.05,False,,,,,0.080728
0.03,15,0.1,True,0.73,0.8907,0.057029,False,0.080728
0.03,16,0.05,False,,,,,0.080919
0.03,16,0.1,True,0.77,0.8598,0.052145,False,0.080919
0.03,17,0.05,False,,,,,0.080447
0.03,17,0.1,True,0.75,0.8645,0.053139,False,0.080447
0.03,18,0.05,False,,,,,0.081116
0.03,18,0.1,True,0.77,0.862,0.05253,False,0.081116
0.03,19,0.05,False,,,,,0.082031
0.03,19,0.1,True,0.73,0.8923,0.059002,False,0.082031
0.03,20,0.05,False,,,,,0.08176
0.03,20,0.1,True,0.75,0.8713,0.055555,False,0.08176
0.03,21,0.05,False,,,,,0.084905
0.03,21,0.1,True,0.77,0.866,0.054868,False,0.084905
0.03,22,0.05,False,,,,,0.081667
0.03,22,0.1,True,0.79,0.8442,0.05102,False,0.081667
0.03,23,0.05,False,,,,,0.085172
0.03,23,0.1,True,0.81,0.8176,0.049316,False,0.085172
0.03,24,0.05,False,,,,,0.083878
0.03,24,0.1,True,0.75,0.8676,0.055494,False,0.083878
0.03,25,0.05,False,,,,,0.084813
0.03,25,0.1,True,0.85,0.7772,0.045697,False,0.084813
0.03,26,0.05,False,,,,,0.082776
0.03,26,0.1,True,0.79,0.8493,0.051007,False,0.082776
0.03,27,0.05,False,,,,,0.085787
0.03,27,0.1,True,0.73,0.8796,0.059736,False,0.085787
0.03,28,0.05,False,,,,,0.083128
0.03,28,0.1,True,0.75,0.8797,0.056613,False,0.083128
0.03,29,0.05,False,,,,,0.078495
0.03,29,0.1,True,0.73,0.8878,0.055611,False,0.078495
0.03,30,0.05,False,,,,,0.08528
0.03,30,0.1,True,0.79,0.8478,0.052901,False,0.08528
0.03,31,0.05,False,,,,,0.079211
0.03,31,0.1,True,0.83,0.7847,0.043789,False,0.079211
0.03,32,0.05,False,,,,,0.084455
0.03,32,0.1,True,0.75,0.8709,0.056636,False,0.084455
0.03,33,0.05,False,,,,,0.088195
0.03,33,0.1,True,0.75,0.8674,0.058466,False,0.088195
0.03,34,0.05,False,,,,,0.079079
0.03,34,0.1,True,0.77,0.8484,0.051132,False,0.079079
0.03,35,0.05,False,,,,,0.080949
0.03,35,0.1,True,0.77,0.8524,0.051827,False,0.080949
0.03,36,0.05,False,,,,,0.08172
0.03,36,0.1,True,0.79,0.8457,0.049958,False,0.08172
0.03,37,0.05,False,,,,,0.081944
0.03,37,0.1,True,0.75,0.8687,0.056071,False,0.081944
0.03,38,0.05,False,,,,,0.081413
0.03,38,0.1,True,0.77,0.8535,0.051849,False,0.081413
0.03,39,0.05,False,,,,,0.082816
0.03,39,0.1,True,0.77,0.867,0.052892,False,0.082816
0.03,40,0.05,False,,,,,0.081359
0.03,40,0.1,True,0.77,0.8568,0.05327,False,0.081359
0.03,41,0.05,False,,,,,0.082506
0.03,41,0.1,True,0.79,0.842,0.050505,False,0.082506
0.03,42,0.05,False,,,,,0.084184
0.03,42,0.1,True,0.79,0.8493,0.052298,False,0.084184
0.03,43,0.05,False,,,,,0.079741
0.03,43,0.1,True,0.75,0.8739,0.053418,False,0.079741
0.03,44,0.05,False,,,,,0.083481
0.03,44,0.1,True,0.75,0.872,0.056433,False,0.083481
0.03,45,0.05,False,,,,,0.0798
0.03,45,0.1,True,0.79,0.851,0.049627,False,0.0798
0.03,46,0.05,False,,,,,0.083712
0.03,46,0.1,True,0.79,0.841,0.050898,False,0.083712
0.03,47,0.05,False,,,,,0.082943
0.03,47,0.1,True,0.79,0.8362,0.050979,False,0.082943
0.03,48,0.05,False,,,,,0.081173
0.03,48,0.1,True,0.75,0.8786,0.055519,False,0.081173
0.03,49,0.05,False,,,,,0.081363
0.03,49,0.1,True,0.77,0.8596,0.052525,False,0.081363
0.03,50,0.05,False,,,,,0.082411
0.03,50,0.1,True,0.77,0.8521,0.053376,False,0.082411
0.03,51,0.05,False,,,,,0.080801
0.03,51,0.1,True,0.75,0.8667,0.055272,False,0.080801
0.03,52,0.05,False,,,,,0.083175
0.03,52,0.1,True,0.77,0.8533,0.052622,False,0.083175
0.03,53,0.05,False,,,,,0.08571
0.03,53,0.1,True,0.79,0.8408,0.052455,False,0.08571
0.03,54,0.05,False,,,,,0.080244
0.03,54,0.1,True,0.77,0.846,0.050869,False,0.080244
0.03,55,0.05,False,,,,,0.077772
0.03,55,0.1,True,0.77,0.8551,0.050431,False,0.077772
0.03,56,0.05,False,,,,,0.082221
0.03,56,0.1,True,0.77,0.8558,0.052791,False,0.082221
0.03,57,0.05,False,,,,,0.080537
0.03,57,0.1,True,0.75,0.8775,0.053183,False,0.080537
0.03,58,0.05,False,,,,,0.082964
0.03,58,0.1,True,0.79,0.8333,0.050621,False,0.082964
0.03,59,0.05,False,,,,,0.078389
0.03,59,0.1,True,0.77,0.8653,0.051813,False,0.078389
0.03,60,0.05,False,,,,,0.084732
0.03,60,0.1,True,0.73,0.8823,0.059163,False,0.084732
0.03,61,0.05,False,,,,,0.080956
0.03,61,0.1,True,0.77,0.848,0.050823,False,0.080956
0.03,62,0.05,False,,,,,0.078409
0.03,62,0.1,True,0.79,0.8509,0.049068,False,0.078409
0.03,63,0.05,False,,,,,0.080228
0.03,63,0.1,True,0.77,0.8539,0.051059,False,0.080228
0.03,64,0.05,False,,,,,0.080111
0.03,64,0.1,True,0.77,0.8622,0.053049,False,0.080111
0.03,65,0.05,False,,,,,0.086954
0.03,65,0.1,True,0.79,0.8319,0.053191,False,0.086954
0.03,66,0.05,False,,,,,0.081075
0.03,66,0.1,True,0.75,0.8739,0.05442,False,0.081075
0.03,67,0.05,False,,,,,0.079329
0.03,67,0.1,True,0.81,0.8191,0.04646,False,0.079329
0.03,68,0.05,False,,,,,0.0811
0.03,68,0.1,True,0.73,0.8774,0.056067,False,0.0811
0.03,69,0.05,False,,,,,0.079776
0.03,69,0.1,True,0.75,0.8759,0.05356,False,0.079776
0.03,70,0.05,False,,,,,0.080966
0.03,70,0.1,True,0.73,0.8784,0.055843,False,0.080966
0.03,71,0.05,False,,,,,0.082974
0.03,71,0.1,True,0.77,0.8625,0.053576,False,0.082974
0.03,72,0.05,False,,,,,0.085277
0.03,72,0.1,True,0.77,0.8646,0.054567,False,0.085277
0.03,73,0.05,False,,,,,0.085064
0.03,73,0.1,True,0.75,0.8738,0.059048,False,0.085064
0.03,74,0.05,False,,,,,0.083251
0.03,74,0.1,True,0.77,0.8603,0.05527,False,0.083251
0.03,75,0.05,False,,,,,0.07941
0.03,75,0.1,True,0.73,0.8876,0.055223,False,0.07941
0.03,76,0.05,False,,,,,0.081032
0.03,76,0.1,True,0.75,0.8746,0.053775,False,0.081032
0.03,77,0.05,False,,,,,0.082219
0.03,77,0.1,True,0.77,0.8544,0.052564,False,0.082219
0.03,78,0.05,False,,,,,0.082054
0.03,78,0.1,True,0.71,0.8976,0.060036,False,0.082054
0.03,79,0.05,False,,,,,0.081403
0.03,79,0.1,True,0.81,0.8091,0.047076,False,0.081403
0.03,80,0.05,False,,,,,0.082613
0.03,80,0.1,True,0.75,0.8776,0.056714,False,0.082613
0.03,81,0.05,False,,,,,0.078081
0.03,81,0.1,True,0.77,0.8695,0.051188,False,0.078081
0.03,82,0.05,False,,,,,0.083726
0.03,82,0.1,True,0.77,0.8566,0.054146,False,0.083726
0.03,83,0.05,False,,,,,0.08216
0.03,83,0.1,True,0.77,0.8596,0.052949,False,0.08216
0.03,84,0.05,False,,,,,0.079987
0.03,84,0.1,True,0.73,0.885,0.055684,False,0.079987
0.03,85,0.05,False,,,,,0.084659
0.03,85,0.1,True,0.75,0.8708,0.057421,False,0.084659
0.03,86,0.05,False,,,,,0.081139
0.03,86,0.1,True,0.77,0.853,0.051632,False,0.081139
0.03,87,0.05,False,,,,,0.082396
0.03,87,0.1,True,0.75,0.8704,0.055322,False,0.082396
0.03,88,0.05,False,,,,,0.078027
0.03,88,0.1,True,0.75,0.8752,0.0519,False,0.078027
0.03,89,0.05,False,,,,,0.083039
0.03,89,0.1,True,0.75,0.8626,0.054812,False,0.083039
0.03,90,0.05,False,,,,,0.08267
0.03,90,0.1,True,0.73,0.8888,0.05783,False,0.08267
0.03,91,0.05,False,,,,,0.081942
0.03,91,0.1,True,0.73,0.8845,0.057222,False,0.081942
0.03,92,0.05,False,,,,,0.083553
0.03,92,0.1,True,0.75,0.8731,0.056704,False,0.083553
0.03,93,0.05,False,,,,,0.081352
0.03,93,0.1,True,0.73,0.8954,0.057844,False,0.081352
0.03,94,0.05,False,,,,,0.08245
0.03,94,0.1,True,0.75,0.8643,0.054179,False,0.08245
0.03,95,0.05,False,,,,,0.080263
0.03,95,0.1,True,0.77,0.8523,0.052255,False,0.080263
0.03,96,0.05,False,,,,,0.089998
0.03,96,0.1,True,0.81,0.8205,0.053983,False,0.089998
0.03,97,0.05,False,,,,,0.086554
0.03,97,0.1,True,0.75,0.8709,0.058637,False,0.086554
0.03,98,0.05,False,,,,,0.081397
0.03,98,0.1,True,0.79,0.8471,0.051495,False,0.081397
0.03,99,0.05,False,,,,,0.082849
0.03,99,0.1,True,0.77,0.8627,0.054227,False,0.082849
0.03,100,0.05,False,,,,,0.082568
0.03,100,0.1,True,0.75,0.8683,0.054556,False,0.082568
0.03,101,0.05,False,,,,,0.080872
0.03,101,0.1,True,0.79,0.8308,0.048676,False,0.080872
0.03,102,0.05,False,,,,,0.080064
0.03,102,0.1,True,0.69,0.912,0.061746,False,0.080064
0.03,103,0.05,False,,,,,0.080398
0.03,103,0.1,True,0.81,0.8233,0.046139,False,0.080398
0.03,104,0.05,False,,,,,0.083116
0.03,104,0.1,True,0.81,0.8277,0.050152,False,0.083116
0.03,105,0.05,False,,,,,0.081076
0.03,105,0.1,True,0.73,0.8759,0.056264,False,0.081076
0.03,106,0.05,False,,,,,0.08649
0.03,106,0.1,True,0.85,0.7755,0.045683,False,0.08649
0.03,107,0.05,False,,,,,0.083823
0.03,107,0.1,True,0.77,0.8595,0.055298,False,0.083823
0.03,108,0.05,False,,,,,0.08031
0.03,108,0.1,True,0.75,0.8697,0.053902,False,0.08031
0.03,109,0.05,False,,,,,0.081343
0.03,109,0.1,True,0.75,0.8701,0.053739,False,0.081343
0.03,110,0.05,False,,,,,0.08232
0.03,110,0.1,True,0.73,0.897,0.058224,False,0.08232
0.03,111,0.05,False,,,,,0.08291
0.03,111,0.1,True,0.75,0.8707,0.056044,False,0.08291
0.03,112,0.05,False,,,,,0.082966
0.03,112,0.1,True,0.77,0.8477,0.051761,False,0.082966
0.03,113,0.05,False,,,,,0.086817
0.03,113,0.1,True,0.77,0.8482,0.055033,False,0.086817
0.03,114,0.05,False,,,,,0.081165
0.03,114,0.1,True,0.77,0.871,0.052579,False,0.081165
0.03,115,0.05,False,,,,,0.080622
0.03,115,0.1,True,0.75,0.8544,0.053587,False,0.080622
0.03,116,0.05,False,,,,,0.08166
0.03,116,0.1,True,0.77,0.8567,0.052822,False,0.08166
0.03,117,0.05,False,,,,,0.083271
0.03,117,0.1,True,0.85,0.7705,0.044539,False,0.083271
0.03,118,0.05,False,,,,,0.082298
0.03,118,0.1,True,0.79,0.8383,0.051202,False,0.082298
0.03,119,0.05,False,,,,,0.083756
0.03,119,0.1,True,0.75,0.8727,0.057446,False,0.083756
0.03,120,0.05,False,,,,,0.080135
0.03,120,0.1,True,0.75,0.8705,0.053982,False,0.080135
0.03,121,0.05,False,,,,,0.082116
0.03,121,0.1,True,0.73,0.8846,0.055921,False,0.082116
0.03,122,0.05,False,,,,,0.081635
0.03,122,0.1,True,0.75,0.8675,0.054994,False,0.081635
0.03,123,0.05,False,,,,,0.082358
0.03,123,0.1,True,0.79,0.8289,0.049628,False,0.082358
0.03,124,0.05,False,,,,,0.084275
0.03,124,0.1,True,0.79,0.8447,0.051354,False,0.084275
0.03,125,0.05,False,,,,,0.082574
0.03,125,0.1,True,0.73,0.8792,0.056851,False,0.082574
0.03,126,0.05,False,,,,,0.088047
0.03,126,0.1,True,0.79,0.8518,0.054717,False,0.088047
0.03,127,0.05,False,,,,,0.081185
0.03,127,0.1,True,0.83,0.7947,0.044759,False,0.081185
0.03,128,0.05,False,,,,,0.083901
0.03,128,0.1,True,0.79,0.839,0.050769,False,0.083901
0.03,129,0.05,False,,,,,0.081558
0.03,129,0.1,True,0.77,0.8583,0.053443,False,0.081558
0.03,130,0.05,False,,,,,0.080654
0.03,130,0.1,False,,,,,0.080654
0.03,131,0.05,False,,,,,0.081603
0.03,131,0.1,True,0.75,0.8687,0.054155,False,0.081603
0.03,132,0.05,False,,,,,0.080933
0.03,132,0.1,True,0.71,0.9038,0.059715,False,0.080933
0.03,133,0.05,False,,,,,0.082259
0.03,133,0.1,True,0.73,0.8848,0.057081,False,0.082259
0.03,134,0.05,False,,,,,0.081652
0.03,134,0.1,True,0.77,0.8552,0.053101,False,0.081652
0.03,135,0.05,False,,,,,0.083047
0.03,135,0.1,True,0.81,0.814,0.04848,False,0.083047
0.03,136,0.05,False,,,,,0.086777
0.03,136,0.1,True,0.81,0.8259,0.050882,False,0.086777
0.03,137,0.05,False,,,,,0.083786
0.03,137,0.1,True,0.81,0.8174,0.048163,False,0.083786
0.03,138,0.05,False,,,,,0.082364
0.03,138,0.1,True,0.79,0.8396,0.050732,False,0.082364
0.03,139,0.05,False,,,,,0.082169
0.03,139,0.1,True,0.73,0.8898,0.058209,False,0.082169
0.03,140,0.05,False,,,,,0.08261
0.03,140,0.1,True,0.79,0.8467,0.052321,False,0.08261
0.03,141,0.05,False,,,,,0.080887
0.03,141,0.1,True,0.77,0.8474,0.051904,False,0.080887
0.03,142,0.05,False,,,,,0.082478
0.03,142,0.1,True,0.77,0.8562,0.052728,False,0.082478
0.03,143,0.05,False,,,,,0.084187
0.03,143,0.1,True,0.77,0.856,0.05385,False,0.084187
0.03,144,0.05,False,,,,,0.083766
0.03,144,0.1,True,0.73,0.8929,0.059671,False,0.083766
0.03,145,0.05,False,,,,,0.08238
0.03,145,0.1,True,0.75,0.8691,0.055775,False,0.08238
0.03,146,0.05,False,,,,,0.081172
0.03,146,0.1,True,0.79,0.8413,0.051164,False,0.081172
0.03,147,0.05,False,,,,,0.082526
0.03,147,0.1,True,0.79,0.8391,0.051534,False,0.082526
0.03,148,0.05,False,,,,,0.086204
0.03,148,0.1,True,0.79,0.8323,0.053221,False,0.086204
0.03,149,0.05,False,,,,,0.084653
0.03,149,0.1,True,0.77,0.858,0.054665,False,0.084653
0.03,150,0.05,False,,,,,0.082149
0.03,150,0.1,True,0.77,0.8421,0.051041,False,0.082149
0.03,151,0.05,False,,,,,0.080849
0.03,151,0.1,True,0.79,0.8401,0.049965,False,0.080849
0.03,152,0.05,False,,,,,0.080336
0.03,152,0.1,True,0.77,0.8637,0.053865,False,0.080336
0.03,153,0.05,False,,,,,0.08361
0.03,153,0.1,True,0.77,0.8594,0.055627,False,0.08361
0.03,154,0.05,False,,,,,0.08334
0.03,154,0.1,True,0.77,0.8583,0.053848,False,0.08334
0.03,155,0.05,False,,,,,0.083
0.03,155,0.1,True,0.77,0.8662,0.055358,False,0.083
0.03,156,0.05,False,,,,,0.083408
0.03,156,0.1,True,0.79,0.8407,0.052212,False,0.083408
0.03,157,0.05,False,,,,,0.08108
0.03,157,0.1,True,0.73,0.8909,0.056644,False,0.08108
0.03,158,0.05,False,,,,,0.086728
0.03,158,0.1,True,0.71,0.8996,0.064318,False,0.086728
0.03,159,0.05,False,,,,,0.082718
0.03,159,0.1,True,0.79,0.8322,0.051224,False,0.082718
0.03,160,0.05,False,,,,,0.084348
0.03,160,0.1,True,0.75,0.8658,0.057066,False,0.084348
0.03,161,0.05,False,,,,,0.08045
0.03,161,0.1,True,0.77,0.86,0.052566,False,0.08045
0.03,162,0.05,False,,,,,0.082698
0.03,162,0.1,True,0.79,0.8427,0.051518,False,0.082698
0.03,163,0.05,False,,,,,0.085579
0.03,163,0.1,True,0.87,0.7466,0.045405,False,0.085579
0.03,164,0.05,False,,,,,0.083354
0.03,164,0.1,True,0.81,0.818,0.04925,False,0.083354
0.03,165,0.05,False,,,,,0.081315
0.03,165,0.1,True,0.77,0.8505,0.051598,False,0.081315
0.03,166,0.05,False,,,,,0.081902
0.03,166,0.1,True,0.77,0.8531,0.053505,False,0.081902
0.03,167,0.05,False,,,,,0.084372
0.03,167,0.1,True,0.75,0.8751,0.057036,False,0.084372
0.03,168,0.05,False,,,,,0.081092
0.03,168,0.1,True,0.79,0.8306,0.048339,False,0.081092
0.03,169,0.05,False,,,,,0.081425
0.03,169,0.1,True,0.79,0.84,0.050438,False,0.081425
0.03,170,0.05,False,,,,,0.080895
0.03,170,0.1,True,0.79,0.8399,0.050327,False,0.080895
0.03,171,0.05,False,,,,,0.081879
0.03,171,0.1,True,0.79,0.8457,0.050161,False,0.081879
0.03,172,0.05,False,,,,,0.085344
0.03,172,0.1,True,0.81,0.8201,0.05049,False,0.085344
0.03,173,0.05,False,,,,,0.086456
0.03,173,0.1,True,0.79,0.8438,0.053374,False,0.086456
0.03,174,0.05,False,,,,,0.084246
0.03,174,0.1,True,0.75,0.8713,0.056601,False,0.084246
0.03,175,0.05,False,,,,,0.086807
0.03,175,0.1,True,0.79,0.8421,0.053139,False,0.086807
0.03,176,0.05,False,,,,,0.08372
0.03,176,0.1,True,0.79,0.8404,0.05136,False,0.08372
0.03,177,0.05,False,,,,,0.08402
0.03,177,0.1,True,0.75,0.865,0.056726,False,0.08402
0.03,178,0.05,False,,,,,0.082407
0.03,178,0.1,True,0.77,0.8548,0.05277,False,0.082407
0.03,179,0.05,False,,,,,0.079873
0.03,179,0.1,True,0.75,0.8722,0.054638,False,0.079873
0.03,180,0.05,False,,,,,0.084318
0.03,180,0.1,True,0.75,0.8737,0.056684,False,0.084318
0.03,181,0.05,False,,,,,0.082846
0.03,181,0.1,True,0.79,0.8408,0.049663,False,0.082846
0.03,182,0.05,False,,,,,0.082182
0.03,182,0.1,True,0.81,0.827,0.048912,False,0.082182
0.03,183,0.05,False,,,,,0.085437
0.03,183,0.1,True,0.77,0.8539,0.055785,False,0.085437
0.03,184,0.05,False,,,,,0.086179
0.03,184,0.1,True,0.75,0.8781,0.059296,False,0.086179
0.03,185,0.05,False,,,,,0.085256
0.03,185,0.1,True,0.79,0.8286,0.051587,False,0.085256
0.03,186,0.05,False,,,,,0.082887
0.03,186,0.1,True,0.77,0.8674,0.053228,False,0.082887
0.03,187,0.05,False,,,,,0.078003
0.03,187,0.1,True,0.77,0.8515,0.049901,False,0.078003
0.03,188,0.05,False,,,,,0.08202
0.03,188,0.1,True,0.75,0.8718,0.054945,False,0.08202
0.03,189,0.05,False,,,,,0.080842
0.03,189,0.1,True,0.79,0.8367,0.048932,False,0.080842
0.03,190,0.05,False,,,,,0.083247
0.03,190,0.1,True,0.77,0.8517,0.051892,False,0.083247
0.03,191,0.05,False,,,,,0.081805
0.03,191,0.1,True,0.81,0.8156,0.047019,False,0.081805
0.03,192,0.05,False,,,,,0.081708
0.03,192,0.1,True,0.81,0.8192,0.048163,False,0.081708
0.03,193,0.05,False,,,,,0.080261
0.03,193,0.1,True,0.75,0.8662,0.053443,False,0.080261
0.03,194,0.05,False,,,,,0.084591
0.03,194,0.1,True,0.75,0.8797,0.057562,False,0.084591
0.03,195,0.05,False,,,,,0.085453
0.03,195,0.1,True,0.75,0.8721,0.057632,False,0.085453
0.03,196,0.05,False,,,,,0.088118
0.03,196,0.1,True,0.75,0.8738,0.058526,False,0.088118
0.03,197,0.05,False,,,,,0.079852
0.03,197,0.1,True,0.73,0.8832,0.056225,False,0.079852
0.03,198,0.05,False,,,,,0.080875
0.03,198,0.1,True,0.75,0.8712,0.05456,False,0.080875
0.03,199,0.05,False,,,,,0.084888
0.03,199,0.1,True,0.81,0.8255,0.0506,False,0.084888
0.03,200,0.05,False,,,,,0.085241
0.03,200,0.1,True,0.79,0.8395,0.052098,False,0.085241
0.03,201,0.05,False,,,,,0.080929
0.03,201,0.1,True,0.75,0.8723,0.05412,False,0.080929
0.03,202,0.05,False,,,,,0.085798
0.03,202,0.1,True,0.83,0.8079,0.048464,False,0.085798
0.03,203,0.05,False,,,,,0.081583
0.03,203,0.1,True,0.77,0.8575,0.053017,False,0.081583
0.03,204,0.05,False,,,,,0.084806
0.03,204,0.1,True,0.79,0.8494,0.053603,False,0.084806
0.03,205,0.05,False,,,,,0.086303
0.03,205,0.1,True,0.81,0.8223,0.051641,False,0.086303
0.03,206,0.05,False,,,,,0.080581
0.03,206,0.1,True,0.73,0.8783,0.055299,False,0.080581
0.03,207,0.05,False,,,,,0.084197
0.03,207,0.1,True,0.77,0.8564,0.053877,False,0.084197
0.03,208,0.05,False,,,,,0.081659
0.03,208,0.1,True,0.75,0.8719,0.055506,False,0.081659
0.03,209,0.05,False,,,,,0.081961
0.03,209,0.1,True,0.79,0.8492,0.051556,False,0.081961
0.03,210,0.05,False,,,,,0.084333
0.03,210,0.1,True,0.73,0.8861,0.058013,False,0.084333
0.03,211,0.05,False,,,,,0.084902
0.03,211,0.1,True,0.79,0.8425,0.052116,False,0.084902
0.03,212,0.05,False,,,,,0.08086
0.03,212,0.1,True,0.75,0.873,0.054752,False,0.08086
0.03,213,0.05,False,,,,,0.082566
0.03,213,0.1,True,0.75,0.8753,0.056269,False,0.082566
0.03,214,0.05,False,,,,,0.081247
0.03,214,0.1,True,0.73,0.8803,0.055777,False,0.081247
0.03,215,0.05,False,,,,,0.083725
0.03,215,0.1,True,0.79,0.8449,0.053048,False,0.083725
0.03,216,0.05,False,,,,,0.0823
0.03,216,0.1,True,0.75,0.8672,0.054745,False,0.0823
0.03,217,0.05,False,,,,,0.082026
0.03,217,0.1,True,0.79,0.8377,0.050034,False,0.082026
0.03,218,0.05,False,,,,,0.081538
0.03,218,0.1,True,0.79,0.8257,0.049606,False,0.081538
0.03,219,0.05,False,,,,,0.084834
0.03,219,0.1,True,0.79,0.8424,0.0528,False,0.084834
0.03,220,0.05,False,,,,,0.08288
0.03,220,0.1,True,0.79,0.8429,0.050992,False,0.08288
0.03,221,0.05,False,,,,,0.08023
0.03,221,0.1,True,0.81,0.8148,0.047977,False,0.08023
0.03,222,0.05,False,,,,,0.083382
0.03,222,0.1,True,0.79,0.825,0.050977,False,0.083382
0.03,223,0.05,False,,,,,0.083255
0.03,223,0.1,True,0.75,0.874,0.056139,False,0.083255
0.03,224,0.05,False,,,,,0.081839
0.03,224,0.1,True,0.79,0.838,0.049997,False,0.081839
0.03,225,0.05,False,,,,,0.082108
0.03,225,0.1,True,0.79,0.8451,0.052122,False,0.082108
0.03,226,0.05,False,,,,,0.084126
0.03,226,0.1,True,0.79,0.8423,0.051722,False,0.084126
0.03,227,0.05,False,,,,,0.082774
0.03,227,0.1,True,0.77,0.8571,0.053397,False,0.082774
0.03,228,0.05,False,,,,,0.080987
0.03,228,0.1,True,0.79,0.8485,0.051193,False,0.080987
0.03,229,0.05,False,,,,,0.080577
0.03,229,0.1,True,0.79,0.8475,0.051409,False,0.080577
0.03,230,0.05,False,,,,,0.083384
0.03,230,0.1,True,0.75,0.869,0.054803,False,0.083384
0.03,231,0.05,False,,,,,0.080866
0.03,231,0.1,True,0.75,0.8617,0.05421,False,0.080866
0.03,232,0.05,False,,,,,0.084796
0.03,232,0.1,True,0.75,0.8741,0.056603,False,0.084796
0.03,233,0.05,False,,,,,0.08205
0.03,233,0.1,True,0.81,0.8163,0.047651,False,0.08205
0.03,234,0.05,False,,,,,0.08123
0.03,234,0.1,True,0.73,0.8842,0.057113,False,0.08123
0.03,235,0.05,False,,,,,0.080568
0.03,235,0.1,True,0.77,0.8636,0.052111,False,0.080568
0.03,236,0.05,False,,,,,0.079494
0.03,236,0.1,True,0.77,0.8636,0.052306,False,0.079494
0.03,237,0.05,False,,,,,0.081955
0.03,237,0.1,True,0.75,0.8742,0.055941,False,0.081955
0.03,238,0.05,False,,,,,0.080796
0.03,238,0.1,True,0.79,0.8397,0.050593,False,0.080796
0.03,239,0.05,False,,,,,0.088837
0.03,239,0.1,True,0.79,0.8474,0.055141,False,0.088837
0.03,240,0.05,False,,,,,0.08316
0.03,240,0.1,True,0.79,0.8443,0.051545,False,0.08316
0.03,241,0.05,False,,,,,0.079874
0.03,241,0.1,True,0.75,0.8613,0.052539,False,0.079874
0.03,242,0.05,False,,,,,0.079761
0.03,242,0.1,True,0.81,0.8185,0.047293,False,0.079761
0.03,243,0.05,False,,,,,0.082221
0.03,243,0.1,True,0.79,0.8383,0.051621,False,0.082221
0.03,244,0.05,False,,,,,0.081221
0.03,244,0.1,True,0.71,0.8999,0.059899,False,0.081221
0.03,245,0.05,False,,,,,0.083017
0.03,245,0.1,True,0.79,0.8412,0.051472,False,0.083017
0.03,246,0.05,False,,,,,0.084312
0.03,246,0.1,True,0.79,0.8386,0.052555,False,0.084312
0.03,247,0.05,False,,,,,0.081053
0.03,247,0.1,True,0.79,0.8421,0.050686,False,0.081053
0.03,248,0.05,False,,,,,0.082193
0.03,248,0.1,True,0.77,0.856,0.051826,False,0.082193
0.03,249,0.05,False,,,,,0.083553
0.03,249,0.1,True,0.73,0.8876,0.057547,False,0.083553
0.03,250,0.05,False,,,,,0.081801
0.03,250,0.1,True,0.75,0.8723,0.05499,False,0.081801
0.03,251,0.05,False,,,,,0.082257
0.03,251,0.1,True,0.75,0.8746,0.056304,False,0.082257
0.03,252,0.05,False,,,,,0.081874
0.03,252,0.1,True,0.77,0.8657,0.052641,False,0.081874
0.03,253,0.05,False,,,,,0.083295
0.03,253,0.1,True,0.79,0.8412,0.051267,False,0.083295
0.03,254,0.05,False,,,,,0.084264
0.03,254,0.1,True,0.75,0.8663,0.058089,False,0.084264
0.03,255,0.05,False,,,,,0.079832
0.03,255,0.1,True,0.71,0.8978,0.058463,False,0.079832
0.03,256,0.05,False,,,,,0.083443
0.03,256,0.1,True,0.79,0.8461,0.052513,False,0.083443
0.03,257,0.05,False,,,,,0.082737
0.03,257,0.1,True,0.77,0.8498,0.052678,False,0.082737
0.03,258,0.05,False,,,,,0.085768
0.03,258,0.1,True,0.79,0.8348,0.052512,False,0.085768
0.03,259,0.05,False,,,,,0.083146
0.03,259,0.1,True,0.77,0.8617,0.055148,False,0.083146
0.03,260,0.05,False,,,,,0.082339
0.03,260,0.1,True,0.73,0.8916,0.058864,False,0.082339
0.03,261,0.05,False,,,,,0.086111
0.03,261,0.1,True,0.79,0.8505,0.053107,False,0.086111
0.03,262,0.05,False,,,,,0.083918
0.03,262,0.1,True,0.83,0.8027,0.047763,False,0.083918
0.03,263,0.05,False,,,,,0.08134
0.03,263,0.1,True,0.77,0.867,0.053639,False,0.08134
0.03,264,0.05,False,,,,,0.081538
0.03,264,0.1,True,0.73,0.891,0.057889,False,0.081538
0.03,265,0.05,False,,,,,0.082183
0.03,265,0.1,True,0.79,0.8404,0.050688,False,0.082183
0.03,266,0.05,False,,,,,0.085195
0.03,266,0.1,True,0.77,0.8617,0.057149,False,0.085195
0.03,267,0.05,False,,,,,0.0848
0.03,267,0.1,True,0.71,0.9008,0.062757,False,0.0848
0.03,268,0.05,False,,,,,0.083025
0.03,268,0.1,True,0.79,0.8426,0.051675,False,0.083025
0.03,269,0.05,False,,,,,0.083098
0.03,269,0.1,True,0.77,0.8637,0.053795,False,0.083098
0.03,270,0.05,False,,,,,0.08007
0.03,270,0.1,True,0.75,0.8711,0.053362,False,0.08007
0.03,271,0.05,False,,,,,0.087473
0.03,271,0.1,True,0.77,0.8582,0.055573,False,0.087473
0.03,272,0.05,False,,,,,0.082094
0.03,272,0.1,True,0.79,0.8394,0.050611,False,0.082094
0.03,273,0.05,False,,,,,0.080929
0.03,273,0.1,True,0.75,0.8751,0.054434,False,0.080929
0.03,274,0.05,False,,,,,0.081899
0.03,274,0.1,True,0.75,0.8756,0.055377,False,0.081899
0.03,275,0.05,False,,,,,0.080832
0.03,275,0.1,True,0.81,0.8321,0.047969,False,0.080832
0.03,276,0.05,False,,,,,0.082729
0.03,276,0.1,True,0.77,0.8573,0.055215,False,0.082729
0.03,277,0.05,False,,,,,0.081607
0.03,277,0.1,True,0.75,0.8622,0.054813,False,0.081607
0.03,278,0.05,False,,,,,0.083315
0.03,278,0.1,True,0.73,0.8818,0.058276,False,0.083315
0.03,279,0.05,False,,,,,0.084409
0.03,279,0.1,True,0.79,0.853,0.052699,False,0.084409
0.03,280,0.05,False,,,,,0.08062
0.03,280,0.1,True,0.77,0.8507,0.051037,False,0.08062
0.03,281,0.05,False,,,,,0.085138
0.03,281,0.1,True,0.79,0.8448,0.053747,False,0.085138
0.03,282,0.05,False,,,,,0.081362
0.03,282,0.1,True,0.77,0.8606,0.052875,False,0.081362
0.03,283,0.05,False,,,,,0.079955
0.03,283,0.1,True,0.77,0.8544,0.052103,False,0.079955
0.03,284,0.05,False,,,,,0.081568
0.03,284,0.1,True,0.77,0.8555,0.053585,False,0.081568
0.03,285,0.05,False,,,,,0.084678
0.03,285,0.1,True,0.83,0.8149,0.047988,False,0.084678
0.03,286,0.05,False,,,,,0.083493
0.03,286,0.1,True,0.79,0.8432,0.051245,False,0.083493
0.03,287,0.05,False,,,,,0.084071
0.03,287,0.1,True,0.81,0.8238,0.049768,False,0.084071
0.03,288,0.05,False,,,,,0.086973
0.03,288,0.1,True,0.81,0.8253,0.052217,False,0.086973
0.03,289,0.05,False,,,,,0.081659
0.03,289,0.1,True,0.81,0.8219,0.048655,False,0.081659
0.03,290,0.05,False,,,,,0.082168
0.03,290,0.1,True,0.75,0.8744,0.056135,False,0.082168
0.03,291,0.05,False,,,,,0.083356
0.03,291,0.1,True,0.77,0.8628,0.054163,False,0.083356
0.03,292,0.05,False,,,,,0.086358
0.03,292,0.1,True,0.73,0.8892,0.061043,False,0.086358
0.03,293,0.05,False,,,,,0.080923
0.03,293,0.1,True,0.71,0.8982,0.058338,False,0.080923
0.03,294,0.05,False,,,,,0.082169
0.03,294,0.1,True,0.73,0.8723,0.05615,False,0.082169
0.03,295,0.05,False,,,,,0.081821
0.03,295,0.1,True,0.75,0.8676,0.055525,False,0.081821
0.03,296,0.05,False,,,,,0.084022
0.03,296,0.1,True,0.77,0.8594,0.054264,False,0.084022
0.03,297,0.05,False,,,,,0.083326
0.03,297,0.1,True,0.79,0.8387,0.050969,False,0.083326
0.03,298,0.05,False,,,,,0.088007
0.03,298,0.1,True,0.75,0.8786,0.05938,False,0.088007
0.03,299,0.05,False,,,,,0.08137
0.03,299,0.1,True,0.77,0.8564,0.052953,False,0.08137
0.035,0,0.05,False,,,,,0.084932
0.035,0,0.1,True,0.83,0.7813,0.048973,False,0.084932
0.035,1,0.05,False,,,,,0.087229
0.035,1,0.1,False,,,,,0.087229
0.035,2,0.05,False,,,,,0.090321
0.035,2,0.1,True,0.83,0.775,0.05014,False,0.090321
0.035,3,0.05,False,,,,,0.085939
0.035,3,0.1,False,,,,,0.085939
0.035,4,0.05,False,,,,,0.087506
0.035,4,0.1,True,0.83,0.7846,0.050299,False,0.087506
0.035,5,0.05,False,,,,,0.086012
0.035,5,0.1,True,0.85,0.7579,0.048019,False,0.086012
0.035,6,0.05,False,,,,,0.085593
0.035,6,0.1,False,,,,,0.085593
0.035,7,0.05,False,,,,,0.085992
0.035,7,0.1,True,0.83,0.7755,0.049412,False,0.085992
0.035,8,0.05,False,,,,,0.088444
0.035,8,0.1,True,0.79,0.8266,0.055659,False,0.088444
0.035,9,0.05,False,,,,,0.086846
0.035,9,0.1,False,,,,,0.086846
0.035,10,0.05,False,,,,,0.085399
0.035,10,0.1,False,,,,,0.085399
0.035,11,0.05,False,,,,,0.084732
0.035,11,0.1,False,,,,,0.084732
0.035,12,0.05,False,,,,,0.086453
0.035,12,0.1,True,0.83,0.7865,0.050165,False,0.086453
0.035,13,0.05,False,,,,,0.088231
0.035,13,0.1,False,,,,,0.088231
0.035,14,0.05,False,,,,,0.085475
0.035,14,0.1,True,0.77,0.8413,0.054866,False,0.085475
0.035,15,0.05,False,,,,,0.086599
0.035,15,0.1,True,0.79,0.8342,0.054191,False,0.086599
0.035,16,0.05,False,,,,,0.084298
0.035,16,0.1,True,0.81,0.8086,0.051006,False,0.084298
0.035,17,0.05,False,,,,,0.087823
0.035,17,0.1,True,0.81,0.8255,0.054656,False,0.087823
0.035,18,0.05,False,,,,,0.084728
0.035,18,0.1,True,0.79,0.8362,0.053456,False,0.084728
0.035,19,0.05,False,,,,,0.084363
0.035,19,0.1,False,,,,,0.084363
0.035,20,0.05,False,,,,,0.088798
0.035,20,0.1,True,0.83,0.7847,0.050739,False,0.088798
0.035,21,0.05,False,,,,,0.08713
0.035,21,0.1,False,,,,,0.08713
0.035,22,0.05,False,,,,,0.08744
0.035,22,0.1,True,0.83,0.7936,0.050764,False,0.08744
0.035,23,0.05,False,,,,,0.08595
0.035,23,0.1,True,0.79,0.8299,0.055118,False,0.08595
0.035,24,0.05,False,,,,,0.083018
0.035,24,0.1,True,0.79,0.8225,0.052816,False,0.083018
0.035,25,0.05,False,,,,,0.084741
0.035,25,0.1,False,,,,,0.084741
0.035,26,0.05,False,,,,,0.088633
0.035,26,0.1,False,,,,,0.088633
0.035,27,0.05,False,,,,,0.084941
0.035,27,0.1,True,0.81,0.8191,0.05132,False,0.084941
0.035,28,0.05,False,,,,,0.088674
0.035,28,0.1,True,0.79,0.8307,0.055385,False,0.088674
0.035,29,0.05,False,,,,,0.087738
0.035,29,0.1,True,0.81,0.8125,0.053359,False,0.087738
0.035,30,0.05,False,,,,,0.087497
0.035,30,0.1,False,,,,,0.087497
0.035,31,0.05,False,,,,,0.088466
0.035,31,0.1,True,0.81,0.808,0.053072,False,0.088466
0.035,32,0.05,False,,,,,0.094003
0.035,32,0.1,False,,,,,0.094003
0.035,33,0.05,False,,,,,0.084428
0.035,33,0.1,True,0.77,0.8485,0.055086,False,0.084428
0.035,34,0.05,False,,,,,0.087368
0.035,34,0.1,False,,,,,0.087368
0.035,35,0.05,False,,,,,0.086627
0.035,35,0.1,False,,,,,0.086627
0.035,36,0.05,False,,,,,0.087885
0.035,36,0.1,False,,,,,0.087885
0.035,37,0.05,False,,,,,0.087995
0.035,37,0.1,False,,,,,0.087995
0.035,38,0.05,False,,,,,0.084942
0.035,38,0.1,True,0.77,0.8536,0.055371,False,0.084942
0.035,39,0.05,False,,,,,0.090593
0.035,39,0.1,True,0.85,0.7554,0.048669,False,0.090593
0.035,40,0.05,False,,,,,0.086618
0.035,40,0.1,True,0.83,0.7858,0.0499,False,0.086618
0.035,41,0.05,False,,,,,0.086495
0.035,41,0.1,True,0.81,0.8132,0.052327,False,0.086495
0.035,42,0.05,False,,,,,0.08985
0.035,42,0.1,False,,,,,0.08985
0.035,43,0.05,False,,,,,0.086694
0.035,43,0.1,False,,,,,0.086694
0.035,44,0.05,False,,,,,0.085462
0.035,44,0.1,True,0.83,0.7876,0.050562,False,0.085462
0.035,45,0.05,False,,,,,0.089364
0.035,45,0.1,False,,,,,0.089364
0.035,46,0.05,False,,,,,0.089691
0.035,46,0.1,False,,,,,0.089691
0.035,47,0.05,False,,,,,0.086558
0.035,47,0.1,True,0.81,0.8153,0.051855,False,0.086558
0.035,48,0.05,False,,,,,0.083956
0.035,48,0.1,True,0.79,0.8406,0.052914,False,0.083956
0.035,49,0.05,False,,,,,0.085929
0.035,49,0.1,True,0.83,0.7815,0.048831,False,0.085929
0.035,50,0.05,False,,,,,0.088818
0.035,50,0.1,True,0.81,0.8036,0.052987,False,0.088818
0.035,51,0.05,False,,,,,0.085052
0.035,51,0.1,True,0.85,0.7619,0.047538,False,0.085052
0.035,52,0.05,False,,,,,0.088548
0.035,52,0.1,True,0.77,0.8525,0.059293,False,0.088548
0.035,53,0.05,False,,,,,0.088236
0.035,53,0.1,True,0.87,0.7157,0.046895,False,0.088236
0.035,54,0.05,False,,,,,0.090063
0.035,54,0.1,True,0.83,0.7779,0.050263,False,0.090063
0.035,55,0.05,False,,,,,0.087962
0.035,55,0.1,True,0.83,0.7765,0.050543,False,0.087962
0.035,56,0.05,False,,,,,0.086826
0.035,56,0.1,True,0.83,0.7786,0.050433,False,0.086826
0.035,57,0.05,False,,,,,0.089079
0.035,57,0.1,True,0.85,0.765,0.048504,False,0.089079
0.035,58,0.05,False,,,,,0.088224
0.035,58,0.1,False,,,,,0.088224
0.035,59,0.05,False,,,,,0.08966
0.035,59,0.1,True,0.83,0.7896,0.05107,False,0.08966
0.035,60,0.05,False,,,,,0.085418
0.035,60,0.1,True,0.85,0.7582,0.048714,False,0.085418
0.035,61,0.05,False,,,,,0.087164
0.035,61,0.1,False,,,,,0.087164
0.035,62,0.05,False,,,,,0.0907
0.035,62,0.1,True,0.87,0.7235,0.047626,False,0.0907
0.035,63,0.05,False,,,,,0.084359
0.035,63,0.1,True,0.83,0.793,0.05024,False,0.084359
0.035,64,0.05,False,,,,,0.088245
0.035,64,0.1,False,,,,,0.088245
0.035,65,0.05,False,,,,,0.090508
0.035,65,0.1,True,0.83,0.7974,0.052861,False,0.090508
0.035,66,0.05,False,,,,,0.088763
0.035,66,0.1,True,0.85,0.7538,0.048278,False,0.088763
0.035,67,0.05,False,,,,,0.088774
0.035,67,0.1,False,,,,,0.088774
0.035,68,0.05,False,,,,,0.087835
0.035,68,0.1,False,,,,,0.087835
0.035,69,0.05,False,,,,,0.084721
0.035,69,0.1,True,0.83,0.788,0.049525,False,0.084721
0.035,70,0.05,False,,,,,0.088519
0.035,70,0.1,False,,,,,0.088519
0.035,71,0.05,False,,,,,0.086113
0.035,71,0.1,False,,,,,0.086113
0.035,72,0.05,False,,,,,0.087417
0.035,72,0.1,True,0.79,0.8376,0.055086,False,0.087417
0.035,73,0.05,False,,,,,0.093193
0.035,73,0.1,True,0.77,0.8443,0.06061,False,0.093193
0.035,74,0.05,False,,,,,0.086469
0.035,74,0.1,True,0.81,0.8146,0.052425,False,0.086469
0.035,75,0.05,False,,,,,0.086418
0.035,75,0.1,True,0.81,0.8151,0.053767,False,0.086418
0.035,76,0.05,False,,,,,0.087708
0.035,76,0.1,True,0.79,0.8292,0.053776,False,0.087708
0.035,77,0.05,False,,,,,0.084755
0.035,77,0.1,True,0.77,0.8509,0.055846,False,0.084755
0.035,78,0.05,False,,,,,0.083549
0.035,78,0.1,True,0.77,0.8476,0.055132,False,0.083549
0.035,79,0.05,False,,,,,0.082533
0.035,79,0.1,False,,,,,0.082533
0.035,80,0.05,False,,,,,0.088088
0.035,80,0.1,True,0.87,0.7169,0.045721,False,0.088088
0.035,81,0.05,False,,,,,0.088743
0.035,81,0.1,True,0.83,0.7856,0.052253,False,0.088743
0.035,82,0.05,False,,,,,0.085084
0.035,82,0.1,False,,,,,0.085084
0.035,83,0.05,False,,,,,0.085134
0.035,83,0.1,True,0.85,0.755,0.047587,False,0.085134
0.035,84,0.05,False,,,,,0.086065
0.035,84,0.1,False,,,,,0.086065
0.035,85,0.05,False,,,,,0.088859
0.035,85,0.1,True,0.83,0.805,0.050863,False,0.088859
0.035,86,0.05,False,,,,,0.084295
0.035,86,0.1,True,0.83,0.7893,0.048264,False,0.084295
0.035,87,0.05,False,,,,,0.087419
0.035,87,0.1,False,,,,,0.087419
0.035,88,0.05,False,,,,,0.083408
0.035,88,0.1,True,0.81,0.8037,0.050659,False,0.083408
0.035,89,0.05,False,,,,,0.084738
0.035,89,0.1,False,,,,,0.084738
0.035,90,0.05,False,,,,,0.087384
0.035,90,0.1,False,,,,,0.087384
0.035,91,0.05,False,,,,,0.087626
0.035,91,0.1,True,0.83,0.7761,0.050796,False,0.087626
0.035,92,0.05,False,,,,,0.086209
0.035,92,0.1,True,0.83,0.7843,0.050391,False,0.086209
0.035,93,0.05,False,,,,,0.0847
0.035,93,0.1,True,0.83,0.7875,0.049636,False,0.0847
0.035,94,0.05,False,,,,,0.090699
0.035,94,0.1,False,,,,,0.090699
0.035,95,0.05,False,,,,,0.089105
0.035,95,0.1,True,0.81,0.8203,0.053521,False,0.089105
0.035,96,0.05,False,,,,,0.086173
0.035,96,0.1,True,0.83,0.7854,0.049457,False,0.086173
0.035,97,0.05,False,,,,,0.082099
0.035,97,0.1,True,0.83,0.7798,0.046176,False,0.082099
0.035,98,0.05,False,,,,,0.086702
0.035,98,0.1,True,0.85,0.7574,0.046821,False,0.086702
0.035,99,0.05,False,,,,,0.086115
0.035,99,0.1,True,0.85,0.7491,0.047689,False,0.086115
0.035,100,0.05,False,,,,,0.087079
0.035,100,0.1,True,0.79,0.8247,0.054541,False,0.087079
0.035,101,0.05,False,,,,,0.082862
0.035,101,0.1,True,0.79,0.8298,0.052378,False,0.082862
0.035,102,0.05,False,,,,,0.087552
0.035,102,0.1,True,0.83,0.7837,0.051214,False,0.087552
0.035,103,0.05,False,,,,,0.084332
0.035,103,0.1,True,0.83,0.7868,0.048132,False,0.084332
0.035,104,0.05,False,,,,,0.084804
0.035,104,0.1,False,,,,,0.084804
0.035,105,0.05,False,,,,,0.087866
0.035,105,0.1,True,0.87,0.7384,0.048133,False,0.087866
0.035,106,0.05,False,,,,,0.08529
0.035,106,0.1,False,,,,,0.08529
0.035,107,0.05,False,,,,,0.089754
0.035,107,0.1,True,0.83,0.7826,0.051495,False,0.089754
0.035,108,0.05,False,,,,,0.088418
0.035,108,0.1,False,,,,,0.088418
0.035,109,0.05,False,,,,,0.084918
0.035,109,0.1,True,0.83,0.7878,0.049384,False,0.084918
0.035,110,0.05,False,,,,,0.085992
0.035,110,0.1,True,0.81,0.8017,0.050587,False,0.085992
0.035,111,0.05,False,,,,,0.08772
0.035,111,0.1,False,,,,,0.08772
0.035,112,0.05,False,,,,,0.088385
0.035,112,0.1,True,0.81,0.803,0.052936,False,0.088385
0.035,113,0.05,False,,,,,0.083325
0.035,113,0.1,True,0.79,0.8299,0.052994,False,0.083325
0.035,114,0.05,False,,,,,0.085765
0.035,114,0.1,True,0.75,0.8624,0.060128,False,0.085765
0.035,115,0.05,False,,,,,0.084983
0.035,115,0.1,False,,,,,0.084983
0.035,116,0.05,False,,,,,0.087261
0.035,116,0.1,True,0.81,0.8128,0.052939,False,0.087261
0.035,117,0.05,False,,,,,0.086164
0.035,117,0.1,True,0.81,0.811,0.052803,False,0.086164
0.035,118,0.05,False,,,,,0.087934
0.035,118,0.1,False,,,,,0.087934
0.035,119,0.05,False,,,,,0.088408
0.035,119,0.1,True,0.83,0.7809,0.051668,False,0.088408
0.035,120,0.05,False,,,,,0.088513
0.035,120,0.1,False,,,,,0.088513
0.035,121,0.05,False,,,,,0.08469
0.035,121,0.1,True,0.83,0.7884,0.049155,False,0.08469
0.035,122,0.05,False,,,,,0.089126
0.035,122,0.1,True,0.77,0.8491,0.058166,False,0.089126
0.035,123,0.05,False,,,,,0.083446
0.035,123,0.1,True,0.83,0.7839,0.049117,False,0.083446
0.035,124,0.05,False,,,,,0.08736
0.035,124,0.1,True,0.77,0.8494,0.057351,False,0.08736
0.035,125,0.05,False,,,,,0.091066
0.035,125,0.1,False,,,,,0.091066
0.035,126,0.05,False,,,,,0.082869
0.035,126,0.1,True,0.81,0.8016,0.049564,False,0.082869
0.035,127,0.05,False,,,,,0.083766
0.035,127,0.1,True,0.77,0.8499,0.055835,False,0.083766
0.035,128,0.05,False,,,,,0.086664
0.035,128,0.1,False,,,,,0.086664
0.035,129,0.05,False,,,,,0.089231
0.035,129,0.1,True,0.83,0.7854,0.050913,False,0.089231
0.035,130,0.05,False,,,,,0.085832
0.035,130,0.1,False,,,,,0.085832
0.035,131,0.05,False,,,,,0.086397
0.035,131,0.1,True,0.81,0.8128,0.053094,False,0.086397
0.035,132,0.05,False,,,,,0.08597
0.035,132,0.1,True,0.83,0.7928,0.051071,False,0.08597
0.035,133,0.05,False,,,,,0.087277
0.035,133,0.1,True,0.79,0.8351,0.054597,False,0.087277
0.035,134,0.05,False,,,,,0.084198
0.035,134,0.1,False,,,,,0.084198
0.035,135,0.05,False,,,,,0.087229
0.035,135,0.1,False,,,,,0.087229
0.035,136,0.05,False,,,,,0.085631
0.035,136,0.1,True,0.83,0.7863,0.049947,False,0.085631
0.035,137,0.05,False,,,,,0.090396
0.035,137,0.1,True,0.83,0.7751,0.051863,False,0.090396
0.035,138,0.05,False,,,,,0.08589
0.035,138,0.1,False,,,,,0.08589
0.035,139,0.05,False,,,,,0.087856
0.035,139,0.1,True,0.83,0.8006,0.050847,False,0.087856
0.035,140,0.05,False,,,,,0.084729
0.035,140,0.1,True,0.79,0.8396,0.053692,False,0.084729
0.035,141,0.05,False,,,,,0.088348
0.035,141,0.1,True,0.83,0.7772,0.049522,False,0.088348
0.035,142,0.05,False,,,,,0.086472
0.035,142,0.1,False,,,,,0.086472
0.035,143,0.05,False,,,,,0.088001
0.035,143,0.1,True,0.85,0.7746,0.050212,False,0.088001
0.035,144,0.05,False,,,,,0.085843
0.035,144,0.1,True,0.81,0.805,0.050736,False,0.085843
0.035,145,0.05,False,,,,,0.082124
0.035,145,0.1,True,0.79,0.8233,0.051487,False,0.082124
0.035,146,0.05,False,,,,,0.088101
0.035,146,0.1,True,0.81,0.8053,0.052974,False,0.088101
0.035,147,0.05,False,,,,,0.085201
0.035,147,0.1,True,0.85,0.7282,0.045789,False,0.085201
0.035,148,0.05,False,,,,,0.087238
0.035,148,0.1,True,0.83,0.7939,0.050821,False,0.087238
0.035,149,0.05,False,,,,,0.08522
0.035,149,0.1,False,,,,,0.08522
0.035,150,0.05,False,,,,,0.087913
0.035,150,0.1,False,,,,,0.087913
0.035,151,0.05,False,,,,,0.085521
0.035,151,0.1,True,0.81,0.8068,0.050568,False,0.085521
0.035,152,0.05,False,,,,,0.086163
0.035,152,0.1,False,,,,,0.086163
0.035,153,0.05,False,,,,,0.085254
0.035,153,0.1,True,0.81,0.7991,0.051205,False,0.085254
0.035,154,0.05,False,,,,,0.085734
0.035,154,0.1,True,0.81,0.8072,0.052586,False,0.085734
0.035,155,0.05,False,,,,,0.089506
0.035,155,0.1,True,0.79,0.8416,0.056022,False,0.089506
0.035,156,0.05,False,,,,,0.08599
0.035,156,0.1,True,0.83,0.7785,0.049372,False,0.08599
0.035,157,0.05,False,,,,,0.087671
0.035,157,0.1,True,0.83,0.7832,0.049905,False,0.087671
0.035,158,0.05,False,,,,,0.087754
0.035,158,0.1,False,,,,,0.087754
0.035,159,0.05,False,,,,,0.08536
0.035,159,0.1,False,,,,,0.08536
0.035,160,0.05,False,,,,,0.085636
0.035,160,0.1,False,,,,,0.085636
0.035,161,0.05,False,,,,,0.088571
0.035,161,0.1,False,,,,,0.088571
0.035,162,0.05,False,,,,,0.086326
0.035,162,0.1,False,,,,,0.086326
0.035,163,0.05,False,,,,,0.084774
0.035,163,0.1,False,,,,,0.084774
0.035,164,0.05,False,,,,,0.089619
0.035,164,0.1,True,0.81,0.8003,0.054609,False,0.089619
0.035,165,0.05,False,,,,,0.091444
0.035,165,0.1,True,0.81,0.803,0.055155,False,0.091444
0.035,166,0.05,False,,,,,0.09018
0.035,166,0.1,True,0.83,0.7941,0.052057,False,0.09018
0.035,167,0.05,False,,,,,0.088132
0.035,167,0.1,True,0.85,0.7678,0.047199,False,0.088132
0.035,168,0.05,False,,,,,0.088209
0.035,168,0.1,True,0.79,0.8213,0.053939,False,0.088209
0.035,169,0.05,False,,,,,0.087761
0.035,169,0.1,True,0.81,0.8091,0.051698,False,0.087761
0.035,170,0.05,False,,,,,0.08517
0.035,170,0.1,True,0.77,0.8478,0.056195,False,0.08517
0.035,171,0.05,False,,,,,0.091593
0.035,171,0.1,False,,,,,0.091593
0.035,172,0.05,False,,,,,0.090081
0.035,172,0.1,False,,,,,0.090081
0.035,173,0.05,False,,,,,0.088703
0.035,173,0.1,False,,,,,0.088703
0.035,174,0.05,False,,,,,0.085613
0.035,174,0.1,True,0.79,0.8358,0.054605,False,0.085613
0.035,175,0.05,False,,,,,0.086287
0.035,175,0.1,False,,,,,0.086287
0.035,176,0.05,False,,,,,0.089402
0.035,176,0.1,True,0.77,0.8521,0.05732,False,0.089402
0.035,177,0.05,False,,,,,0.0886
0.035,177,0.1,True,0.83,0.7845,0.050086,False,0.0886
0.035,178,0.05,False,,,,,0.088667
0.035,178,0.1,False,,,,,0.088667
0.035,179,0.05,False,,,,,0.089655
0.035,179,0.1,False,,,,,0.089655
0.035,180,0.05,False,,,,,0.088619
0.035,180,0.1,True,0.81,0.8065,0.053601,False,0.088619
0.035,181,0.05,False,,,,,0.085717
0.035,181,0.1,True,0.83,0.7811,0.049924,False,0.085717
0.035,182,0.05,False,,,,,0.091622
0.035,182,0.1,True,0.81,0.8133,0.056636,False,0.091622
0.035,183,0.05,False,,,,,0.08657
0.035,183,0.1,False,,,,,0.08657
0.035,184,0.05,False,,,,,0.0877
0.035,184,0.1,False,,,,,0.0877
0.035,185,0.05,False,,,,,0.086361
0.035,185,0.1,True,0.83,0.7776,0.049101,False,0.086361
0.035,186,0.05,False,,,,,0.087596
0.035,186,0.1,False,,,,,0.087596
0.035,187,0.05,False,,,,,0.082623
0.035,187,0.1,False,,,,,0.082623
0.035,188,0.05,False,,,,,0.083479
0.035,188,0.1,True,0.83,0.7785,0.049084,False,0.083479
0.035,189,0.05,False,,,,,0.0885
0.035,189,0.1,True,0.81,0.807,0.053605,False,0.0885
0.035,190,0.05,False,,,,,0.089665
0.035,190,0.1,True,0.83,0.7953,0.053038,False,0.089665
0.035,191,0.05,False,,,,,0.086279
0.035,191,0.1,True,0.85,0.7604,0.047938,False,0.086279
0.035,192,0.05,False,,,,,0.088551
0.035,192,0.1,True,0.81,0.8127,0.052921,False,0.088551
0.035,193,0.05,False,,,,,0.084725
0.035,193,0.1,True,0.79,0.8115,0.05228,False,0.084725
0.035,194,0.05,False,,,,,0.086259
0.035,194,0.1,True,0.85,0.7618,0.047737,False,0.086259
0.035,195,0.05,False,,,,,0.088127
0.035,195,0.1,True,0.83,0.7804,0.049576,False,0.088127
0.035,196,0.05,False,,,,,0.08687
0.035,196,0.1,True,0.79,0.8277,0.055577,False,0.08687
0.035,197,0.05,False,,,,,0.081063
0.035,197,0.1,True,0.83,0.7972,0.048726,False,0.081063
0.035,198,0.05,False,,,,,0.092139
0.035,198,0.1,False,,,,,0.092139
0.035,199,0.05,False,,,,,0.086183
0.035,199,0.1,False,,,,,0.086183
0.035,200,0.05,False,,,,,0.08863
0.035,200,0.1,True,0.79,0.8267,0.055522,False,0.08863
0.035,201,0.05,False,,,,,0.087233
0.035,201,0.1,True,0.81,0.7993,0.050998,False,0.087233
0.035,202,0.05,False,,,,,0.087377
0.035,202,0.1,True,0.79,0.8095,0.053719,False,0.087377
0.035,203,0.05,False,,,,,0.087288
0.035,203,0.1,False,,,,,0.087288
0.035,204,0.05,False,,,,,0.091034
0.035,204,0.1,False,,,,,0.091034
0.035,205,0.05,False,,,,,0.086092
0.035,205,0.1,True,0.85,0.7597,0.047216,False,0.086092
0.035,206,0.05,False,,,,,0.088523
0.035,206,0.1,True,0.83,0.7863,0.050034,False,0.088523
0.035,207,0.05,False,,,,,0.089997
0.035,207,0.1,True,0.85,0.7583,0.050697,False,0.089997
0.035,208,0.05,False,,,,,0.083641
0.035,208,0.1,True,0.81,0.8076,0.051547,False,0.083641
0.035,209,0.05,False,,,,,0.089931
0.035,209,0.1,False,,,,,0.089931
0.035,210,0.05,False,,,,,0.087742
0.035,210,0.1,False,,,,,0.087742
0.035,211,0.05,False,,,,,0.087638
0.035,211,0.1,True,0.83,0.7898,0.050065,False,0.087638
0.035,212,0.05,False,,,,,0.086734
0.035,212,0.1,True,0.81,0.8065,0.052212,False,0.086734
0.035,213,0.05,False,,,,,0.089104
0.035,213,0.1,True,0.83,0.7858,0.05106,False,0.089104
0.035,214,0.05,False,,,,,0.088114
0.035,214,0.1,True,0.81,0.8193,0.053249,False,0.088114
0.035,215,0.05,False,,,,,0.087829
0.035,215,0.1,False,,,,,0.087829
0.035,216,0.05,False,,,,,0.089373
0.035,216,0.1,True,0.83,0.8005,0.051439,False,0.089373
0.035,217,0.05,False,,,,,0.088696
0.035,217,0.1,False,,,,,0.088696
0.035,218,0.05,False,,,,,0.085003
0.035,218,0.1,True,0.79,0.8231,0.053047,False,0.085003
0.035,219,0.05,False,,,,,0.08741
0.035,219,0.1,False,,,,,0.08741
0.035,220,0.05,False,,,,,0.086794
0.035,220,0.1,True,0.83,0.7912,0.050453,False,0.086794
0.035,221,0.05,False,,,,,0.087815
0.035,221,0.1,False,,,,,0.087815
0.035,222,0.05,False,,,,,0.085261
0.035,222,0.1,False,,,,,0.085261
0.035,223,0.05,False,,,,,0.086597
0.035,223,0.1,True,0.79,0.8359,0.054831,False,0.086597
0.035,224,0.05,False,,,,,0.089678
0.035,224,0.1,True,0.83,0.7813,0.051115,False,0.089678
0.035,225,0.05,False,,,,,0.088048
0.035,225,0.1,False,,,,,0.088048
0.035,226,0.05,False,,,,,0.086607
0.035,226,0.1,True,0.75,0.8602,0.05887,False,0.086607
0.035,227,0.05,False,,,,,0.087108
0.035,227,0.1,False,,,,,0.087108
0.035,228,0.05,False,,,,,0.088001
0.035,228,0.1,True,0.81,0.807,0.053809,False,0.088001
0.035,229,0.05,False,,,,,0.08707
0.035,229,0.1,True,0.79,0.8232,0.053704,False,0.08707
0.035,230,0.05,False,,,,,0.086838
0.035,230,0.1,True,0.81,0.8179,0.05226,False,0.086838
0.035,231,0.05,False,,,,,0.08658
0.035,231,0.1,True,0.81,0.8189,0.053346,False,0.08658
0.035,232,0.05,False,,,,,0.084716
0.035,232,0.1,True,0.81,0.8093,0.051261,False,0.084716
0.035,233,0.05,False,,,,,0.086709
0.035,233,0.1,False,,,,,0.086709
0.035,234,0.05,False,,,,,0.084546
0.035,234,0.1,True,0.83,0.7771,0.04869,False,0.084546
0.035,235,0.05,False,,,,,0.083849
0.035,235,0.1,False,,,,,0.083849
0.035,236,0.05,False,,,,,0.089162
0.035,236,0.1,False,,,,,0.089162
0.035,237,0.05,False,,,,,0.087304
0.035,237,0.1,True,0.79,0.8313,0.054772,False,0.087304
0.035,238,0.05,False,,,,,0.087832
0.035,238,0.1,True,0.75,0.8605,0.059954,False,0.087832
0.035,239,0.05,False,,,,,0.089357
0.035,239,0.1,True,0.79,0.8309,0.056521,False,0.089357
0.035,240,0.05,False,,,,,0.088472
0.035,240,0.1,False,,,,,0.088472
0.035,241,0.05,False,,,,,0.08637
0.035,241,0.1,True,0.83,0.7924,0.05159,False,0.08637
0.035,242,0.05,False,,,,,0.08911
0.035,242,0.1,False,,,,,0.08911
0.035,243,0.05,False,,,,,0.086471
0.035,243,0.1,True,0.83,0.7909,0.049882,False,0.086471
0.035,244,0.05,False,,,,,0.086366
0.035,244,0.1,True,0.83,0.7825,0.049331,False,0.086366
0.035,245,0.05,False,,,,,0.085788
0.035,245,0.1,True,0.83,0.78,0.049571,False,0.085788
0.035,246,0.05,False,,,,,0.083534
0.035,246,0.1,False,,,,,0.083534
0.035,247,0.05,False,,,,,0.090458
0.035,247,0.1,False,,,,,0.090458
0.035,248,0.05,False,,,,,0.085885
0.035,248,0.1,True,0.83,0.7824,0.049655,False,0.085885
0.035,249,0.05,False,,,,,0.087209
0.035,249,0.1,True,0.81,0.8172,0.053202,False,0.087209
0.035,250,0.05,False,,,,,0.084625
0.035,250,0.1,True,0.81,0.8199,0.051698,False,0.084625
0.035,251,0.05,False,,,,,0.093643
0.035,251,0.1,True,0.81,0.8232,0.056514,False,0.093643
0.035,252,0.05,False,,,,,0.089079
0.035,252,0.1,True,0.79,0.8304,0.055676,False,0.089079
0.035,253,0.05,False,,,,,0.087374
0.035,253,0.1,False,,,,,0.087374
0.035,254,0.05,False,,,,,0.086657
0.035,254,0.1,True,0.79,0.8242,0.053832,False,0.086657
0.035,255,0.05,False,,,,,0.088688
0.035,255,0.1,False,,,,,0.088688
0.035,256,0.05,False,,,,,0.086988
0.035,256,0.1,False,,,,,0.086988
0.035,257,0.05,False,,,,,0.087065
0.035,257,0.1,True,0.85,0.7559,0.048054,False,0.087065
0.035,258,0.05,False,,,,,0.08881
0.035,258,0.1,True,0.85,0.7415,0.047286,False,0.08881
0.035,259,0.05,False,,,,,0.085262
0.035,259,0.1,False,,,,,0.085262
0.035,260,0.05,False,,,,,0.085964
0.035,260,0.1,True,0.83,0.7818,0.049485,False,0.085964
0.035,261,0.05,False,,,,,0.088158
0.035,261,0.1,True,0.87,0.7319,0.045296,False,0.088158
0.035,262,0.05,False,,,,,0.087396
0.035,262,0.1,False,,,,,0.087396
0.035,263,0.05,False,,,,,0.085162
0.035,263,0.1,True,0.81,0.8041,0.051511,False,0.085162
0.035,264,0.05,False,,,,,0.089582
0.035,264,0.1,True,0.83,0.7783,0.051026,False,0.089582
0.035,265,0.05,False,,,,,0.088922
0.035,265,0.1,True,0.83,0.7742,0.05151,False,0.088922
0.035,266,0.05,False,,,,,0.086714
0.035,266,0.1,False,,,,,0.086714
0.035,267,0.05,False,,,,,0.088369
0.035,267,0.1,False,,,,,0.088369
0.035,268,0.05,False,,,,,0.086632
0.035,268,0.1,False,,,,,0.086632
0.035,269,0.05,False,,,,,0.08262
0.035,269,0.1,False,,,,,0.08262
0.035,270,0.05,False,,,,,0.087768
0.035,270,0.1,False,,,,,0.087768
0.035,271,0.05,False,,,,,0.086259
0.035,271,0.1,True,0.81,0.8023,0.051514,False,0.086259
0.035,272,0.05,False,,,,,0.090703
0.035,272,0.1,False,,,,,0.090703
0.035,273,0.05,False,,,,,0.088249
0.035,273,0.1,False,,,,,0.088249
0.035,274,0.05,False,,,,,0.088747
0.035,274,0.1,True,0.81,0.811,0.05199,False,0.088747
0.035,275,0.05,False,,,,,0.090742
0.035,275,0.1,True,0.85,0.7593,0.050635,False,0.090742
0.035,276,0.05,False,,,,,0.086142
0.035,276,0.1,False,,,,,0.086142
0.035,277,0.05,False,,,,,0.08745
0.035,277,0.1,False,,,,,0.08745
0.035,278,0.05,False,,,,,0.087213
0.035,278,0.1,False,,,,,0.087213
0.035,279,0.05,False,,,,,0.087762
0.035,279,0.1,True,0.81,0.8119,0.052992,False,0.087762
0.035,280,0.05,False,,,,,0.085906
0.035,280,0.1,False,,,,,0.085906
0.035,281,0.05,False,,,,,0.086854
0.035,281,0.1,False,,,,,0.086854
0.035,282,0.05,False,,,,,0.085225
0.035,282,0.1,False,,,,,0.085225
0.035,283,0.05,False,,,,,0.087376
0.035,283,0.1,True,0.77,0.8488,0.056464,False,0.087376
0.035,284,0.05,False,,,,,0.084261
0.035,284,0.1,False,,,,,0.084261
0.035,285,0.05,False,,,,,0.085863
0.035,285,0.1,False,,,,,0.085863
0.035,286,0.05,False,,,,,0.091037
0.035,286,0.1,True,0.81,0.8084,0.055628,False,0.091037
0.035,287,0.05,False,,,,,0.084319
0.035,287,0.1,True,0.85,0.7561,0.04517,False,0.084319
0.035,288,0.05,False,,,,,0.09046
0.035,288,0.1,True,0.81,0.794,0.054654,False,0.09046
0.035,289,0.05,False,,,,,0.084869
0.035,289,0.1,True,0.87,0.7215,0.044994,False,0.084869
0.035,290,0.05,False,,,,,0.08551
0.035,290,0.1,True,0.79,0.8311,0.053389,False,0.08551
0.035,291,0.05,False,,,,,0.088153
0.035,291,0.1,True,0.81,0.8035,0.054081,False,0.088153
0.035,292,0.05,False,,,,,0.087865
0.035,292,0.1,True,0.79,0.8323,0.05507,False,0.087865
0.035,293,0.05,False,,,,,0.086469
0.035,293,0.1,True,0.75,0.8748,0.061024,False,0.086469
0.035,294,0.05,False,,,,,0.086431
0.035,294,0.1,False,,,,,0.086431
0.035,295,0.05,False,,,,,0.086157
0.035,295,0.1,False,,,,,0.086157
0.035,296,0.05,False,,,,,0.086615
0.035,296,0.1,True,0.83,0.7844,0.049731,False,0.086615
0.035,297,0.05,False,,,,,0.084659
0.035,297,0.1,True,0.79,0.8191,0.053683,False,0.084659
0.035,298,0.05,False,,,,,0.089478
0.035,298,0.1,True,0.83,0.7895,0.051552,False,0.089478
0.035,299,0.05,False,,,,,0.086318
0.035,299,0.1,False,,,,,0.086318
0.04,0,0.05,False,,,,,0.0893
0.04,0,0.1,False,,,,,0.0893
0.04,1,0.05,False,,,,,0.088456
0.04,1,0.1,False,,,,,0.088456
0.04,2,0.05,False,,,,,0.090933
0.04,2,0.1,False,,,,,0.090933
0.04,3,0.05,False,,,,,0.088845
0.04,3,0.1,False,,,,,0.088845
0.04,4,0.05,False,,,,,0.091073
0.04,4,0.1,False,,,,,0.091073
0.04,5,0.05,False,,,,,0.092035
0.04,5,0.1,False,,,,,0.092035
0.04,6,0.05,False,,,,,0.088918
0.04,6,0.1,False,,,,,0.088918
0.04,7,0.05,False,,,,,0.091484
0.04,7,0.1,False,,,,,0.091484
0.04,8,0.05,False,,,,,0.093102
0.04,8,0.1,False,,,,,0.093102
0.04,9,0.05,False,,,,,0.09041
0.04,9,0.1,False,,,,,0.09041
0.04,10,0.05,False,,,,,0.093877
0.04,10,0.1,False,,,,,0.093877
0.04,11,0.05,False,,,,,0.090279
0.04,11,0.1,False,,,,,0.090279
0.04,12,0.05,False,,,,,0.089882
0.04,12,0.1,False,,,,,0.089882
0.04,13,0.05,False,,,,,0.089862
0.04,13,0.1,False,,,,,0.089862
0.04,14,0.05,False,,,,,0.088136
0.04,14,0.1,False,,,,,0.088136
0.04,15,0.05,False,,,,,0.088777
0.04,15,0.1,False,,,,,0.088777
0.04,16,0.05,False,,,,,0.091701
0.04,16,0.1,False,,,,,0.091701
0.04,17,0.05,False,,,,,0.091066
0.04,17,0.1,False,,,,,0.091066
0.04,18,0.05,False,,,,,0.096684
0.04,18,0.1,False,,,,,0.096684
0.04,19,0.05,False,,,,,0.091051
0.04,19,0.1,False,,,,,0.091051
0.04,20,0.05,False,,,,,0.092021
0.04,20,0.1,False,,,,,0.092021
0.04,21,0.05,False,,,,,0.096911
0.04,21,0.1,False,,,,,0.096911
0.04,22,0.05,False,,,,,0.092662
0.04,22,0.1,False,,,,,0.092662
0.04,23,0.05,False,,,,,0.091729
0.04,23,0.1,False,,,,,0.091729
0.04,24,0.05,False,,,,,0.090231
0.04,24,0.1,False,,,,,0.090231
0.04,25,0.05,False,,,,,0.090662
0.04,25,0.1,False,,,,,0.090662
0.04,26,0.05,False,,,,,0.089648
0.04,26,0.1,False,,,,,0.089648
0.04,27,0.05,False,,,,,0.093708
0.04,27,0.1,False,,,,,0.093708
0.04,28,0.05,False,,,,,0.09115
0.04,28,0.1,False,,,,,0.09115
0.04,29,0.05,False,,,,,0.088801
0.04,29,0.1,False,,,,,0.088801
0.04,30,0.05,False,,,,,0.090999
0.04,30,0.1,False,,,,,0.090999
0.04,31,0.05,False,,,,,0.091729
0.04,31,0.1,False,,,,,0.091729
0.04,32,0.05,False,,,,,0.091353
0.04,32,0.1,False,,,,,0.091353
0.04,33,0.05,False,,,,,0.090543
0.04,33,0.1,False,,,,,0.090543
0.04,34,0.05,False,,,,,0.090614
0.04,34,0.1,False,,,,,0.090614
0.04,35,0.05,False,,,,,0.088212
0.04,35,0.1,False,,,,,0.088212
0.04,36,0.05,False,,,,,0.091371
0.04,36,0.1,False,,,,,0.091371
0.04,37,0.05,False,,,,,0.092451
0.04,37,0.1,False,,,,,0.092451
0.04,38,0.05,False,,,,,0.088593
0.04,38,0.1,False,,,,,0.088593
0.04,39,0.05,False,,,,,0.094307
0.04,39,0.1,False,,,,,0.094307
0.04,40,0.05,False,,,,,0.091679
0.04,40,0.1,False,,,,,0.091679
0.04,41,0.05,False,,,,,0.089588
0.04,41,0.1,False,,,,,0.089588
0.04,42,0.05,False,,,,,0.094716
0.04,42,0.1,False,,,,,0.094716
0.04,43,0.05,False,,,,,0.094273
0.04,43,0.1,False,,,,,0.094273
0.04,44,0.05,False,,,,,0.094517
0.04,44,0.1,False,,,,,0.094517
0.04,45,0.05,False,,,,,0.091315
0.04,45,0.1,False,,,,,0.091315
0.04,46,0.05,False,,,,,0.092126
0.04,46,0.1,False,,,,,0.092126
0.04,47,0.05,False,,,,,0.08792
0.04,47,0.1,False,,,,,0.08792
0.04,48,0.05,False,,,,,0.090214
0.04,48,0.1,False,,,,,0.090214
0.04,49,0.05,False,,,,,0.092804
0.04,49,0.1,False,,,,,0.092804
0.04,50,0.05,False,,,,,0.089792
0.04,50,0.1,False,,,,,0.089792
0.04,51,0.05,False,,,,,0.092788
0.04,51,0.1,False,,,,,0.092788
0.04,52,0.05,False,,,,,0.091171
0.04,52,0.1,False,,,,,0.091171
0.04,53,0.05,False,,,,,0.091774
0.04,53,0.1,False,,,,,0.091774
0.04,54,0.05,False,,,,,0.09045
0.04,54,0.1,False,,,,,0.09045
0.04,55,0.05,False,,,,,0.090845
0.04,55,0.1,False,,,,,0.090845
0.04,56,0.05,False,,,,,0.089498
0.04,56,0.1,False,,,,,0.089498
0.04,57,0.05,False,,,,,0.096105
0.04,57,0.1,False,,,,,0.096105
0.04,58,0.05,False,,,,,0.090034
0.04,58,0.1,False,,,,,0.090034
0.04,59,0.05,False,,,,,0.091507
0.04,59,0.1,False,,,,,0.091507
0.04,60,0.05,False,,,,,0.092895
0.04,60,0.1,False,,,,,0.092895
0.04,61,0.05,False,,,,,0.093353
0.04,61,0.1,False,,,,,0.093353
0.04,62,0.05,False,,,,,0.090964
0.04,62,0.1,False,,,,,0.090964
0.04,63,0.05,False,,,,,0.093993
0.04,63,0.1,False,,,,,0.093993
0.04,64,0.05,False,,,,,0.091807
0.04,64,0.1,False,,,,,0.091807
0.04,65,0.05,False,,,,,0.090804
0.04,65,0.1,False,,,,,0.090804
0.04,66,0.05,False,,,,,0.089776
0.04,66,0.1,False,,,,,0.089776
0.04,67,0.05,False,,,,,0.091389
0.04,67,0.1,False,,,,,0.091389
0.04,68,0.05,False,,,,,0.090924
0.04,68,0.1,False,,,,,0.090924
0.04,69,0.05,False,,,,,0.09733
0.04,69,0.1,False,,,,,0.09733
0.04,70,0.05,False,,,,,0.094573
0.04,70,0.1,False,,,,,0.094573
0.04,71,0.05,False,,,,,0.090862
0.04,71,0.1,False,,,,,0.090862
0.04,72,0.05,False,,,,,0.095613
0.04,72,0.1,False,,,,,0.095613
0.04,73,0.05,False,,,,,0.091978
0.04,73,0.1,False,,,,,0.091978
0.04,74,0.05,False,,,,,0.087158
0.04,74,0.1,False,,,,,0.087158
0.04,75,0.05,False,,,,,0.08811
0.04,75,0.1,False,,,,,0.08811
0.04,76,0.05,False,,,,,0.091609
0.04,76,0.1,False,,,,,0.091609
0.04,77,0.05,False,,,,,0.093839
0.04,77,0.1,False,,,,,0.093839
0.04,78,0.05,False,,,,,0.089181
0.04,78,0.1,False,,,,,0.089181
0.04,79,0.05,False,,,,,0.086035
0.04,79,0.1,False,,,,,0.086035
0.04,80,0.05,False,,,,,0.089904
0.04,80,0.1,False,,,,,0.089904
0.04,81,0.05,False,,,,,0.090455
0.04,81,0.1,False,,,,,0.090455
0.04,82,0.05,False,,,,,0.090718
0.04,82,0.1,False,,,,,0.090718
0.04,83,0.05,False,,,,,0.08728
0.04,83,0.1,False,,,,,0.08728
0.04,84,0.05,False,,,,,0.093408
0.04,84,0.1,False,,,,,0.093408
0.04,85,0.05,False,,,,,0.088652
0.04,85,0.1,True,0.81,0.7785,0.055038,False,0.088652
0.04,86,0.05,False,,,,,0.095035
0.04,86,0.1,False,,,,,0.095035
0.04,87,0.05,False,,,,,0.09111
0.04,87,0.1,False,,,,,0.09111
0.04,88,0.05,False,,,,,0.091877
0.04,88,0.1,False,,,,,0.091877
0.04,89,0.05,False,,,,,0.095599
0.04,89,0.1,False,,,,,0.095599
0.04,90,0.05,False,,,,,0.090956
0.04,90,0.1,False,,,,,0.090956
0.04,91,0.05,False,,,,,0.092104
0.04,91,0.1,False,,,,,0.092104
0.04,92,0.05,False,,,,,0.089805
0.04,92,0.1,False,,,,,0.089805
0.04,93,0.05,False,,,,,0.089263
0.04,93,0.1,False,,,,,0.089263
0.04,94,0.05,False,,,,,0.087936
0.04,94,0.1,False,,,,,0.087936
0.04,95,0.05,False,,,,,0.091859
0.04,95,0.1,False,,,,,0.091859
0.04,96,0.05,False,,,,,0.089005
0.04,96,0.1,False,,,,,0.089005
0.04,97,0.05,False,,,,,0.090756
0.04,97,0.1,False,,,,,0.090756
0.04,98,0.05,False,,,,,0.089514
0.04,98,0.1,False,,,,,0.089514
0.04,99,0.05,False,,,,,0.0905
0.04,99,0.1,False,,,,,0.0905
0.04,100,0.05,False,,,,,0.087239
0.04,100,0.1,False,,,,,0.087239
0.04,101,0.05,False,,,,,0.091506
0.04,101,0.1,False,,,,,0.091506
0.04,102,0.05,False,,,,,0.092988
0.04,102,0.1,False,,,,,0.092988
0.04,103,0.05,False,,,,,0.087182
0.04,103,0.1,False,,,,,0.087182
0.04,104,0.05,False,,,,,0.088987
0.04,104,0.1,False,,,,,0.088987
0.04,105,0.05,False,,,,,0.094832
0.04,105,0.1,False,,,,,0.094832
0.04,106,0.05,False,,,,,0.09482
0.04,106,0.1,False,,,,,0.09482
0.04,107,0.05,False,,,,,0.092048
0.04,107,0.1,False,,,,,0.092048
0.04,108,0.05,False,,,,,0.087667
0.04,108,0.1,False,,,,,0.087667
0.04,109,0.05,False,,,,,0.095074
0.04,109,0.1,False,,,,,0.095074
0.04,110,0.05,False,,,,,0.094013
0.04,110,0.1,False,,,,,0.094013
0.04,111,0.05,False,,,,,0.091001
0.04,111,0.1,False,,,,,0.091001
0.04,112,0.05,False,,,,,0.095222
0.04,112,0.1,False,,,,,0.095222
0.04,113,0.05,False,,,,,0.088652
0.04,113,0.1,False,,,,,0.088652
0.04,114,0.05,False,,,,,0.090056
0.04,114,0.1,False,,,,,0.090056
0.04,115,0.05,False,,,,,0.096073
0.04,115,0.1,False,,,,,0.096073
0.04,116,0.05,False,,,,,0.09047
0.04,116,0.1,False,,,,,0.09047
0.04,117,0.05,False,,,,,0.092918
0.04,117,0.1,False,,,,,0.092918
0.04,118,0.05,False,,,,,0.091788
0.04,118,0.1,True,0.85,0.7531,0.05222,False,0.091788
0.04,119,0.05,False,,,,,0.087731
0.04,119,0.1,False,,,,,0.087731
0.04,120,0.05,False,,,,,0.090307
0.04,120,0.1,False,,,,,0.090307
0.04,121,0.05,False,,,,,0.093864
0.04,121,0.1,False,,,,,0.093864
0.04,122,0.05,False,,,,,0.091934
0.04,122,0.1,False,,,,,0.091934
0.04,123,0.05,False,,,,,0.092504
0.04,123,0.1,False,,,,,0.092504
0.04,124,0.05,False,,,,,0.090481
0.04,124,0.1,True,0.83,0.7651,0.054729,False,0.090481
0.04,125,0.05,False,,,,,0.088873
0.04,125,0.1,False,,,,,0.088873
0.04,126,0.05,False,,,,,0.096418
0.04,126,0.1,False,,,,,0.096418
0.04,127,0.05,False,,,,,0.091581
0.04,127,0.1,False,,,,,0.091581
0.04,128,0.05,False,,,,,0.09525
0.04,128,0.1,False,,,,,0.09525
0.04,129,0.05,False,,,,,0.090518
0.04,129,0.1,False,,,,,0.090518
0.04,130,0.05,False,,,,,0.089972
0.04,130,0.1,False,,,,,0.089972
0.04,131,0.05,False,,,,,0.094994
0.04,131,0.1,False,,,,,0.094994
0.04,132,0.05,False,,,,,0.089441
0.04,132,0.1,False,,,,,0.089441
0.04,133,0.05,False,,,,,0.089956
0.04,133,0.1,False,,,,,0.089956
0.04,134,0.05,False,,,,,0.092781
0.04,134,0.1,False,,,,,0.092781
0.04,135,0.05,False,,,,,0.089547
0.04,135,0.1,False,,,,,0.089547
0.04,136,0.05,False,,,,,0.090623
0.04,136,0.1,False,,,,,0.090623
0.04,137,0.05,False,,,,,0.088817
0.04,137,0.1,False,,,,,0.088817
0.04,138,0.05,False,,,,,0.087978
0.04,138,0.1,False,,,,,0.087978
0.04,139,0.05,False,,,,,0.0942
0.04,139,0.1,False,,,,,0.0942
0.04,140,0.05,False,,,,,0.092546
0.04,140,0.1,False,,,,,0.092546
0.04,141,0.05,False,,,,,0.091627
0.04,141,0.1,False,,,,,0.091627
0.04,142,0.05,False,,,,,0.090709
0.04,142,0.1,False,,,,,0.090709
0.04,143,0.05,False,,,,,0.089546
0.04,143,0.1,False,,,,,0.089546
0.04,144,0.05,False,,,,,0.094584
0.04,144,0.1,False,,,,,0.094584
0.04,145,0.05,False,,,,,0.094781
0.04,145,0.1,False,,,,,0.094781
0.04,146,0.05,False,,,,,0.090282
0.04,146,0.1,False,,,,,0.090282
0.04,147,0.05,False,,,,,0.091081
0.04,147,0.1,False,,,,,0.091081
0.04,148,0.05,False,,,,,0.090305
0.04,148,0.1,False,,,,,0.090305
0.04,149,0.05,False,,,,,0.090727
0.04,149,0.1,False,,,,,0.090727
0.04,150,0.05,False,,,,,0.090257
0.04,150,0.1,False,,,,,0.090257
0.04,151,0.05,False,,,,,0.092289
0.04,151,0.1,False,,,,,0.092289
0.04,152,0.05,False,,,,,0.091474
0.04,152,0.1,False,,,,,0.091474
0.04,153,0.05,False,,,,,0.091797
0.04,153,0.1,False,,,,,0.091797
0.04,154,0.05,False,,,,,0.093072
0.04,154,0.1,False,,,,,0.093072
0.04,155,0.05,False,,,,,0.089793
0.04,155,0.1,False,,,,,0.089793
0.04,156,0.05,False,,,,,0.093329
0.04,156,0.1,False,,,,,0.093329
0.04,157,0.05,False,,,,,0.091368
0.04,157,0.1,False,,,,,0.091368
0.04,158,0.05,False,,,,,0.094214
0.04,158,0.1,False,,,,,0.094214
0.04,159,0.05,False,,,,,0.093321
0.04,159,0.1,False,,,,,0.093321
0.04,160,0.05,False,,,,,0.094466
0.04,160,0.1,False,,,,,0.094466
0.04,161,0.05,False,,,,,0.092237
0.04,161,0.1,False,,,,,0.092237
0.04,162,0.05,False,,,,,0.091256
0.04,162,0.1,False,,,,,0.091256
0.04,163,0.05,False,,,,,0.090925
0.04,163,0.1,False,,,,,0.090925
0.04,164,0.05,False,,,,,0.090269
0.04,164,0.1,False,,,,,0.090269
0.04,165,0.05,False,,,,,0.088899
0.04,165,0.1,False,,,,,0.088899
0.04,166,0.05,False,,,,,0.088213
0.04,166,0.1,False,,,,,0.088213
0.04,167,0.05,False,,,,,0.089854
0.04,167,0.1,False,,,,,0.089854
0.04,168,0.05,False,,,,,0.089764
0.04,168,0.1,False,,,,,0.089764
0.04,169,0.05,False,,,,,0.090902
0.04,169,0.1,False,,,,,0.090902
0.04,170,0.05,False,,,,,0.092414
0.04,170,0.1,False,,,,,0.092414
0.04,171,0.05,False,,,,,0.091328
0.04,171,0.1,False,,,,,0.091328
0.04,172,0.05,False,,,,,0.088378
0.04,172,0.1,False,,,,,0.088378
0.04,173,0.05,False,,,,,0.091813
0.04,173,0.1,False,,,,,0.091813
0.04,174,0.05,False,,,,,0.091247
0.04,174,0.1,False,,,,,0.091247
0.04,175,0.05,False,,,,,0.089623
0.04,175,0.1,False,,,,,0.089623
0.04,176,0.05,False,,,,,0.09172
0.04,176,0.1,False,,,,,0.09172
0.04,177,0.05,False,,,,,0.089849
0.04,177,0.1,False,,,,,0.089849
0.04,178,0.05,False,,,,,0.092632
0.04,178,0.1,False,,,,,0.092632
0.04,179,0.05,False,,,,,0.092674
0.04,179,0.1,False,,,,,0.092674
0.04,180,0.05,False,,,,,0.088641
0.04,180,0.1,False,,,,,0.088641
0.04,181,0.05,False,,,,,0.093398
0.04,181,0.1,False,,,,,0.093398
0.04,182,0.05,False,,,,,0.09349
0.04,182,0.1,False,,,,,0.09349
0.04,183,0.05,False,,,,,0.091272
0.04,183,0.1,False,,,,,0.091272
0.04,184,0.05,False,,,,,0.094313
0.04,184,0.1,False,,,,,0.094313
0.04,185,0.05,False,,,,,0.095484
0.04,185,0.1,False,,,,,0.095484
0.04,186,0.05,False,,,,,0.092684
0.04,186,0.1,False,,,,,0.092684
0.04,187,0.05,False,,,,,0.091592
0.04,187,0.1,False,,,,,0.091592
0.04,188,0.05,False,,,,,0.091596
0.04,188,0.1,False,,,,,0.091596
0.04,189,0.05,False,,,,,0.092668
0.04,189,0.1,False,,,,,0.092668
0.04,190,0.05,False,,,,,0.090052
0.04,190,0.1,False,,,,,0.090052
0.04,191,0.05,False,,,,,0.09223
0.04,191,0.1,False,,,,,0.09223
0.04,192,0.05,False,,,,,0.090809
0.04,192,0.1,False,,,,,0.090809
0.04,193,0.05,False,,,,,0.087868
0.04,193,0.1,False,,,,,0.087868
0.04,194,0.05,False,,,,,0.089656
0.04,194,0.1,False,,,,,0.089656
0.04,195,0.05,False,,,,,0.092565
0.04,195,0.1,False,,,,,0.092565
0.04,196,0.05,False,,,,,0.092716
0.04,196,0.1,False,,,,,0.092716
0.04,197,0.05,False,,,,,0.094699
0.04,197,0.1,False,,,,,0.094699
0.04,198,0.05,False,,,,,0.089939
0.04,198,0.1,False,,,,,0.089939
0.04,199,0.05,False,,,,,0.091175
0.04,199,0.1,False,,,,,0.091175
0.04,200,0.05,False,,,,,0.090156
0.04,200,0.1,False,,,,,0.090156
0.04,201,0.05,False,,,,,0.087314
0.04,201,0.1,False,,,,,0.087314
0.04,202,0.05,False,,,,,0.09394
0.04,202,0.1,False,,,,,0.09394
0.04,203,0.05,False,,,,,0.090314
0.04,203,0.1,False,,,,,0.090314
0.04,204,0.05,False,,,,,0.089443
0.04,204,0.1,False,,,,,0.089443
0.04,205,0.05,False,,,,,0.095424
0.04,205,0.1,False,,,,,0.095424
0.04,206,0.05,False,,,,,0.093113
0.04,206,0.1,False,,,,,0.093113
0.04,207,0.05,False,,,,,0.090087
0.04,207,0.1,False,,,,,0.090087
0.04,208,0.05,False,,,,,0.09297
0.04,208,0.1,False,,,,,0.09297
0.04,209,0.05,False,,,,,0.090535
0.04,209,0.1,False,,,,,0.090535
0.04,210,0.05,False,,,,,0.091638
0.04,210,0.1,False,,,,,0.091638
0.04,211,0.05,False,,,,,0.091019
0.04,211,0.1,False,,,,,0.091019
0.04,212,0.05,False,,,,,0.08952
0.04,212,0.1,False,,,,,0.08952
0.04,213,0.05,False,,,,,0.090865
0.04,213,0.1,False,,,,,0.090865
0.04,214,0.05,False,,,,,0.088989
0.04,214,0.1,False,,,,,0.088989
0.04,215,0.05,False,,,,,0.091745
0.04,215,0.1,False,,,,,0.091745
0.04,216,0.05,False,,,,,0.090633
0.04,216,0.1,False,,,,,0.090633
0.04,217,0.05,False,,,,,0.087542
0.04,217,0.1,False,,,,,0.087542
0.04,218,0.05,False,,,,,0.090976
0.04,218,0.1,False,,,,,0.090976
0.04,219,0.05,False,,,,,0.092355
0.04,219,0.1,False,,,,,0.092355
0.04,220,0.05,False,,,,,0.093279
0.04,220,0.1,False,,,,,0.093279
0.04,221,0.05,False,,,,,0.091065
0.04,221,0.1,True,0.85,0.7456,0.051291,False,0.091065
0.04,222,0.05,False,,,,,0.091654
0.04,222,0.1,False,,,,,0.091654
0.04,223,0.05,False,,,,,0.089762
0.04,223,0.1,True,0.83,0.7653,0.053747,False,0.089762
0.04,224,0.05,False,,,,,0.089908
0.04,224,0.1,False,,,,,0.089908
0.04,225,0.05,False,,,,,0.090284
0.04,225,0.1,False,,,,,0.090284
0.04,226,0.05,False,,,,,0.088966
0.04,226,0.1,False,,,,,0.088966
0.04,227,0.05,False,,,,,0.091934
0.04,227,0.1,False,,,,,0.091934
0.04,228,0.05,False,,,,,0.089615
0.04,228,0.1,False,,,,,0.089615
0.04,229,0.05,False,,,,,0.093127
0.04,229,0.1,False,,,,,0.093127
0.04,230,0.05,False,,,,,0.08999
0.04,230,0.1,False,,,,,0.08999
0.04,231,0.05,False,,,,,0.092754
0.04,231,0.1,False,,,,,0.092754
0.04,232,0.05,False,,,,,0.092919
0.04,232,0.1,False,,,,,0.092919
0.04,233,0.05,False,,,,,0.088457
0.04,233,0.1,False,,,,,0.088457
0.04,234,0.05,False,,,,,0.091297
0.04,234,0.1,False,,,,,0.091297
0.04,235,0.05,False,,,,,0.09301
0.04,235,0.1,False,,,,,0.09301
0.04,236,0.05,False,,,,,0.09447
0.04,236,0.1,False,,,,,0.09447
0.04,237,0.05,False,,,,,0.089275
0.04,237,0.1,False,,,,,0.089275
0.04,238,0.05,False,,,,,0.093406
0.04,238,0.1,False,,,,,0.093406
0.04,239,0.05,False,,,,,0.089076
0.04,239,0.1,False,,,,,0.089076
0.04,240,0.05,False,,,,,0.089281
0.04,240,0.1,False,,,,,0.089281
0.04,241,0.05,False,,,,,0.08763
0.04,241,0.1,False,,,,,0.08763
0.04,242,0.05,False,,,,,0.09016
0.04,242,0.1,False,,,,,0.09016
0.04,243,0.05,False,,,,,0.090676
0.04,243,0.1,False,,,,,0.090676
0.04,244,0.05,False,,,,,0.089756
0.04,244,0.1,False,,,,,0.089756
0.04,245,0.05,False,,,,,0.092084
0.04,245,0.1,False,,,,,0.092084
0.04,246,0.05,False,,,,,0.091191
0.04,246,0.1,False,,,,,0.091191
0.04,247,0.05,False,,,,,0.093641
0.04,247,0.1,False,,,,,0.093641
0.04,248,0.05,False,,,,,0.092225
0.04,248,0.1,False,,,,,0.092225
0.04,249,0.05,False,,,,,0.091584
0.04,249,0.1,False,,,,,0.091584
0.04,250,0.05,False,,,,,0.094329
0.04,250,0.1,False,,,,,0.094329
0.04,251,0.05,False,,,,,0.091639
0.04,251,0.1,False,,,,,0.091639
0.04,252,0.05,False,,,,,0.092184
0.04,252,0.1,False,,,,,0.092184
0.04,253,0.05,False,,,,,0.086988
0.04,253,0.1,False,,,,,0.086988
0.04,254,0.05,False,,,,,0.08702
0.04,254,0.1,True,0.85,0.7217,0.049554,False,0.08702
0.04,255,0.05,False,,,,,0.087454
0.04,255,0.1,False,,,,,0.087454
0.04,256,0.05,False,,,,,0.094168
0.04,256,0.1,False,,,,,0.094168
0.04,257,0.05,False,,,,,0.088797
0.04,257,0.1,False,,,,,0.088797
0.04,258,0.05,False,,,,,0.094913
0.04,258,0.1,True,0.83,0.7721,0.055634,False,0.094913
0.04,259,0.05,False,,,,,0.088935
0.04,259,0.1,False,,,,,0.088935
0.04,260,0.05,False,,,,,0.091217
0.04,260,0.1,False,,,,,0.091217
0.04,261,0.05,False,,,,,0.093056
0.04,261,0.1,False,,,,,0.093056
0.04,262,0.05,False,,,,,0.092002
0.04,262,0.1,False,,,,,0.092002
0.04,263,0.05,False,,,,,0.09172
0.04,263,0.1,False,,,,,0.09172
0.04,264,0.05,False,,,,,0.089476
0.04,264,0.1,False,,,,,0.089476
0.04,265,0.05,False,,,,,0.092687
0.04,265,0.1,False,,,,,0.092687
0.04,266,0.05,False,,,,,0.087886
0.04,266,0.1,False,,,,,0.087886
0.04,267,0.05,False,,,,,0.090346
0.04,267,0.1,False,,,,,0.090346
0.04,268,0.05,False,,,,,0.091061
0.04,268,0.1,False,,,,,0.091061
0.04,269,0.05,False,,,,,0.089928
0.04,269,0.1,False,,,,,0.089928
0.04,270,0.05,False,,,,,0.094149
0.04,270,0.1,False,,,,,0.094149
0.04,271,0.05,False,,,,,0.091193
0.04,271,0.1,False,,,,,0.091193
0.04,272,0.05,False,,,,,0.094476
0.04,272,0.1,False,,,,,0.094476
0.04,273,0.05,False,,,,,0.095318
0.04,273,0.1,False,,,,,0.095318
0.04,274,0.05,False,,,,,0.09151
0.04,274,0.1,False,,,,,0.09151
0.04,275,0.05,False,,,,,0.092579
0.04,275,0.1,False,,,,,0.092579
0.04,276,0.05,False,,,,,0.089266
0.04,276,0.1,False,,,,,0.089266
0.04,277,0.05,False,,,,,0.087181
0.04,277,0.1,False,,,,,0.087181
0.04,278,0.05,False,,,,,0.089362
0.04,278,0.1,False,,,,,0.089362
0.04,279,0.05,False,,,,,0.093433
0.04,279,0.1,False,,,,,0.093433
0.04,280,0.05,False,,,,,0.09445
0.04,280,0.1,False,,,,,0.09445
0.04,281,0.05,False,,,,,0.090182
0.04,281,0.1,False,,,,,0.090182
0.04,282,0.05,False,,,,,0.089235
0.04,282,0.1,False,,,,,0.089235
0.04,283,0.05,False,,,,,0.089773
0.04,283,0.1,False,,,,,0.089773
0.04,284,0.05,False,,,,,0.094335
0.04,284,0.1,False,,,,,0.094335
0.04,285,0.05,False,,,,,0.091582
0.04,285,0.1,False,,,,,0.091582
0.04,286,0.05,False,,,,,0.089657
0.04,286,0.1,False,,,,,0.089657
0.04,287,0.05,False,,,,,0.087532
0.04,287,0.1,False,,,,,0.087532
0.04,288,0.05,False,,,,,0.091751
0.04,288,0.1,False,,,,,0.091751
0.04,289,0.05,False,,,,,0.08936
0.04,289,0.1,False,,,,,0.08936
0.04,290,0.05,False,,,,,0.094151
0.04,290,0.1,False,,,,,0.094151
0.04,291,0.05,False,,,,,0.088549
0.04,291,0.1,False,,,,,0.088549
0.04,292,0.05,False,,,,,0.090675
0.04,292,0.1,False,,,,,0.090675
0.04,293,0.05,False,,,,,0.092826
0.04,293,0.1,False,,,,,0.092826
0.04,294,0.05,False,,,,,0.093908
0.04,294,0.1,False,,,,,0.093908
0.04,295,0.05,False,,,,,0.092432
0.04,295,0.1,False,,,,,0.092432
0.04,296,0.05,False,,,,,0.092765
0.04,296,0.1,False,,,,,0.092765
0.04,297,0.05,False,,,,,0.092236
0.04,297,0.1,False,,,,,0.092236
0.04,298,0.05,False,,,,,0.090155
0.04,298,0.1,False,,,,,0.090155
0.04,299,0.05,False,,,,,0.090556
0.04,299,0.1,False,,,,,0.090556
