n_aux,rep,n_target,n_target_positive,declined,reason,box_exists,pi_t_site,q_true,rho_site,q_hat,gap_lo,n_boot,n_attempts,c0_lo,c0_hi,c1_lo,c1_hi,pi_s_lo,pi_s_hi,q_lo,q_hi,covers_c0,covers_c1,covers_pi_s,covers_q,covers_joint3,covers_joint4,rho_lo,rho_hi,rho_point,box_width,covers_rho_site,covers_rho_pop
36,0,2485,569,False,,True,0.212077,0.126105,2.327484,0.139638,0.487255,2000,2000,0.01456,0.018249,0.505504,0.554789,0.070722,0.135956,0.121214,0.159625,True,True,True,True,True,True,1.509246,5.511023,2.64922,4.001777,True,True
36,1,3249,712,False,,True,0.220301,0.130337,2.443245,0.126808,0.472322,2000,2000,0.013398,0.019165,0.491487,0.556584,0.082148,0.147546,0.111314,0.143539,True,True,True,True,True,True,1.195673,4.179062,2.167719,2.983389,True,True
36,2,329,111,False,,True,0.327203,0.185344,4.20543,0.215805,0.487396,2000,2000,0.014543,0.019533,0.506929,0.566752,0.068996,0.136993,0.157307,0.283722,True,True,True,True,True,True,2.119756,16.272922,5.77582,14.153165,True,True
36,3,130,21,False,,True,0.173845,0.106433,1.819612,0.130769,0.488799,2000,2000,0.014857,0.018189,0.506988,0.548526,0.082934,0.143299,0.062457,0.230493,True,True,True,True,True,True,0.544475,8.623859,2.291941,8.079384,True,True
36,4,302,94,False,,True,0.277963,0.160008,3.328935,0.188742,0.490643,2000,2000,0.014423,0.017646,0.508288,0.557684,0.078003,0.134687,0.131471,0.257274,True,True,True,True,True,True,1.715777,11.435616,4.392429,9.719839,True,True
36,5,475,137,False,,True,0.299222,0.170947,3.692247,0.157895,0.491353,2000,2000,0.015247,0.019048,0.510401,0.560688,0.078509,0.123418,0.115148,0.208497,True,True,True,True,True,True,1.531955,7.513163,3.576579,5.981208,True,True
36,6,354,48,False,,True,0.164458,0.101602,1.702019,0.09322,0.478234,2000,2000,0.014681,0.019975,0.498209,0.547861,0.075946,0.154471,0.055916,0.143191,True,True,True,True,True,True,0.399902,4.404307,1.400397,4.004405,True,True
36,7,197,63,False,,True,0.338356,0.191083,4.422084,0.187817,0.497619,2000,2000,0.01549,0.019826,0.517445,0.556048,0.078796,0.141628,0.118499,0.274508,True,True,True,True,True,True,1.366776,12.464748,4.262955,11.097972,True,True
36,8,843,133,False,,True,0.160602,0.099618,1.654474,0.098458,0.485021,2000,2000,0.014839,0.019692,0.504713,0.56643,0.084897,0.124355,0.072415,0.129696,True,True,True,True,True,True,0.751479,3.301272,1.610261,2.549793,True,True
36,9,261,41,False,,True,0.163017,0.100861,1.684194,0.091954,0.489557,2000,2000,0.016648,0.020076,0.509633,0.565123,0.081078,0.166628,0.049824,0.151384,True,True,True,True,True,True,0.288731,4.262613,1.253659,3.973882,True,True
36,10,776,233,False,,True,0.286258,0.164276,3.468117,0.181701,0.500556,2000,2000,0.014602,0.018581,0.519137,0.560058,0.086275,0.130676,0.145505,0.222347,True,True,True,True,True,True,2.036782,7.413328,3.837413,5.376546,True,True
36,11,319,99,False,,True,0.314042,0.178572,3.958835,0.194357,0.466969,2000,2000,0.014209,0.01801,0.484979,0.552799,0.078022,0.128527,0.137748,0.261428,True,True,True,True,True,True,1.956087,13.067923,4.780094,11.111837,True,True
36,12,335,116,False,,True,0.323503,0.183441,4.135137,0.232836,0.498249,2000,2000,0.015457,0.018891,0.51714,0.573074,0.073466,0.127852,0.172889,0.30147,True,True,True,True,True,True,2.625045,16.725049,6.600171,14.100004,True,False
36,13,504,155,False,,True,0.306162,0.174518,3.815663,0.204365,0.48143,2000,2000,0.013706,0.018914,0.500344,0.554639,0.072552,0.130009,0.15761,0.257498,True,True,True,True,True,True,2.337663,12.833099,5.35364,10.495436,True,True
36,14,656,106,False,,True,0.14693,0.092583,1.489367,0.105183,0.45833,2000,2000,0.01479,0.020089,0.478419,0.535909,0.082648,0.149686,0.074981,0.141961,True,True,True,True,True,True,0.676511,4.195262,1.756664,3.518751,True,True
36,15,1423,384,False,,True,0.264616,0.15314,3.111569,0.150387,0.469486,2000,2000,0.015248,0.020015,0.489501,0.555702,0.064941,0.111253,0.125475,0.177955,True,True,True,True,True,True,1.958195,7.519743,3.957578,5.561548,True,True
36,16,762,145,False,,True,0.18878,0.114118,2.01231,0.112861,0.494256,2000,2000,0.013642,0.021117,0.515373,0.578542,0.075856,0.146694,0.083657,0.147603,True,True,True,True,True,True,0.735105,4.437602,1.748153,3.702497,True,True
36,17,211,39,False,,True,0.228761,0.13469,2.564896,0.094787,0.503644,2000,2000,0.014834,0.018454,0.522098,0.550406,0.090606,0.170537,0.04801,0.162854,True,True,True,True,True,True,0.286143,4.135506,1.163321,3.849364,True,True
36,18,60,24,False,,True,0.339556,0.191701,4.44582,0.25,0.48949,2000,2000,0.013154,0.019053,0.508543,0.565563,0.080825,0.145948,0.1166,0.428801,True,True,True,True,True,True,1.27143,59.278198,6.428337,58.006768,True,True
36,19,1498,581,False,,True,0.375436,0.210163,5.197993,0.208278,0.48287,2000,2000,0.01321,0.018493,0.501363,0.55326,0.082104,0.133595,0.180337,0.238319,True,True,True,True,True,True,2.814543,9.567421,5.331306,6.752878,True,False
36,20,111,9,False,,True,0.14594,0.092074,1.47762,0.063063,0.481301,2000,2000,0.014952,0.018991,0.500292,0.539644,0.086169,0.172071,0.017132,0.15332,True,True,True,True,True,True,0.000481,4.22921,0.715453,4.228729,True,True
36,21,740,144,False,,True,0.185477,0.112418,1.969083,0.132432,0.490616,2000,2000,0.013644,0.018037,0.508653,0.558544,0.073749,0.107001,0.100434,0.169837,True,True,True,True,True,True,1.501076,5.789953,2.839725,4.288877,True,True
36,22,350,91,False,,True,0.276427,0.159217,3.303501,0.154286,0.49948,2000,2000,0.013908,0.017968,0.517449,0.552117,0.07729,0.202769,0.10566,0.213718,True,True,True,True,True,True,0.772258,7.853659,2.310123,7.081401,True,True
36,23,425,98,False,,True,0.240238,0.140596,2.734275,0.124706,0.489154,2000,2000,0.014976,0.019711,0.508865,0.5505,0.090641,0.146549,0.084637,0.174446,True,True,True,True,True,True,0.811618,4.784086,2.056113,3.972468,True,True
36,24,577,128,False,,True,0.204841,0.122382,2.227621,0.138648,0.479316,2000,2000,0.015561,0.019386,0.498703,0.552665,0.09249,0.149206,0.101931,0.182194,True,True,True,True,True,True,1.044266,5.16571,2.22864,4.121444,True,True
36,25,249,58,False,,True,0.189176,0.114321,2.017507,0.160643,0.486306,2000,2000,0.014749,0.017708,0.504014,0.554323,0.078394,0.122078,0.102831,0.233402,True,True,True,True,True,True,1.355868,9.498863,3.512741,8.142996,True,True
36,26,261,58,False,,True,0.205775,0.122863,2.240408,0.10728,0.471185,2000,2000,0.01259,0.016081,0.487266,0.561059,0.063149,0.109561,0.061411,0.169752,False,True,True,True,False,False,0.737351,7.343198,2.431577,6.605847,True,True
36,27,525,118,False,,True,0.201833,0.120834,2.186626,0.135238,0.480245,2000,2000,0.015916,0.020331,0.500576,0.550826,0.078279,0.127532,0.097348,0.180713,True,True,True,True,True,True,1.161877,6.0665,2.650045,4.904623,True,True
36,28,104,21,False,,True,0.239297,0.140111,2.720183,0.144231,0.482825,2000,2000,0.013541,0.018253,0.501078,0.543649,0.087981,0.161705,0.065287,0.260961,True,True,True,True,True,True,0.509722,10.681342,2.287076,10.17162,True,True
36,29,1129,187,False,,True,0.189098,0.114281,2.016482,0.109832,0.466447,2000,2000,0.014764,0.020715,0.487162,0.545973,0.083758,0.110425,0.085833,0.137584,True,True,True,True,True,True,1.140067,3.843352,2.135887,2.703285,True,True
36,30,616,138,False,,True,0.218892,0.129612,2.423243,0.131494,0.476228,2000,2000,0.014612,0.019852,0.49608,0.547942,0.077494,0.134618,0.096772,0.172738,True,True,True,True,True,True,1.095978,5.821644,2.526075,4.725666,True,True
36,31,112,15,False,,True,0.147995,0.093131,1.502041,0.107143,0.481985,2000,2000,0.015533,0.019943,0.501928,0.556794,0.073158,0.109467,0.042766,0.210507,True,True,True,True,True,True,0.3612,8.476134,2.238742,8.114934,True,True
36,32,163,43,False,,True,0.282191,0.162183,3.399468,0.116564,0.473694,2000,2000,0.014439,0.019277,0.492971,0.576984,0.079025,0.108998,0.058145,0.201021,True,True,True,True,True,True,0.612371,7.447995,2.298452,6.835624,True,True
36,33,310,149,False,,True,0.46074,0.254057,7.388125,0.258065,0.474461,2000,2000,0.015262,0.018682,0.493143,0.560268,0.06968,0.134431,0.193164,0.331462,True,True,True,True,True,True,3.060304,26.11128,8.342488,23.050976,True,False
36,34,111,27,False,,True,0.179663,0.109427,1.893846,0.099099,0.469393,2000,2000,0.015344,0.019263,0.488656,0.541695,0.064252,0.138238,0.037525,0.20089,True,True,True,True,True,True,0.225816,9.390491,1.833094,9.164675,True,True
36,35,155,43,False,,True,0.244716,0.1429,2.801752,0.141935,0.477556,2000,2000,0.014534,0.018371,0.495927,0.544,0.100657,0.15497,0.075408,0.233944,True,True,True,True,True,True,0.663731,7.48285,2.188905,6.819118,True,True
36,36,101,26,False,,True,0.285894,0.164089,3.461941,0.158416,0.477493,2000,2000,0.015433,0.019303,0.496796,0.544907,0.075294,0.113803,0.074181,0.279939,True,True,True,True,True,True,0.907832,14.979836,3.865569,14.072004,True,True
36,37,115,10,True,bbse-misspecified,True,0.110624,0.073901,1.075573,0.043478,0.496699,2000,2000,0.016275,0.021318,0.518017,0.568902,0.073014,0.102814,0.008488,0.123602,True,True,False,True,False,False,,,,,,
36,38,145,17,False,,True,0.141898,0.089994,1.429932,0.110345,0.485121,2000,2000,0.01497,0.019671,0.504793,0.543632,0.084055,0.132202,0.051016,0.199478,True,True,True,True,True,True,0.417675,6.585229,2.029788,6.167555,True,True
36,39,734,114,False,,True,0.16646,0.102633,1.726873,0.089918,0.491036,2000,2000,0.016673,0.021358,0.512393,0.566326,0.081168,0.116811,0.063423,0.122522,True,True,True,True,True,True,0.632429,3.073416,1.44156,2.440987,True,True
36,40,896,247,False,,True,0.260508,0.151026,3.046248,0.154018,0.482209,2000,2000,0.012789,0.017522,0.499731,0.552309,0.06771,0.109723,0.122627,0.189599,True,True,True,True,True,True,1.984716,7.849781,3.791186,5.865065,True,True
36,41,334,80,False,,True,0.263709,0.152673,3.097082,0.140719,0.496453,2000,2000,0.013468,0.018071,0.514524,0.577856,0.061939,0.105581,0.093267,0.199959,True,True,True,True,True,True,1.314555,8.97873,3.38809,7.664176,True,True
36,42,115,5,True,bbse-misspecified,True,0.074735,0.055435,0.698454,0.026087,0.498819,2000,2000,0.015223,0.020051,0.51887,0.569134,0.077171,0.153137,0.002498,0.097141,True,True,True,True,True,True,,,,,,
36,43,578,88,False,,True,0.166409,0.102606,1.726239,0.096886,0.504478,2000,2000,0.014236,0.018951,0.52343,0.570141,0.059325,0.115079,0.066215,0.135196,True,True,True,True,True,True,0.72122,4.940228,1.929451,4.219008,True,True
36,44,555,115,False,,True,0.207708,0.123857,2.266964,0.126126,0.494307,2000,2000,0.015633,0.019632,0.513938,0.585094,0.072105,0.119428,0.090433,0.169176,True,True,True,True,True,True,1.05534,5.731207,2.435219,4.675868,True,True
36,45,509,110,False,,True,0.214444,0.127323,2.360551,0.137525,0.47825,2000,2000,0.01437,0.018165,0.496415,0.56302,0.080911,0.109703,0.098777,0.184047,True,True,True,True,True,True,1.409191,6.1703,2.845696,4.761109,True,True
36,46,210,62,False,,True,0.295147,0.168849,3.620894,0.166667,0.454232,2000,2000,0.013384,0.019018,0.47325,0.57159,0.079522,0.126989,0.103162,0.247595,True,True,True,True,True,True,1.234899,12.01407,3.771478,10.779171,True,True
36,47,41,13,False,,True,0.212095,0.126115,2.327738,0.243902,0.439267,2000,2000,0.01756,0.022174,0.461441,0.550386,0.07529,0.126003,0.091053,0.46426,False,True,True,True,False,False,1.040133,122807.173273,7.747611,122806.13314,True,True
36,48,168,19,False,,True,0.145569,0.091883,1.47322,0.047619,0.481205,2000,2000,0.013911,0.01749,0.498695,0.563356,0.068732,0.122404,0.014326,0.111334,True,True,True,True,True,True,0.000717,3.407681,0.633073,3.406964,True,True
36,49,106,14,True,bbse-misspecified,True,0.141162,0.089615,1.421292,0.04717,0.487829,2000,2000,0.01704,0.020444,0.508273,0.565456,0.06185,0.101766,0.009219,0.133607,False,True,False,True,False,False,,,,,,
36,50,739,121,False,,True,0.169554,0.104225,1.765529,0.08525,0.48141,2000,2000,0.013923,0.018779,0.500188,0.543082,0.079605,0.12032,0.059552,0.117089,True,True,True,True,True,True,0.61652,3.113565,1.464447,2.497045,True,True
36,51,131,11,False,,True,0.114311,0.075799,1.116054,0.076336,0.499249,2000,2000,0.015823,0.019035,0.518284,0.554796,0.081548,0.122284,0.02707,0.161802,True,True,True,True,True,True,0.10928,4.612088,1.15769,4.502809,True,True
36,52,189,93,False,,True,0.526104,0.287691,9.599893,0.280423,0.49835,2000,2000,0.015601,0.019609,0.517958,0.555701,0.091194,0.131988,0.195718,0.377803,True,True,True,True,True,True,3.217312,25.754002,8.43302,22.53669,True,False
36,53,5000,916,False,,True,0.184715,0.112026,1.959159,0.1062,0.482264,2000,2000,0.013624,0.017522,0.499786,0.568996,0.081405,0.115581,0.094611,0.118636,True,True,True,True,True,True,1.243458,3.108958,2.020275,1.8655,True,True
36,54,1581,334,False,,True,0.208721,0.124379,2.280945,0.131562,0.48056,2000,2000,0.015618,0.019826,0.500387,0.563327,0.076846,0.113597,0.109275,0.15637,True,True,True,True,True,True,1.537216,4.91506,2.821097,3.377844,True,True
36,55,225,61,False,,True,0.260467,0.151005,3.045602,0.182222,0.505891,2000,2000,0.014626,0.018268,0.524159,0.575059,0.082836,0.129751,0.117857,0.262063,True,True,True,True,True,True,1.460943,10.452769,4.094643,8.991826,True,True
36,56,725,297,False,,True,0.415511,0.230784,6.147284,0.227586,0.487099,2000,2000,0.015323,0.020968,0.508067,0.561623,0.088328,0.147298,0.186457,0.272786,True,True,True,True,True,True,2.553552,11.294473,5.284641,8.740921,True,True
36,57,772,270,False,,True,0.325647,0.184544,4.17577,0.205959,0.48812,2000,2000,0.01425,0.019616,0.507736,0.558149,0.080783,0.122564,0.167662,0.248383,True,True,True,True,True,True,2.714184,10.272337,5.197688,7.558153,True,False
36,58,571,192,False,,True,0.306586,0.174736,3.823279,0.182137,0.475542,2000,2000,0.015666,0.019373,0.494916,0.553242,0.080621,0.129249,0.140239,0.230087,True,True,True,True,True,True,1.971593,9.23312,4.226969,7.261527,True,True
36,59,926,358,False,,True,0.363403,0.203972,4.936304,0.214903,0.466589,2000,2000,0.015625,0.022006,0.488595,0.529843,0.08149,0.140386,0.179187,0.25395,True,False,True,True,False,False,2.7447,11.448287,5.709375,8.703587,True,False
36,60,520,114,False,,True,0.21763,0.128963,2.405383,0.101923,0.478375,2000,2000,0.01513,0.019873,0.498248,0.549441,0.082586,0.124332,0.068908,0.143327,True,True,True,True,True,True,0.718683,4.012382,1.741377,3.293698,True,True
36,61,624,304,False,,True,0.502935,0.275769,8.749343,0.25641,0.491763,2000,2000,0.015165,0.020456,0.512219,0.557374,0.077883,0.11002,0.210071,0.30698,True,True,True,True,True,True,4.416427,16.833988,8.268412,12.417562,True,False
36,62,129,57,False,,True,0.464681,0.256085,7.506193,0.20155,0.468649,2000,2000,0.015377,0.020344,0.488993,0.547952,0.068485,0.11077,0.115084,0.313405,True,True,True,True,True,True,1.756982,23.086272,5.918626,21.32929,True,True
36,63,1030,143,False,,True,0.143649,0.090895,1.45053,0.098058,0.466959,2000,2000,0.015569,0.020617,0.487576,0.55816,0.073948,0.11595,0.074366,0.125998,True,True,True,True,True,True,0.847064,3.824636,1.891288,2.977572,True,True
36,64,159,27,False,,True,0.186308,0.112846,1.979928,0.081761,0.475701,2000,2000,0.014827,0.017642,0.493343,0.548398,0.077371,0.141296,0.033854,0.159011,True,True,True,True,True,True,0.191486,5.142669,1.288252,4.951184,True,True
36,65,807,206,False,,True,0.24974,0.145485,2.87841,0.131351,0.494131,2000,2000,0.014553,0.019517,0.513648,0.56561,0.075696,0.134488,0.100741,0.166929,True,True,True,True,True,True,1.124462,5.366397,2.232183,4.241935,True,True
36,66,465,47,False,,True,0.113586,0.075426,1.108067,0.070968,0.488884,2000,2000,0.015573,0.020058,0.508942,0.558384,0.075559,0.114191,0.042379,0.109738,True,True,True,True,True,True,0.335571,2.885932,1.116784,2.550361,True,True
36,67,233,44,False,,True,0.181855,0.110554,1.922088,0.090129,0.484593,2000,2000,0.014325,0.018226,0.502819,0.557605,0.07125,0.142407,0.046476,0.153281,True,True,True,True,True,True,0.332843,5.182042,1.489738,4.849199,True,True
36,68,3542,637,False,,True,0.176899,0.108004,1.858441,0.107002,0.497946,2000,2000,0.013442,0.018612,0.516558,0.565389,0.065963,0.129507,0.093258,0.121941,True,True,True,True,True,True,1.062704,3.893259,2.008317,2.830556,True,True
36,69,489,187,False,,True,0.349714,0.196928,4.650353,0.202454,0.485844,2000,2000,0.013064,0.017985,0.503829,0.543641,0.0829,0.136677,0.155221,0.256305,True,True,True,True,True,True,2.231735,10.871322,4.959855,8.639587,True,True
36,70,1313,372,False,,True,0.286058,0.164173,3.464721,0.156131,0.455645,2000,2000,0.016077,0.020017,0.475662,0.545431,0.065438,0.140395,0.129802,0.185293,True,True,True,True,True,True,1.617263,8.322855,3.126757,6.705592,True,True
36,71,217,33,False,,True,0.112267,0.074747,1.093567,0.087558,0.475399,2000,2000,0.013987,0.018778,0.494177,0.545192,0.068931,0.119545,0.043365,0.152849,True,True,True,True,True,True,0.360847,5.495149,1.572734,5.134303,True,True
36,72,287,130,False,,True,0.400385,0.223001,5.774084,0.240418,0.501196,2000,2000,0.012903,0.017589,0.518785,0.574621,0.080966,0.158749,0.175077,0.315619,True,True,True,True,True,True,2.088795,16.91264,5.350158,14.823845,True,True
36,73,1872,575,False,,True,0.311083,0.17705,3.904683,0.18109,0.507335,2000,2000,0.014052,0.01793,0.525266,0.572167,0.080405,0.135868,0.157423,0.206593,True,True,True,True,True,True,2.13912,6.910196,3.892149,4.771076,True,True
36,74,195,64,False,,True,0.309561,0.176267,3.877019,0.189744,0.49602,2000,2000,0.014155,0.018112,0.514132,0.551379,0.079347,0.117989,0.119762,0.277166,True,True,True,True,True,True,1.760511,12.878081,4.813303,11.11757,True,True
36,75,326,42,False,,True,0.135637,0.086772,1.356939,0.064417,0.510667,2000,2000,0.015632,0.019308,0.529975,0.561968,0.076383,0.11821,0.033018,0.110662,True,True,True,True,True,True,0.193347,2.740427,0.971943,2.54708,True,True
36,76,391,112,False,,True,0.294332,0.16843,3.606732,0.163683,0.479457,2000,2000,0.01553,0.020067,0.499523,0.560886,0.065697,0.111646,0.116118,0.220642,True,True,True,True,True,True,1.718361,10.459517,4.205823,8.741156,True,True
36,77,452,202,False,,True,0.402994,0.224343,5.837092,0.238938,0.468261,2000,2000,0.014007,0.017842,0.486102,0.55569,0.058697,0.097603,0.186346,0.297806,True,True,False,True,False,False,4.218075,24.170479,9.445536,19.952404,True,False
36,78,1442,426,False,,True,0.303821,0.173313,3.77375,0.160194,0.481077,2000,2000,0.014573,0.018277,0.499355,0.556849,0.087375,0.121113,0.134733,0.188202,True,True,True,True,True,True,2.002032,5.828458,3.325702,3.826426,True,True
36,79,604,195,False,,True,0.326,0.184725,4.18248,0.178808,0.499879,2000,2000,0.015436,0.020972,0.52085,0.573801,0.080224,0.140395,0.138341,0.225056,True,True,True,True,True,True,1.650264,8.124873,3.733541,6.474609,True,True
36,80,224,64,False,,True,0.304709,0.17377,3.789613,0.15625,0.458477,2000,2000,0.01314,0.017974,0.476451,0.537541,0.084496,0.156621,0.096507,0.232846,True,True,True,True,True,True,0.958859,9.771993,2.90355,8.813134,True,True
36,81,2682,497,False,,True,0.202101,0.120972,2.19027,0.111111,0.480983,2000,2000,0.012983,0.017208,0.498192,0.539984,0.080835,0.130536,0.095117,0.12867,True,True,True,True,True,True,1.166485,3.559874,2.140666,2.393389,True,True
36,82,317,114,False,,True,0.341529,0.192716,4.485054,0.192429,0.479208,2000,2000,0.014762,0.019899,0.499107,0.546825,0.077332,0.137362,0.135915,0.259538,True,True,True,True,True,True,1.773108,12.190578,4.703125,10.41747,True,True
36,83,334,55,False,,True,0.162675,0.100685,1.679984,0.110778,0.492509,2000,2000,0.014526,0.019586,0.512094,0.557281,0.089838,0.118143,0.068825,0.165549,True,True,True,True,True,True,0.752455,4.415118,1.931851,3.662663,True,True
36,84,86,19,False,,True,0.23521,0.138009,2.659445,0.151163,0.48106,2000,2000,0.014754,0.019012,0.500072,0.554056,0.09841,0.141735,0.063813,0.283272,True,True,True,True,True,True,0.553365,11.346989,2.645019,10.793625,True,True
36,85,194,70,False,,True,0.340251,0.192058,4.459614,0.190722,0.493214,2000,2000,0.015305,0.020072,0.513286,0.556652,0.083743,0.110954,0.120403,0.278515,True,True,True,True,True,True,1.842813,12.266562,4.567857,10.423749,True,True
36,86,126,32,False,,True,0.285359,0.163813,3.45287,0.126984,0.479118,2000,2000,0.016835,0.021117,0.500235,0.540562,0.086466,0.152771,0.058966,0.227769,True,True,True,True,True,True,0.435846,8.179239,2.032883,7.743393,True,True
36,87,78,16,False,,True,0.191412,0.115472,2.047008,0.089744,0.492474,2000,2000,0.015059,0.018982,0.511456,0.563166,0.095221,0.133931,0.024582,0.213633,True,True,True,True,True,True,0.067237,6.335425,1.258191,6.268188,True,True
36,88,1008,239,False,,True,0.254976,0.148179,2.959415,0.135913,0.472359,2000,2000,0.014545,0.019571,0.49193,0.551719,0.073989,0.126068,0.107892,0.167853,True,True,True,True,True,True,1.379507,5.920636,2.90234,4.541129,True,True
36,89,623,128,False,,True,0.223336,0.131899,2.486579,0.110754,0.470554,2000,2000,0.013895,0.018919,0.489473,0.5457,0.073903,0.137603,0.079019,0.149315,True,True,True,True,True,True,0.807118,4.988809,1.912734,4.181691,True,True
36,90,251,34,False,,True,0.14415,0.091153,1.456442,0.111554,0.48594,2000,2000,0.015183,0.020121,0.50606,0.574502,0.09075,0.141945,0.063917,0.176263,True,True,True,True,True,True,0.518518,4.8936,1.722768,4.375082,True,True
36,91,621,182,False,,True,0.279357,0.160725,3.352101,0.154589,0.482365,2000,2000,0.013937,0.020905,0.503269,0.563021,0.080315,0.127742,0.117224,0.198008,True,True,True,True,True,True,1.475334,6.904925,3.201426,5.42959,True,True
36,92,357,70,False,,True,0.219234,0.129788,2.428082,0.120448,0.46966,2000,2000,0.014898,0.020149,0.48981,0.555274,0.058932,0.107014,0.07789,0.174676,True,True,True,True,True,True,1.0093,8.096395,3.037693,7.087095,True,True
36,93,361,52,False,,True,0.170443,0.104682,1.776689,0.102493,0.483951,2000,2000,0.014683,0.019303,0.503254,0.559827,0.092137,0.15389,0.063575,0.153526,True,True,True,True,True,True,0.490509,3.911812,1.390006,3.421302,True,True
36,94,164,37,False,,True,0.21825,0.129282,2.414149,0.146341,0.494386,2000,2000,0.013115,0.017679,0.512066,0.583532,0.068049,0.168288,0.080291,0.236156,True,True,True,True,True,True,0.614897,11.071105,2.574512,10.456208,True,True
36,95,207,49,False,,True,0.219817,0.130088,2.43636,0.140097,0.485746,2000,2000,0.013455,0.016867,0.502613,0.55305,0.07098,0.106809,0.081661,0.217673,False,True,True,True,False,False,1.14946,9.380533,3.286595,8.231074,True,True
36,96,469,120,False,,True,0.246786,0.143965,2.833218,0.164179,0.477411,2000,2000,0.014859,0.019119,0.49653,0.546343,0.070334,0.143686,0.120381,0.215784,True,True,True,True,True,True,1.416756,9.459781,3.252109,8.043025,True,True
36,97,829,206,False,,True,0.280057,0.161085,3.36377,0.143546,0.477981,2000,2000,0.014463,0.019298,0.497279,0.570633,0.05679,0.126048,0.112026,0.179739,True,True,True,True,True,True,1.40192,8.644709,3.560493,7.242789,True,True
36,98,252,76,False,,True,0.271445,0.156653,3.221778,0.162698,0.486284,2000,2000,0.014567,0.020163,0.506447,0.560386,0.085948,0.141813,0.10483,0.235243,True,True,True,True,True,True,1.1247,8.653558,3.10919,7.528858,True,True
36,99,43,10,False,,True,0.268929,0.155359,3.180933,0.162791,0.470264,2000,2000,0.014869,0.021986,0.49225,0.551218,0.063486,0.116468,0.045645,0.365511,True,True,True,True,True,True,0.355004,40.811931,4.25504,40.456927,True,True
36,100,347,33,False,,True,0.119219,0.078324,1.170458,0.060519,0.503282,2000,2000,0.014801,0.018217,0.521499,0.56034,0.0769,0.128758,0.030992,0.104123,True,True,True,True,True,True,0.163302,2.568935,0.865566,2.405633,True,False
36,101,60,35,False,,True,0.499933,0.274225,8.644921,0.333333,0.486765,2000,2000,0.016261,0.01934,0.506105,0.556707,0.072002,0.120995,0.179726,0.517081,True,True,True,True,True,True,3.090806,128871.927796,16.036262,128868.83699,True,False
36,102,79,15,False,,True,0.190891,0.115204,2.040122,0.126582,0.485563,2000,2000,0.014497,0.021776,0.507339,0.573129,0.06529,0.130137,0.045557,0.259954,True,True,True,True,True,True,0.301298,14.204782,2.558986,13.903484,True,True
36,103,130,43,False,,True,0.304582,0.173705,3.787348,0.153846,0.493859,2000,2000,0.012164,0.018077,0.511937,0.577696,0.083976,0.128598,0.079063,0.257985,True,True,True,True,True,True,0.828762,10.559013,3.01857,9.730251,True,True
36,104,894,207,False,,True,0.238342,0.13962,2.705939,0.136465,0.479833,2000,2000,0.013003,0.017226,0.497059,0.563682,0.062042,0.118547,0.106757,0.17059,True,True,True,True,True,True,1.456922,7.297514,3.12525,5.840592,True,True
36,105,105,32,True,bbse-misspecified,True,0.243612,0.142332,2.785031,0.047619,0.454536,2000,2000,0.016099,0.021092,0.475627,0.529485,0.073509,0.105084,0.009308,0.13482,True,False,True,False,False,False,,,,,,
36,106,290,86,False,,True,0.26379,0.152715,3.098373,0.210345,0.478077,2000,2000,0.013517,0.018719,0.496796,0.539462,0.083894,0.131264,0.14902,0.282573,True,True,True,True,True,True,2.208677,13.714819,5.398807,11.506142,True,True
36,107,704,120,False,,True,0.168588,0.103728,1.753429,0.100852,0.48908,2000,2000,0.014597,0.018841,0.507921,0.546154,0.082723,0.150588,0.072223,0.135675,True,True,True,True,True,True,0.635339,3.606686,1.506696,2.971348,True,True
36,108,624,104,False,,True,0.173305,0.106154,1.812766,0.105769,0.488288,2000,2000,0.013517,0.018537,0.506825,0.581618,0.089116,0.136638,0.074785,0.14366,True,True,True,True,True,True,0.701225,3.662912,1.582915,2.961686,True,True
36,109,65,12,False,,True,0.195794,0.117727,2.10528,0.138462,0.480075,2000,2000,0.014496,0.020297,0.500372,0.547056,0.076823,0.139746,0.046634,0.291679,True,True,True,True,True,True,0.323982,15.960721,2.594921,15.636739,True,True
36,110,70,8,False,,True,0.161575,0.100119,1.666436,0.071429,0.464758,2000,2000,0.012818,0.018535,0.483294,0.563724,0.077964,0.166031,0.014067,0.197507,True,True,True,True,True,True,0.000502,7.642815,0.989043,7.642313,True,True
36,111,116,49,False,,True,0.343206,0.193579,4.518598,0.232759,0.48807,2000,2000,0.015478,0.018993,0.507063,0.555407,0.089997,0.145652,0.135518,0.355229,True,True,True,True,True,True,1.627814,22.625849,5.406137,20.998035,True,True
36,112,2167,618,False,,True,0.282457,0.16232,3.403938,0.15413,0.481603,2000,2000,0.013557,0.021741,0.503343,0.564414,0.084001,0.205069,0.133563,0.176419,True,True,True,True,True,True,1.006071,5.432289,2.12713,4.426218,True,True
36,113,227,58,False,,True,0.293651,0.16808,3.594922,0.198238,0.485844,2000,2000,0.016465,0.020935,0.506779,0.553156,0.077817,0.118013,0.131487,0.279537,True,True,True,True,True,True,1.959411,13.719189,4.900136,11.759778,True,True
36,114,73,16,False,,True,0.186278,0.11283,1.979536,0.178082,0.492872,2000,2000,0.014623,0.02036,0.513232,0.570977,0.072041,0.120248,0.075761,0.328862,True,True,True,True,True,True,0.818467,21.954184,4.414737,21.135717,True,True
36,115,264,52,False,,True,0.171668,0.105312,1.7921,0.121212,0.475055,2000,2000,0.015853,0.021467,0.496522,0.570478,0.082801,0.137202,0.072475,0.185746,True,True,True,True,True,True,0.644107,6.05559,2.074587,5.411483,True,True
36,116,771,205,False,,True,0.253813,0.147581,2.941332,0.156939,0.48271,2000,2000,0.014973,0.021131,0.503841,0.557023,0.07699,0.127971,0.122947,0.195765,True,True,True,True,True,True,1.59833,7.035494,3.359119,5.437164,True,True
36,117,229,5,True,bbse-misspecified,True,0.064226,0.050027,0.59349,0.034934,0.488033,2000,2000,0.015917,0.020613,0.508647,0.57882,0.079625,0.118702,0.010471,0.082423,True,True,True,True,True,True,,,,,,
36,118,61,9,False,,True,0.165516,0.102147,1.715142,0.081967,0.477333,2000,2000,0.014809,0.020423,0.497757,0.558708,0.073728,0.130231,0.016197,0.224283,True,True,True,True,True,True,0.000668,9.623192,1.295135,9.622524,True,True
36,119,66,18,False,,True,0.188487,0.113967,2.008456,0.136364,0.493533,2000,2000,0.014202,0.018247,0.51178,0.569555,0.069008,0.120574,0.045898,0.28767,True,True,True,True,True,True,0.385127,16.462408,3.058683,16.07728,True,True
36,120,239,28,False,,True,0.126477,0.082059,1.252026,0.07113,0.488744,2000,2000,0.013459,0.019273,0.508017,0.558691,0.08885,0.124122,0.03346,0.128782,True,True,True,True,True,True,0.190609,3.11848,1.024641,2.927871,True,True
36,121,279,77,False,,True,0.270561,0.156199,3.207409,0.179211,0.466677,2000,2000,0.015228,0.01935,0.486028,0.56954,0.077519,0.145099,0.121268,0.249735,True,True,True,True,True,True,1.339547,11.810094,3.817299,10.470547,True,True
36,122,2016,351,False,,True,0.188779,0.114117,2.012289,0.110615,0.49149,2000,2000,0.01325,0.017685,0.509175,0.571126,0.07836,0.206051,0.092315,0.131003,True,True,True,True,True,True,0.60058,3.66228,1.430182,3.0617,True,True
36,123,185,34,False,,True,0.201649,0.12074,2.184138,0.151351,0.49349,2000,2000,0.014196,0.019258,0.512747,0.572852,0.089853,0.158829,0.08748,0.235961,True,True,True,True,True,True,0.744398,8.115714,2.627778,7.371317,True,True
36,124,668,139,False,,True,0.226744,0.133652,2.535656,0.11976,0.482327,2000,2000,0.014659,0.019119,0.501446,0.571171,0.064762,0.101722,0.087807,0.157923,True,True,False,True,False,False,1.254883,6.022605,2.78074,4.767722,True,True
36,125,880,373,False,,True,0.421669,0.233953,6.304819,0.240909,0.477349,2000,2000,0.01487,0.019068,0.496417,0.545271,0.0827,0.134229,0.202596,0.282406,True,True,True,True,True,True,3.454447,13.865937,6.495497,10.41149,True,False
36,126,315,148,False,,True,0.450265,0.248667,7.082578,0.250794,0.464676,2000,2000,0.015735,0.02084,0.485516,0.576806,0.070087,0.140879,0.187132,0.323071,True,True,True,True,True,True,2.602412,25.101983,6.489792,22.499571,True,False
36,127,1311,391,False,,True,0.292881,0.167684,3.581594,0.170862,0.499826,2000,2000,0.014498,0.019944,0.51977,0.573934,0.075569,0.126923,0.143443,0.200995,True,True,True,True,True,True,1.97338,7.156838,3.865674,5.183458,True,True
36,128,177,50,False,,True,0.240213,0.140583,2.733891,0.186441,0.489328,2000,2000,0.014948,0.020044,0.509372,0.555044,0.085536,0.138505,0.114016,0.2783,True,True,True,True,True,True,1.325314,12.184577,3.958403,10.859263,True,True
36,129,354,121,False,,True,0.356851,0.2006,4.797906,0.19209,0.486812,2000,2000,0.014678,0.019661,0.506473,0.559499,0.089351,0.135226,0.13843,0.255241,True,True,True,True,True,True,1.803814,9.758994,4.104411,7.95518,True,True
36,130,234,36,False,,True,0.12345,0.080501,1.217843,0.08547,0.489524,2000,2000,0.014375,0.020934,0.510458,0.57109,0.085667,0.143914,0.043195,0.147403,True,True,True,True,True,True,0.250841,3.910766,1.239507,3.659925,True,True
36,131,191,40,False,,True,0.209785,0.124926,2.29565,0.099476,0.479241,2000,2000,0.014427,0.019536,0.498776,0.540141,0.079552,0.169684,0.049412,0.172791,True,True,True,True,True,True,0.297912,5.620888,1.405874,5.322975,True,True
36,132,169,49,False,,True,0.291076,0.166755,3.550459,0.136095,0.482931,2000,2000,0.012824,0.017121,0.500052,0.563206,0.075423,0.144374,0.07338,0.222566,True,True,True,True,True,True,0.680679,9.26575,2.490386,8.585071,True,True
36,133,930,177,False,,True,0.206135,0.123048,2.245347,0.111828,0.46941,2000,2000,0.013533,0.019255,0.488664,0.541616,0.081783,0.13094,0.085322,0.142875,True,True,True,True,True,True,0.96099,4.199654,1.882957,3.238664,True,True
36,134,129,25,False,,True,0.252231,0.146767,2.916803,0.077519,0.497131,2000,2000,0.013944,0.01837,0.515501,0.55695,0.082477,0.137062,0.027499,0.164189,True,True,True,True,True,True,0.108562,4.757664,1.0903,4.649103,True,True
36,135,148,37,False,,True,0.224826,0.132665,2.507978,0.135135,0.479084,2000,2000,0.014988,0.01947,0.498553,0.53492,0.079386,0.138733,0.069124,0.228373,True,True,True,True,True,True,0.661793,9.158886,2.614835,8.497094,True,True
36,136,107,31,False,,True,0.2622,0.151896,3.073056,0.149533,0.488798,2000,2000,0.013682,0.019272,0.50807,0.549731,0.087227,0.116966,0.069855,0.265363,True,True,True,True,True,True,0.795769,10.851248,2.989628,10.055479,True,True
36,137,206,46,False,,True,0.270101,0.155962,3.199929,0.150485,0.506401,2000,2000,0.014534,0.019408,0.52581,0.564054,0.09813,0.142151,0.089697,0.22993,True,True,True,True,True,True,0.894218,6.690625,2.496244,5.796407,True,True
36,138,822,94,False,,True,0.096865,0.066822,0.927455,0.06326,0.485054,2000,2000,0.014593,0.018052,0.503106,0.557611,0.064153,0.132018,0.042319,0.090032,True,True,True,True,True,True,0.309629,2.664123,0.931034,2.354494,True,True
36,139,167,47,False,,True,0.27896,0.160521,3.345492,0.173653,0.492228,2000,2000,0.012941,0.019091,0.511319,0.567818,0.085507,0.172126,0.101971,0.266805,True,True,True,True,True,True,0.855709,11.103813,2.980059,10.248104,True,True
36,140,361,72,False,,True,0.218241,0.129277,2.414021,0.113573,0.492176,2000,2000,0.01496,0.019272,0.511448,0.556141,0.093065,0.15185,0.072496,0.16641,True,True,True,True,True,True,0.614664,4.277513,1.68547,3.662849,True,True
36,141,149,27,False,,True,0.192357,0.115958,2.059522,0.114094,0.470158,2000,2000,0.015036,0.01926,0.489418,0.547569,0.070507,0.133704,0.054259,0.202628,True,True,True,True,True,True,0.459674,8.623125,2.20094,8.16345,True,True
36,142,196,53,False,,True,0.288255,0.165303,3.502111,0.132653,0.492201,2000,2000,0.014598,0.019108,0.511309,0.551558,0.077937,0.128755,0.074549,0.211419,True,True,True,True,True,True,0.786466,7.764731,2.636202,6.978265,True,True
36,143,518,221,False,,True,0.42086,0.233537,6.283932,0.212355,0.501606,2000,2000,0.01742,0.022104,0.52371,0.587183,0.080572,0.131138,0.165433,0.265311,False,True,True,True,False,False,2.251654,10.947219,4.882846,8.695565,True,True
36,144,197,28,False,,True,0.119198,0.078313,1.170218,0.086294,0.474756,2000,2000,0.013833,0.019168,0.493925,0.547301,0.075582,0.154956,0.040749,0.155185,True,True,True,True,True,True,0.232329,5.103743,1.267812,4.871414,True,True
36,145,242,54,False,,True,0.219678,0.130016,2.434384,0.123967,0.489259,2000,2000,0.015426,0.020476,0.509734,0.555207,0.083373,0.121696,0.072758,0.192292,True,True,True,True,True,True,0.78212,6.125607,2.318036,5.343486,True,True
36,146,51,14,False,,True,0.179858,0.109527,1.89635,0.098039,0.479949,2000,2000,0.01564,0.021291,0.501239,0.55813,0.093384,0.135505,0.019473,0.263994,True,True,True,True,True,True,0.000638,10.163159,1.464015,10.162521,True,True
36,147,136,12,True,bbse-misspecified,True,0.12599,0.081808,1.246513,0.051471,0.473313,2000,2000,0.01453,0.020807,0.49412,0.546241,0.083651,0.137427,0.013933,0.126283,True,True,True,True,True,True,,,,,,
36,148,2600,811,False,,True,0.307127,0.175014,3.833021,0.185769,0.492387,2000,2000,0.015494,0.019559,0.511946,0.557282,0.081702,0.13175,0.165383,0.207456,True,True,True,True,True,True,2.452165,7.08589,3.978875,4.633725,True,True
36,149,98,20,False,,True,0.210982,0.125542,2.312249,0.122449,0.498485,2000,2000,0.014014,0.019343,0.517827,0.568707,0.068354,0.121886,0.049088,0.238518,True,True,True,True,True,True,0.412422,10.955391,2.517767,10.542969,True,True
36,150,405,193,False,,True,0.469244,0.258433,7.64507,0.244444,0.503526,2000,2000,0.01488,0.018503,0.522029,0.565116,0.092208,0.147706,0.188515,0.307234,True,True,True,True,True,True,2.604887,13.399971,5.401528,10.795084,True,False
36,151,414,136,False,,True,0.349547,0.196842,4.646936,0.181159,0.496101,2000,2000,0.014351,0.018502,0.514603,0.563046,0.072815,0.147097,0.132581,0.238135,True,True,True,True,True,True,1.536607,10.306956,3.948419,8.770349,True,True
36,152,1492,353,False,,True,0.224591,0.132544,2.504598,0.13941,0.484653,2000,2000,0.013341,0.017517,0.502169,0.552425,0.0858,0.151074,0.11588,0.165555,True,True,True,True,True,True,1.266135,4.818143,2.472692,3.552008,True,True
36,153,37,5,False,,True,0.17928,0.109229,1.888923,0.108108,0.484093,2000,2000,0.015066,0.020874,0.504966,0.564667,0.071567,0.137222,0.016434,0.315823,True,True,True,True,True,True,0.000629,20.628388,1.97313,20.627759,True,True
36,154,532,111,False,,True,0.199618,0.119694,2.156647,0.131579,0.47468,2000,2000,0.01426,0.019206,0.493886,0.54865,0.072918,0.107068,0.094421,0.176299,True,True,True,True,True,True,1.380989,6.486964,3.007708,5.105976,True,True
36,155,606,112,False,,True,0.190444,0.114974,2.034216,0.113861,0.491342,2000,2000,0.016283,0.020739,0.512081,0.565381,0.073878,0.145896,0.081274,0.153409,True,True,True,True,True,True,0.732045,4.792649,1.887504,4.060604,True,True
36,156,746,108,False,,True,0.128262,0.082978,1.272304,0.103217,0.468656,2000,2000,0.015378,0.022144,0.4908,0.552812,0.075432,0.1168,0.075009,0.13723,True,True,True,True,True,True,0.836627,4.224122,1.937885,3.387495,True,True
36,157,862,262,False,,True,0.297462,0.170041,3.661321,0.194896,0.493334,2000,2000,0.013234,0.017828,0.511162,0.565941,0.075627,0.133854,0.159408,0.234217,True,True,True,True,True,True,2.25355,9.753007,4.592064,7.499457,True,True
36,158,185,32,False,,True,0.191397,0.115464,2.046806,0.108108,0.479399,2000,2000,0.015607,0.019767,0.499166,0.552307,0.089675,0.118664,0.054934,0.184737,True,True,True,True,True,True,0.525152,5.460385,1.843995,4.935233,True,True
36,159,383,86,False,,True,0.221354,0.130879,2.458235,0.112272,0.505974,2000,2000,0.014982,0.018923,0.524897,0.570085,0.068223,0.117919,0.072494,0.163165,True,True,True,True,True,True,0.805339,5.594895,2.248565,4.789556,True,True
36,160,707,126,False,,True,0.189104,0.114284,2.016571,0.117397,0.469575,2000,2000,0.0146,0.018064,0.487639,0.537208,0.075383,0.133258,0.086573,0.154122,True,True,True,True,True,True,0.988824,5.131146,2.221385,4.142322,True,True
36,161,60,4,True,bbse-misspecified,True,0.097183,0.066985,0.930824,0.066667,0.509962,2000,2000,0.014889,0.019726,0.529688,0.579181,0.073806,0.113452,0.010002,0.204393,True,True,True,True,True,True,,,,,,
36,162,501,96,False,,True,0.174111,0.106569,1.822976,0.105788,0.483454,2000,2000,0.015061,0.01965,0.503104,0.561458,0.075203,0.144044,0.071568,0.14863,True,True,True,True,True,True,0.629758,4.633786,1.816299,4.004028,True,True
36,163,178,44,False,,True,0.289956,0.166179,3.531217,0.146067,0.495748,2000,2000,0.014401,0.018992,0.51474,0.564261,0.064718,0.118988,0.082338,0.231698,True,True,True,True,True,True,0.973236,11.09479,3.074761,10.121554,True,True
36,164,319,55,False,,True,0.176319,0.107706,1.851049,0.115987,0.4945,2000,2000,0.01649,0.019596,0.514096,0.553259,0.090939,0.139234,0.072135,0.173077,True,True,True,True,True,True,0.675096,4.59009,1.827438,3.914994,True,True
36,165,302,58,False,,True,0.188918,0.114189,2.014123,0.122517,0.495698,2000,2000,0.014883,0.018889,0.514587,0.557338,0.075464,0.114711,0.076293,0.182481,True,True,True,True,True,True,0.920952,6.182679,2.477051,5.261727,True,True
36,166,1315,661,False,,True,0.496353,0.272382,8.522009,0.275285,0.45771,2000,2000,0.015844,0.019111,0.476821,0.542032,0.085484,0.14069,0.242195,0.310217,True,True,True,True,True,True,4.544337,18.902488,8.799307,14.358152,True,False
36,167,232,46,False,,True,0.176098,0.107592,1.848234,0.094828,0.487764,2000,2000,0.014484,0.018776,0.50654,0.558189,0.078694,0.130258,0.049822,0.159175,True,True,True,True,True,True,0.40776,4.876602,1.585406,4.468842,True,True
36,168,339,69,False,,True,0.181428,0.110334,1.916566,0.097345,0.466812,2000,2000,0.014125,0.019268,0.48608,0.544476,0.066115,0.11271,0.058439,0.149341,True,True,True,True,True,True,0.634441,5.671876,2.016357,5.037434,True,True
36,169,266,90,False,,True,0.325864,0.184655,4.179902,0.172932,0.508089,2000,2000,0.014788,0.018197,0.526286,0.579202,0.078041,0.121692,0.114733,0.244596,True,True,True,True,True,True,1.500087,9.637899,3.715807,8.137812,True,True
36,170,1734,521,False,,True,0.295598,0.169082,3.628752,0.189158,0.474462,2000,2000,0.015159,0.019028,0.49349,0.555945,0.070221,0.120049,0.164142,0.216107,True,True,True,True,True,True,2.714828,9.592097,4.893477,6.877269,True,False
36,171,714,176,False,,True,0.199923,0.119851,2.160769,0.14986,0.507177,2000,2000,0.014749,0.018836,0.526013,0.566091,0.09027,0.173777,0.115362,0.18969,True,True,True,True,True,True,1.018206,5.24214,2.365914,4.223934,True,True
36,172,494,65,False,,True,0.141013,0.089539,1.419551,0.09919,0.499633,2000,2000,0.014366,0.017844,0.517477,0.569152,0.077116,0.122264,0.065881,0.141399,True,True,True,True,True,True,0.685234,4.042412,1.694103,3.357178,True,True
36,173,166,36,False,,True,0.226276,0.133412,2.528893,0.126506,0.45707,2000,2000,0.014851,0.019425,0.476495,0.546273,0.080789,0.129379,0.065804,0.212067,True,True,True,True,True,True,0.649567,8.485916,2.3737,7.836349,True,True
36,174,58,19,False,,True,0.199095,0.119425,2.149598,0.224138,0.479376,2000,2000,0.016069,0.020834,0.50021,0.542325,0.088922,0.132468,0.09666,0.403515,True,True,True,True,True,True,1.114244,41.053599,5.742044,39.939355,True,True
36,175,280,57,False,,True,0.196375,0.118026,2.113053,0.132143,0.490218,2000,2000,0.014009,0.02021,0.510429,0.584649,0.094289,0.139991,0.082444,0.196278,True,True,True,True,True,True,0.761282,5.573211,2.016622,4.811929,True,True
36,176,169,47,False,,True,0.285641,0.163959,3.457658,0.147929,0.499836,2000,2000,0.013678,0.018304,0.518141,0.564552,0.063401,0.114399,0.082337,0.23647,True,True,True,True,True,True,1.027951,11.684782,3.62946,10.656831,True,True
36,177,24,9,True,bbse-misspecified,True,0.253878,0.147614,2.942334,0.125,0.46073,2000,2000,0.015748,0.020827,0.481557,0.557483,0.069213,0.1134,0.012329,0.404006,True,True,True,True,True,True,,,,,,
36,178,496,143,False,,True,0.247187,0.144172,2.839332,0.177419,0.483919,2000,2000,0.015829,0.020916,0.504835,0.557478,0.074201,0.131004,0.133189,0.228732,True,True,True,True,True,True,1.755269,9.620917,4.056366,7.865648,True,True
36,179,35,16,False,,True,0.422588,0.234426,6.328609,0.2,0.467463,2000,2000,0.014104,0.017768,0.485231,0.574692,0.076294,0.106716,0.056775,0.435683,True,True,True,True,True,True,0.630438,103.01309,5.684985,102.382653,True,True
36,180,104,27,False,,True,0.280395,0.161259,3.369412,0.173077,0.492894,2000,2000,0.014374,0.018653,0.511547,0.570964,0.086668,0.132622,0.085655,0.295099,True,True,True,True,True,True,0.902941,13.667676,3.262096,12.764734,True,True
36,181,728,168,False,,True,0.206331,0.123149,2.248032,0.126374,0.492873,2000,2000,0.01468,0.019208,0.512081,0.571974,0.083737,0.132463,0.09485,0.163487,True,True,True,True,True,True,1.0383,4.670943,2.199924,3.632643,True,True
36,182,1536,433,False,,True,0.287388,0.164857,3.487334,0.162109,0.487099,2000,2000,0.013795,0.018521,0.50562,0.564753,0.073668,0.136535,0.13728,0.189315,True,True,True,True,True,True,1.756958,6.977567,3.338165,5.220609,True,True
36,183,908,365,False,,True,0.399599,0.222596,5.755189,0.211454,0.491039,2000,2000,0.015579,0.021061,0.5121,0.569287,0.071888,0.145224,0.175637,0.25071,True,True,True,True,True,True,2.311237,11.613588,5.289106,9.302351,True,True
36,184,885,250,False,,True,0.278669,0.160371,3.340658,0.174011,0.486803,2000,2000,0.015603,0.018755,0.505558,0.543462,0.065919,0.128179,0.140652,0.211363,True,True,True,True,True,True,2.05827,9.42888,3.826004,7.37061,True,True
36,185,1849,663,False,,True,0.343732,0.19385,4.529142,0.212006,0.462032,2000,2000,0.01668,0.022685,0.484717,0.542074,0.082927,0.122127,0.186607,0.239084,True,True,True,True,True,True,3.314812,10.012944,5.503613,6.698132,True,False
36,186,532,147,False,,True,0.259989,0.150759,3.038048,0.161654,0.477302,2000,2000,0.014675,0.018975,0.496278,0.557772,0.068592,0.117937,0.120646,0.20959,True,True,True,True,True,True,1.73957,9.232204,4.070763,7.492633,True,True
36,187,1546,212,False,,True,0.130794,0.08428,1.301197,0.095084,0.498441,2000,2000,0.013343,0.018165,0.516606,0.571331,0.084907,0.13652,0.075785,0.117225,True,True,True,True,True,True,0.735429,2.803332,1.46946,2.067902,True,True
36,188,445,56,False,,True,0.126015,0.081821,1.246795,0.074157,0.492726,2000,2000,0.014837,0.019675,0.512401,0.551574,0.071819,0.122918,0.044312,0.114561,True,True,True,True,True,True,0.346567,3.239537,1.167052,2.89297,True,True
36,189,102,40,False,,True,0.403463,0.224585,5.848483,0.22549,0.49622,2000,2000,0.01625,0.020111,0.516331,0.560641,0.083042,0.145238,0.124254,0.356213,True,True,True,True,True,True,1.404496,23.444727,5.215122,22.040231,True,True
36,190,234,82,False,,True,0.331067,0.187333,4.279668,0.213675,0.491334,2000,2000,0.015741,0.020319,0.511653,0.548065,0.091157,0.127857,0.145503,0.295222,True,True,True,True,True,True,2.12119,12.874489,5.138868,10.753299,True,True
36,191,2393,555,False,,True,0.235959,0.138394,2.670523,0.13247,0.498173,2000,2000,0.012649,0.018324,0.516497,0.566453,0.091428,0.17846,0.114147,0.152448,True,True,True,True,True,True,0.975277,3.816185,1.835002,2.840908,True,True
36,192,337,140,False,,True,0.384879,0.215022,5.410535,0.237389,0.485657,2000,2000,0.015168,0.018369,0.504026,0.552797,0.075919,0.129241,0.177117,0.306147,True,True,True,True,True,True,2.847014,17.898686,6.968223,15.051672,True,False
36,193,743,100,False,,True,0.126091,0.08186,1.247653,0.083445,0.475969,2000,2000,0.014941,0.018922,0.494891,0.552641,0.081014,0.151496,0.058093,0.114934,True,True,True,True,True,True,0.443614,2.985286,1.185749,2.541672,True,True
36,194,1163,437,False,,True,0.382613,0.213856,5.358951,0.210662,0.477081,2000,2000,0.015711,0.019708,0.496789,0.571211,0.076729,0.108095,0.178927,0.245085,True,True,True,True,True,True,3.34894,10.965479,5.772697,7.616539,True,False
36,195,773,167,False,,True,0.230041,0.135349,2.583541,0.131953,0.486382,2000,2000,0.014788,0.018462,0.504844,0.54259,0.07894,0.144189,0.100654,0.168433,True,True,True,True,True,True,1.103864,5.328964,2.521872,4.2251,True,True
36,196,430,107,False,,True,0.262524,0.152063,3.078213,0.160465,0.461674,2000,2000,0.014835,0.01928,0.480954,0.548413,0.073938,0.122795,0.115364,0.214185,True,True,True,True,True,True,1.585027,9.359569,3.905829,7.774542,True,True
36,197,56,5,True,bbse-misspecified,True,0.13841,0.088199,1.389139,0.035714,0.494196,2000,2000,0.014887,0.019986,0.514182,0.580205,0.059184,0.106925,0.001462,0.164064,True,True,True,True,True,True,,,,,,
36,198,2728,370,False,,True,0.141114,0.08959,1.420726,0.089809,0.467526,2000,2000,0.014598,0.018878,0.486404,0.555157,0.062429,0.111137,0.075471,0.105773,True,True,True,True,True,True,0.943578,3.597398,1.78376,2.65382,True,True
36,199,268,71,False,,True,0.241295,0.14114,2.750125,0.149254,0.460208,2000,2000,0.01512,0.020665,0.480873,0.543226,0.09073,0.126414,0.09533,0.217538,True,True,True,True,True,True,1.151979,7.703398,3.039875,6.551419,True,True
36,200,966,215,False,,True,0.225652,0.13309,2.519881,0.125259,0.474823,2000,2000,0.014984,0.019219,0.494041,0.559255,0.057445,0.120071,0.097753,0.156979,True,True,True,True,True,True,1.24709,6.912152,2.871037,5.665062,True,True
36,201,471,53,False,,True,0.1442,0.091179,1.457041,0.076433,0.477482,2000,2000,0.015017,0.018878,0.49636,0.549619,0.070811,0.123723,0.046824,0.115952,True,True,True,True,True,True,0.393666,3.481716,1.3324,3.08805,True,True
36,202,1395,408,False,,True,0.301199,0.171964,3.72715,0.168459,0.482359,2000,2000,0.015056,0.019696,0.502055,0.553529,0.085402,0.14141,0.142011,0.197475,True,True,True,True,True,True,1.804661,6.414007,3.305174,4.609346,True,True
36,203,511,113,False,,True,0.243923,0.142492,2.789741,0.109589,0.490465,2000,2000,0.013766,0.019797,0.510262,0.567843,0.075354,0.119531,0.075053,0.15249,True,True,True,True,True,True,0.825946,4.757891,2.113633,3.931945,True,True
36,204,1948,402,False,,True,0.212818,0.126487,2.337819,0.123717,0.497959,2000,2000,0.014456,0.019903,0.517862,0.568729,0.071006,0.124212,0.104114,0.145407,True,True,True,True,True,True,1.277943,4.599935,2.387091,3.321993,True,True
36,205,553,233,False,,True,0.447833,0.247416,7.013303,0.235081,0.484272,2000,2000,0.014424,0.019903,0.504175,0.573598,0.069617,0.116174,0.18763,0.287732,True,True,True,True,True,True,3.306054,16.875373,7.091568,13.569319,True,False
36,206,201,56,False,,True,0.270744,0.156293,3.21038,0.144279,0.480965,2000,2000,0.013665,0.018548,0.499513,0.551492,0.079302,0.161085,0.084176,0.22386,True,True,True,True,True,True,0.731376,8.852979,2.643334,8.121602,True,True
36,207,398,86,False,,True,0.216899,0.128586,2.395061,0.128141,0.47813,2000,2000,0.014255,0.018752,0.496881,0.563669,0.096976,0.137844,0.0863,0.180216,True,True,True,True,True,True,0.885036,4.880263,2.12121,3.995227,True,True
36,208,82,21,False,,True,0.220311,0.130342,2.443379,0.146341,0.484978,2000,2000,0.015618,0.018985,0.503963,0.561004,0.083828,0.133985,0.059072,0.281228,True,True,True,True,True,True,0.516211,13.032897,2.837524,12.516687,True,True
36,209,220,27,False,,True,0.180758,0.10999,1.907934,0.104545,0.480695,2000,2000,0.01498,0.020039,0.500735,0.548742,0.084438,0.144401,0.055955,0.173017,True,True,True,True,True,True,0.431844,5.228864,1.669578,4.79702,True,True
36,210,72,11,False,,True,0.229732,0.13519,2.579034,0.138889,0.493688,2000,2000,0.015515,0.01989,0.513578,0.564075,0.078154,0.117225,0.050172,0.283006,True,True,True,True,True,True,0.443732,13.683796,2.817561,13.240064,True,True
36,211,74,24,False,,True,0.341821,0.192866,4.49089,0.216216,0.486545,2000,2000,0.01542,0.019926,0.506471,0.558576,0.071346,0.108987,0.102871,0.371551,True,True,True,True,True,True,1.488059,34.356955,6.532572,32.868895,True,True
36,212,264,21,False,,True,0.077559,0.056888,0.727065,0.045455,0.485201,2000,2000,0.012702,0.017802,0.503002,0.555684,0.083208,0.140851,0.017835,0.092417,True,True,True,True,True,True,0.00061,2.139151,0.484613,2.138541,True,False
36,213,154,24,False,,True,0.121052,0.079267,1.190924,0.116883,0.496409,2000,2000,0.015505,0.021141,0.51755,0.572991,0.057656,0.120712,0.057013,0.204299,True,True,True,True,True,True,0.506417,9.850531,2.519576,9.344114,True,True
36,214,350,100,False,,True,0.252205,0.146753,2.916401,0.137143,0.49626,2000,2000,0.015585,0.019735,0.515995,0.560374,0.084679,0.135333,0.091274,0.194373,True,True,True,True,True,True,0.97437,6.008798,2.484291,5.034429,True,True
36,215,507,100,False,,True,0.205907,0.12293,2.242213,0.12426,0.505993,2000,2000,0.013084,0.019108,0.525101,0.591222,0.08061,0.122706,0.087335,0.169287,True,True,True,True,True,True,0.96806,5.006973,2.240512,4.038913,True,True
36,216,2065,303,False,,True,0.133228,0.085533,1.329131,0.099758,0.49583,2000,2000,0.014785,0.017894,0.513725,0.579564,0.063189,0.116409,0.082535,0.119078,True,True,True,True,True,True,0.987159,3.917979,1.955142,2.93082,True,True
36,217,1150,378,False,,True,0.318399,0.180814,4.039409,0.192174,0.499465,2000,2000,0.013989,0.019115,0.51858,0.5685,0.080055,0.163794,0.161459,0.225783,True,True,True,True,True,True,1.78533,8.312239,3.795751,6.52691,True,True
36,218,77,20,False,,True,0.325807,0.184626,4.178809,0.116883,0.480929,2000,2000,0.01441,0.019191,0.500119,0.563663,0.071236,0.107388,0.039107,0.249857,True,True,True,True,True,True,0.315587,12.265996,2.523982,11.950409,True,True
36,219,1363,550,False,,True,0.382038,0.21356,5.345905,0.224505,0.466433,2000,2000,0.014436,0.019649,0.486082,0.542543,0.082008,0.139413,0.194364,0.256827,True,True,True,True,True,True,3.097546,11.835297,6.147847,8.737751,True,False
36,220,1698,406,False,,True,0.244529,0.142804,2.798909,0.149588,0.502455,2000,2000,0.014399,0.019407,0.521861,0.575681,0.071457,0.134637,0.126757,0.174648,True,True,True,True,True,True,1.536956,5.997293,3.254693,4.460337,True,True
36,221,250,41,False,,True,0.1485,0.093391,1.508066,0.108,0.483745,2000,2000,0.015314,0.018182,0.501928,0.53992,0.083453,0.1293,0.061115,0.172194,True,True,True,True,True,True,0.603808,5.225398,1.880628,4.62159,True,True
36,222,1127,209,False,,True,0.186967,0.113185,1.988538,0.106477,0.494645,2000,2000,0.01449,0.017358,0.512002,0.547888,0.066075,0.131757,0.082819,0.13393,True,True,True,True,True,True,0.927546,4.465286,2.02369,3.53774,True,True
36,223,2107,381,False,,True,0.167822,0.103333,1.743848,0.110584,0.49145,2000,2000,0.015278,0.021116,0.512566,0.562301,0.072841,0.178938,0.092668,0.130497,True,True,True,True,True,True,0.699102,3.83848,1.500695,3.139378,True,True
36,224,348,79,False,,True,0.215892,0.128068,2.380884,0.135057,0.486442,2000,2000,0.015474,0.019277,0.505719,0.544217,0.08196,0.131162,0.089424,0.192186,True,True,True,True,True,True,1.021699,6.313071,2.608204,5.291372,True,True
36,225,371,81,False,,True,0.209892,0.124981,2.297137,0.126685,0.487067,2000,2000,0.015162,0.020723,0.50779,0.570946,0.07479,0.133494,0.083754,0.180648,True,True,True,True,True,True,0.839777,6.257773,2.196711,5.417996,True,True
36,226,142,39,False,,True,0.276591,0.159302,3.306217,0.147887,0.48761,2000,2000,0.013971,0.019004,0.506614,0.549954,0.071975,0.112902,0.077328,0.245793,True,True,True,True,True,True,0.969617,11.46003,3.415223,10.490413,True,True
36,227,1200,193,False,,True,0.151551,0.094961,1.544584,0.099167,0.491384,2000,2000,0.014181,0.017649,0.509033,0.565844,0.080187,0.177198,0.076979,0.124985,True,True,True,True,True,True,0.563535,3.309488,1.307941,2.745953,True,True
36,228,134,23,False,,True,0.170199,0.104556,1.773617,0.089552,0.473619,2000,2000,0.016186,0.019852,0.493472,0.553916,0.067598,0.100644,0.035568,0.177685,True,True,False,True,False,False,0.270936,7.054252,1.830728,6.783316,True,True
36,229,337,52,False,,True,0.17181,0.105385,1.793884,0.118694,0.469616,2000,2000,0.013979,0.018832,0.488448,0.562838,0.070433,0.124139,0.075368,0.174451,True,True,True,True,True,True,0.818282,6.744983,2.591064,5.926702,True,True
36,230,204,65,False,,True,0.308743,0.175846,3.862196,0.230392,0.477765,2000,2000,0.013544,0.01741,0.495175,0.554682,0.086276,0.12725,0.155275,0.319955,True,True,True,True,True,True,2.36739,18.520287,6.03928,16.152897,True,True
36,231,1551,560,False,,True,0.371228,0.207998,5.105343,0.208253,0.495767,2000,2000,0.014547,0.018264,0.51403,0.56385,0.061472,0.122335,0.180782,0.237753,True,True,True,True,True,True,3.043699,12.334682,5.883627,9.290982,True,False
36,232,994,344,False,,True,0.356134,0.200231,4.782937,0.182093,0.485329,2000,2000,0.015262,0.01995,0.505279,0.564267,0.066325,0.108274,0.1499,0.217748,True,True,True,True,True,True,2.582857,9.913516,4.676372,7.330659,True,True
36,233,42,13,False,,True,0.260029,0.15078,3.03868,0.166667,0.482474,2000,2000,0.015442,0.019251,0.501726,0.536932,0.080243,0.14499,0.046791,0.373042,True,True,True,True,True,True,0.331342,31.852257,3.481546,31.520915,True,True
36,234,614,69,False,,True,0.121152,0.079319,1.192049,0.081433,0.49243,2000,2000,0.014212,0.018935,0.511365,0.557002,0.082342,0.139357,0.054168,0.116178,True,True,True,True,True,True,0.432732,2.87547,1.144834,2.442739,True,True
36,235,53,9,False,,True,0.191345,0.115437,2.046115,0.113208,0.502125,2000,2000,0.013221,0.017178,0.519303,0.563369,0.081832,0.12833,0.027227,0.279888,True,True,True,True,True,True,0.127306,12.497258,1.973797,12.369952,True,True
36,236,400,44,False,,True,0.124434,0.081007,1.228926,0.065,0.492747,2000,2000,0.015147,0.018566,0.511314,0.557983,0.091628,0.153328,0.035988,0.106058,True,True,True,True,True,True,0.184296,2.223925,0.760502,2.039628,True,False
36,237,748,227,False,,True,0.296936,0.16977,3.652126,0.17246,0.496633,2000,2000,0.01666,0.022142,0.518775,0.568909,0.092943,0.172255,0.13647,0.213203,True,True,True,True,True,True,1.270436,6.277109,2.986844,5.006673,True,True
36,238,724,282,False,,True,0.371262,0.208015,5.106078,0.207182,0.487421,2000,2000,0.013633,0.019642,0.507063,0.563275,0.08156,0.15121,0.167592,0.251157,True,True,True,True,True,True,2.098879,10.451994,4.502299,8.353115,True,True
36,239,228,64,False,,True,0.269048,0.15542,3.182867,0.162281,0.466544,2000,2000,0.012741,0.018484,0.485028,0.542763,0.067695,0.131778,0.101857,0.238959,True,True,True,True,True,True,1.245859,12.661128,4.019367,11.415269,True,True
36,240,180,27,False,,True,0.163625,0.101174,1.691707,0.083333,0.503816,2000,2000,0.013444,0.018298,0.522114,0.569176,0.097503,0.192435,0.037113,0.155331,True,True,True,True,True,True,0.148402,3.580656,0.897921,3.432254,True,True
36,241,700,183,False,,True,0.263745,0.152692,3.097661,0.17,0.472321,2000,2000,0.015958,0.020729,0.493051,0.550759,0.062586,0.116478,0.133103,0.212019,True,True,True,True,True,True,2.040887,10.449276,4.715102,8.40839,True,True
36,242,3399,998,False,,True,0.278625,0.160348,3.339927,0.169756,0.506316,2000,2000,0.013744,0.018187,0.524503,0.581479,0.077055,0.131658,0.152531,0.188026,True,True,True,True,True,True,2.065653,6.204008,3.581488,4.138354,True,True
36,243,5000,792,False,,True,0.163375,0.101045,1.68862,0.097,0.475783,2000,2000,0.014068,0.021354,0.497136,0.563807,0.08266,0.116907,0.085889,0.108978,True,True,True,True,True,True,1.020034,2.713541,1.674988,1.693507,True,True
36,244,259,67,False,,True,0.234881,0.137839,2.654586,0.177606,0.484851,2000,2000,0.01408,0.019572,0.504423,0.558703,0.066981,0.104359,0.117936,0.250905,True,True,True,True,True,True,1.915287,13.012401,4.901332,11.097114,True,True
36,245,773,283,False,,True,0.352541,0.198382,4.708407,0.208279,0.496256,2000,2000,0.016763,0.02117,0.517425,0.566429,0.076551,0.118666,0.169826,0.250822,True,True,True,True,True,True,2.783823,10.590692,5.301526,7.806869,True,False
36,246,257,99,False,,True,0.35361,0.198932,4.730496,0.229572,0.50537,2000,2000,0.015054,0.018013,0.523383,0.559711,0.095409,0.157271,0.162143,0.308486,True,True,True,True,True,True,1.942606,12.94605,4.93339,11.003444,True,True
36,247,200,30,False,,True,0.181034,0.110132,1.911482,0.11,0.484395,2000,2000,0.014406,0.018051,0.502446,0.547059,0.078551,0.137684,0.057999,0.183569,True,True,True,True,True,True,0.511582,6.222974,1.967864,5.711392,True,True
36,248,596,140,False,,True,0.238396,0.139648,2.706741,0.135906,0.482166,2000,2000,0.015503,0.021623,0.503789,0.558178,0.082535,0.154543,0.100082,0.178391,True,True,True,True,True,True,0.936984,5.56444,2.159511,4.627456,True,True
36,249,440,84,False,,True,0.183217,0.111255,1.939703,0.115909,0.484905,2000,2000,0.015442,0.019078,0.503984,0.554928,0.082597,0.142792,0.077898,0.163487,True,True,True,True,True,True,0.740214,4.829238,1.929162,4.089023,True,True
36,250,20,2,True,bbse-misspecified,True,0.242584,0.141803,2.769523,0.1,0.460401,2000,2000,0.01626,0.020136,0.480537,0.564002,0.079673,0.112814,0.004158,0.405605,True,True,True,True,True,True,,,,,,
36,251,206,48,False,,True,0.222713,0.131578,2.477659,0.116505,0.478119,2000,2000,0.013745,0.021029,0.499148,0.545766,0.06668,0.174216,0.063481,0.190091,True,True,True,True,True,True,0.417229,7.986585,1.839774,7.569356,True,True
36,252,81,11,False,,True,0.099428,0.068141,0.954702,0.135802,0.489592,2000,2000,0.014574,0.017758,0.50735,0.560618,0.069297,0.115547,0.051976,0.269349,True,True,True,True,True,True,0.514952,14.377201,3.126635,13.862248,True,True
36,253,618,59,False,,True,0.101253,0.06908,0.974197,0.069579,0.475729,2000,2000,0.014712,0.019763,0.495493,0.550916,0.068178,0.202302,0.044581,0.102237,True,True,True,True,True,True,0.193266,3.041907,0.815995,2.84864,True,True
36,254,250,48,False,,True,0.223562,0.132015,2.489823,0.12,0.49061,2000,2000,0.014606,0.017196,0.507806,0.545242,0.088414,0.180633,0.070371,0.186377,True,True,True,True,True,True,0.507937,5.509834,1.753143,5.001896,True,True
36,255,3253,389,False,,True,0.122601,0.080064,1.208295,0.079311,0.484719,2000,2000,0.015179,0.02121,0.505929,0.547443,0.076742,0.125521,0.0669,0.09312,True,True,True,True,True,True,0.662392,2.271466,1.192799,1.609075,True,False
36,256,553,166,False,,True,0.299667,0.171175,3.700078,0.166365,0.485517,2000,2000,0.014639,0.018986,0.504502,0.556406,0.086463,0.14654,0.125551,0.213748,True,True,True,True,True,True,1.44049,7.235378,3.093564,5.794887,True,True
36,257,376,52,False,,True,0.143381,0.090757,1.447374,0.087766,0.499868,2000,2000,0.014462,0.019474,0.519342,0.560865,0.080616,0.151176,0.052587,0.135034,True,True,True,True,True,True,0.365786,3.578021,1.084271,3.212235,True,True
36,258,422,89,False,,True,0.203373,0.121627,2.207578,0.135071,0.489758,2000,2000,0.014761,0.019706,0.509465,0.565836,0.072297,0.106812,0.093235,0.186369,True,True,True,True,True,True,1.301004,6.815447,3.065186,5.514442,True,True
36,259,173,43,False,,True,0.258147,0.149811,3.009034,0.156069,0.491184,2000,2000,0.014759,0.019352,0.510536,0.548184,0.078065,0.145704,0.089265,0.24475,True,True,True,True,True,True,0.893227,10.219388,3.027378,9.326161,True,True
36,260,1419,323,False,,True,0.223783,0.132128,2.492986,0.136716,0.504153,2000,2000,0.015999,0.01962,0.523773,0.56267,0.078449,0.12814,0.112829,0.163373,True,True,True,True,True,True,1.409813,4.803607,2.542892,3.393794,True,True
36,261,2355,684,False,,True,0.289417,0.165902,3.521983,0.169002,0.474609,2000,2000,0.015154,0.019131,0.49374,0.542457,0.072952,0.14808,0.148443,0.191075,True,True,True,True,True,True,1.88812,7.386201,3.712776,5.498081,True,True
36,262,286,51,False,,True,0.186115,0.112746,1.977408,0.104895,0.493326,2000,2000,0.014222,0.018507,0.511833,0.563551,0.091396,0.13708,0.061317,0.163708,True,True,True,True,True,True,0.536577,4.268841,1.521023,3.732265,True,True
36,263,80,33,False,,True,0.374312,0.209585,5.173128,0.225,0.470366,2000,2000,0.014144,0.0182,0.488566,0.548211,0.063424,0.153119,0.112908,0.374724,True,True,True,True,True,True,1.203348,46.772114,6.411131,45.568767,True,True
36,264,365,74,False,,True,0.21792,0.129112,2.409482,0.117808,0.498658,2000,2000,0.015385,0.020812,0.51947,0.549523,0.084365,0.170945,0.076146,0.170965,True,True,True,True,True,True,0.566909,4.845121,1.777233,4.278212,True,True
36,265,350,132,False,,True,0.370598,0.207674,5.091581,0.234286,0.501847,2000,2000,0.013306,0.018731,0.520578,0.56935,0.08763,0.133307,0.175407,0.301431,True,True,True,True,True,True,2.585703,13.688865,5.942032,11.103163,True,True
36,266,402,68,False,,True,0.178003,0.108572,1.872547,0.084577,0.476972,2000,2000,0.013781,0.018421,0.495393,0.548235,0.08123,0.128911,0.051077,0.129469,True,True,True,True,True,True,0.443859,3.575905,1.288763,3.132046,True,True
36,267,790,282,False,,True,0.358412,0.201403,4.83063,0.207595,0.465173,2000,2000,0.01601,0.020258,0.48543,0.534155,0.089938,0.135484,0.169593,0.249607,True,True,True,True,True,True,2.613818,10.023336,5.161454,7.409518,True,False
36,268,1440,384,False,,True,0.248478,0.144836,2.859059,0.15625,0.476837,2000,2000,0.01553,0.019976,0.496813,0.56357,0.061732,0.096554,0.131052,0.184028,True,True,False,True,False,False,2.402981,8.187802,4.424312,5.784821,True,True
36,269,1133,245,False,,True,0.219635,0.129994,2.433772,0.131509,0.485721,2000,2000,0.015632,0.019149,0.50487,0.558969,0.082493,0.114932,0.105401,0.161145,True,True,True,True,True,True,1.464407,4.708486,2.643842,3.244079,True,True
36,270,369,65,False,,True,0.191364,0.115447,2.046364,0.097561,0.481798,2000,2000,0.014493,0.019433,0.501231,0.55856,0.064911,0.106186,0.060013,0.147115,True,True,True,True,True,True,0.685149,5.395165,2.086756,4.710016,True,True
36,271,55,11,False,,True,0.138914,0.088459,1.395012,0.090909,0.500328,2000,2000,0.015683,0.019567,0.519895,0.569196,0.094838,0.139746,0.018015,0.246543,True,True,True,True,True,True,0.000616,8.060652,1.21871,8.060037,True,True
36,272,421,74,False,,True,0.158399,0.098485,1.627514,0.11639,0.490993,2000,2000,0.014143,0.020106,0.511099,0.578765,0.061626,0.108733,0.077537,0.165232,True,True,True,True,True,True,0.939189,6.65173,2.481853,5.71254,True,True
36,273,4525,768,False,,True,0.178365,0.108758,1.877184,0.104972,0.4652,2000,2000,0.015006,0.019976,0.485175,0.540352,0.073787,0.110258,0.092873,0.118011,True,True,True,True,True,True,1.314593,3.521499,2.139911,2.206906,True,True
36,274,1907,293,False,,True,0.159752,0.099181,1.64405,0.093865,0.469774,2000,2000,0.016469,0.020326,0.4901,0.56935,0.07701,0.117864,0.076496,0.11354,True,True,True,True,True,True,0.852977,3.089642,1.69508,2.236665,True,True
36,275,192,50,False,,True,0.24241,0.141714,2.766904,0.151042,0.458649,2000,2000,0.014378,0.018863,0.477512,0.551299,0.066674,0.10961,0.088252,0.233827,True,True,True,True,True,True,1.217296,12.606159,3.764206,11.388863,True,True
36,276,51,16,False,,True,0.293481,0.167992,3.591973,0.156863,0.493192,2000,2000,0.014169,0.018394,0.511587,0.553562,0.073936,0.117508,0.04881,0.338701,True,True,True,True,True,True,0.452539,23.511531,3.547697,23.058992,True,True
36,277,1020,166,False,,True,0.159351,0.098974,1.63914,0.102941,0.483547,2000,2000,0.015228,0.019311,0.502858,0.556197,0.090499,0.123167,0.078562,0.131556,True,True,True,True,True,True,0.883126,3.148598,1.689976,2.265472,True,True
36,278,2089,354,False,,True,0.170508,0.104715,1.777497,0.108186,0.484938,2000,2000,0.014985,0.019198,0.504136,0.554283,0.085075,0.147823,0.090382,0.128017,True,True,True,True,True,True,0.884594,3.231928,1.676714,2.347334,True,True
36,279,297,70,False,,True,0.21269,0.126421,2.336036,0.158249,0.479616,2000,2000,0.016152,0.01948,0.499096,0.539634,0.067707,0.124635,0.105221,0.223881,True,True,True,True,True,True,1.386229,10.393151,3.73446,9.006922,True,True
36,280,209,62,False,,True,0.254974,0.148178,2.95938,0.172249,0.474983,2000,2000,0.014219,0.018284,0.493267,0.556387,0.071159,0.130242,0.107551,0.254153,True,True,True,True,True,True,1.328162,13.097698,4.233928,11.769536,True,True
36,281,87,11,False,,True,0.13291,0.085369,1.325475,0.08046,0.478167,2000,2000,0.015135,0.019466,0.497633,0.56531,0.085183,0.133309,0.021976,0.192947,True,True,True,True,True,True,0.030036,6.267392,1.187571,6.237355,True,True
36,282,283,66,False,,True,0.238973,0.139945,2.715357,0.123675,0.484662,2000,2000,0.013481,0.019381,0.504043,0.55339,0.080487,0.130797,0.075884,0.186092,True,True,True,True,True,True,0.786347,6.202101,2.235658,5.415753,True,True
36,283,258,31,False,,True,0.121828,0.079667,1.19962,0.085271,0.502466,2000,2000,0.015565,0.020255,0.522721,0.579637,0.068937,0.124897,0.044701,0.143658,True,True,True,True,True,True,0.3202,4.563929,1.420808,4.243729,True,True
36,284,419,50,False,,True,0.111667,0.074438,1.086995,0.083532,0.463362,2000,2000,0.01499,0.020162,0.483524,0.53262,0.080238,0.142138,0.050847,0.12717,True,True,True,True,True,True,0.384407,3.608529,1.309927,3.224122,True,True
36,285,1911,702,False,,True,0.371072,0.207918,5.101936,0.201465,0.481189,2000,2000,0.01616,0.020535,0.501724,0.556699,0.063351,0.106305,0.176978,0.227636,True,True,True,True,True,True,3.463576,11.40766,6.252273,7.944084,True,False
36,286,187,16,False,,True,0.09377,0.065229,0.894752,0.058824,0.49543,2000,2000,0.01342,0.017644,0.513074,0.558779,0.076621,0.119388,0.022021,0.1221,True,True,True,True,True,True,0.060153,3.349931,0.844792,3.289778,True,True
36,287,224,85,False,,True,0.326771,0.185122,4.197186,0.241071,0.47316,2000,2000,0.014726,0.0198,0.49296,0.560031,0.074173,0.142067,0.167656,0.327107,True,True,True,True,True,True,2.275617,23.509657,6.875063,21.234041,True,True
36,288,589,220,False,,True,0.360674,0.202567,4.878318,0.213922,0.468878,2000,2000,0.014782,0.019725,0.488603,0.557935,0.074089,0.118599,0.169641,0.263476,True,True,True,True,True,True,2.869322,13.80556,6.012679,10.936238,True,False
36,289,616,86,False,,True,0.139328,0.088671,1.399835,0.086039,0.486742,2000,2000,0.014537,0.018775,0.505517,0.554483,0.079158,0.131429,0.058015,0.12143,True,True,True,True,True,True,0.522341,3.237514,1.321078,2.715173,True,True
36,290,99,28,False,,True,0.315969,0.179564,3.994348,0.131313,0.489009,2000,2000,0.014957,0.01855,0.507559,0.551554,0.064481,0.104867,0.055122,0.248725,True,True,True,True,True,True,0.628843,13.103344,3.179746,12.474501,True,True
36,291,41,8,False,,True,0.105239,0.071131,1.017064,0.121951,0.472118,2000,2000,0.013906,0.019841,0.491959,0.55162,0.060205,0.106304,0.024411,0.320619,True,True,True,True,True,True,0.072875,27.943074,3.18615,27.870199,True,True
36,292,523,135,False,,True,0.265211,0.153446,3.121083,0.151052,0.481108,2000,2000,0.015582,0.019153,0.500261,0.539102,0.062601,0.110438,0.111018,0.19836,True,True,True,True,True,True,1.728532,9.065782,3.878705,7.337251,True,True
36,293,755,105,False,,True,0.156229,0.097368,1.601083,0.084768,0.512358,2000,2000,0.014171,0.018165,0.530524,0.572725,0.079915,0.146216,0.059393,0.11616,True,True,True,True,True,True,0.468964,2.833841,1.250824,2.364877,True,True
36,294,1013,262,False,,True,0.253582,0.147462,2.937748,0.140178,0.487674,2000,2000,0.01426,0.019475,0.507149,0.562549,0.073181,0.148339,0.111816,0.172392,True,True,True,True,True,True,1.176223,5.982609,2.779773,4.806386,True,True
36,295,1047,231,False,,True,0.216631,0.128449,2.391288,0.126074,0.467861,2000,2000,0.013956,0.017815,0.485676,0.558261,0.065839,0.118725,0.099509,0.156517,True,True,True,True,True,True,1.321843,6.145133,3.036908,4.82329,True,True
36,296,801,153,False,,True,0.218222,0.129267,2.413753,0.124844,0.487523,2000,2000,0.015795,0.019878,0.507402,0.558028,0.092425,0.152634,0.094868,0.159917,True,True,True,True,True,True,0.898852,4.072782,1.808635,3.17393,True,True
36,297,854,93,False,,True,0.120195,0.078827,1.181349,0.080796,0.495699,2000,2000,0.014168,0.018419,0.514118,0.552447,0.096891,0.207517,0.057387,0.109571,True,True,True,True,True,True,0.300597,2.198134,0.807097,1.897537,True,False
36,298,170,30,False,,True,0.170571,0.104748,1.77829,0.117647,0.468287,2000,2000,0.0145,0.018766,0.487053,0.532111,0.084647,0.131775,0.059921,0.200254,True,True,True,True,True,True,0.574256,7.003884,2.118083,6.429628,True,True
36,299,333,82,False,,True,0.250258,0.145752,2.886375,0.165165,0.484098,2000,2000,0.012779,0.01949,0.503588,0.58654,0.077152,0.120748,0.113755,0.227572,True,True,True,True,True,True,1.451845,9.308279,3.645878,7.856434,True,True
36,300,61,19,False,,True,0.240903,0.140938,2.744239,0.098361,0.496792,2000,2000,0.015668,0.020433,0.517225,0.570938,0.081946,0.131418,0.023543,0.246391,True,True,True,True,True,True,0.037558,9.543944,1.469034,9.506386,True,True
36,301,90,13,False,,True,0.196693,0.118189,2.11731,0.077778,0.483526,2000,2000,0.011773,0.017224,0.500751,0.550517,0.078866,0.126471,0.021226,0.186911,True,True,True,True,True,True,0.052215,6.517914,1.261307,6.465699,True,True
36,302,770,168,False,,True,0.220637,0.13051,2.448024,0.123377,0.472485,2000,2000,0.014114,0.020627,0.493111,0.549526,0.069567,0.151099,0.093019,0.15906,True,True,True,True,True,True,0.890922,5.803299,2.373357,4.912377,True,True
36,303,53,7,True,bbse-misspecified,True,0.105528,0.071279,1.020183,0.075472,0.484274,2000,2000,0.015626,0.01951,0.503784,0.542641,0.087577,0.142001,0.011354,0.22903,True,True,True,True,True,True,,,,,,
36,304,169,46,False,,True,0.22388,0.132179,2.49439,0.159763,0.482608,2000,2000,0.014899,0.019513,0.502121,0.557661,0.082067,0.139024,0.091454,0.250221,True,True,True,True,True,True,0.955661,10.448981,3.117107,9.49332,True,True
36,305,70,14,False,,True,0.151551,0.094961,1.544584,0.114286,0.478563,2000,2000,0.014271,0.019713,0.498277,0.554845,0.072959,0.155046,0.035088,0.254612,True,True,True,True,True,True,0.161201,12.533066,1.84055,12.371865,True,True
36,306,27,7,True,bbse-misspecified,True,0.158679,0.098629,1.630934,0.111111,0.478075,2000,2000,0.015699,0.021058,0.499133,0.562706,0.072413,0.151581,0.010913,0.366327,True,True,True,True,True,True,,,,,,
36,307,755,159,False,,True,0.175782,0.107429,1.84421,0.129801,0.489471,2000,2000,0.015176,0.01993,0.509401,0.556494,0.077033,0.14641,0.098404,0.166535,True,True,True,True,True,True,0.998756,5.289276,2.369656,4.29052,True,True
36,308,322,65,False,,True,0.196551,0.118116,2.115408,0.121118,0.47905,2000,2000,0.01608,0.022005,0.501055,0.561928,0.065616,0.120964,0.076447,0.178718,True,True,True,True,True,True,0.814911,7.185038,2.644218,6.370126,True,True
36,309,130,40,False,,True,0.210861,0.12548,2.310578,0.169231,0.464433,2000,2000,0.016073,0.020453,0.484886,0.546346,0.064726,0.125835,0.090508,0.275956,True,True,True,True,True,True,1.067613,17.973772,4.320148,16.906159,True,True
36,310,296,87,False,,True,0.274835,0.158398,3.277272,0.199324,0.510314,2000,2000,0.013987,0.019242,0.529555,0.571298,0.077201,0.141286,0.140045,0.269697,True,True,True,True,True,True,1.702542,11.762356,4.27891,10.059813,True,True
36,311,627,162,False,,True,0.26317,0.152396,3.08849,0.167464,0.503454,2000,2000,0.015189,0.019751,0.523205,0.5585,0.075067,0.147855,0.128866,0.211829,True,True,True,True,True,True,1.463741,7.781203,3.488881,6.317462,True,True
36,312,651,93,False,,True,0.14736,0.092804,1.494482,0.096774,0.499388,2000,2000,0.013113,0.016874,0.516262,0.566881,0.080482,0.122696,0.067724,0.1326,False,True,True,True,False,False,0.728393,3.558233,1.668484,2.82984,True,True
36,313,74,20,False,,True,0.280999,0.16157,3.379497,0.148649,0.483983,2000,2000,0.014548,0.021136,0.505119,0.550953,0.095789,0.136828,0.057109,0.292564,True,True,True,True,True,True,0.459534,12.346784,2.697528,11.88725,True,True
36,314,320,82,False,,True,0.248648,0.144923,2.861664,0.1375,0.477995,2000,2000,0.014259,0.020601,0.498597,0.565776,0.0872,0.142027,0.089692,0.197732,True,True,True,True,True,True,0.876674,6.383509,2.381586,5.506836,True,True
36,315,921,258,False,,True,0.279998,0.161055,3.362777,0.170467,0.478535,2000,2000,0.015463,0.019868,0.498403,0.556531,0.083078,0.119313,0.138033,0.206779,True,True,True,True,True,True,2.084144,7.24061,3.908548,5.156466,True,True
36,316,401,106,False,,True,0.274807,0.158383,3.276808,0.169576,0.501658,2000,2000,0.013801,0.018575,0.520234,0.565188,0.09083,0.133596,0.121767,0.226378,True,True,True,True,True,True,1.509239,7.240996,3.186185,5.731757,True,True
36,317,140,16,True,bbse-misspecified,True,0.13746,0.08771,1.378074,0.05,0.477366,2000,2000,0.014949,0.017567,0.494933,0.549409,0.057838,0.142405,0.013529,0.122817,True,True,True,True,True,True,,,,,,
36,318,312,96,False,,True,0.293493,0.167999,3.592186,0.173077,0.507483,2000,2000,0.014782,0.020397,0.52788,0.585307,0.073285,0.145936,0.118916,0.238697,True,True,True,True,True,True,1.236221,9.791375,3.560222,8.555154,True,True
36,319,221,56,False,,True,0.226884,0.133724,2.537674,0.149321,0.476862,2000,2000,0.013843,0.018583,0.495445,0.536613,0.061737,0.139706,0.090603,0.22548,True,True,True,True,True,True,0.99435,11.914095,3.401175,10.919745,True,True
36,320,359,58,False,,True,0.175314,0.107189,1.838254,0.091922,0.500277,2000,2000,0.014419,0.018418,0.518695,0.559384,0.072277,0.112407,0.055123,0.141252,True,True,True,True,True,True,0.574758,4.313188,1.687965,3.738431,True,True
36,321,2314,457,False,,True,0.191544,0.11554,2.048752,0.12057,0.49374,2000,2000,0.014779,0.018141,0.511881,0.548086,0.086777,0.144835,0.102736,0.140175,True,True,True,True,True,True,1.121545,3.550249,1.924579,2.428704,True,True
36,322,1100,187,False,,True,0.16433,0.101537,1.700434,0.105455,0.482828,2000,2000,0.014179,0.020978,0.503806,0.555464,0.074077,0.126761,0.081639,0.133169,True,True,True,True,True,True,0.881934,4.012855,1.909503,3.13092,True,True
36,323,664,149,False,,True,0.228085,0.134342,2.555076,0.134036,0.477443,2000,2000,0.014025,0.018695,0.496138,0.553923,0.075309,0.120704,0.100188,0.173888,True,True,True,True,True,True,1.308385,6.091241,2.918972,4.782856,True,True
36,324,52,7,False,,True,0.155948,0.097223,1.597671,0.153846,0.469605,2000,2000,0.013042,0.018593,0.488198,0.552046,0.077178,0.129197,0.047825,0.332929,True,True,True,True,True,True,0.390758,24.633998,3.404943,24.24324,True,True
36,325,243,41,False,,True,0.227658,0.134122,2.54888,0.111111,0.488844,2000,2000,0.014386,0.017854,0.506698,0.541447,0.084117,0.129732,0.062918,0.176966,True,True,True,True,True,True,0.631725,5.368632,1.955186,4.736907,True,True
36,326,21,4,True,bbse-misspecified,True,0.230165,0.135412,2.585341,0.238095,0.491362,2000,2000,0.014181,0.019392,0.510755,0.554727,0.083013,0.149858,0.049582,0.556423,True,True,True,True,True,True,,,,,,
36,327,428,82,False,,True,0.18949,0.114483,2.021646,0.100467,0.484419,2000,2000,0.013886,0.018956,0.503374,0.551452,0.087497,0.145953,0.064731,0.146457,True,True,True,True,True,True,0.550331,3.873637,1.49356,3.323306,True,True
36,328,632,232,False,,True,0.361168,0.202822,4.888773,0.196203,0.49894,2000,2000,0.014863,0.019165,0.518104,0.557354,0.091191,0.12721,0.154936,0.242688,True,True,True,True,True,True,2.314828,8.243967,4.189494,5.929138,True,True
36,329,525,72,False,,True,0.130459,0.084108,1.297356,0.102857,0.498408,2000,2000,0.016437,0.020677,0.519086,0.558643,0.068284,0.12498,0.069829,0.144173,True,True,True,True,True,True,0.703997,4.64888,1.77887,3.944884,True,True
36,330,1571,464,False,,True,0.29233,0.1674,3.572076,0.164863,0.463981,2000,2000,0.013941,0.017513,0.481494,0.552124,0.072064,0.142782,0.14012,0.19191,True,True,True,True,True,True,1.786624,7.913511,3.758174,6.126887,True,True
36,331,116,35,False,,True,0.286302,0.164299,3.468867,0.137931,0.491466,2000,2000,0.013694,0.01813,0.509596,0.549425,0.08218,0.118256,0.064235,0.246127,True,True,True,True,True,True,0.708533,9.852776,2.769542,9.144243,True,True
36,332,115,14,False,,True,0.152246,0.095318,1.552928,0.086957,0.479463,2000,2000,0.016239,0.020876,0.500338,0.542377,0.082898,0.162753,0.030931,0.183093,True,True,True,True,True,True,0.101144,5.818608,1.179049,5.717464,True,True
36,333,203,54,False,,True,0.278094,0.160075,3.331099,0.147783,0.46489,2000,2000,0.015758,0.02093,0.48582,0.56224,0.074609,0.132159,0.087181,0.227473,True,True,True,True,True,True,0.915769,10.164401,3.064438,9.248632,True,True
36,334,347,95,False,,True,0.314843,0.178984,3.973569,0.172911,0.493195,2000,2000,0.015061,0.019414,0.512609,0.590867,0.064742,0.108285,0.121342,0.234778,True,True,True,True,True,True,1.787702,11.424223,4.590264,9.636521,True,True
36,335,33,9,False,,True,0.194017,0.116812,2.081574,0.212121,0.474236,2000,2000,0.014573,0.019253,0.493489,0.559047,0.073629,0.134605,0.060463,0.457527,True,True,True,True,True,True,0.531396,154.97016,5.850456,154.438764,True,True
36,336,1476,328,False,,True,0.217141,0.128711,2.398475,0.121274,0.501765,2000,2000,0.013364,0.019591,0.521356,0.567771,0.07187,0.143597,0.099103,0.146224,True,True,True,True,True,True,1.011809,4.573733,2.142146,3.561924,True,True
36,337,195,45,False,,True,0.213761,0.126972,2.350992,0.14359,0.482516,2000,2000,0.015216,0.01991,0.502425,0.563288,0.085369,0.13899,0.082851,0.224451,True,True,True,True,True,True,0.811568,8.064454,2.490792,7.252886,True,True
36,338,152,46,False,,True,0.304737,0.173784,3.790126,0.138158,0.511843,2000,2000,0.014953,0.018157,0.529999,0.592166,0.075847,0.186721,0.072069,0.230522,True,True,True,True,True,True,0.451492,8.770558,1.939854,8.319066,True,True
36,339,80,12,True,bbse-misspecified,True,0.14161,0.089846,1.426551,0.05,0.474183,2000,2000,0.015035,0.01949,0.493673,0.550372,0.089408,0.121818,0.007462,0.156292,True,True,True,True,True,True,,,,,,
36,340,304,100,False,,True,0.352864,0.198549,4.715083,0.200658,0.487301,2000,2000,0.014256,0.018808,0.506109,0.561734,0.077294,0.120885,0.141924,0.270143,True,True,True,True,True,True,2.132725,12.945401,4.757853,10.812676,True,True
36,341,338,80,False,,True,0.212017,0.126075,2.326655,0.153846,0.457462,2000,2000,0.015428,0.022688,0.480151,0.549655,0.068457,0.118284,0.104514,0.214387,True,True,True,True,True,True,1.370239,10.187066,3.892629,8.816827,True,True
36,342,1858,613,False,,True,0.316814,0.179999,4.009989,0.178687,0.478742,2000,2000,0.014766,0.018561,0.497303,0.526041,0.076912,0.1448,0.155067,0.204171,True,False,True,True,False,False,2.173244,7.754907,4.004708,5.581662,True,True
36,343,445,153,False,,True,0.349044,0.196583,4.636659,0.188764,0.496019,2000,2000,0.013894,0.019198,0.515217,0.565435,0.077328,0.135283,0.140904,0.244242,True,True,True,True,True,True,1.832467,10.142992,4.00614,8.310525,True,True
36,344,116,24,False,,True,0.258837,0.150166,3.019878,0.146552,0.485808,2000,2000,0.014376,0.019048,0.504855,0.544348,0.092804,0.122144,0.070284,0.256457,True,True,True,True,True,True,0.776772,9.526821,2.767676,8.750049,True,True
36,345,1164,576,False,,True,0.493111,0.270714,8.412173,0.263746,0.485357,2000,2000,0.01566,0.022887,0.508243,0.554279,0.074181,0.141951,0.229151,0.300531,True,True,True,True,True,True,3.834802,17.116538,7.949174,13.281736,True,False
36,346,264,57,False,,True,0.258451,0.149967,3.013804,0.117424,0.49611,2000,2000,0.015275,0.019961,0.516071,0.56953,0.07986,0.157352,0.069503,0.181309,True,True,True,True,True,True,0.530584,5.714563,1.788555,5.183978,True,True
36,347,233,15,False,,True,0.054779,0.045166,0.501136,0.064378,0.46631,2000,2000,0.014761,0.019275,0.485585,0.53665,0.068395,0.126592,0.02853,0.121099,True,True,True,True,True,True,0.12567,3.973859,1.046087,3.84819,True,True
36,348,689,188,False,,True,0.269823,0.155819,3.195424,0.149492,0.456473,2000,2000,0.015745,0.019874,0.476346,0.544033,0.075067,0.131068,0.114453,0.190064,True,True,True,True,True,True,1.459634,7.502591,3.33426,6.042956,True,True
36,349,2067,429,False,,True,0.208915,0.124478,2.283623,0.127238,0.466445,2000,2000,0.013401,0.01813,0.484575,0.559147,0.065813,0.105103,0.107936,0.148487,True,True,True,True,True,True,1.69465,5.705269,3.10885,4.010619,True,True
36,350,1046,163,False,,True,0.160733,0.099686,1.656086,0.087954,0.480206,2000,2000,0.012665,0.018369,0.498576,0.57177,0.07474,0.10906,0.065677,0.114524,True,True,True,True,True,True,0.763625,3.283387,1.591627,2.519761,True,True
36,351,1032,91,False,,True,0.100812,0.068853,0.969479,0.065891,0.481164,2000,2000,0.014559,0.01909,0.500254,0.553165,0.081768,0.132846,0.04657,0.089813,True,True,True,True,True,True,0.354091,2.058961,0.909665,1.70487,True,False
36,352,2661,315,False,,True,0.123015,0.080278,1.212955,0.066141,0.474822,2000,2000,0.013336,0.017683,0.492505,0.558924,0.0818,0.132681,0.053657,0.08039,True,True,True,True,True,True,0.465414,1.826381,0.922065,1.360967,True,False
36,353,571,87,False,,True,0.158287,0.098427,1.62614,0.082312,0.496686,2000,2000,0.014279,0.018309,0.514995,0.556834,0.086389,0.149518,0.053993,0.118662,True,True,True,True,True,True,0.403663,2.785288,1.122686,2.381625,True,True
36,354,101,15,False,,True,0.195207,0.117425,2.097432,0.09901,0.489317,2000,2000,0.014487,0.01924,0.508556,0.579379,0.085246,0.128072,0.035344,0.206902,True,True,True,True,True,True,0.201526,6.844799,1.550223,6.643274,True,True
36,355,633,92,False,,True,0.167352,0.103092,1.737989,0.078989,0.505051,2000,2000,0.013453,0.018127,0.523177,0.568547,0.072222,0.11512,0.052521,0.112755,True,True,True,True,True,True,0.512326,3.108199,1.330841,2.595873,True,True
36,356,174,23,False,,True,0.144001,0.091076,1.454682,0.091954,0.490079,2000,2000,0.014327,0.018381,0.50846,0.564879,0.076618,0.13301,0.042311,0.167666,True,True,True,True,True,True,0.298486,5.422592,1.443639,5.124106,True,True
36,357,410,150,False,,True,0.324803,0.184109,4.159735,0.202439,0.486378,2000,2000,0.011852,0.018817,0.505195,0.564431,0.07386,0.113863,0.151129,0.261654,True,True,True,True,True,True,2.491437,12.861325,5.450559,10.369887,True,True
36,358,664,175,False,,True,0.265895,0.153798,3.132052,0.165663,0.48412,2000,2000,0.013249,0.017492,0.501612,0.587436,0.071973,0.142857,0.128277,0.208522,True,True,True,True,True,True,1.447662,8.590696,3.545371,7.143034,True,True
36,359,187,60,False,,True,0.301858,0.172303,3.738828,0.197861,0.486103,2000,2000,0.013809,0.018213,0.504315,0.565062,0.074389,0.126957,0.125094,0.288333,True,True,True,True,True,True,1.670553,15.815419,4.796929,14.144866,True,True
36,360,420,60,False,,True,0.159593,0.099099,1.642103,0.085714,0.480005,2000,2000,0.014536,0.019583,0.499588,0.53083,0.077401,0.127475,0.052604,0.129689,True,False,True,True,False,False,0.472624,3.710717,1.39025,3.238094,True,True
36,361,210,41,False,,True,0.222447,0.131441,2.473846,0.104762,0.499673,2000,2000,0.014508,0.018055,0.517727,0.561924,0.077727,0.218794,0.055169,0.17518,True,True,True,True,True,True,0.261502,5.565582,1.255672,5.30408,True,True
36,362,982,353,False,,True,0.339046,0.191439,4.435732,0.189409,0.499369,2000,2000,0.014864,0.018658,0.518027,0.552861,0.084469,0.169465,0.156475,0.225767,True,True,True,True,True,True,1.703973,7.821461,3.528923,6.117488,True,True
36,363,1029,168,False,,True,0.166696,0.102754,1.729811,0.090379,0.484556,2000,2000,0.015593,0.019109,0.503665,0.55225,0.073976,0.114743,0.067623,0.117472,True,True,True,True,True,True,0.772326,3.302299,1.64317,2.529973,True,True
36,364,2049,241,False,,True,0.113273,0.075264,1.104618,0.078575,0.496307,2000,2000,0.014473,0.01901,0.515317,0.557957,0.068939,0.12132,0.063189,0.096191,True,True,True,True,True,True,0.646718,2.633198,1.31961,1.98648,True,True
36,365,296,86,False,,True,0.317991,0.180605,4.031834,0.141892,0.480823,2000,2000,0.015003,0.01976,0.500583,0.555352,0.077193,0.157186,0.0916,0.205456,True,True,True,True,True,True,0.830618,7.714625,2.700941,6.884007,True,True
36,366,212,21,False,,True,0.10714,0.072109,1.037638,0.080189,0.487303,2000,2000,0.014391,0.018874,0.506176,0.563495,0.081793,0.224342,0.037807,0.144599,True,True,True,True,True,True,0.124527,4.042621,0.849734,3.918094,True,True
36,367,772,382,False,,True,0.50633,0.277516,8.868993,0.260363,0.48947,2000,2000,0.014991,0.019435,0.508905,0.559429,0.072067,0.139456,0.218313,0.305771,True,True,True,True,True,True,3.59765,18.43141,7.874781,14.83376,True,False
36,368,263,87,False,,True,0.341278,0.192587,4.480048,0.193916,0.504279,2000,2000,0.015732,0.019687,0.523966,0.567498,0.075807,0.115836,0.13213,0.268429,True,True,True,True,True,True,1.971348,12.055843,4.726175,10.084495,True,True
36,369,662,143,False,,True,0.212733,0.126443,2.336633,0.102719,0.482334,2000,2000,0.015614,0.018598,0.500931,0.538784,0.079955,0.140276,0.073,0.138996,True,True,True,True,True,True,0.715836,3.922681,1.713162,3.206845,True,True
36,370,120,28,False,,True,0.23481,0.137803,2.653538,0.116667,0.46839,2000,2000,0.014778,0.020317,0.488707,0.560075,0.075033,0.126703,0.050674,0.218087,True,True,True,True,True,True,0.410755,9.261295,2.246604,8.850541,True,True
36,371,424,133,False,,True,0.316452,0.179812,4.003278,0.181604,0.498251,2000,2000,0.013754,0.017424,0.515676,0.560805,0.074453,0.115906,0.133507,0.237887,True,True,True,True,True,True,2.072184,10.030147,4.590356,7.957963,True,True
36,372,172,25,False,,True,0.134262,0.086065,1.341051,0.093023,0.46892,2000,2000,0.013901,0.020039,0.48896,0.553288,0.069802,0.138419,0.042815,0.169531,True,True,True,True,True,True,0.277711,6.492661,1.645277,6.214951,True,True
36,373,614,80,False,,True,0.150507,0.094424,1.532053,0.07329,0.473839,2000,2000,0.01493,0.019032,0.49287,0.533454,0.086462,0.138446,0.04751,0.106707,True,True,True,True,True,True,0.364695,2.511081,1.056817,2.146387,True,False
36,374,635,136,False,,True,0.200549,0.120173,2.169232,0.116535,0.483696,2000,2000,0.012411,0.019379,0.503075,0.557524,0.074476,0.114019,0.084267,0.155396,True,True,True,True,True,True,1.0654,5.110735,2.416453,4.045335,True,True
36,375,545,224,False,,True,0.436892,0.241786,6.709031,0.244037,0.462329,2000,2000,0.015451,0.020291,0.48262,0.549758,0.076843,0.178104,0.195529,0.29764,True,True,True,True,True,True,2.282906,18.326814,6.623723,16.043908,True,True
36,376,600,172,False,,True,0.291771,0.167113,3.562424,0.176667,0.478357,2000,2000,0.014771,0.020196,0.498553,0.556646,0.077398,0.153241,0.136293,0.2229,True,True,True,True,True,True,1.526116,9.000278,3.568725,7.474161,True,True
36,377,1831,223,False,,True,0.12354,0.080547,1.218852,0.078646,0.487621,2000,2000,0.014842,0.019114,0.506736,0.552159,0.086469,0.158828,0.062416,0.097372,True,True,True,True,True,True,0.468271,2.129912,1.017645,1.661641,True,False
36,378,169,49,False,,True,0.271294,0.156576,3.219323,0.136095,0.476768,2000,2000,0.013848,0.018462,0.49523,0.530739,0.079543,0.127728,0.07338,0.222566,True,False,True,True,False,False,0.820009,8.857982,2.747986,8.037974,True,True
36,379,951,305,False,,True,0.34898,0.19655,4.635361,0.187171,0.494459,2000,2000,0.014688,0.019918,0.514377,0.563725,0.076323,0.110985,0.153897,0.224008,True,True,True,True,True,True,2.618674,8.724127,4.630105,6.105452,True,False
36,380,289,64,False,,True,0.231089,0.135888,2.598842,0.131488,0.493443,2000,2000,0.015724,0.02064,0.514083,0.571688,0.083464,0.153707,0.082601,0.194383,True,True,True,True,True,True,0.697526,6.136692,2.082053,5.439165,True,True
36,381,163,29,False,,True,0.181532,0.110388,1.917911,0.116564,0.487558,2000,2000,0.013759,0.018151,0.505708,0.555222,0.062919,0.102428,0.058145,0.201021,True,True,False,True,False,False,0.705058,9.153547,2.723853,8.448489,True,True
36,382,127,13,True,bbse-misspecified,True,0.07787,0.057048,0.730226,0.055118,0.484679,2000,2000,0.015726,0.020739,0.505417,0.557593,0.084782,0.132421,0.014937,0.134845,True,True,True,True,True,True,,,,,,
36,383,1693,385,False,,True,0.224091,0.132287,2.49742,0.13231,0.50074,2000,2000,0.014464,0.018311,0.519052,0.559039,0.075191,0.135838,0.110684,0.156283,True,True,True,True,True,True,1.31068,4.808287,2.550206,3.497607,True,True
36,384,161,54,False,,True,0.336522,0.19014,4.385956,0.21118,0.501086,2000,2000,0.014917,0.019568,0.520654,0.569093,0.075744,0.127482,0.13091,0.311106,True,True,True,True,True,True,1.739105,17.247582,5.289624,15.508477,True,True
36,385,370,83,False,,True,0.19908,0.119417,2.149388,0.121622,0.472264,2000,2000,0.015107,0.019759,0.492023,0.550406,0.085758,0.135092,0.079526,0.174937,True,True,True,True,True,True,0.812629,5.37366,2.11159,4.561032,True,True
36,386,434,99,False,,True,0.230965,0.135824,2.597025,0.154378,0.479534,2000,2000,0.013341,0.01809,0.497624,0.560267,0.070359,0.108221,0.11029,0.207161,True,True,True,True,True,True,1.688448,8.816598,3.779718,7.12815,True,True
36,387,5000,1066,False,,True,0.212526,0.126336,2.333744,0.126,0.515472,2000,2000,0.014289,0.019748,0.53522,0.583624,0.078045,0.135373,0.113471,0.139332,True,False,True,True,False,False,1.273226,3.731239,2.07002,2.458013,True,True
36,388,2539,468,False,,True,0.177946,0.108543,1.871823,0.108704,0.490887,2000,2000,0.014479,0.018547,0.509435,0.58627,0.068933,0.113764,0.092451,0.126621,True,True,True,True,True,True,1.165861,3.956681,2.059856,2.790819,True,True
36,389,190,56,False,,True,0.312484,0.17777,3.930259,0.152632,0.485468,2000,2000,0.013092,0.019633,0.505101,0.565304,0.086856,0.13135,0.089212,0.236163,True,True,True,True,True,True,0.966501,8.720346,3.00938,7.753845,True,True
36,390,565,113,False,,True,0.206729,0.123353,2.25349,0.136283,0.484267,2000,2000,0.013082,0.01809,0.502357,0.576629,0.087991,0.168376,0.099515,0.180073,True,True,True,True,True,True,0.842917,5.370517,2.036709,4.527599,True,True
36,391,289,92,False,,True,0.321089,0.182198,4.089681,0.16609,0.487534,2000,2000,0.014033,0.018524,0.506059,0.554384,0.067646,0.12989,0.111118,0.233712,True,True,True,True,True,True,1.399323,11.117482,3.964497,9.718159,True,True
36,392,1304,205,False,,True,0.17317,0.106085,1.811063,0.091258,0.461712,2000,2000,0.014172,0.019394,0.481106,0.551285,0.055142,0.102245,0.070773,0.115149,True,True,False,True,False,False,0.938861,4.727971,2.126257,3.78911,True,True
36,393,190,42,False,,True,0.264254,0.152954,3.105786,0.152632,0.467325,2000,2000,0.013748,0.01936,0.486685,0.546048,0.075899,0.157965,0.089212,0.236163,True,True,True,True,True,True,0.81505,10.809337,2.833715,9.994287,True,True
36,394,543,189,False,,True,0.34719,0.195629,4.598945,0.198895,0.487411,2000,2000,0.015092,0.017826,0.505237,0.549479,0.090857,0.138755,0.154288,0.249529,True,True,True,True,True,True,2.143314,9.174008,4.250945,7.030693,True,True
36,395,359,50,False,,True,0.131448,0.084617,1.308683,0.089136,0.471587,2000,2000,0.015618,0.01998,0.491567,0.550375,0.065421,0.113143,0.052947,0.137949,True,True,True,True,True,True,0.519486,4.941945,1.758626,4.422459,True,True
36,396,497,63,False,,True,0.148279,0.093277,1.505429,0.086519,0.501161,2000,2000,0.013189,0.017547,0.518708,0.558388,0.101437,0.161999,0.055603,0.126578,True,True,True,True,True,True,0.391544,2.561496,0.999823,2.169952,True,False
36,397,341,112,False,,True,0.307739,0.175329,3.844064,0.211144,0.485611,2000,2000,0.014718,0.019762,0.505373,0.573156,0.07436,0.132407,0.154166,0.277356,True,True,True,True,True,True,2.101912,14.338208,5.134526,12.236295,True,True
36,398,134,19,False,,True,0.219598,0.129975,2.433251,0.059701,0.470535,2000,2000,0.014871,0.019401,0.489936,0.549016,0.081335,0.142511,0.018026,0.138376,True,True,True,True,True,True,0.000602,3.967948,0.735758,3.967346,True,True
36,399,3590,384,False,,True,0.112751,0.074996,1.098887,0.077994,0.482486,2000,2000,0.014644,0.01942,0.501905,0.548943,0.069111,0.13857,0.06625,0.091008,True,True,True,True,True,True,0.603127,2.503227,1.217499,1.9001,True,False
42,0,454,229,False,,True,0.471719,0.259707,7.721397,0.303965,0.482129,2000,2000,0.014473,0.020279,0.502408,0.555384,0.096602,0.135589,0.24644,0.366173,True,True,True,True,True,True,4.666968,24.142213,9.597472,19.475245,True,False
42,1,690,64,False,,True,0.107037,0.072056,1.03652,0.056522,0.500705,2000,2000,0.015195,0.020408,0.521113,0.575147,0.077346,0.156996,0.035244,0.084881,True,True,True,True,True,True,0.147549,1.905592,0.623228,1.758043,True,False
42,2,130,37,False,,True,0.304647,0.173738,3.788514,0.146154,0.465176,2000,2000,0.014094,0.018829,0.484005,0.538905,0.093594,0.131046,0.073448,0.248897,True,True,True,True,True,True,0.778102,9.671842,2.768285,8.89374,True,True
42,3,196,57,False,,True,0.309849,0.176415,3.882243,0.168367,0.482477,2000,2000,0.01459,0.018974,0.50145,0.557115,0.073402,0.143596,0.102569,0.252746,True,True,True,True,True,True,1.096831,12.08809,3.699112,10.991259,True,True
42,4,245,55,False,,True,0.201534,0.12068,2.182578,0.085714,0.486305,2000,2000,0.015443,0.018435,0.50474,0.544655,0.076409,0.124834,0.044154,0.146027,True,True,True,True,True,True,0.360245,4.400214,1.433389,4.039969,True,True
42,5,310,116,False,,True,0.382201,0.213644,5.349596,0.203226,0.483126,2000,2000,0.01484,0.019142,0.502268,0.572407,0.066152,0.116061,0.144682,0.272219,True,True,True,True,True,True,2.23538,15.793683,5.874722,13.558303,True,True
42,6,884,198,False,,True,0.219141,0.12974,2.426763,0.141403,0.481169,2000,2000,0.014304,0.018541,0.49971,0.550368,0.082639,0.147018,0.111035,0.176176,True,True,True,True,True,True,1.221482,5.553994,2.506814,4.332512,True,True
42,7,4723,1042,False,,True,0.209601,0.124831,2.293105,0.130849,0.501355,2000,2000,0.014313,0.020021,0.521376,0.567189,0.073289,0.111559,0.117748,0.14479,True,True,True,True,True,True,1.731684,4.381008,2.72186,2.649325,True,True
42,8,254,85,False,,True,0.335401,0.189563,4.363969,0.188976,0.490771,2000,2000,0.015634,0.020778,0.511549,0.562711,0.067448,0.115292,0.126962,0.264388,True,True,True,True,True,True,1.869922,13.915305,5.005641,12.045384,True,True
42,9,225,99,False,,True,0.360047,0.202245,4.865053,0.248889,0.505488,2000,2000,0.013843,0.018467,0.523955,0.566997,0.085294,0.125851,0.174605,0.335353,True,True,True,True,True,True,2.763879,18.281339,6.875556,15.51746,True,False
42,10,1587,120,False,,True,0.080851,0.058582,0.760638,0.057341,0.481313,2000,2000,0.014424,0.019791,0.501104,0.557471,0.077918,0.158658,0.042572,0.07515,True,True,True,True,True,True,0.234619,1.687131,0.645901,1.452512,True,False
42,11,210,66,False,,True,0.325032,0.184227,4.16408,0.214286,0.486238,2000,2000,0.014655,0.017841,0.504079,0.538138,0.088646,0.170987,0.14257,0.300883,True,True,True,True,True,True,1.528774,14.48195,4.535661,12.953176,True,True
42,12,551,136,False,,True,0.21825,0.129282,2.414149,0.132486,0.519704,2000,2000,0.016322,0.020451,0.540155,0.578678,0.075802,0.122165,0.095799,0.176454,True,False,True,True,False,False,1.121246,5.368048,2.454464,4.246802,True,True
42,13,245,33,False,,True,0.11272,0.07498,1.098549,0.093878,0.499194,2000,2000,0.014255,0.017568,0.516762,0.569188,0.064239,0.115842,0.050122,0.155983,True,True,True,True,True,True,0.47869,5.72241,1.786646,5.24372,True,True
42,14,219,40,False,,True,0.168623,0.103746,1.753865,0.109589,0.488893,2000,2000,0.015546,0.019178,0.508071,0.554738,0.076765,0.163832,0.059618,0.179261,True,True,True,True,True,True,0.416864,5.988071,1.693175,5.571206,True,True
42,15,321,53,False,,True,0.17448,0.106759,1.827654,0.102804,0.491545,2000,2000,0.016053,0.020137,0.511682,0.556352,0.082284,0.136474,0.061784,0.157456,True,True,True,True,True,True,0.532825,4.452183,1.655114,3.919359,True,True
42,16,329,31,False,,True,0.101369,0.069139,0.97544,0.06383,0.471272,2000,2000,0.015417,0.02088,0.492152,0.560767,0.081462,0.116058,0.032713,0.109678,True,True,True,True,True,True,0.170663,2.778877,0.903986,2.608213,True,True
42,17,107,15,False,,True,0.17777,0.108452,1.869566,0.084112,0.489794,2000,2000,0.015593,0.019177,0.508971,0.560365,0.078062,0.128653,0.027866,0.183817,True,True,True,True,True,True,0.110509,6.110239,1.275354,5.99973,True,True
42,18,253,49,False,,True,0.208953,0.124498,2.284147,0.110672,0.472158,2000,2000,0.015738,0.019573,0.491731,0.547132,0.078291,0.13524,0.0634,0.174921,True,True,True,True,True,True,0.579326,5.91533,2.047116,5.336004,True,True
42,19,2197,197,False,,True,0.097443,0.067119,0.933585,0.059172,0.499859,2000,2000,0.015917,0.019674,0.519533,0.547816,0.090599,0.148445,0.04626,0.074262,True,True,True,True,True,True,0.304078,1.315269,0.694016,1.011192,True,False
42,20,101,23,False,,True,0.219649,0.130002,2.433978,0.158416,0.492578,2000,2000,0.01451,0.019105,0.511682,0.565558,0.081979,0.120199,0.074181,0.279939,True,True,True,True,True,True,0.820423,12.825962,3.296142,12.005539,True,True
42,21,487,108,False,,True,0.228699,0.134658,2.563997,0.12731,0.477712,2000,2000,0.013944,0.01888,0.496592,0.542974,0.074494,0.122599,0.089246,0.173741,True,True,True,True,True,True,1.109877,6.149318,2.651881,5.039441,True,True
42,22,475,124,False,,True,0.258008,0.14974,3.006847,0.16,0.484214,2000,2000,0.015474,0.020292,0.504506,0.544446,0.078077,0.131845,0.116984,0.210822,True,True,True,True,True,True,1.489469,7.854144,3.526615,6.364674,True,True
42,23,376,98,False,,True,0.256522,0.148975,2.983555,0.156915,0.469149,2000,2000,0.015767,0.020586,0.489735,0.547563,0.088092,0.129803,0.109462,0.214342,True,True,True,True,True,True,1.360015,7.464223,3.196265,6.104209,True,True
42,24,363,56,False,,True,0.167532,0.103184,1.740227,0.107438,0.48261,2000,2000,0.014296,0.018389,0.500999,0.551333,0.077124,0.125509,0.067635,0.15913,True,True,True,True,True,True,0.709371,5.069506,1.983837,4.360134,True,True
42,25,319,47,False,,True,0.163563,0.101142,1.690939,0.094044,0.474922,2000,2000,0.013382,0.019018,0.49394,0.564836,0.066306,0.137868,0.054849,0.147282,True,True,True,True,True,True,0.439354,5.439091,1.728866,4.999738,True,True
42,26,216,42,False,,True,0.239974,0.14046,2.730311,0.125,0.485218,2000,2000,0.013686,0.019137,0.504355,0.551115,0.086427,0.138371,0.071,0.198143,True,True,True,True,True,True,0.672645,6.367418,2.183739,5.694773,True,True
42,27,442,80,False,,True,0.168424,0.103643,1.751372,0.115385,0.491698,2000,2000,0.013871,0.018743,0.510442,0.563135,0.08152,0.120539,0.077538,0.162767,True,True,True,True,True,True,0.883393,4.825184,2.154501,3.941791,True,True
42,28,109,34,False,,True,0.277374,0.159704,3.319161,0.155963,0.503247,2000,2000,0.014955,0.018542,0.521789,0.563927,0.075042,0.12442,0.074984,0.271751,True,True,True,True,True,True,0.812353,12.659029,3.348061,11.846676,True,True
42,29,1056,234,False,,True,0.231501,0.1361,2.604877,0.135417,0.499946,2000,2000,0.016078,0.021922,0.521868,0.564685,0.077974,0.137861,0.108052,0.166527,True,True,True,True,True,True,1.179568,5.006534,2.44059,3.826965,True,True
42,30,414,121,False,,True,0.296868,0.169735,3.650935,0.152174,0.494586,2000,2000,0.0141,0.017717,0.512302,0.552165,0.068675,0.11413,0.107433,0.206095,True,True,True,True,True,True,1.565822,8.503074,3.705935,6.937252,True,True
42,31,134,51,False,,True,0.358669,0.201536,4.836033,0.216418,0.516794,2000,2000,0.013176,0.01784,0.534634,0.590157,0.074842,0.12676,0.128318,0.327713,True,False,True,True,False,False,1.647926,18.790525,5.509525,17.142598,True,True
42,32,243,71,False,,True,0.274041,0.157989,3.264221,0.164609,0.490038,2000,2000,0.014327,0.01841,0.508448,0.562125,0.082173,0.138065,0.105452,0.238902,True,True,True,True,True,True,1.189916,9.305882,3.235424,8.115966,True,True
42,33,717,55,False,,True,0.077081,0.056641,0.722201,0.055788,0.477515,2000,2000,0.013899,0.019733,0.497249,0.565501,0.075221,0.119879,0.035011,0.083388,True,True,True,True,True,True,0.211442,2.064276,0.769578,1.852834,True,False
42,34,345,76,False,,True,0.202898,0.121382,2.201109,0.147826,0.483245,2000,2000,0.016745,0.020968,0.504213,0.558737,0.083293,0.133558,0.0999,0.206928,True,True,True,True,True,True,1.116005,7.040812,2.91757,5.924807,True,True
42,35,927,173,False,,True,0.209071,0.124558,2.285776,0.101402,0.495779,2000,2000,0.014194,0.017852,0.513631,0.571782,0.080595,0.128757,0.076107,0.131382,True,True,True,True,True,True,0.795238,3.497313,1.753058,2.702076,True,True
42,36,1227,156,False,,True,0.12278,0.080157,1.210309,0.09128,0.481871,2000,2000,0.015328,0.020284,0.502155,0.552445,0.088,0.174315,0.070203,0.115979,True,True,True,True,True,True,0.490321,2.701135,1.191066,2.210814,True,True
42,37,834,209,False,,True,0.275584,0.158784,3.289605,0.141487,0.469421,2000,2000,0.015543,0.021722,0.491142,0.548934,0.091358,0.135319,0.110267,0.177378,True,True,True,True,True,True,1.28982,5.129939,2.573719,3.840119,True,True
42,38,2560,719,False,,True,0.285275,0.16377,3.45145,0.161719,0.492649,2000,2000,0.013431,0.018304,0.510953,0.554058,0.069294,0.121444,0.142347,0.182514,True,True,True,True,True,True,2.179585,6.914477,3.946144,4.734892,True,True
42,39,139,20,False,,True,0.168583,0.103725,1.753362,0.107914,0.485797,2000,2000,0.014733,0.019119,0.504916,0.563349,0.072371,0.128864,0.048373,0.198763,True,True,True,True,True,True,0.384013,7.704815,1.910617,7.320802,True,True
42,40,618,227,False,,True,0.368529,0.206609,5.046563,0.187702,0.488436,2000,2000,0.014418,0.018008,0.506444,0.539539,0.080921,0.115954,0.146796,0.234098,True,True,True,True,True,True,2.500101,9.161453,4.81228,6.661351,True,True
42,41,317,103,False,,True,0.324557,0.183983,4.155085,0.157729,0.48595,2000,2000,0.014018,0.018585,0.504534,0.544594,0.088131,0.15135,0.10632,0.220957,True,True,True,True,True,True,1.122475,7.550472,2.88952,6.427997,True,True
42,42,596,134,False,,True,0.208058,0.124037,2.27179,0.122483,0.489812,2000,2000,0.015712,0.019518,0.50933,0.541028,0.100042,0.135204,0.088434,0.163447,True,True,True,True,True,True,0.973941,3.84233,1.972,2.86839,True,True
42,43,1332,332,False,,True,0.25186,0.146576,2.911079,0.135135,0.485156,2000,2000,0.014793,0.019589,0.504745,0.560664,0.069491,0.133916,0.110649,0.162588,True,True,True,True,True,True,1.308666,5.783946,2.706506,4.47528,True,True
42,44,403,187,False,,True,0.478899,0.263401,7.946926,0.26799,0.496494,2000,2000,0.015628,0.019558,0.516052,0.557275,0.084438,0.147463,0.209838,0.332398,True,True,True,True,True,True,3.166252,18.702307,7.521116,15.536055,True,False
42,45,1405,294,False,,True,0.219668,0.130011,2.434248,0.123132,0.493749,2000,2000,0.016044,0.0203,0.514049,0.562018,0.077084,0.115917,0.100272,0.148897,True,True,True,True,True,True,1.320931,4.356078,2.412326,3.035146,True,True
42,46,314,82,False,,True,0.244066,0.142566,2.791907,0.156051,0.49472,2000,2000,0.014677,0.017666,0.512386,0.553212,0.074643,0.144983,0.104692,0.219405,True,True,True,True,True,True,1.144256,8.662806,3.119755,7.51855,True,True
42,47,1420,435,False,,True,0.324649,0.18403,4.15683,0.171831,0.497226,2000,2000,0.014311,0.017919,0.515145,0.56855,0.075262,0.126271,0.145381,0.200778,True,True,True,True,True,True,2.084204,7.287977,3.878654,5.203774,True,True
42,48,273,40,False,,True,0.118492,0.07795,1.162353,0.091575,0.472059,2000,2000,0.016504,0.019949,0.492008,0.543298,0.08519,0.13385,0.050323,0.149375,True,True,True,True,True,True,0.398704,4.164334,1.46449,3.76563,True,True
42,49,117,15,False,,True,0.174187,0.106609,1.823942,0.076923,0.485668,2000,2000,0.014036,0.019348,0.505016,0.556167,0.085521,0.12483,0.02543,0.168917,True,True,True,True,True,True,0.080341,4.927593,1.153382,4.847253,True,True
42,50,997,279,False,,True,0.265942,0.153822,3.132813,0.171515,0.48715,2000,2000,0.014915,0.01974,0.50689,0.565941,0.074724,0.105546,0.140199,0.206399,True,True,True,True,True,True,2.397774,7.890634,4.259928,5.492859,True,True
42,51,866,96,False,,True,0.109531,0.073339,1.063639,0.064665,0.48386,2000,2000,0.013978,0.018192,0.502053,0.548437,0.083711,0.137303,0.043964,0.090877,True,True,True,True,True,True,0.320983,2.047106,0.850949,1.726123,True,False
42,52,636,99,False,,True,0.170903,0.104919,1.782472,0.091195,0.486527,2000,2000,0.014939,0.0192,0.505727,0.553499,0.086173,0.11887,0.062721,0.126708,True,True,True,True,True,True,0.657319,3.127178,1.513688,2.469859,True,True
42,53,453,173,False,,True,0.379658,0.212336,5.292219,0.198675,0.474022,2000,2000,0.015956,0.020194,0.494216,0.545665,0.07851,0.126873,0.150115,0.254476,True,True,True,True,True,True,2.260417,11.677539,5.178653,9.417122,True,True
42,54,157,36,False,,True,0.208007,0.124011,2.271087,0.127389,0.491937,2000,2000,0.015536,0.019781,0.511719,0.558556,0.083269,0.140471,0.065037,0.21597,True,True,True,True,True,True,0.56111,7.461192,2.220201,6.900082,True,True
42,55,1598,403,False,,True,0.243421,0.142234,2.782153,0.149562,0.506593,2000,2000,0.013567,0.017951,0.524544,0.575591,0.080144,0.150691,0.126057,0.175437,True,True,True,True,True,True,1.355385,5.321802,2.761546,3.966417,True,True
42,56,220,51,False,,True,0.295506,0.169034,3.627156,0.140909,0.487728,2000,2000,0.014408,0.018472,0.506201,0.548189,0.0835,0.146089,0.083818,0.215958,True,True,True,True,True,True,0.822522,7.621942,2.627601,6.79942,True,True
42,57,3603,548,False,,True,0.148085,0.093178,1.503118,0.094088,0.48939,2000,2000,0.015481,0.019542,0.508932,0.550813,0.089947,0.153284,0.081258,0.108133,True,True,True,True,True,True,0.726026,2.338873,1.344992,1.612847,True,False
42,58,2060,343,False,,True,0.166566,0.102687,1.728188,0.097573,0.476331,2000,2000,0.013707,0.017684,0.494015,0.541813,0.064447,0.104839,0.080512,0.116747,True,True,True,True,True,True,1.162926,3.964846,2.15654,2.80192,True,True
42,59,239,60,False,,True,0.237447,0.13916,2.692615,0.150628,0.498406,2000,2000,0.013957,0.018375,0.516782,0.571404,0.101391,0.156334,0.093638,0.223671,True,True,True,True,True,True,0.85012,6.341191,2.325588,5.491071,True,True
42,60,1328,268,False,,True,0.185615,0.112489,1.970879,0.120482,0.476062,2000,2000,0.015042,0.019733,0.495796,0.550446,0.067006,0.127067,0.097243,0.146818,True,True,True,True,True,True,1.174926,5.257841,2.528301,4.082915,True,True
42,61,310,19,False,,True,0.095174,0.065952,0.909563,0.06129,0.466316,2000,2000,0.0148,0.01771,0.484026,0.553618,0.077615,0.134339,0.030163,0.10817,True,True,True,True,True,True,0.153306,2.952224,0.84011,2.798918,True,True
42,62,366,146,False,,True,0.390489,0.217909,5.539939,0.20765,0.491704,2000,2000,0.014449,0.019333,0.511037,0.560992,0.081039,0.121419,0.152929,0.271076,True,True,True,True,True,True,2.368998,12.12727,5.504673,9.758272,True,True
42,63,253,107,False,,True,0.432814,0.239688,6.598621,0.225296,0.492087,2000,2000,0.01476,0.019144,0.51123,0.56634,0.079877,0.136587,0.157939,0.304509,True,True,True,True,True,True,2.148304,16.145943,5.591623,13.997639,True,True
42,64,970,321,False,,True,0.324001,0.183697,4.14455,0.195876,0.475086,2000,2000,0.014239,0.019254,0.49434,0.553491,0.081536,0.145296,0.162271,0.232875,True,True,True,True,True,True,2.15044,9.419365,4.380022,7.268926,True,True
42,65,216,75,False,,True,0.314907,0.179017,3.974742,0.231481,0.500284,2000,2000,0.014159,0.019346,0.51963,0.563565,0.081014,0.136242,0.158152,0.318393,True,True,True,True,True,True,2.170668,17.149529,5.913771,14.978861,True,True
42,66,590,229,False,,True,0.39044,0.217884,5.538799,0.233898,0.472549,2000,2000,0.013802,0.017849,0.490397,0.549727,0.068336,0.196384,0.187989,0.2847,True,True,True,True,True,True,1.924664,17.954938,5.040581,16.030274,True,True
42,67,605,168,False,,True,0.268405,0.155089,3.172461,0.175207,0.495639,2000,2000,0.015085,0.018209,0.513848,0.560384,0.088241,0.154155,0.13514,0.22111,True,True,True,True,True,True,1.508779,7.272009,3.132726,5.76323,True,True
42,68,3235,631,False,,True,0.204188,0.122046,2.218694,0.121484,0.487466,2000,2000,0.013524,0.018039,0.505505,0.569563,0.079744,0.115768,0.106258,0.13797,True,True,True,True,True,True,1.454353,3.90749,2.33595,2.453137,True,True
42,69,298,38,False,,True,0.137652,0.087809,1.38031,0.080537,0.478805,2000,2000,0.014056,0.018248,0.497054,0.540768,0.079034,0.200563,0.043526,0.133138,True,True,True,True,True,True,0.202631,3.813081,1.100399,3.61045,True,True
42,70,1069,143,False,,True,0.134666,0.086273,1.345714,0.087933,0.488653,2000,2000,0.014203,0.019703,0.508355,0.558794,0.086443,0.147775,0.06588,0.114184,True,True,True,True,True,True,0.540274,2.680659,1.232451,2.140385,True,True
42,71,1531,311,False,,True,0.207915,0.123964,2.269821,0.109079,0.456905,2000,2000,0.015774,0.021013,0.477918,0.538916,0.076016,0.123464,0.088358,0.132566,True,True,True,True,True,True,1.061182,4.110688,1.922881,3.049507,True,True
42,72,1143,292,False,,True,0.245369,0.143236,2.81166,0.150481,0.489596,2000,2000,0.014538,0.019854,0.50945,0.562205,0.064761,0.155475,0.122813,0.181462,True,True,True,True,True,True,1.272802,7.349736,3.042866,6.076933,True,True
42,73,126,38,False,,True,0.244356,0.142715,2.796296,0.166667,0.472124,2000,2000,0.015091,0.018612,0.490736,0.543879,0.067362,0.125224,0.087553,0.274908,True,True,True,True,True,True,1.05538,16.666963,4.18608,15.611582,True,True
42,74,31,11,False,,True,0.303653,0.173227,3.770767,0.16129,0.495582,2000,2000,0.013838,0.018457,0.514039,0.55786,0.096513,0.144584,0.03271,0.407585,True,True,True,True,True,True,0.160571,34.624706,2.88025,34.464135,True,True
42,75,44,14,False,,True,0.281546,0.161851,3.388648,0.113636,0.486756,2000,2000,0.016183,0.019581,0.506337,0.559527,0.083713,0.125412,0.022685,0.301258,True,True,True,True,True,True,0.040317,15.215247,1.993823,15.174931,True,True
42,76,315,63,False,,True,0.169095,0.103988,1.75977,0.136508,0.494402,2000,2000,0.013745,0.019419,0.51382,0.55987,0.071284,0.119605,0.08854,0.197135,True,True,True,True,True,True,1.079478,7.544653,2.992507,6.465176,True,True
42,77,589,151,False,,True,0.273499,0.15771,3.25534,0.152801,0.49301,2000,2000,0.01515,0.018726,0.511737,0.550669,0.068661,0.12572,0.114711,0.197312,True,True,True,True,True,True,1.53109,7.85843,3.409931,6.32734,True,True
42,78,561,111,False,,True,0.22627,0.133408,2.528801,0.110517,0.493239,2000,2000,0.014284,0.018602,0.511841,0.55726,0.079495,0.117257,0.077267,0.15136,True,True,True,True,True,True,0.9201,4.403201,2.063361,3.483101,True,True
42,79,43,12,False,,True,0.309096,0.176027,3.868594,0.209302,0.467045,2000,2000,0.013827,0.019956,0.487001,0.541245,0.082239,0.162036,0.072091,0.419898,True,True,True,True,True,True,0.574681,67.53146,4.609669,66.956779,True,True
42,80,638,137,False,,True,0.220866,0.130627,2.451278,0.117555,0.494768,2000,2000,0.014816,0.019431,0.514199,0.558919,0.072589,0.123016,0.085217,0.156435,True,True,True,True,True,True,0.990049,5.057453,2.264259,4.067404,True,True
42,81,150,38,False,,True,0.233694,0.137228,2.637067,0.14,0.483827,2000,2000,0.015034,0.020114,0.503941,0.561789,0.074053,0.135897,0.073063,0.233423,True,True,True,True,True,True,0.688886,10.094348,2.772341,9.405463,True,True
42,82,3314,949,False,,True,0.2886,0.165481,3.507992,0.160229,0.485748,2000,2000,0.014966,0.018283,0.504031,0.555394,0.068091,0.118735,0.143213,0.178348,True,True,True,True,True,True,2.249607,6.865901,3.926478,4.616294,True,True
42,83,2458,505,False,,True,0.199817,0.119797,2.159335,0.124085,0.491427,2000,2000,0.013393,0.018072,0.509499,0.567085,0.085747,0.121148,0.10653,0.14329,True,True,True,True,True,True,1.393325,3.781969,2.254192,2.388645,True,True
42,84,174,21,False,,True,0.109115,0.073125,1.059112,0.074713,0.487235,2000,2000,0.013358,0.018098,0.505333,0.55516,0.090354,0.142603,0.030876,0.145845,True,True,True,True,True,True,0.146547,3.710349,0.989007,3.563801,True,True
42,85,564,141,False,,True,0.278505,0.160287,3.337931,0.16844,0.484638,2000,2000,0.013978,0.017233,0.501871,0.547956,0.06712,0.116284,0.127768,0.215509,True,True,True,True,True,True,1.999152,9.781413,4.428585,7.782261,True,True
42,86,5000,614,False,,True,0.119315,0.078373,1.171522,0.083,0.4936,2000,2000,0.014619,0.018287,0.511887,0.550626,0.08479,0.132126,0.07268,0.094218,True,True,True,True,True,True,0.747546,2.057081,1.216151,1.309535,True,False
42,87,81,20,False,,True,0.189551,0.114514,2.022454,0.135802,0.485998,2000,2000,0.014566,0.01851,0.504508,0.560928,0.069817,0.101433,0.051976,0.269349,True,True,False,True,False,False,0.582504,14.43489,3.30183,13.852386,True,True
42,88,1059,357,False,,True,0.343955,0.193964,4.533621,0.203966,0.483185,2000,2000,0.015656,0.020885,0.504071,0.553213,0.082187,0.137818,0.1712,0.239755,True,True,True,True,True,True,2.461594,9.46824,4.619339,7.006647,True,True
42,89,510,164,False,,True,0.330778,0.187184,4.27408,0.184314,0.501184,2000,2000,0.014901,0.017609,0.518793,0.559238,0.085115,0.138322,0.139895,0.235469,True,True,True,True,True,True,1.816606,8.367932,3.84431,6.551326,True,True
42,90,4179,1087,False,,True,0.261031,0.151295,3.054515,0.143814,0.495095,2000,2000,0.015011,0.018313,0.513408,0.54995,0.071374,0.120943,0.129314,0.159231,True,True,True,True,True,True,1.918039,5.29786,3.120019,3.379821,True,True
42,91,2310,407,False,,True,0.162212,0.100447,1.674272,0.104762,0.487073,2000,2000,0.014548,0.019201,0.506274,0.55403,0.080815,0.120187,0.08805,0.123322,True,True,True,True,True,True,1.081599,3.230686,1.906988,2.149087,True,True
42,92,178,48,False,,True,0.243791,0.142424,2.787749,0.162921,0.497115,2000,2000,0.014234,0.018189,0.515303,0.54829,0.08042,0.11702,0.095442,0.25122,True,True,True,True,True,True,1.287235,10.261378,3.754493,8.974143,True,True
42,93,363,174,False,,True,0.463575,0.255516,7.472893,0.278237,0.490513,2000,2000,0.015859,0.019567,0.51008,0.552394,0.082098,0.193576,0.216213,0.346901,True,True,True,True,True,True,2.436832,22.68204,6.309413,20.245207,True,True
42,94,3651,496,False,,True,0.128294,0.082994,1.272664,0.088195,0.488678,2000,2000,0.014605,0.019466,0.508145,0.561185,0.078904,0.113979,0.075833,0.101773,True,True,True,True,True,True,0.902794,2.504031,1.523319,1.601237,True,False
42,95,461,100,False,,True,0.216807,0.128539,2.393761,0.132321,0.484486,2000,2000,0.014537,0.019693,0.504179,0.555925,0.082244,0.116724,0.092539,0.180823,True,True,True,True,True,True,1.189602,5.738474,2.613518,4.548872,True,True
42,96,1531,575,False,,True,0.383947,0.214543,5.389282,0.201829,0.490395,2000,2000,0.014588,0.018987,0.509382,0.582656,0.069802,0.125697,0.174534,0.231225,True,True,True,True,True,True,2.650982,10.378874,4.957724,7.727892,True,False
42,97,191,62,False,,True,0.324849,0.184133,4.16062,0.141361,0.501141,2000,2000,0.01486,0.020675,0.521816,0.569917,0.068924,0.121061,0.080586,0.222818,True,True,True,True,True,True,0.888918,9.395579,2.888578,8.506661,True,True
42,98,119,31,False,,True,0.303915,0.173361,3.775437,0.168067,0.495163,2000,2000,0.014278,0.016942,0.512105,0.562511,0.069073,0.105972,0.086681,0.280165,False,True,True,True,False,False,1.236464,15.450109,4.585876,14.213645,True,True
42,99,907,170,False,,True,0.194787,0.117208,2.091827,0.111356,0.486337,2000,2000,0.014401,0.018526,0.504862,0.558949,0.086503,0.151674,0.084595,0.142781,True,True,True,True,True,True,0.779017,3.744264,1.604572,2.965247,True,True
42,100,645,81,False,,True,0.134592,0.086234,1.344854,0.075969,0.502662,2000,2000,0.01592,0.019946,0.522607,0.565141,0.088296,0.167168,0.050257,0.108897,True,True,True,True,True,True,0.293293,2.320567,0.855681,2.027274,True,False
42,101,159,51,False,,True,0.334173,0.188931,4.339964,0.188679,0.473432,2000,2000,0.015708,0.018966,0.492398,0.537757,0.077302,0.116531,0.112308,0.286541,True,True,True,True,True,True,1.663344,15.703795,4.948087,14.040451,True,True
42,102,1230,273,False,,True,0.240758,0.140863,2.742066,0.114634,0.481723,2000,2000,0.015652,0.019247,0.50097,0.558687,0.092142,0.128521,0.091103,0.141565,True,True,True,True,True,True,1.042042,3.451821,1.943974,2.409779,True,True
42,103,401,107,False,,True,0.318637,0.180937,4.043845,0.184539,0.493922,2000,2000,0.014465,0.0194,0.513322,0.556691,0.085745,0.137914,0.134815,0.242841,True,True,True,True,True,True,1.710081,9.002661,3.738156,7.292581,True,True
42,104,594,120,False,,True,0.190977,0.115248,2.041254,0.12963,0.465198,2000,2000,0.013976,0.019272,0.48447,0.556732,0.074664,0.136691,0.094565,0.171497,True,True,True,True,True,True,1.028913,6.237604,2.562304,5.208692,True,True
42,105,76,9,True,bbse-misspecified,True,0.174427,0.106732,1.826991,0.039474,0.49949,2000,2000,0.017793,0.023648,0.523138,0.573035,0.077826,0.123466,0.003795,0.144198,False,True,True,True,False,False,,,,,,
42,106,99,18,False,,True,0.251614,0.146449,2.907277,0.10101,0.461885,2000,2000,0.015455,0.020463,0.482348,0.5594,0.071951,0.118892,0.036079,0.210816,True,True,True,True,True,True,0.221145,9.280061,1.909743,9.058917,True,True
42,107,176,15,False,,True,0.099533,0.068195,0.955824,0.0625,0.50877,2000,2000,0.013984,0.017722,0.526491,0.580343,0.080114,0.117192,0.023422,0.129453,True,True,True,True,True,True,0.077102,3.339348,0.89873,3.262246,True,True
42,108,110,35,False,,True,0.251019,0.146143,2.898092,0.136364,0.492136,2000,2000,0.016141,0.019737,0.511873,0.564216,0.092,0.156759,0.061595,0.247687,True,True,True,True,True,True,0.447978,8.650227,2.081818,8.202249,True,True
42,109,619,147,False,,True,0.223241,0.13185,2.485213,0.142165,0.498876,2000,2000,0.013673,0.019386,0.518262,0.561781,0.0929,0.13734,0.106195,0.184432,True,True,True,True,True,True,1.196844,4.994558,2.486936,3.797715,True,True
42,110,377,77,False,,True,0.193345,0.116466,2.072629,0.122016,0.495936,2000,2000,0.013887,0.01788,0.513815,0.573041,0.084468,0.128163,0.080201,0.174828,True,True,True,True,True,True,0.860204,5.145961,2.165335,4.285758,True,True
42,111,270,94,False,,True,0.341055,0.192472,4.475608,0.203704,0.484905,2000,2000,0.015993,0.021338,0.506243,0.57169,0.066375,0.17969,0.141244,0.278153,True,True,True,True,True,True,1.271682,16.16712,4.575002,14.895438,True,True
42,112,1818,194,False,,True,0.111771,0.074492,1.088127,0.071507,0.484802,2000,2000,0.014733,0.019327,0.504129,0.549055,0.079834,0.119335,0.055981,0.089593,True,True,True,True,True,True,0.548607,2.081427,1.085847,1.53282,True,False
42,113,106,12,True,bbse-misspecified,True,0.142463,0.090285,1.436572,0.04717,0.494489,2000,2000,0.016307,0.020201,0.51469,0.570026,0.072996,0.112107,0.009219,0.133607,True,True,True,True,True,True,,,,,,
42,114,70,19,False,,True,0.277041,0.159533,3.313657,0.142857,0.482781,2000,2000,0.013741,0.017969,0.50075,0.553175,0.078671,0.152994,0.051667,0.290356,True,True,True,True,True,True,0.371992,15.397335,2.609631,15.025343,True,True
42,115,247,79,False,,True,0.3342,0.188945,4.340498,0.161943,0.494138,2000,2000,0.015496,0.018368,0.512506,0.566404,0.071852,0.119444,0.10369,0.235207,True,True,True,True,True,True,1.359387,10.234806,3.794283,8.875419,True,True
42,116,377,69,False,,True,0.188565,0.114007,2.009482,0.122016,0.480225,2000,2000,0.014871,0.018703,0.498928,0.537158,0.069058,0.100703,0.080201,0.174828,True,True,False,True,False,False,1.201833,6.653219,2.850937,5.451386,True,True
42,117,453,142,False,,True,0.308954,0.175954,3.866019,0.18543,0.482378,2000,2000,0.014855,0.019719,0.502096,0.550761,0.077907,0.134864,0.138349,0.240076,True,True,True,True,True,True,1.845226,10.173607,4.453873,8.328381,True,True
42,118,312,35,False,,True,0.118962,0.078192,1.167592,0.080128,0.489699,2000,2000,0.015558,0.020083,0.509782,0.550464,0.080787,0.117866,0.043921,0.131233,True,True,True,True,True,True,0.352207,3.476874,1.252406,3.124667,True,True
42,119,1617,242,False,,True,0.145433,0.091813,1.471619,0.090291,0.499492,2000,2000,0.013507,0.01824,0.517732,0.577466,0.075971,0.105069,0.071868,0.111462,True,True,True,True,True,True,0.903458,2.932561,1.649015,2.029103,True,True
42,120,96,17,False,,True,0.250422,0.145836,2.888903,0.15625,0.474923,2000,2000,0.014378,0.018396,0.493319,0.544507,0.076529,0.117828,0.070961,0.28103,True,True,True,True,True,True,0.831075,15.156966,3.728528,14.325891,True,True
42,121,562,109,False,,True,0.202427,0.12114,2.194694,0.122776,0.497883,2000,2000,0.014963,0.018459,0.516342,0.560988,0.098808,0.140205,0.087756,0.165127,True,True,True,True,True,True,0.89799,3.899572,1.886883,3.001582,True,True
42,122,252,45,False,,True,0.186771,0.113084,1.985973,0.115079,0.493036,2000,2000,0.014328,0.020077,0.513113,0.569976,0.071498,0.134663,0.066717,0.180282,True,True,True,True,True,True,0.595535,6.475226,2.290881,5.879691,True,True
42,123,602,85,False,,True,0.128314,0.083004,1.272892,0.086379,0.489867,2000,2000,0.015711,0.0203,0.510167,0.546867,0.0809,0.147127,0.058007,0.122285,True,True,True,True,True,True,0.447131,3.12152,1.217949,2.674389,True,True
42,124,611,150,False,,True,0.255664,0.148533,2.970143,0.12766,0.491984,2000,2000,0.015013,0.01936,0.511344,0.550229,0.082626,0.136445,0.093306,0.168661,True,True,True,True,True,True,1.024241,4.978071,2.345268,3.95383,True,True
42,125,889,154,False,,True,0.162166,0.100423,1.673701,0.125984,0.498013,2000,2000,0.015572,0.01963,0.517644,0.555881,0.071255,0.120337,0.097307,0.159235,True,True,True,True,True,True,1.23823,5.224557,2.540144,3.986326,True,True
42,126,159,38,False,,True,0.305495,0.174174,3.803693,0.169811,0.485195,2000,2000,0.0152,0.018941,0.504135,0.548721,0.066455,0.114669,0.097428,0.265026,True,True,True,True,True,True,1.342779,14.677337,4.338738,13.334558,True,True
42,127,100,20,False,,True,0.207193,0.123592,2.259875,0.08,0.474054,2000,2000,0.013501,0.018825,0.492879,0.547808,0.074542,0.138517,0.024304,0.182727,True,True,True,True,True,True,0.065096,6.774038,1.280715,6.708942,True,True
42,128,1192,396,False,,True,0.332255,0.187944,4.302668,0.180369,0.483263,2000,2000,0.015372,0.02016,0.503423,0.545141,0.078574,0.149455,0.150985,0.212653,True,True,True,True,True,True,1.888912,7.956348,3.604901,6.067436,True,True
42,129,1956,296,False,,True,0.138028,0.088003,1.38469,0.100204,0.491338,2000,2000,0.013962,0.017775,0.509113,0.563497,0.088558,0.132051,0.082493,0.120128,True,True,True,True,True,True,0.884361,2.808993,1.599627,1.924632,True,True
42,130,179,21,False,,True,0.121652,0.079576,1.197645,0.083799,0.495534,2000,2000,0.015974,0.020419,0.515953,0.563664,0.075298,0.124622,0.037325,0.156164,True,True,True,True,True,True,0.225622,4.785075,1.275349,4.559453,True,True
42,131,1203,264,False,,True,0.193285,0.116436,2.071841,0.137157,0.481051,2000,2000,0.013822,0.019185,0.500236,0.553458,0.094113,0.139415,0.111278,0.166304,True,True,True,True,True,True,1.285611,4.395287,2.42349,3.109676,True,True
42,132,2102,646,False,,True,0.287918,0.16513,3.49636,0.193625,0.481686,2000,2000,0.016386,0.02072,0.502406,0.557742,0.074218,0.104038,0.170623,0.218197,True,True,True,False,True,False,3.334766,8.857387,5.553743,5.522621,True,False
42,133,334,48,False,,True,0.155863,0.09718,1.596639,0.10479,0.489714,2000,2000,0.014959,0.020095,0.509809,0.546814,0.107348,0.183437,0.064055,0.158552,True,True,False,True,False,False,0.405353,3.399355,1.214452,2.994002,True,True
42,134,1193,85,False,,True,0.070403,0.053205,0.654898,0.054484,0.506896,2000,2000,0.014131,0.019122,0.526018,0.569075,0.095106,0.138358,0.038113,0.074943,True,True,True,True,True,True,0.222755,1.282709,0.594888,1.059954,True,False
42,135,252,70,False,,True,0.28956,0.165975,3.524432,0.162698,0.479666,2000,2000,0.015533,0.019475,0.499141,0.544017,0.08556,0.141933,0.10483,0.235243,True,True,True,True,True,True,1.174942,8.898122,3.178924,7.72318,True,True
42,136,2325,668,False,,True,0.287231,0.164776,3.484653,0.163871,0.497398,2000,2000,0.014978,0.018499,0.515897,0.561146,0.085075,0.122359,0.143456,0.185844,True,True,True,True,True,True,2.14579,5.56743,3.457221,3.421641,True,True
42,137,401,65,False,,True,0.170878,0.104906,1.782151,0.112219,0.458364,2000,2000,0.015439,0.01963,0.477995,0.525138,0.071444,0.121298,0.073253,0.161799,True,False,True,True,False,False,0.859626,6.015956,2.273612,5.15633,True,True
42,138,217,41,False,,True,0.236315,0.138577,2.675809,0.092166,0.474688,2000,2000,0.013551,0.017281,0.49197,0.567921,0.06849,0.134307,0.046653,0.15852,True,True,True,True,True,True,0.363193,5.91292,1.591179,5.549727,True,True
42,139,5000,1737,False,,True,0.337125,0.19045,4.397809,0.1922,0.469605,2000,2000,0.014046,0.018086,0.487691,0.544888,0.078942,0.126262,0.177198,0.207863,True,True,True,True,True,True,2.994532,8.081281,4.885486,5.086749,True,False
42,140,87,19,False,,True,0.214028,0.127109,2.354726,0.114943,0.486137,2000,2000,0.015216,0.01919,0.505326,0.547647,0.088697,0.130904,0.041225,0.237796,True,True,True,True,True,True,0.288878,8.548048,1.931242,8.259169,True,True
42,141,357,38,False,,True,0.10583,0.071435,1.023448,0.078431,0.494168,2000,2000,0.014114,0.019307,0.513475,0.558176,0.061077,0.112584,0.044621,0.125296,True,True,True,True,True,True,0.388529,4.403056,1.498062,4.014527,True,True
42,142,161,37,False,,True,0.201678,0.120755,2.184533,0.136646,0.50373,2000,2000,0.014881,0.01942,0.52315,0.582527,0.076492,0.12306,0.072506,0.225691,True,True,True,True,True,True,0.741731,8.556426,2.770133,7.814695,True,True
42,143,238,53,False,,True,0.19386,0.116731,2.079481,0.159664,0.490392,2000,2000,0.015844,0.020266,0.510658,0.55078,0.078331,0.157535,0.10086,0.234158,True,True,True,True,True,True,0.957951,9.290313,2.89095,8.332362,True,True
42,144,5000,1206,False,,True,0.239308,0.140117,2.720361,0.1392,0.488572,2000,2000,0.015282,0.018419,0.506991,0.54098,0.082103,0.126047,0.126104,0.153071,True,True,True,True,True,True,1.799679,4.352535,2.789756,2.552856,True,True
42,145,99,14,False,,True,0.134706,0.086293,1.34617,0.090909,0.487175,2000,2000,0.016037,0.020562,0.507737,0.553162,0.070512,0.119658,0.030179,0.197767,True,True,True,True,True,True,0.13529,7.72833,1.629039,7.59304,True,True
42,146,312,91,False,,True,0.340608,0.192242,4.466706,0.163462,0.490823,2000,2000,0.013914,0.019174,0.509997,0.552239,0.088674,0.150443,0.110772,0.227955,True,True,True,True,True,True,1.171684,7.799455,3.140696,6.627771,True,True
42,147,866,202,False,,True,0.213703,0.126942,2.350173,0.137413,0.486606,2000,2000,0.014325,0.018567,0.505173,0.556122,0.076525,0.134196,0.107159,0.172217,True,True,True,True,True,True,1.273104,5.72259,2.802712,4.449486,True,True
42,148,191,45,False,,True,0.252867,0.147094,2.926652,0.13089,0.489288,2000,2000,0.018049,0.020627,0.509915,0.54976,0.079321,0.146728,0.072568,0.210526,False,True,True,True,False,False,0.63299,7.462118,2.242614,6.829128,True,True
42,149,1178,234,False,,True,0.201534,0.12068,2.182576,0.129032,0.474914,2000,2000,0.011547,0.017634,0.492549,0.555115,0.088712,0.136742,0.103628,0.157851,True,True,True,True,True,True,1.202428,4.490291,2.334683,3.287863,True,True
42,150,1139,136,False,,True,0.120388,0.078926,1.1835,0.071115,0.47675,2000,2000,0.014406,0.019118,0.495867,0.544703,0.073809,0.115807,0.051894,0.094445,True,True,True,True,True,True,0.507809,2.502042,1.176766,1.994233,True,False
42,151,151,31,False,,True,0.17572,0.107397,1.84342,0.119205,0.47174,2000,2000,0.014079,0.018591,0.490331,0.553509,0.074317,0.111975,0.05818,0.208147,True,True,True,True,True,True,0.63385,8.566277,2.581803,7.932427,True,True
42,152,222,52,False,,True,0.24085,0.140911,2.743447,0.108108,0.503207,2000,2000,0.015241,0.019936,0.523143,0.567659,0.084111,0.117908,0.058792,0.176934,True,True,True,True,True,True,0.571251,5.08563,1.917704,4.514378,True,True
42,153,456,106,False,,True,0.217089,0.128684,2.397738,0.105263,0.471194,2000,2000,0.01503,0.01857,0.489764,0.553782,0.0788,0.131134,0.069663,0.150359,True,True,True,True,True,True,0.699267,4.661201,1.878344,3.961934,True,True
42,154,508,73,False,,True,0.136679,0.087308,1.369011,0.100394,0.491735,2000,2000,0.013849,0.016973,0.508707,0.544548,0.089176,0.162438,0.067291,0.14212,False,True,True,True,False,False,0.543635,3.573862,1.480932,3.030227,True,True
42,155,396,144,False,,True,0.366342,0.205484,4.999289,0.222222,0.499881,2000,2000,0.015212,0.019553,0.519434,0.556331,0.085298,0.12446,0.167905,0.284174,True,True,True,True,True,True,2.68678,12.259825,5.656284,9.573045,True,False
42,156,208,14,False,,True,0.075147,0.055646,0.702608,0.072115,0.487141,2000,2000,0.015319,0.019719,0.506861,0.554016,0.077128,0.124526,0.032023,0.13515,True,True,True,True,True,True,0.165718,3.857411,1.08325,3.691693,True,True
42,157,1454,284,False,,True,0.196072,0.11787,2.108995,0.108666,0.50319,2000,2000,0.01521,0.018578,0.521768,0.568745,0.08942,0.159526,0.087472,0.132778,True,True,True,True,True,True,0.754188,3.077738,1.457115,2.323551,True,True
42,158,882,103,False,,True,0.122281,0.0799,1.204708,0.099773,0.466898,2000,2000,0.015073,0.018529,0.485426,0.540258,0.079543,0.139303,0.074097,0.130396,True,True,True,True,True,True,0.736512,3.758802,1.668077,3.022291,True,True
42,159,252,62,False,,True,0.231659,0.136181,2.607181,0.134921,0.476349,2000,2000,0.014885,0.019935,0.496284,0.546396,0.073335,0.122996,0.082309,0.203462,True,True,True,True,True,True,0.958333,8.137567,2.936136,7.179233,True,True
42,160,385,131,False,,True,0.361497,0.202991,4.895756,0.18961,0.487003,2000,2000,0.014846,0.017637,0.504641,0.55835,0.08126,0.145201,0.138305,0.249707,True,True,True,True,True,True,1.691169,10.415977,3.941299,8.724808,True,True
42,161,231,18,False,,True,0.07301,0.054547,0.681062,0.060606,0.472292,2000,2000,0.016131,0.019618,0.49191,0.529996,0.073774,0.12593,0.025932,0.116549,True,False,True,True,False,False,0.086936,3.358731,0.875051,3.271795,True,True
42,162,152,33,False,,True,0.21944,0.129894,2.431003,0.144737,0.488145,2000,2000,0.016102,0.018851,0.506996,0.541651,0.077727,0.131506,0.076949,0.2383,True,True,True,True,True,True,0.825661,9.812195,2.936824,8.986534,True,True
42,163,464,138,False,,True,0.2738,0.157865,3.260269,0.170259,0.481523,2000,2000,0.014338,0.018246,0.499769,0.539474,0.073691,0.116989,0.125489,0.222775,True,True,True,True,True,True,1.955269,9.458984,4.303516,7.503715,True,True
42,164,548,81,False,,True,0.155724,0.097108,1.594953,0.100365,0.495353,2000,2000,0.014181,0.01862,0.513973,0.556361,0.079604,0.160837,0.068373,0.140345,True,True,True,True,True,True,0.531951,3.904231,1.510741,3.37228,True,True
42,165,854,116,False,,True,0.149624,0.093969,1.52148,0.074941,0.48975,2000,2000,0.015525,0.019635,0.509386,0.557141,0.070863,0.159613,0.052429,0.1029,True,True,True,True,True,True,0.342099,2.818406,1.050153,2.476308,True,True
42,166,160,39,False,,True,0.304901,0.173869,3.793059,0.15,0.496668,2000,2000,0.016321,0.020196,0.516864,0.566796,0.096118,0.152072,0.082369,0.241731,True,True,True,True,True,True,0.715632,7.704403,2.518813,6.988771,True,True
42,167,552,61,False,,True,0.103461,0.070216,0.997898,0.065217,0.49545,2000,2000,0.014714,0.019793,0.515243,0.55987,0.088015,0.12364,0.039867,0.099252,True,True,True,True,True,True,0.273627,2.105706,0.851301,1.832079,True,False
42,168,1032,432,False,,True,0.380227,0.212629,5.305035,0.236434,0.497468,2000,2000,0.015138,0.019158,0.516626,0.562474,0.096326,0.158767,0.201226,0.274402,True,True,True,True,True,True,2.670445,10.041375,5.005824,7.37093,True,False
42,169,556,110,False,,True,0.195557,0.117605,2.102111,0.127698,0.480072,2000,2000,0.015106,0.020503,0.500575,0.539541,0.088078,0.127637,0.091816,0.170891,True,True,True,True,True,True,1.088622,4.892314,2.305467,3.803692,True,True
42,170,67,12,False,,True,0.1654,0.102087,1.713693,0.104478,0.482045,2000,2000,0.015287,0.01917,0.501215,0.540279,0.067925,0.117225,0.028751,0.245813,True,True,True,True,True,True,0.141051,12.385474,2.067502,12.244423,True,True
42,171,326,70,False,,True,0.200092,0.119938,2.163055,0.128834,0.484834,2000,2000,0.01425,0.01791,0.502744,0.554901,0.072709,0.110589,0.082966,0.187199,True,True,True,True,True,True,1.108657,6.990061,2.842028,5.881405,True,True
42,172,265,86,False,,True,0.368519,0.206604,5.046341,0.158491,0.482992,2000,2000,0.013877,0.01794,0.500932,0.543287,0.094109,0.14287,0.102639,0.228472,True,True,True,True,True,True,1.153174,7.581635,2.948583,6.428461,True,True
42,173,212,45,False,,True,0.254021,0.147688,2.944562,0.108491,0.476408,2000,2000,0.01559,0.019274,0.495682,0.546447,0.077435,0.123885,0.05812,0.17928,True,True,True,True,True,True,0.562575,6.163702,1.978583,5.601128,True,True
42,174,403,181,False,,True,0.433861,0.240226,6.626806,0.255583,0.475725,2000,2000,0.015098,0.018375,0.4941,0.538531,0.068399,0.131002,0.198505,0.319254,True,True,True,True,True,True,3.514086,23.69275,8.392836,20.178664,True,False
42,175,197,55,False,,True,0.302209,0.172483,3.745058,0.147208,0.492853,2000,2000,0.014306,0.018774,0.511627,0.553398,0.068122,0.103046,0.08594,0.228183,True,True,False,True,False,False,1.250679,10.322198,3.697968,9.071519,True,True
42,176,68,20,False,,True,0.206347,0.123157,2.248255,0.191176,0.487201,2000,2000,0.015134,0.019595,0.506796,0.559989,0.071404,0.139666,0.081643,0.350515,True,True,True,True,True,True,0.79903,27.908424,4.671304,27.109394,True,True
42,177,360,43,False,,True,0.123462,0.080508,1.217984,0.080556,0.469004,2000,2000,0.013763,0.02028,0.489284,0.562179,0.088354,0.1367,0.046362,0.127622,True,True,True,True,True,True,0.319327,3.248365,1.168777,2.929038,True,True
42,178,1237,201,False,,True,0.163817,0.101272,1.694081,0.093775,0.48932,2000,2000,0.014469,0.017083,0.506402,0.545849,0.082227,0.132628,0.072495,0.118625,True,True,True,True,True,True,0.765582,2.997954,1.509016,2.232372,True,True
42,179,281,62,False,,True,0.218268,0.129291,2.414404,0.13879,0.501678,2000,2000,0.01443,0.018855,0.520534,0.560477,0.084969,0.120099,0.0879,0.203794,True,True,True,True,True,True,1.070424,6.438268,2.606933,5.367844,True,True
42,180,1062,364,False,,True,0.357863,0.201121,4.819095,0.188324,0.478687,2000,2000,0.014301,0.019925,0.498612,0.564904,0.071403,0.115675,0.156683,0.22314,True,True,True,True,True,True,2.561125,9.859255,4.887948,7.29813,True,True
42,181,344,148,False,,True,0.386667,0.215942,5.451526,0.238372,0.483727,2000,2000,0.012826,0.018457,0.502184,0.555457,0.087604,0.142046,0.178577,0.306448,True,True,True,True,True,True,2.566139,15.623366,6.180935,13.057227,True,True
42,182,1943,456,False,,True,0.213719,0.12695,2.350398,0.135872,0.489095,2000,2000,0.015369,0.020527,0.509622,0.557749,0.078074,0.165618,0.115382,0.158386,True,True,True,True,True,True,1.080274,4.808198,2.192348,3.727924,True,True
42,183,1003,169,False,,True,0.174062,0.106544,1.82236,0.100698,0.488085,2000,2000,0.013234,0.018628,0.506713,0.531387,0.101859,0.152522,0.076394,0.129335,True,False,True,True,False,False,0.70544,2.712734,1.388394,2.007295,True,True
42,184,1445,184,False,,True,0.136028,0.086974,1.361465,0.079585,0.498401,2000,2000,0.016074,0.01941,0.517811,0.550599,0.073602,0.1482,0.061348,0.100985,True,True,True,True,True,True,0.492672,2.56401,1.16724,2.071339,True,False
42,185,91,13,False,,True,0.153433,0.095929,1.567236,0.098901,0.481126,2000,2000,0.016072,0.020142,0.501268,0.564651,0.078211,0.145996,0.032911,0.214,True,True,True,True,True,True,0.140469,8.120537,1.524084,7.980068,True,True
42,186,401,74,False,,True,0.199086,0.119421,2.149478,0.119701,0.472304,2000,2000,0.014679,0.017712,0.490016,0.549219,0.069703,0.113043,0.079419,0.170381,True,True,True,True,True,True,1.030584,6.501405,2.756625,5.470821,True,True
42,187,305,89,False,,True,0.307826,0.175374,3.845624,0.167213,0.483348,2000,2000,0.014127,0.019421,0.502769,0.54387,0.070238,0.122463,0.11339,0.232976,True,True,True,True,True,True,1.564196,10.737743,4.206919,9.173547,True,True
42,188,1307,212,False,,True,0.169349,0.104119,1.762955,0.104055,0.485696,2000,2000,0.015864,0.020754,0.50645,0.571247,0.058909,0.124198,0.082231,0.129168,True,True,True,True,True,True,0.886501,4.79766,1.995645,3.911159,True,True
42,189,203,37,False,,True,0.209473,0.124765,2.291331,0.1133,0.475515,2000,2000,0.016983,0.019423,0.494938,0.54556,0.088247,0.134417,0.060764,0.186891,False,True,True,True,False,False,0.549136,5.698701,1.840429,5.149565,True,True
42,190,269,26,False,,True,0.123623,0.08059,1.219786,0.078067,0.502809,2000,2000,0.014873,0.01854,0.521348,0.567997,0.082948,0.113526,0.040142,0.133398,True,True,True,True,True,True,0.319565,3.377714,1.251354,3.058149,True,True
42,191,142,32,False,,True,0.230895,0.135788,2.596002,0.133803,0.50464,2000,2000,0.014762,0.018409,0.523049,0.557218,0.079164,0.145443,0.067032,0.229068,True,True,True,True,True,True,0.582806,8.479401,2.388749,7.896595,True,True
42,192,303,68,False,,True,0.264949,0.153311,3.116887,0.118812,0.478154,2000,2000,0.013947,0.017208,0.495362,0.546178,0.084284,0.141831,0.073391,0.178069,True,True,True,True,True,True,0.719023,5.619775,2.051902,4.900752,True,True
42,193,950,237,False,,True,0.272053,0.156966,3.231697,0.14,0.476454,2000,2000,0.014877,0.019031,0.495485,0.563718,0.068702,0.128476,0.110782,0.173331,True,True,True,True,True,True,1.374151,6.667409,2.764946,5.293257,True,True
42,194,37,6,False,,True,0.210091,0.125083,2.299897,0.108108,0.481921,2000,2000,0.014969,0.019221,0.501142,0.576426,0.086535,0.120221,0.016434,0.315823,True,True,True,True,True,True,0.000732,17.13705,1.845698,17.136318,True,True
42,195,3641,1307,False,,True,0.350288,0.197223,4.662103,0.197748,0.498003,2000,2000,0.013421,0.018354,0.516357,0.561677,0.078684,0.133081,0.180015,0.216373,True,True,True,True,True,True,2.759244,7.92159,4.815555,5.162345,True,False
42,196,294,127,False,,True,0.440412,0.243597,6.805618,0.234694,0.472098,2000,2000,0.01459,0.019368,0.491466,0.556834,0.077624,0.125875,0.170748,0.308478,True,True,True,True,True,True,2.722806,19.084034,6.622144,16.361228,True,False
42,197,160,26,False,,True,0.161854,0.100263,1.669868,0.10625,0.487415,2000,2000,0.013768,0.019263,0.506678,0.56132,0.07772,0.118677,0.050427,0.189367,True,True,True,True,True,True,0.452988,6.56696,1.915511,6.113972,True,True
42,198,503,153,False,,True,0.324638,0.184025,4.156618,0.163022,0.499774,2000,2000,0.013634,0.017947,0.517722,0.552166,0.096399,0.143991,0.120764,0.21258,True,True,True,True,True,True,1.41686,6.111389,2.894853,4.694529,True,True
42,199,81,14,False,,True,0.115024,0.076166,1.123914,0.08642,0.483882,2000,2000,0.015379,0.019469,0.503351,0.556222,0.065933,0.109457,0.023647,0.206263,True,True,True,True,True,True,0.063838,9.102532,1.632355,9.038694,True,True
42,200,1310,210,False,,True,0.160343,0.099485,1.651303,0.105344,0.490406,2000,2000,0.015134,0.019509,0.509915,0.551503,0.080134,0.139366,0.083412,0.130545,True,True,True,True,True,True,0.843053,3.492148,1.861523,2.649095,True,True
42,201,277,44,False,,True,0.17105,0.104994,1.784319,0.097473,0.489063,2000,2000,0.01504,0.020176,0.509239,0.548255,0.076789,0.139509,0.055031,0.155967,True,True,True,True,True,True,0.435887,4.796053,1.469692,4.360167,True,True
42,202,403,113,False,,True,0.264191,0.152921,3.104774,0.158809,0.496053,2000,2000,0.013803,0.017224,0.513277,0.553849,0.091065,0.132678,0.112572,0.214293,True,True,True,True,True,True,1.41249,6.693081,3.015514,5.280591,True,True
42,203,215,25,False,,True,0.147716,0.092988,1.498723,0.069767,0.490812,2000,2000,0.014926,0.018513,0.509324,0.547687,0.07746,0.128601,0.030962,0.130898,True,True,True,True,True,True,0.163254,3.649898,1.01303,3.486644,True,True
42,204,2600,436,False,,True,0.168181,0.103518,1.748342,0.102692,0.479527,2000,2000,0.016288,0.020736,0.500263,0.547779,0.078543,0.117751,0.087049,0.119986,True,True,True,True,True,True,1.078392,3.199131,1.821449,2.120739,True,True
42,205,285,33,False,,True,0.121817,0.079661,1.199502,0.066667,0.486715,2000,2000,0.015356,0.020678,0.507393,0.565262,0.071516,0.104499,0.032852,0.117396,True,True,True,True,True,True,0.195941,3.396908,1.088733,3.200967,True,True
42,206,363,46,False,,True,0.155084,0.096779,1.587192,0.068871,0.506284,2000,2000,0.015576,0.018091,0.524375,0.566631,0.075537,0.150105,0.037657,0.113243,True,True,True,True,True,True,0.209428,2.907339,0.94582,2.697911,True,True
42,207,1829,393,False,,True,0.200277,0.120033,2.165551,0.126299,0.492887,2000,2000,0.015076,0.018257,0.511144,0.549783,0.071777,0.10844,0.1059,0.148905,True,True,True,True,True,True,1.623349,4.777746,2.778309,3.154397,True,True
42,208,99,42,False,,True,0.325993,0.184722,4.182351,0.252525,0.49516,2000,2000,0.014819,0.019179,0.514339,0.558051,0.074742,0.136061,0.144121,0.388269,True,True,True,True,True,True,1.916589,36.670748,6.730117,34.754159,True,True
42,209,1844,361,False,,True,0.193801,0.116701,2.078694,0.117679,0.483237,2000,2000,0.014875,0.018968,0.502205,0.556098,0.080955,0.114297,0.098018,0.139581,True,True,True,True,True,True,1.337263,3.904163,2.307066,2.566899,True,True
42,210,329,32,False,,True,0.11242,0.074826,1.095255,0.06383,0.484939,2000,2000,0.015438,0.018867,0.503806,0.544494,0.079823,0.14887,0.032713,0.109678,True,True,True,True,True,True,0.154671,2.756402,0.807689,2.601732,True,True
42,211,343,62,False,,True,0.19233,0.115944,2.059164,0.110787,0.494,2000,2000,0.016013,0.02037,0.514371,0.566365,0.079976,0.122579,0.069318,0.164733,True,True,True,True,True,True,0.704895,4.893214,1.92714,4.188319,True,True
42,212,117,29,False,,True,0.269347,0.155574,3.187701,0.162393,0.514054,2000,2000,0.013946,0.017706,0.53176,0.57881,0.082241,0.126944,0.081947,0.274631,True,False,True,True,False,False,0.889217,11.313773,3.276274,10.424556,True,True
42,213,1368,244,False,,True,0.173242,0.106122,1.811971,0.105994,0.467568,2000,2000,0.015429,0.021603,0.489171,0.545239,0.072487,0.137289,0.084441,0.130671,True,True,True,True,True,True,0.856925,4.113218,1.860696,3.256293,True,True
42,214,954,155,False,,True,0.181312,0.110275,1.915068,0.102725,0.45471,2000,2000,0.014197,0.019632,0.474342,0.554643,0.081396,0.113822,0.077603,0.132382,True,True,True,True,True,True,0.946131,3.900425,1.956093,2.954294,True,True
42,215,364,84,False,,True,0.211686,0.125904,2.322036,0.142857,0.480888,2000,2000,0.01564,0.019343,0.500232,0.54574,0.082444,0.144902,0.096863,0.199593,True,True,True,True,True,True,1.019123,6.80978,2.709362,5.790657,True,True
42,216,807,203,False,,True,0.233619,0.13719,2.635976,0.151177,0.490283,2000,2000,0.015462,0.019074,0.509356,0.57059,0.085646,0.129541,0.118477,0.188573,True,True,True,True,True,True,1.477379,5.761273,2.965991,4.283894,True,True
42,217,138,19,False,,True,0.117278,0.077326,1.148869,0.086957,0.495578,2000,2000,0.014872,0.020207,0.515785,0.591109,0.071482,0.1164,0.034512,0.172785,True,True,True,True,True,True,0.195103,5.980194,1.506966,5.785091,True,True
42,218,185,53,False,,True,0.280559,0.161344,3.372152,0.156757,0.48347,2000,2000,0.015873,0.02097,0.50444,0.56936,0.077432,0.128108,0.091706,0.242213,True,True,True,True,True,True,1.007889,10.283925,3.300861,9.276037,True,True
42,219,406,164,False,,True,0.398034,0.221791,5.717756,0.226601,0.480374,2000,2000,0.013878,0.018584,0.498958,0.554682,0.079163,0.140099,0.172471,0.288057,True,True,True,True,True,True,2.471233,15.122325,6.071625,12.651092,True,True
42,220,702,186,False,,True,0.271528,0.156696,3.223131,0.152422,0.482666,2000,2000,0.015888,0.020001,0.502667,0.546686,0.064802,0.118996,0.117373,0.192854,True,True,True,True,True,True,1.679209,8.243458,3.858984,6.564249,True,True
42,221,1650,376,False,,True,0.218103,0.129206,2.412063,0.125455,0.489018,2000,2000,0.014926,0.019686,0.508704,0.554648,0.083758,0.127063,0.104094,0.149271,True,True,True,True,True,True,1.28706,4.088756,2.2742,2.801696,True,True
42,222,23,9,False,,True,0.357799,0.201088,4.817756,0.217391,0.493596,2000,2000,0.014422,0.019019,0.512615,0.578622,0.080802,0.115527,0.044942,0.518924,True,True,True,True,True,True,0.371887,113748.550574,5.850693,113748.178687,True,True
42,223,924,204,False,,True,0.21673,0.128499,2.392673,0.132035,0.507183,2000,2000,0.015641,0.020652,0.527835,0.563589,0.071547,0.119716,0.103236,0.165159,True,True,True,True,True,True,1.319104,5.349891,2.529897,4.030786,True,True
42,224,167,70,False,,True,0.352086,0.198148,4.699035,0.203593,0.48151,2000,2000,0.014222,0.01765,0.49916,0.573541,0.07003,0.112871,0.126001,0.300638,True,True,True,True,True,True,1.902861,19.159147,5.755316,17.256286,True,True
42,225,219,63,False,,True,0.262832,0.152222,3.083106,0.146119,0.481753,2000,2000,0.012913,0.017326,0.49908,0.561685,0.059995,0.110695,0.087823,0.222182,True,True,True,True,True,True,1.195214,11.841398,3.843059,10.646184,True,True
42,226,185,75,False,,True,0.373031,0.208926,5.14489,0.232432,0.461523,2000,2000,0.015065,0.019708,0.48123,0.538825,0.070613,0.116221,0.153572,0.327108,True,True,True,True,True,True,2.642275,26.64763,7.554408,24.005355,True,False
42,227,272,57,False,,True,0.241763,0.141381,2.757164,0.091912,0.487536,2000,2000,0.013438,0.019219,0.506755,0.554899,0.098062,0.152556,0.050512,0.149906,True,True,True,True,True,True,0.344638,3.517395,1.172176,3.172757,True,True
42,228,665,126,False,,True,0.182994,0.11114,1.936813,0.115789,0.484219,2000,2000,0.013689,0.018802,0.503021,0.571713,0.087153,0.127973,0.084298,0.153585,True,True,True,True,True,True,0.915655,4.193257,2.047988,3.277602,True,True
42,229,787,115,False,,True,0.146097,0.092155,1.479482,0.092757,0.494004,2000,2000,0.016505,0.020953,0.514958,0.56134,0.087771,0.146308,0.066679,0.124488,True,True,True,True,True,True,0.539365,2.87421,1.276486,2.334845,True,True
42,230,1454,84,False,,True,0.067366,0.051643,0.624603,0.051582,0.475237,2000,2000,0.013778,0.018182,0.493419,0.549317,0.087973,0.124989,0.037039,0.069494,True,True,True,True,True,True,0.257706,1.362535,0.604306,1.104828,True,False
42,231,313,114,False,,True,0.376018,0.210463,5.210922,0.194888,0.478785,2000,2000,0.015921,0.020008,0.498793,0.561386,0.067059,0.104005,0.137709,0.262712,True,True,True,True,True,True,2.393281,14.543359,6.101771,12.150078,True,True
42,232,364,49,False,,True,0.141953,0.090022,1.430572,0.076923,0.486774,2000,2000,0.015631,0.019576,0.50635,0.552981,0.095231,0.139611,0.043749,0.122948,True,True,True,True,True,True,0.292543,2.659325,1.002429,2.366782,True,True
42,233,486,131,False,,True,0.2546,0.147986,2.953564,0.144033,0.482713,2000,2000,0.014498,0.018363,0.501076,0.547225,0.08772,0.133651,0.103555,0.192507,True,True,True,True,True,True,1.244686,5.999537,2.642074,4.754851,True,True
42,234,446,80,False,,True,0.172714,0.105851,1.805304,0.107623,0.491993,2000,2000,0.015471,0.019443,0.511436,0.56229,0.090321,0.123794,0.071254,0.153642,True,True,True,True,True,True,0.746822,3.889439,1.731116,3.142617,True,True
42,235,932,284,False,,True,0.279959,0.161034,3.362121,0.170601,0.472382,2000,2000,0.015259,0.01884,0.491222,0.549262,0.075967,0.143128,0.138338,0.206694,True,True,True,True,True,True,1.740965,8.183877,3.691257,6.442912,True,True
42,236,570,168,False,,True,0.294106,0.168314,3.602806,0.15614,0.505431,2000,2000,0.015766,0.018583,0.524013,0.565038,0.075058,0.162716,0.117069,0.201782,True,True,True,True,True,True,1.131273,7.113802,2.99931,5.982529,True,True
42,237,156,31,False,,True,0.231371,0.136033,2.602977,0.160256,0.498989,2000,2000,0.013641,0.017067,0.516056,0.564757,0.086175,0.138121,0.089453,0.255029,True,True,True,True,True,True,0.950323,9.806461,2.996773,8.856138,True,True
42,238,104,24,False,,True,0.257237,0.149343,2.994746,0.125,0.471786,2000,2000,0.015461,0.019542,0.491328,0.558148,0.079014,0.119909,0.052379,0.237571,True,True,True,True,True,True,0.476532,10.202337,2.482515,9.725806,True,True
42,239,405,65,False,,True,0.120203,0.078831,1.181439,0.101235,0.482947,2000,2000,0.015221,0.018979,0.501926,0.551265,0.077544,0.120334,0.064471,0.148819,True,True,True,True,True,True,0.683157,4.500852,1.817197,3.817694,True,True
42,240,715,268,False,,True,0.376961,0.210948,5.231876,0.204196,0.494325,2000,2000,0.014275,0.019203,0.513528,0.569436,0.063765,0.139275,0.164612,0.248266,True,True,True,True,True,True,2.21981,12.951685,5.108173,10.731875,True,True
42,241,95,23,False,,True,0.30343,0.173112,3.766787,0.105263,0.487361,2000,2000,0.015644,0.019323,0.506684,0.553781,0.078596,0.116985,0.037645,0.219105,True,True,True,True,True,True,0.267947,8.2942,1.987217,8.026253,True,True
42,242,2624,387,False,,True,0.155582,0.097035,1.59323,0.094893,0.485851,2000,2000,0.015099,0.019876,0.505727,0.544419,0.092701,0.16157,0.079894,0.111561,True,True,True,True,True,True,0.670473,2.395195,1.250199,1.724723,True,False
42,243,908,286,False,,True,0.329161,0.186352,4.242948,0.171806,0.468847,2000,2000,0.015996,0.020084,0.488931,0.553411,0.067972,0.122918,0.139038,0.208492,True,True,True,True,True,True,2.048394,9.412003,4.494473,7.363609,True,True
42,244,353,156,False,,True,0.420889,0.233551,6.284667,0.223796,0.485981,2000,2000,0.013911,0.018411,0.504392,0.551322,0.101323,0.238754,0.166288,0.289827,True,True,True,True,True,True,1.224557,11.405535,3.941924,10.180978,True,True
42,245,193,37,False,,True,0.189962,0.114726,2.02786,0.098446,0.480198,2000,2000,0.01599,0.020085,0.500283,0.571774,0.070602,0.11039,0.048887,0.171074,True,True,True,True,True,True,0.443912,6.201285,1.96562,5.757373,True,True
42,246,691,157,False,,True,0.204348,0.122128,2.22087,0.131693,0.484166,2000,2000,0.014276,0.01927,0.503436,0.551673,0.078916,0.122921,0.098747,0.170445,True,True,True,True,True,True,1.25206,5.473854,2.663838,4.221794,True,True
42,247,5000,1286,False,,True,0.24597,0.143545,2.820791,0.1536,0.48042,2000,2000,0.015094,0.020568,0.500988,0.55849,0.07499,0.112359,0.139932,0.168012,True,True,True,True,True,True,2.252935,5.664837,3.601238,3.411902,True,True
42,248,919,229,False,,True,0.264514,0.153087,3.109929,0.133841,0.486168,2000,2000,0.014802,0.018765,0.504933,0.548578,0.105593,0.140117,0.104783,0.167227,True,True,False,True,False,False,1.189481,3.823107,2.164963,2.633627,True,True
42,249,351,84,False,,True,0.272699,0.157299,3.242249,0.122507,0.480805,2000,2000,0.014885,0.018834,0.499639,0.54332,0.082464,0.124746,0.079252,0.177566,True,True,True,True,True,True,0.913461,5.620094,2.323473,4.706633,True,True
42,250,810,238,False,,True,0.289244,0.165812,3.519016,0.165432,0.472901,2000,2000,0.015046,0.019279,0.492179,0.547402,0.073991,0.139695,0.131417,0.20393,True,True,True,True,True,True,1.660153,8.200908,3.619252,6.540755,True,True
42,251,1584,479,False,,True,0.302353,0.172558,3.747626,0.167929,0.469693,2000,2000,0.015915,0.019777,0.489471,0.561307,0.084589,0.156667,0.143086,0.195037,True,True,True,True,True,True,1.587112,6.583577,3.335827,4.996465,True,True
42,252,750,159,False,,True,0.199234,0.119497,2.151465,0.133333,0.490393,2000,2000,0.015725,0.020151,0.510544,0.54697,0.077046,0.152003,0.101431,0.170556,True,True,True,True,True,True,1.017749,5.455319,2.381897,4.43757,True,True
42,253,123,26,False,,True,0.2202,0.130285,2.441804,0.146341,0.480017,2000,2000,0.012813,0.018198,0.498215,0.555657,0.0949,0.170725,0.071921,0.252498,True,True,True,True,True,True,0.539461,9.303293,2.327233,8.763832,True,True
42,254,89,10,False,,True,0.153482,0.095955,1.567827,0.067416,0.500792,2000,2000,0.013327,0.019452,0.520244,0.569767,0.080938,0.156597,0.015979,0.17353,True,True,True,True,True,True,0.000539,5.246762,0.844636,5.246223,True,True
42,255,420,62,False,,True,0.196224,0.117948,2.111031,0.107143,0.480274,2000,2000,0.015417,0.019517,0.499791,0.556574,0.074943,0.119485,0.069875,0.154678,True,True,True,True,True,True,0.762497,4.980871,2.120925,4.218375,True,True
42,256,133,40,False,,True,0.31198,0.177511,3.921057,0.157895,0.494836,2000,2000,0.016131,0.018977,0.513812,0.56519,0.084835,0.132456,0.082764,0.261367,True,True,True,True,True,True,0.866017,10.479484,3.078143,9.613466,True,True
42,257,3364,684,False,,True,0.211851,0.125989,2.324335,0.119798,0.470192,2000,2000,0.016223,0.020796,0.490988,0.550595,0.078255,0.131901,0.104952,0.135861,True,True,True,True,True,True,1.242848,3.968116,2.420533,2.725268,True,True
42,258,521,110,False,,True,0.181452,0.110347,1.91688,0.120921,0.484657,2000,2000,0.01442,0.019252,0.503908,0.559692,0.070748,0.120853,0.084943,0.164854,True,True,True,True,True,True,1.006587,5.827669,2.351328,4.821082,True,True
42,259,1667,428,False,,True,0.257645,0.149553,3.001148,0.145171,0.484247,2000,2000,0.01406,0.019134,0.503381,0.551404,0.084306,0.133868,0.122445,0.170197,True,True,True,True,True,True,1.558258,5.089976,2.78939,3.531719,True,True
42,260,39,8,False,,True,0.179819,0.109507,1.895847,0.205128,0.482613,2000,2000,0.014538,0.018508,0.501122,0.558852,0.082667,0.107947,0.064837,0.42727,True,True,True,True,True,True,0.77499,62.016263,5.50526,61.241274,True,True
42,261,1720,274,False,,True,0.14672,0.092475,1.486879,0.094186,0.482738,2000,2000,0.015636,0.019688,0.502426,0.549152,0.070437,0.116434,0.075918,0.115011,True,True,True,True,True,True,0.901678,3.385164,1.657525,2.483485,True,True
42,262,292,28,False,,True,0.107394,0.07224,1.040395,0.058219,0.484991,2000,2000,0.013961,0.01783,0.502821,0.548211,0.058445,0.112831,0.027299,0.106013,True,True,True,True,True,True,0.142928,3.737264,1.015569,3.594335,True,True
42,263,84,17,False,,True,0.223647,0.132059,2.491041,0.142857,0.486422,2000,2000,0.014583,0.018403,0.504825,0.561448,0.070033,0.103573,0.057607,0.275076,True,True,False,True,False,False,0.673447,15.055957,3.538987,14.382509,True,True
42,264,180,48,False,,True,0.291654,0.167052,3.560398,0.15,0.481291,2000,2000,0.01512,0.018548,0.499839,0.546177,0.076644,0.158279,0.085676,0.235728,True,True,True,True,True,True,0.775212,10.062976,2.803737,9.287764,True,True
42,265,1206,330,False,,True,0.28447,0.163356,3.43784,0.159204,0.479184,2000,2000,0.015135,0.017924,0.497108,0.537162,0.063164,0.117791,0.131542,0.189925,True,True,True,True,True,True,2.097905,8.43935,4.109381,6.341445,True,True
42,266,270,42,False,,True,0.14975,0.094034,1.522993,0.1,0.479885,2000,2000,0.013291,0.018482,0.498366,0.556537,0.080671,0.168379,0.056489,0.159873,True,True,True,True,True,True,0.375399,4.934981,1.482486,4.559581,True,True
42,267,1574,228,False,,True,0.147708,0.092983,1.498622,0.092122,0.515084,2000,2000,0.013997,0.018225,0.53331,0.596009,0.071254,0.122106,0.073279,0.113776,True,False,True,True,False,False,0.757218,3.100007,1.529552,2.342789,True,True
42,268,169,70,False,,True,0.411163,0.228547,6.03804,0.236686,0.489959,2000,2000,0.01683,0.020704,0.510663,0.554482,0.092443,0.132955,0.153836,0.336578,True,True,True,True,True,True,2.166999,18.032088,5.795872,15.86509,True,True
42,269,3208,641,False,,True,0.2018,0.120817,2.186184,0.118766,0.483456,2000,2000,0.015679,0.018794,0.50225,0.552742,0.068021,0.106413,0.103635,0.135176,True,True,True,True,True,True,1.586359,4.460349,2.678841,2.87399,True,True
42,270,27,6,True,bbse-misspecified,True,0.151413,0.09489,1.542923,0.0,0.491712,2000,2000,0.015195,0.019909,0.511622,0.571279,0.068678,0.106081,0.0,0.192362,True,True,True,True,True,True,,,,,,
42,271,4116,1458,False,,True,0.349825,0.196985,4.652628,0.189504,0.497739,2000,2000,0.016106,0.019675,0.517414,0.562467,0.077265,0.100853,0.173091,0.206728,True,True,False,True,False,False,3.512712,7.32734,5.140641,3.814628,True,False
42,272,115,5,True,bbse-misspecified,True,0.052027,0.04375,0.474578,0.043478,0.486525,2000,2000,0.014015,0.018812,0.505337,0.550373,0.086901,0.140791,0.008488,0.123602,True,True,True,True,True,True,,,,,,
42,273,346,49,False,,True,0.179749,0.10947,1.89494,0.095376,0.50758,2000,2000,0.015253,0.019248,0.526828,0.567016,0.087524,0.144632,0.057234,0.146407,True,True,True,True,True,True,0.440676,3.594257,1.359519,3.153581,True,True
42,274,122,25,False,,True,0.172725,0.105856,1.805433,0.098361,0.488606,2000,2000,0.015148,0.019073,0.507679,0.546131,0.071399,0.113935,0.039163,0.194205,True,True,True,True,True,True,0.308187,7.428961,1.998534,7.120774,True,True
42,275,787,172,False,,True,0.222593,0.131516,2.475938,0.114358,0.492772,2000,2000,0.01506,0.019708,0.51248,0.568769,0.081445,0.138821,0.0854,0.148656,True,True,True,True,True,True,0.843088,4.141301,1.885417,3.298213,True,True
42,276,1622,231,False,,True,0.139279,0.088646,1.39927,0.085697,0.499028,2000,2000,0.014253,0.017762,0.51679,0.554664,0.087867,0.125441,0.067769,0.106397,True,True,True,True,True,True,0.716055,2.330758,1.326467,1.614703,True,False
42,277,94,20,False,,True,0.235227,0.138017,2.659692,0.12766,0.48423,2000,2000,0.013932,0.018363,0.502593,0.561628,0.076912,0.123258,0.051254,0.247937,True,True,True,True,True,True,0.458403,11.028695,2.510455,10.570292,True,True
42,278,102,17,True,bbse-misspecified,True,0.235882,0.138354,2.669381,0.04902,0.46442,2000,2000,0.013151,0.017435,0.481855,0.572271,0.073541,0.118504,0.009586,0.138592,True,True,True,True,True,True,,,,,,
42,279,191,52,False,,True,0.221841,0.13113,2.465196,0.167539,0.479912,2000,2000,0.014936,0.018952,0.498864,0.549298,0.103334,0.162968,0.101157,0.25304,True,True,True,True,True,True,0.942159,8.404881,2.649951,7.462722,True,True
42,280,161,44,False,,True,0.244712,0.142898,2.801683,0.186335,0.479759,2000,2000,0.016045,0.02009,0.499848,0.551091,0.089434,0.140445,0.110855,0.283202,True,True,True,True,True,True,1.261842,12.555177,3.964508,11.293335,True,True
42,281,365,87,False,,True,0.240315,0.140636,2.735427,0.139726,0.484342,2000,2000,0.014623,0.020099,0.504441,0.553911,0.086813,0.128079,0.094293,0.195969,True,True,True,True,True,True,1.098924,6.18392,2.67211,5.084996,True,True
42,282,217,80,False,,True,0.334902,0.189306,4.354216,0.235023,0.487448,2000,2000,0.015718,0.020313,0.507762,0.562264,0.068487,0.116342,0.161353,0.322032,True,True,True,True,True,True,2.672025,22.431835,7.105252,19.759809,True,False
42,283,154,65,False,,True,0.381454,0.21326,5.332695,0.220779,0.499892,2000,2000,0.015076,0.020583,0.520476,0.565642,0.085713,0.130336,0.137144,0.324271,True,True,True,True,True,True,1.815065,16.809616,5.312924,14.994552,True,True
42,284,203,36,False,,True,0.166792,0.102804,1.731011,0.098522,0.471654,2000,2000,0.012934,0.018528,0.490182,0.552669,0.079093,0.13086,0.049947,0.169015,True,True,True,True,True,True,0.415105,5.658447,1.614599,5.243342,True,True
42,285,190,67,False,,True,0.353863,0.199063,4.735743,0.184211,0.488928,2000,2000,0.015703,0.020165,0.509093,0.558562,0.077121,0.138783,0.114437,0.272214,True,True,True,True,True,True,1.317207,12.958341,4.068033,11.641134,True,True
42,286,1456,383,False,,True,0.268785,0.155285,3.178608,0.166209,0.476009,2000,2000,0.014853,0.018381,0.49439,0.550303,0.078807,0.143721,0.140452,0.194443,True,True,True,True,True,True,1.774515,6.998835,3.496909,5.22432,True,True
42,287,539,124,False,,True,0.229831,0.13524,2.580468,0.131725,0.487159,2000,2000,0.014509,0.018965,0.506123,0.548029,0.078821,0.120981,0.094769,0.176141,True,True,True,True,True,True,1.215151,5.724523,2.662623,4.509372,True,True
42,288,59,15,False,,True,0.187872,0.11365,2.000394,0.135593,0.503474,2000,2000,0.014741,0.018402,0.521876,0.575124,0.068078,0.145121,0.041908,0.297402,True,True,True,True,True,True,0.259686,17.237384,2.645089,16.977698,True,True
42,289,184,47,False,,True,0.258834,0.150165,3.019837,0.146739,0.474457,2000,2000,0.014534,0.018347,0.492805,0.542355,0.078368,0.117686,0.083753,0.230865,True,True,True,True,True,True,1.069238,9.712547,3.272354,8.643309,True,True
42,290,4411,799,False,,True,0.182844,0.111063,1.934875,0.109046,0.480489,2000,2000,0.015201,0.019995,0.500484,0.556344,0.07249,0.107174,0.096578,0.122467,True,True,True,True,True,True,1.387624,3.630686,2.163024,2.243061,True,True
42,291,189,43,False,,True,0.256643,0.149037,2.985442,0.148148,0.489921,2000,2000,0.015912,0.019018,0.508939,0.55009,0.08193,0.138303,0.085568,0.231219,True,True,True,True,True,True,0.892608,8.687299,2.812526,7.794691,True,True
42,292,529,119,False,,True,0.216229,0.128242,2.38562,0.124764,0.489317,2000,2000,0.015959,0.020327,0.509644,0.567249,0.09027,0.145166,0.088474,0.168804,True,True,True,True,True,True,0.838166,4.519326,1.998145,3.68116,True,True
42,293,1282,254,False,,True,0.206837,0.123409,2.254983,0.113885,0.499939,2000,2000,0.015091,0.018884,0.518823,0.564544,0.089864,0.165436,0.09088,0.140156,True,True,True,True,True,True,0.766779,3.345013,1.488255,2.578234,True,True
42,294,135,62,False,,True,0.415139,0.230593,6.137886,0.259259,0.49426,2000,2000,0.014705,0.018536,0.512797,0.564481,0.07045,0.113772,0.163675,0.374339,True,True,True,True,True,True,2.820691,34.271618,9.147053,31.450926,True,False
42,295,582,155,False,,True,0.255628,0.148515,2.96959,0.146048,0.501955,2000,2000,0.014838,0.01934,0.521295,0.563517,0.080345,0.146027,0.108556,0.190168,True,True,True,True,True,True,1.146772,6.060771,2.622442,4.914,True,True
42,296,124,41,False,,True,0.339518,0.191681,4.445072,0.201613,0.486879,2000,2000,0.01436,0.020091,0.50697,0.564183,0.082522,0.129344,0.113643,0.315991,True,True,True,True,True,True,1.39772,17.559764,4.731577,16.162044,True,True
42,297,265,68,False,,True,0.211203,0.125656,2.315327,0.14717,0.487614,2000,2000,0.015623,0.020385,0.507999,0.550673,0.073464,0.146831,0.09336,0.215594,True,True,True,True,True,True,0.927206,8.625201,2.959575,7.697995,True,True
42,298,118,18,False,,True,0.138762,0.08838,1.39323,0.09322,0.475822,2000,2000,0.015522,0.021318,0.49714,0.544397,0.084298,0.132717,0.03524,0.189631,True,True,True,True,True,True,0.178679,6.15033,1.466044,5.971651,True,True
42,299,538,62,False,,True,0.105949,0.071496,1.024733,0.065056,0.502067,2000,2000,0.013101,0.017567,0.519634,0.563243,0.082459,0.137677,0.039458,0.09957,True,True,True,True,True,True,0.261774,2.290522,0.843233,2.028748,True,False
42,300,3270,661,False,,True,0.195909,0.117786,2.10681,0.12844,0.481545,2000,2000,0.014899,0.019053,0.500597,0.560472,0.092263,0.141745,0.112905,0.145199,True,True,True,True,True,True,1.269676,3.607151,2.117815,2.337474,True,True
42,301,144,5,True,bbse-misspecified,True,0.068566,0.05226,0.636555,0.027778,0.486577,2000,2000,0.01481,0.020091,0.506668,0.558629,0.080632,0.126872,0.004117,0.089096,True,True,True,True,True,True,,,,,,
42,302,435,77,False,,True,0.171878,0.10542,1.794741,0.121839,0.485195,2000,2000,0.015966,0.019223,0.504417,0.562001,0.088512,0.12452,0.082651,0.170549,True,True,True,True,True,True,0.93033,4.768005,2.166681,3.837675,True,True
42,303,584,116,False,,True,0.20573,0.12284,2.239792,0.116438,0.477366,2000,2000,0.015177,0.019665,0.497031,0.559914,0.071069,0.12008,0.082923,0.157129,True,True,True,True,True,True,0.971799,5.458694,2.293807,4.486895,True,True
42,304,302,86,False,,True,0.254101,0.147729,2.945794,0.165563,0.487897,2000,2000,0.013625,0.01789,0.505786,0.557666,0.073441,0.152924,0.111757,0.231489,True,True,True,True,True,True,1.16605,10.020747,3.485238,8.854697,True,True
42,305,597,132,False,,True,0.224972,0.13274,2.510083,0.137353,0.481675,2000,2000,0.013378,0.018557,0.500232,0.555712,0.080789,0.157834,0.101374,0.179955,True,True,True,True,True,True,0.972603,5.917702,2.39092,4.945099,True,True
42,306,157,44,False,,True,0.250798,0.14603,2.894695,0.140127,0.493971,2000,2000,0.016102,0.020038,0.514009,0.554794,0.078176,0.12339,0.074415,0.231127,True,True,True,True,True,True,0.804197,8.963081,2.907846,8.158885,True,True
42,307,34,12,False,,True,0.258109,0.149792,3.008439,0.294118,0.483621,2000,2000,0.015947,0.021559,0.505181,0.559279,0.100733,0.142503,0.111643,0.541374,True,True,True,True,True,True,1.210962,89263.163249,8.444979,89261.952288,True,True
42,308,280,98,False,,True,0.325497,0.184466,4.172913,0.185714,0.497521,2000,2000,0.014665,0.018567,0.516088,0.559416,0.070525,0.124588,0.126877,0.256827,True,True,True,True,True,True,1.75945,12.310165,4.611593,10.550715,True,True
42,309,519,124,False,,True,0.230325,0.135495,2.587685,0.125241,0.471934,2000,2000,0.01567,0.020047,0.491981,0.548313,0.083827,0.133635,0.088564,0.169809,True,True,True,True,True,True,0.96618,5.22895,2.219966,4.262769,True,True
42,310,28,7,True,bbse-misspecified,True,0.225857,0.133196,2.522841,0.107143,0.493709,2000,2000,0.012378,0.017283,0.510993,0.56143,0.089415,0.143304,0.010511,0.355257,True,True,True,True,True,True,,,,,,
42,311,172,29,False,,True,0.184247,0.111785,1.95307,0.098837,0.472142,2000,2000,0.015505,0.021204,0.493346,0.54766,0.066718,0.15463,0.04682,0.176744,True,True,True,True,True,True,0.279622,7.124053,1.645461,6.84443,True,True
42,312,47,14,False,,True,0.267983,0.154872,3.165659,0.255319,0.482871,2000,2000,0.014924,0.01929,0.502161,0.547083,0.085041,0.127465,0.106506,0.460568,True,True,True,True,True,True,1.355105,115.277106,7.590776,113.922001,True,True
42,313,135,17,False,,True,0.145733,0.091967,1.475172,0.074074,0.483551,2000,2000,0.015889,0.019892,0.503443,0.540101,0.095991,0.152683,0.026251,0.15723,True,True,True,True,True,True,0.068674,3.844705,0.881275,3.776031,True,True
42,314,532,121,False,,True,0.268445,0.15511,3.173111,0.131579,0.476205,2000,2000,0.014875,0.020421,0.496625,0.548221,0.083074,0.141373,0.094421,0.176299,True,True,True,True,True,True,0.990393,5.56214,2.338676,4.571747,True,True
42,315,255,61,False,,True,0.233555,0.137157,2.635029,0.156863,0.482119,2000,2000,0.013707,0.018463,0.500583,0.550857,0.083509,0.125613,0.100338,0.228149,True,True,True,True,True,True,1.265038,8.638527,3.196505,7.373489,True,True
42,316,499,135,False,,True,0.253741,0.147544,2.940208,0.146293,0.490752,2000,2000,0.015563,0.018658,0.50941,0.560906,0.079959,0.12233,0.106002,0.194318,True,True,True,True,True,True,1.377568,6.527727,3.086154,5.150159,True,True
42,317,346,67,False,,True,0.21158,0.125849,2.320562,0.118497,0.476054,2000,2000,0.015271,0.019415,0.495469,0.550209,0.079036,0.117334,0.075709,0.173396,True,True,True,True,True,True,0.892477,5.720876,2.24814,4.8284,True,True
42,318,1730,274,False,,True,0.159927,0.099271,1.646203,0.091908,0.477706,2000,2000,0.015722,0.019542,0.497248,0.546491,0.084347,0.13189,0.073906,0.112466,True,True,True,True,True,True,0.757169,2.72944,1.432044,1.972271,True,True
42,319,352,53,False,,True,0.13692,0.087432,1.371802,0.105114,0.489755,2000,2000,0.015275,0.01895,0.508706,0.5542,0.074875,0.152869,0.065234,0.157335,True,True,True,True,True,True,0.524542,4.995421,1.741461,4.470879,True,True
42,320,376,33,False,,True,0.091865,0.064249,0.874734,0.055851,0.486288,2000,2000,0.015689,0.01949,0.505778,0.567674,0.07525,0.11167,0.028571,0.096267,True,True,True,True,True,True,0.133995,2.418059,0.771831,2.284064,True,False
42,321,348,29,False,,True,0.101594,0.069255,0.977849,0.066092,0.487457,2000,2000,0.014467,0.018738,0.506194,0.555041,0.083591,0.148795,0.035065,0.110953,True,True,True,True,True,True,0.179627,2.676276,0.812726,2.496649,True,True
42,322,798,159,False,,True,0.205359,0.122648,2.234697,0.126566,0.509864,2000,2000,0.016138,0.02116,0.531024,0.56793,0.091855,0.169349,0.096339,0.161886,True,True,True,True,True,True,0.781925,3.903637,1.850233,3.121711,True,True
42,323,50,12,False,,True,0.18373,0.111519,1.946359,0.16,0.492875,2000,2000,0.014551,0.019694,0.512569,0.559924,0.094185,0.132013,0.049836,0.344674,True,True,True,True,True,True,0.388529,18.910201,3.086813,18.521672,True,True
42,324,298,170,False,,True,0.529973,0.289682,9.750087,0.302013,0.490431,2000,2000,0.014635,0.018203,0.508634,0.553507,0.076098,0.116702,0.23172,0.379533,True,True,True,True,True,True,5.022159,34.315986,12.572772,29.293827,True,False
42,325,73,25,False,,True,0.439429,0.243091,6.778525,0.178082,0.485825,2000,2000,0.014622,0.01951,0.505335,0.554048,0.091058,0.14117,0.075761,0.328862,True,True,True,True,True,True,0.715489,17.774651,3.518567,17.059163,True,True
42,326,549,133,False,,True,0.241067,0.141022,2.746698,0.153005,0.490108,2000,2000,0.014688,0.018411,0.508518,0.561793,0.077241,0.122217,0.113623,0.199275,True,True,True,True,True,True,1.525834,7.130888,3.280318,5.605055,True,True
42,327,239,71,False,,True,0.240759,0.140864,2.742084,0.200837,0.473757,2000,2000,0.013051,0.018833,0.492589,0.547167,0.077124,0.10624,0.135228,0.280136,True,True,True,True,True,True,2.377041,15.043313,5.81512,12.666272,True,True
42,328,201,37,False,,True,0.183747,0.111528,1.946588,0.104478,0.483354,2000,2000,0.01523,0.019485,0.502839,0.556046,0.066312,0.114143,0.054059,0.176681,True,True,True,True,True,True,0.534535,6.969827,2.141544,6.435291,True,True
42,329,1069,169,False,,True,0.177687,0.10841,1.868514,0.100094,0.463483,2000,2000,0.016003,0.020495,0.483979,0.546595,0.067231,0.108581,0.076569,0.127688,True,True,True,True,True,True,0.979418,4.348999,2.101849,3.369581,True,True
42,330,1228,298,False,,True,0.258633,0.150061,3.016669,0.137622,0.481214,2000,2000,0.013287,0.018939,0.500153,0.56873,0.077809,0.129099,0.111955,0.166487,True,True,True,True,True,True,1.373724,5.441702,2.704229,4.067978,True,True
42,331,484,111,False,,True,0.233751,0.137258,2.637911,0.13843,0.483461,2000,2000,0.014175,0.017769,0.50123,0.545575,0.090042,0.145877,0.09865,0.186369,True,True,True,True,True,True,1.0596,5.526799,2.465239,4.467199,True,True
42,332,626,66,False,,True,0.103533,0.070253,0.998669,0.065495,0.484522,2000,2000,0.013312,0.018266,0.502789,0.572701,0.081881,0.110982,0.041437,0.097193,True,True,True,True,True,True,0.349373,2.318913,0.99353,1.96954,True,False
42,333,542,114,False,,True,0.236344,0.138592,2.676237,0.121771,0.487243,2000,2000,0.014382,0.018795,0.506038,0.557924,0.084178,0.12968,0.086312,0.164856,True,True,True,True,True,True,0.960807,4.798292,2.182192,3.837486,True,True
42,334,620,141,False,,True,0.223197,0.131827,2.484582,0.151613,0.466231,2000,2000,0.012841,0.019428,0.485659,0.54667,0.092135,0.143967,0.114559,0.194784,True,True,True,True,True,True,1.309044,6.163485,2.750506,4.854441,True,True
42,335,160,37,False,,True,0.313872,0.178485,3.955701,0.125,0.481291,2000,2000,0.016223,0.020793,0.502084,0.557711,0.085796,0.128833,0.063781,0.212129,True,True,True,True,True,True,0.588504,7.199369,2.271125,6.610865,True,True
42,336,241,61,False,,True,0.26426,0.152956,3.105869,0.136929,0.471437,2000,2000,0.013419,0.019322,0.490759,0.537652,0.078991,0.171699,0.08287,0.207558,True,True,True,True,True,True,0.674093,7.992898,2.142934,7.318806,True,True
42,337,596,84,False,,True,0.162546,0.100618,1.678387,0.104027,0.502048,2000,2000,0.016671,0.020519,0.522567,0.558141,0.086213,0.13449,0.072655,0.142666,True,True,True,True,True,True,0.6911,3.515274,1.585145,2.824174,True,True
42,338,78,21,False,,True,0.324241,0.18382,4.149091,0.141026,0.49589,2000,2000,0.015616,0.020464,0.516355,0.5532,0.097077,0.203516,0.054058,0.278834,True,True,True,True,True,True,0.263403,10.307384,1.926077,10.043981,True,True
42,339,606,161,False,,True,0.273926,0.15793,3.262336,0.141914,0.483464,2000,2000,0.015596,0.021157,0.504621,0.54231,0.084536,0.135547,0.105619,0.184648,True,True,True,True,True,True,1.233496,5.721486,2.704247,4.48799,True,True
42,340,938,224,False,,True,0.25225,0.146777,2.917099,0.139659,0.468694,2000,2000,0.014499,0.018753,0.487446,0.538689,0.066041,0.125654,0.110299,0.173189,True,True,True,True,True,True,1.486993,7.141323,3.346376,5.65433,True,True
42,341,436,36,False,,True,0.112279,0.074753,1.093697,0.066514,0.505592,2000,2000,0.013971,0.017568,0.52316,0.566314,0.092645,0.140238,0.038168,0.105853,True,True,True,True,True,True,0.239127,2.15642,0.798753,1.917293,True,False
42,342,2392,367,False,,True,0.169546,0.10422,1.765421,0.090719,0.477661,2000,2000,0.014556,0.018697,0.496359,0.543845,0.085442,0.120814,0.075378,0.10791,True,True,True,True,True,True,0.88048,2.572411,1.503359,1.691931,True,False
42,343,214,57,False,,True,0.292023,0.167242,3.566765,0.140187,0.482592,2000,2000,0.014407,0.018464,0.501056,0.551035,0.077679,0.124979,0.082564,0.216314,True,True,True,True,True,True,0.957973,8.419345,2.862414,7.461372,True,True
42,344,71,18,False,,True,0.297434,0.170026,3.660835,0.169014,0.50521,2000,2000,0.014702,0.01967,0.52488,0.569124,0.079372,0.137044,0.068678,0.320621,True,True,True,True,True,True,0.616643,17.371635,3.48331,16.754992,True,True
42,345,340,80,False,,True,0.259759,0.15064,3.034408,0.144118,0.486488,2000,2000,0.013057,0.017808,0.504297,0.548965,0.087328,0.131436,0.09648,0.203221,True,True,True,True,True,True,1.148949,6.601093,2.703996,5.452145,True,True
42,346,139,35,False,,True,0.283597,0.162906,3.42311,0.151079,0.484411,2000,2000,0.014944,0.018157,0.502568,0.551038,0.072491,0.117781,0.079059,0.250774,True,True,True,True,True,True,0.966525,11.983592,3.579845,11.017068,True,True
42,347,597,190,False,,True,0.290223,0.166316,3.535791,0.175879,0.483493,2000,2000,0.013865,0.018607,0.5021,0.557291,0.07266,0.160659,0.135491,0.222171,True,True,True,True,True,True,1.447716,9.497306,3.634234,8.049589,True,True
42,348,2367,410,False,,True,0.152811,0.095609,1.559741,0.105619,0.492911,2000,2000,0.01486,0.019094,0.512004,0.56093,0.087108,0.147499,0.089037,0.124001,True,True,True,True,True,True,0.856662,2.947908,1.559074,2.091246,True,True
42,349,995,251,False,,True,0.249622,0.145424,2.876601,0.150754,0.478889,2000,2000,0.012812,0.018093,0.496981,0.542979,0.08997,0.130501,0.121175,0.184139,True,True,True,True,True,True,1.628272,5.539302,2.977099,3.91103,True,True
42,350,357,101,False,,True,0.307043,0.174971,3.831504,0.162465,0.495627,2000,2000,0.015794,0.018991,0.514618,0.551415,0.058678,0.097662,0.113054,0.222211,True,True,False,True,False,False,1.98259,11.324643,4.665816,9.342053,True,True
42,351,338,158,False,,True,0.467222,0.257393,7.583227,0.254438,0.497086,2000,2000,0.014214,0.018066,0.515152,0.562283,0.089917,0.131799,0.192497,0.324286,True,True,True,True,True,True,3.107279,16.442598,6.815054,13.33532,True,False
42,352,443,87,False,,True,0.228607,0.134611,2.562653,0.115124,0.492146,2000,2000,0.014798,0.018906,0.511052,0.558059,0.077148,0.145865,0.07736,0.162409,True,True,True,True,True,True,0.712058,5.064619,2.085958,4.352561,True,True
42,353,53,23,False,,True,0.394214,0.219825,5.627157,0.226415,0.509124,2000,2000,0.012752,0.017129,0.526253,0.562839,0.082752,0.165213,0.093605,0.415452,True,True,True,True,True,True,0.823507,40.285599,4.856007,39.462092,True,True
42,354,2145,371,False,,True,0.15989,0.099252,1.64574,0.114219,0.498079,2000,2000,0.014513,0.018319,0.516398,0.552958,0.092959,0.153541,0.096184,0.134197,True,True,True,True,True,True,0.939766,3.055514,1.704674,2.115748,True,True
42,355,1334,366,False,,True,0.270084,0.155953,3.199647,0.162669,0.490857,2000,2000,0.015482,0.019042,0.509899,0.566356,0.07327,0.118053,0.136058,0.192013,True,True,True,True,True,True,2.031614,7.023889,3.710376,4.992275,True,True
42,356,1838,392,False,,True,0.205522,0.122732,2.236935,0.138194,0.480671,2000,2000,0.014752,0.018384,0.499055,0.548737,0.074977,0.136342,0.116986,0.161527,True,True,True,True,True,True,1.446652,5.364975,2.837514,3.918323,True,True
42,357,918,135,False,,True,0.144479,0.091322,1.460331,0.091503,0.486397,2000,2000,0.014476,0.017699,0.504097,0.5484,0.067225,0.13744,0.067368,0.120492,True,True,True,True,True,True,0.648018,3.834705,1.702997,3.186687,True,True
42,358,137,15,False,,True,0.120149,0.078803,1.180833,0.072993,0.485168,2000,2000,0.016035,0.019508,0.504676,0.551149,0.078504,0.137277,0.025859,0.155039,True,True,True,True,True,True,0.075987,4.666727,1.048768,4.59074,True,True
42,359,302,46,False,,True,0.128109,0.082899,1.270563,0.092715,0.48031,2000,2000,0.014985,0.019513,0.499823,0.568401,0.085365,0.137517,0.052908,0.147418,True,True,True,True,True,True,0.406304,4.026449,1.42078,3.620144,True,True
42,360,335,116,False,,True,0.371576,0.208177,5.112959,0.158209,0.491879,2000,2000,0.014663,0.019693,0.511572,0.554861,0.078994,0.126513,0.107996,0.219585,True,True,True,True,True,True,1.364343,8.182652,3.408384,6.818309,True,True
42,361,477,215,False,,True,0.435704,0.241175,6.67669,0.257862,0.482696,2000,2000,0.015534,0.020039,0.502735,0.560355,0.071332,0.136576,0.205017,0.316217,True,True,True,True,True,True,3.291018,20.987484,7.909778,17.696466,True,False
42,362,1558,323,False,,True,0.22054,0.13046,2.44664,0.132221,0.478842,2000,2000,0.015215,0.019672,0.498514,0.545251,0.069474,0.10836,0.109726,0.15727,True,True,True,True,True,True,1.701416,5.575659,3.088454,3.874243,True,True
42,363,5000,891,False,,True,0.175293,0.107178,1.837984,0.1068,0.49804,2000,2000,0.014725,0.019692,0.517732,0.560183,0.087967,0.120457,0.09518,0.119265,True,True,True,True,True,True,1.185362,2.720081,1.787256,1.534719,True,True
42,364,21,5,True,bbse-misspecified,True,0.213951,0.127069,2.353648,0.238095,0.474746,2000,2000,0.014351,0.019692,0.494438,0.538597,0.072221,0.096596,0.049582,0.556423,True,True,False,True,False,False,,,,,,
42,365,596,94,False,,True,0.173152,0.106076,1.810836,0.104027,0.485648,2000,2000,0.014462,0.018719,0.504367,0.556443,0.079462,0.130881,0.072655,0.142666,True,True,True,True,True,True,0.740335,4.10614,1.721178,3.365805,True,True
42,366,504,82,False,,True,0.154404,0.096429,1.578965,0.093254,0.478933,2000,2000,0.015061,0.018963,0.497896,0.548407,0.069574,0.115008,0.061288,0.134078,True,True,True,True,True,True,0.668612,4.374775,1.719905,3.706162,True,True
42,367,2583,534,False,,True,0.213649,0.126914,2.349424,0.11808,0.492503,2000,2000,0.01654,0.019455,0.511959,0.55262,0.082887,0.134316,0.101327,0.136428,True,True,True,True,True,True,1.169238,3.532386,2.075662,2.363147,True,True
42,368,334,39,False,,True,0.104,0.070493,1.003696,0.07485,0.485901,2000,2000,0.01623,0.020718,0.506618,0.558664,0.074248,0.13618,0.04098,0.122817,True,True,True,True,True,True,0.248283,3.462665,1.116464,3.214383,True,True
42,369,313,50,False,,True,0.181183,0.110208,1.913405,0.108626,0.484384,2000,2000,0.012745,0.018054,0.502438,0.557363,0.080053,0.128674,0.065916,0.165103,True,True,True,True,True,True,0.659485,5.190319,1.960676,4.530835,True,True
42,370,1479,448,False,,True,0.299317,0.170995,3.693916,0.18526,0.507528,2000,2000,0.014469,0.019859,0.527387,0.578415,0.077194,0.121711,0.158476,0.214342,True,True,True,True,True,True,2.381961,7.632681,4.275907,5.25072,True,True
42,371,488,96,False,,True,0.230689,0.135682,2.593004,0.120902,0.48575,2000,2000,0.014473,0.019473,0.505223,0.560018,0.074823,0.10615,0.083842,0.166461,True,True,True,True,True,True,1.13828,5.547543,2.607827,4.409263,True,True
42,372,432,79,False,,True,0.177622,0.108376,1.867681,0.108796,0.485452,2000,2000,0.013024,0.017162,0.502614,0.553659,0.083847,0.122858,0.071699,0.155828,True,True,True,True,True,True,0.807879,4.499481,1.972592,3.691602,True,True
42,373,787,119,False,,True,0.139952,0.088993,1.40713,0.094028,0.484606,2000,2000,0.014733,0.019111,0.503717,0.559217,0.072811,0.105843,0.067768,0.125921,True,True,True,True,True,True,0.83641,3.747754,1.859659,2.911343,True,True
42,374,5000,1493,False,,True,0.310963,0.176988,3.902502,0.174,0.470832,2000,2000,0.013549,0.019453,0.490285,0.553024,0.088856,0.124901,0.159594,0.189106,True,True,True,True,True,True,2.49568,5.977123,3.797227,3.481443,True,True
42,375,189,51,False,,True,0.286505,0.164403,3.472304,0.174603,0.452192,2000,2000,0.014486,0.018308,0.4705,0.525232,0.077965,0.113582,0.106508,0.261598,True,False,True,True,False,False,1.643876,13.989411,4.423888,12.345535,True,True
42,376,541,157,False,,True,0.29651,0.169551,3.644678,0.166359,0.481977,2000,2000,0.014565,0.018949,0.500926,0.547195,0.077914,0.11832,0.125124,0.214308,True,True,True,True,True,True,1.874525,8.247533,3.827066,6.373007,True,True
42,377,72,32,False,,True,0.424091,0.235199,6.367686,0.277778,0.473647,2000,2000,0.014614,0.018426,0.492073,0.546406,0.078559,0.122685,0.147459,0.441745,True,True,True,True,True,True,2.31286,99.547598,9.429852,97.234738,True,True
42,378,47,11,False,,True,0.164815,0.101786,1.70644,0.170213,0.500515,2000,2000,0.01599,0.018882,0.519398,0.557435,0.083403,0.14695,0.053191,0.363908,True,True,True,True,True,True,0.394978,24.590933,3.338414,24.195955,True,True
42,379,153,16,False,,True,0.111884,0.07455,1.089371,0.078431,0.4754,2000,2000,0.015006,0.019257,0.494657,0.541212,0.079685,0.128682,0.031055,0.156586,True,True,True,True,True,True,0.156596,4.836751,1.182902,4.680155,True,True
42,380,44,12,False,,True,0.136494,0.087213,1.366869,0.113636,0.507986,2000,2000,0.013077,0.017121,0.525106,0.573166,0.08741,0.129711,0.022685,0.301258,True,True,True,True,True,True,0.06782,13.440802,1.826648,13.372982,True,True
42,381,130,19,False,,True,0.198714,0.119229,2.144461,0.107692,0.480677,2000,2000,0.014936,0.019381,0.500058,0.553091,0.085201,0.122224,0.046662,0.202234,True,True,True,True,True,True,0.386867,6.752386,1.809905,6.365519,True,True
42,382,578,84,False,,True,0.160387,0.099508,1.651842,0.096886,0.465899,2000,2000,0.013861,0.017953,0.483852,0.555617,0.07911,0.118598,0.066215,0.135196,True,True,True,True,True,True,0.732882,4.051034,1.769539,3.318153,True,True
42,383,1045,299,False,,True,0.280858,0.161497,3.377142,0.162679,0.497467,2000,2000,0.013475,0.018101,0.515568,0.564439,0.07609,0.109883,0.13277,0.196085,True,True,True,True,True,True,2.15186,6.940354,3.863151,4.788494,True,True
42,384,62,11,False,,True,0.170691,0.10481,1.779805,0.129032,0.484424,2000,2000,0.015912,0.019436,0.50386,0.572778,0.064903,0.093858,0.039798,0.284379,True,True,False,True,False,False,0.368832,17.623106,3.164422,17.254274,True,True
42,385,498,165,False,,True,0.353485,0.198868,4.727914,0.192771,0.495556,2000,2000,0.015838,0.019759,0.515315,0.561699,0.077659,0.135784,0.146942,0.245312,True,True,True,True,True,True,1.951688,10.094031,4.544887,8.142343,True,True
42,386,1234,302,False,,True,0.247176,0.144166,2.839167,0.145057,0.469511,2000,2000,0.01603,0.021,0.490511,0.539922,0.075672,0.140029,0.118822,0.174406,True,True,True,True,True,True,1.426645,6.120002,2.773948,4.693357,True,True
42,387,560,128,False,,True,0.215659,0.127949,2.377611,0.15,0.499741,2000,2000,0.014579,0.018512,0.518253,0.566249,0.07492,0.139399,0.111344,0.195467,True,True,True,True,True,True,1.259838,6.919554,2.879054,5.659716,True,True
42,388,618,169,False,,True,0.27273,0.157315,3.242751,0.150485,0.491398,2000,2000,0.014419,0.020368,0.511766,0.571108,0.078821,0.139204,0.113505,0.193623,True,True,True,True,True,True,1.25859,6.583008,2.843984,5.324419,True,True
42,389,693,217,False,,True,0.323032,0.183198,4.126234,0.174603,0.50881,2000,2000,0.015405,0.020144,0.528954,0.576276,0.087441,0.170217,0.137082,0.217225,True,True,True,True,True,True,1.29795,6.75659,2.76301,5.458641,True,True
42,390,20,9,True,bbse-misspecified,True,0.260514,0.151029,3.046345,0.1,0.499433,2000,2000,0.015305,0.0183,0.517733,0.574882,0.068366,0.113143,0.004158,0.405605,True,True,True,True,True,True,,,,,,
42,391,520,78,False,,True,0.146251,0.092234,1.481312,0.088462,0.485783,2000,2000,0.016428,0.020263,0.506046,0.560095,0.09913,0.151266,0.057799,0.127814,True,True,True,True,True,True,0.419295,2.67629,1.134314,2.256995,True,True
42,392,434,82,False,,True,0.220057,0.130212,2.439776,0.105991,0.480964,2000,2000,0.015056,0.020002,0.500967,0.543815,0.082297,0.125546,0.069468,0.152477,True,True,True,True,True,True,0.726337,4.397258,1.797216,3.670921,True,True
42,393,159,72,False,,True,0.451494,0.2493,7.11784,0.226415,0.509793,2000,2000,0.016148,0.019201,0.528994,0.567259,0.083064,0.127816,0.142981,0.328684,True,True,True,True,True,True,1.990777,17.223674,5.821262,15.232897,True,True
42,394,529,139,False,,True,0.280085,0.1611,3.364237,0.15879,0.49813,2000,2000,0.015549,0.019866,0.517996,0.564783,0.082128,0.126759,0.118017,0.206592,True,True,True,True,True,True,1.513449,6.856441,3.407758,5.342992,True,True
42,395,859,209,False,,True,0.256349,0.148886,2.980851,0.146682,0.490837,2000,2000,0.013827,0.018757,0.509594,0.563768,0.068185,0.113855,0.115371,0.18246,True,True,True,True,True,True,1.676978,7.044627,3.521129,5.36765,True,True
42,396,516,83,False,,True,0.153364,0.095894,1.566398,0.112403,0.496325,2000,2000,0.015499,0.019479,0.515804,0.56104,0.090249,0.149435,0.077572,0.155455,True,True,True,True,True,True,0.683937,3.915121,1.668297,3.231184,True,True
42,397,485,65,False,,True,0.133493,0.085669,1.33218,0.090722,0.470147,2000,2000,0.013882,0.018083,0.48823,0.540029,0.090567,0.138566,0.058675,0.132038,True,True,True,True,True,True,0.524251,3.330962,1.372197,2.806711,True,True
42,398,1070,176,False,,True,0.170506,0.104714,1.77747,0.103738,0.492295,2000,2000,0.015327,0.019225,0.51152,0.558248,0.07035,0.125669,0.079806,0.131698,True,True,True,True,True,True,0.880966,4.048703,1.899574,3.167737,True,True
42,399,219,62,False,,True,0.29305,0.16777,3.584504,0.173516,0.497687,2000,2000,0.014041,0.018897,0.516584,0.559905,0.077233,0.121159,0.109915,0.253466,True,True,True,True,True,True,1.467165,10.87192,4.06078,9.404756,True,True
74,0,37,2,True,bbse-misspecified,True,0.155455,0.09697,1.591689,0.027027,0.481384,2000,2000,0.01567,0.019442,0.500825,0.544612,0.071022,0.128557,8.5e-05,0.196028,True,True,True,True,True,True,,,,,,
74,1,1103,105,False,,True,0.108136,0.072621,1.048449,0.065277,0.5091,2000,2000,0.015355,0.018406,0.527507,0.569473,0.082486,0.11278,0.046621,0.088239,True,True,True,True,True,True,0.424515,1.8456,0.952043,1.421085,True,False
74,2,5000,545,False,,True,0.116591,0.076972,1.141251,0.0662,0.502129,2000,2000,0.015527,0.018129,0.520259,0.557303,0.079431,0.124,0.056951,0.076384,True,True,True,False,True,False,0.548133,1.588984,0.927507,1.040851,True,False
74,3,98,7,False,,True,0.165349,0.102061,1.713062,0.071429,0.481645,2000,2000,0.015246,0.018898,0.500543,0.543225,0.073512,0.109075,0.019455,0.172517,True,True,True,True,True,True,0.008683,6.042559,1.197798,6.033875,True,True
74,4,576,195,False,,True,0.351725,0.197962,4.691592,0.178819,0.5004,2000,2000,0.014041,0.018729,0.519129,0.550992,0.080686,0.13374,0.137437,0.226266,True,True,True,True,True,True,1.859227,8.256556,3.787475,6.397329,True,True
74,5,1369,380,False,,True,0.267125,0.154431,3.151816,0.157779,0.484999,2000,2000,0.015602,0.018964,0.503963,0.54189,0.102249,0.131689,0.131851,0.186411,True,True,True,True,True,True,1.815271,4.722755,2.883178,2.907483,True,True
74,6,117,22,False,,True,0.189933,0.114711,2.027484,0.111111,0.49858,2000,2000,0.01414,0.016891,0.515471,0.55825,0.078659,0.12707,0.04638,0.21275,False,True,True,True,False,False,0.395757,7.684716,1.980301,7.288959,True,True
74,7,161,73,False,,True,0.494056,0.2712,8.444052,0.229814,0.482902,2000,2000,0.014529,0.017915,0.500817,0.531916,0.08888,0.129082,0.146268,0.331725,True,True,True,True,True,True,2.24558,19.229734,6.101259,16.984153,True,True
74,8,604,72,False,,True,0.121161,0.079323,1.192147,0.081126,0.497789,2000,2000,0.016138,0.019226,0.517015,0.551141,0.08288,0.127614,0.053716,0.116147,True,True,True,True,True,True,0.473998,2.760678,1.218368,2.286681,True,True
74,9,222,23,False,,True,0.112964,0.075106,1.101224,0.067568,0.486084,2000,2000,0.01596,0.018866,0.504949,0.537359,0.084717,0.132654,0.029969,0.126905,True,True,True,True,True,True,0.143074,3.170638,0.922015,3.027564,True,True
74,10,1522,201,False,,True,0.147131,0.092687,1.491764,0.079501,0.494209,2000,2000,0.014671,0.018213,0.512422,0.543846,0.082107,0.133475,0.061709,0.100295,True,True,True,True,True,True,0.585673,2.322604,1.197237,1.736931,True,False
74,11,254,34,False,,True,0.123136,0.080339,1.214306,0.086614,0.501235,2000,2000,0.015356,0.018735,0.519971,0.556629,0.09198,0.130543,0.045419,0.145845,True,True,True,True,True,True,0.347656,3.443198,1.227834,3.095543,True,True
74,12,173,49,False,,True,0.320494,0.181892,4.078534,0.190751,0.496976,2000,2000,0.015367,0.017951,0.514927,0.541072,0.090578,0.134397,0.11676,0.28435,True,True,True,True,True,True,1.499842,11.712621,4.149507,10.21278,True,True
74,13,631,125,False,,True,0.205299,0.122618,2.233885,0.128368,0.49023,2000,2000,0.015231,0.018353,0.508583,0.541555,0.075911,0.139044,0.094429,0.168729,True,True,True,True,True,True,1.053526,5.498203,2.302213,4.444678,True,True
74,14,440,81,False,,True,0.198409,0.119072,2.140349,0.127273,0.484703,2000,2000,0.014308,0.017298,0.502001,0.543338,0.092217,0.135747,0.08742,0.176397,True,True,True,True,True,True,0.979214,4.900445,2.207431,3.921231,True,True
74,15,45,6,True,bbse-misspecified,True,0.156655,0.097587,1.606266,0.066667,0.483962,2000,2000,0.015467,0.018305,0.502267,0.544657,0.079215,0.114085,0.006461,0.234235,True,True,True,True,True,True,,,,,,
74,16,545,112,False,,True,0.217372,0.12883,2.401735,0.117431,0.486132,2000,2000,0.016002,0.01835,0.504482,0.546997,0.085086,0.111343,0.082696,0.15984,True,True,True,True,True,True,1.106099,4.487778,2.328853,3.381679,True,True
74,17,210,47,False,,True,0.203834,0.121864,2.213856,0.147619,0.495842,2000,2000,0.015353,0.018695,0.514537,0.550575,0.090938,0.140011,0.087935,0.225758,True,True,True,True,True,True,0.919271,7.283392,2.594616,6.364121,True,True
74,18,204,59,False,,True,0.269268,0.155533,3.186418,0.156863,0.503243,2000,2000,0.015098,0.018823,0.522066,0.557718,0.061202,0.125156,0.094496,0.237715,True,True,True,True,True,True,1.141895,12.009034,3.861941,10.867139,True,True
74,19,699,69,False,,True,0.118522,0.077965,1.162688,0.06867,0.497128,2000,2000,0.015536,0.019671,0.516799,0.556308,0.0886,0.153798,0.045158,0.098958,True,True,True,True,True,True,0.27434,2.053725,0.84067,1.779385,True,False
74,20,132,39,False,,True,0.314416,0.178765,3.965718,0.227273,0.511978,2000,2000,0.015278,0.018593,0.530571,0.561971,0.086493,0.141772,0.136461,0.340714,True,True,True,True,True,True,1.676873,18.103717,5.286338,16.426844,True,True
74,21,649,201,False,,True,0.311837,0.177438,3.918436,0.178737,0.501016,2000,2000,0.016009,0.01949,0.520506,0.561159,0.08683,0.124802,0.139626,0.223225,True,True,True,True,True,True,1.998596,7.330606,3.888816,5.33201,True,True
74,22,2201,322,False,,True,0.150369,0.094353,1.530396,0.097683,0.505812,2000,2000,0.015558,0.017681,0.523493,0.559212,0.074837,0.122772,0.081143,0.1162,True,True,True,True,True,True,0.948488,3.054741,1.670737,2.106253,True,True
74,23,228,94,False,,True,0.379161,0.21208,5.281068,0.219298,0.506557,2000,2000,0.015851,0.018431,0.524988,0.563712,0.071065,0.121445,0.149488,0.302564,True,True,True,True,True,True,2.288836,16.849764,6.138591,14.560928,True,True
74,24,346,67,False,,True,0.19301,0.116294,2.068178,0.109827,0.488871,2000,2000,0.015067,0.018359,0.507229,0.552345,0.084501,0.126495,0.068704,0.163349,True,True,True,True,True,True,0.718835,4.671733,1.899442,3.952897,True,True
74,25,73,17,False,,True,0.207585,0.123794,2.265273,0.136986,0.49958,2000,2000,0.015069,0.018439,0.518019,0.553241,0.076964,0.135944,0.049456,0.279467,True,True,True,True,True,True,0.391328,13.292417,2.665559,12.901089,True,True
74,26,694,177,False,,True,0.279886,0.160997,3.360914,0.142651,0.497173,2000,2000,0.01569,0.018818,0.515992,0.545531,0.083108,0.144412,0.108492,0.182414,True,True,True,True,True,True,1.215649,5.514077,2.664286,4.298429,True,True
74,27,233,19,False,,True,0.102565,0.069755,0.988263,0.077253,0.496568,2000,2000,0.015964,0.018978,0.515546,0.550046,0.077927,0.128039,0.037312,0.137371,True,True,True,True,True,True,0.243508,3.798652,1.147042,3.555144,True,True
74,28,360,101,False,,True,0.278046,0.16005,3.330309,0.169444,0.496026,2000,2000,0.015819,0.018594,0.51462,0.544241,0.077908,0.117162,0.119223,0.229697,True,True,True,True,True,True,1.784065,8.884437,3.90464,7.100372,True,True
74,29,58,18,False,,True,0.293433,0.167968,3.59114,0.206897,0.490305,2000,2000,0.015275,0.018521,0.508826,0.550783,0.088327,0.13818,0.085028,0.38399,True,True,True,True,True,True,0.890599,30.485889,4.79261,29.59529,True,True
74,30,799,210,False,,True,0.292491,0.167483,3.574855,0.163955,0.470448,2000,2000,0.015841,0.020146,0.490595,0.522997,0.088465,0.126523,0.129857,0.202618,True,False,True,True,False,False,1.926567,6.682942,3.599726,4.756375,True,True
74,31,100,43,False,,True,0.393077,0.219241,5.600437,0.21,0.484854,2000,2000,0.015844,0.019485,0.504339,0.529598,0.085855,0.127812,0.111529,0.340281,True,False,True,True,False,False,1.502396,21.056341,5.426654,19.553946,True,True
74,32,1993,244,False,,True,0.122336,0.079928,1.205325,0.087306,0.497227,2000,2000,0.014723,0.018645,0.515872,0.547184,0.085559,0.143073,0.070886,0.105968,True,True,True,True,True,True,0.656926,2.379132,1.260629,1.722207,True,False
74,33,104,40,False,,True,0.309154,0.176057,3.869649,0.269231,0.496645,2000,2000,0.015297,0.018228,0.514873,0.558565,0.08879,0.118813,0.159921,0.402789,True,True,True,True,True,True,2.636129,35.479428,8.208716,32.843299,True,False
74,34,184,31,False,,True,0.150737,0.094542,1.53481,0.119565,0.496126,2000,2000,0.015692,0.019385,0.515511,0.550143,0.077843,0.126766,0.063185,0.198795,True,True,True,True,True,True,0.619603,6.848781,2.21991,6.229178,True,True
74,35,115,44,False,,True,0.330475,0.187028,4.26824,0.191304,0.490318,2000,2000,0.014443,0.017585,0.507902,0.544815,0.088815,0.125045,0.102872,0.309226,True,True,True,True,True,True,1.350324,15.222142,4.473526,13.871818,True,True
74,36,355,38,False,,True,0.133448,0.085646,1.331665,0.08169,0.493801,2000,2000,0.015251,0.018448,0.512249,0.54127,0.085525,0.127417,0.047026,0.129372,True,True,True,True,True,True,0.395972,3.187049,1.224915,2.791078,True,True
74,37,2204,638,False,,True,0.308331,0.175634,3.854746,0.156534,0.498376,2000,2000,0.014727,0.017636,0.516012,0.551525,0.082572,0.109126,0.135995,0.178752,True,True,True,True,True,True,2.325347,5.403624,3.523522,3.078277,True,True
74,38,1432,411,False,,True,0.277282,0.159657,3.317651,0.162011,0.5066,2000,2000,0.015325,0.018946,0.525545,0.562539,0.09842,0.144256,0.136338,0.190236,True,True,True,True,True,True,1.633928,4.778502,2.78437,3.144575,True,True
74,39,363,149,False,,True,0.34556,0.19479,4.565938,0.236915,0.500847,2000,2000,0.016011,0.018845,0.519692,0.547889,0.088026,0.162376,0.178767,0.302951,True,True,True,True,True,True,2.234924,13.715867,5.614082,11.480944,True,True
74,40,129,23,False,,True,0.257471,0.149463,2.998423,0.085271,0.501201,2000,2000,0.016229,0.019187,0.520388,0.545787,0.082273,0.122985,0.032162,0.174275,True,True,True,True,True,True,0.180144,5.093585,1.341408,4.913441,True,True
74,41,284,43,False,,True,0.134671,0.086275,1.345766,0.052817,0.500285,2000,2000,0.014957,0.017564,0.517849,0.54763,0.080372,0.125636,0.023337,0.099904,True,True,True,True,True,True,0.076638,2.325599,0.671144,2.248961,True,False
74,42,241,29,False,,True,0.117587,0.077484,1.152296,0.078838,0.484909,2000,2000,0.015823,0.019055,0.503964,0.54161,0.070639,0.10929,0.038964,0.138129,True,True,True,True,True,True,0.322808,4.3985,1.435384,4.075692,True,True
74,43,326,96,False,,True,0.307119,0.17501,3.832876,0.168712,0.495472,2000,2000,0.015092,0.018598,0.514069,0.545313,0.087897,0.150404,0.116269,0.232267,True,True,True,True,True,True,1.285925,7.997202,3.121861,6.711278,True,True
74,44,586,246,False,,True,0.380521,0.21278,5.311657,0.228669,0.50078,2000,2000,0.016385,0.01909,0.51987,0.558837,0.081288,0.122813,0.183032,0.279329,True,True,True,True,True,True,3.115853,12.354509,6.067924,9.238656,True,False
74,45,673,57,False,,True,0.103026,0.069992,0.993219,0.056464,0.499128,2000,2000,0.015872,0.018449,0.517577,0.546577,0.086712,0.117933,0.034966,0.085225,True,True,True,True,True,True,0.241477,1.689482,0.735348,1.448004,True,False
74,46,191,32,False,,True,0.205748,0.122849,2.240033,0.089005,0.502121,2000,2000,0.015019,0.018362,0.520482,0.55781,0.076691,0.11496,0.042057,0.159866,True,True,True,True,True,True,0.353707,4.835766,1.504822,4.482059,True,True
74,47,331,53,False,,True,0.177038,0.108075,1.860215,0.114804,0.493195,2000,2000,0.015622,0.018501,0.511696,0.544973,0.080527,0.120971,0.071887,0.170514,True,True,True,True,True,True,0.81999,5.183695,2.137005,4.363706,True,True
74,48,131,14,False,,True,0.112216,0.074721,1.093008,0.076336,0.485783,2000,2000,0.014277,0.018076,0.503858,0.543631,0.070405,0.104986,0.02707,0.161802,True,True,True,True,True,True,0.148435,5.694471,1.438715,5.546036,True,True
74,49,314,67,False,,True,0.171397,0.105173,1.788683,0.127389,0.499435,2000,2000,0.015714,0.019311,0.518747,0.560308,0.098624,0.135394,0.081022,0.186787,True,True,True,True,True,True,0.822219,4.709963,2.030432,3.887744,True,True
74,50,186,22,False,,True,0.141701,0.089892,1.427612,0.102151,0.497784,2000,2000,0.016363,0.019671,0.517455,0.551202,0.091645,0.13272,0.050774,0.177237,True,True,True,True,True,True,0.406143,4.686746,1.560049,4.280603,True,True
74,51,310,107,False,,True,0.36301,0.203769,4.927906,0.164516,0.488757,2000,2000,0.015885,0.019181,0.507938,0.548609,0.078474,0.133968,0.111508,0.229368,True,True,True,True,True,True,1.365465,8.999258,3.509377,7.633793,True,True
74,52,169,30,False,,True,0.221229,0.130814,2.456458,0.12426,0.506472,2000,2000,0.014471,0.017657,0.524129,0.56673,0.083843,0.122651,0.064601,0.20849,True,True,True,True,True,True,0.668756,6.71666,2.26669,6.047904,True,True
74,53,268,90,False,,True,0.319792,0.181531,4.065405,0.171642,0.491153,2000,2000,0.016686,0.019382,0.510534,0.553699,0.084957,0.111399,0.113849,0.242852,True,True,True,True,True,True,1.713187,9.100223,3.936604,7.387036,True,True
74,54,1075,244,False,,True,0.211598,0.125859,2.320823,0.151628,0.50682,2000,2000,0.016092,0.018345,0.525165,0.555894,0.085178,0.108413,0.123041,0.183727,True,True,True,True,True,True,1.989167,5.273065,3.248923,3.283898,True,True
74,55,545,222,False,,True,0.411666,0.228806,6.050599,0.236697,0.50543,2000,2000,0.015478,0.019389,0.524819,0.556017,0.08495,0.119158,0.188781,0.289857,True,True,True,True,True,True,3.409767,12.578628,6.541005,9.168861,True,False
74,56,607,95,False,,True,0.18372,0.111514,1.946234,0.088962,0.507567,2000,2000,0.01487,0.018515,0.526082,0.575776,0.077732,0.113978,0.060256,0.125089,True,True,True,True,True,True,0.629426,3.261235,1.504809,2.631809,True,True
74,57,1397,304,False,,True,0.215785,0.128013,2.37937,0.129563,0.487991,2000,2000,0.013926,0.017395,0.505386,0.555652,0.085451,0.120992,0.106089,0.155909,True,True,True,True,True,True,1.433317,4.348168,2.47329,2.914851,True,True
74,58,3029,968,False,,True,0.314422,0.178768,3.965829,0.183559,0.489131,2000,2000,0.015165,0.018294,0.507425,0.54515,0.07939,0.129763,0.164731,0.20351,True,True,True,True,True,True,2.581518,7.186402,4.316167,4.604884,True,True
74,59,199,18,False,,True,0.119645,0.078543,1.1752,0.075377,0.49531,2000,2000,0.016444,0.019433,0.514743,0.545084,0.074856,0.113964,0.0335,0.141041,True,True,True,True,True,True,0.213776,4.120622,1.225266,3.906846,True,True
74,60,1054,401,False,,True,0.35668,0.200512,4.794348,0.204934,0.488612,2000,2000,0.015653,0.018891,0.507503,0.545091,0.081471,0.116656,0.172028,0.240866,True,True,True,True,True,True,3.108277,9.522719,5.473313,6.414441,True,False
74,61,4126,882,False,,True,0.221693,0.131053,2.463077,0.122395,0.496669,2000,2000,0.014702,0.018564,0.515233,0.556766,0.091625,0.147811,0.108817,0.136957,True,True,True,True,True,True,1.161617,3.204108,1.906663,2.042491,True,True
74,62,312,90,False,,True,0.239318,0.140122,2.720505,0.169872,0.500045,2000,2000,0.015525,0.01922,0.519265,0.561347,0.083525,0.113727,0.116194,0.235124,True,True,True,True,True,True,1.697648,8.480091,3.832954,6.782443,True,True
74,63,271,52,False,,True,0.18105,0.11014,1.911688,0.095941,0.497214,2000,2000,0.016072,0.019297,0.51651,0.559791,0.07936,0.109358,0.053478,0.154882,True,True,True,True,True,True,0.549824,4.45296,1.728109,3.903136,True,True
74,64,5000,1489,False,,True,0.283602,0.162909,3.423205,0.1732,0.488834,2000,2000,0.015862,0.018762,0.507596,0.545958,0.089536,0.12956,0.158821,0.18828,True,True,True,True,True,True,2.430616,5.490684,3.57358,3.060068,True,True
74,65,628,233,False,,True,0.379397,0.212201,5.286356,0.205414,0.516716,2000,2000,0.015498,0.019497,0.536214,0.570114,0.087844,0.143122,0.163197,0.252722,True,False,True,True,False,False,2.11429,8.689093,4.184028,6.574803,True,True
74,66,408,57,False,,True,0.167123,0.102974,1.735133,0.088235,0.499591,2000,2000,0.016023,0.018741,0.518332,0.550518,0.086596,0.156299,0.054178,0.133408,True,True,True,True,True,True,0.385396,3.216634,1.214074,2.831238,True,True
74,67,271,69,False,,True,0.250674,0.145966,2.892785,0.132841,0.500107,2000,2000,0.015387,0.017669,0.517776,0.555609,0.078609,0.116969,0.082286,0.198287,True,True,True,True,True,True,1.030617,6.710109,2.720841,5.679491,True,True
74,68,533,154,False,,True,0.299706,0.171196,3.700777,0.181989,0.485057,2000,2000,0.015699,0.019372,0.504429,0.543166,0.076332,0.120851,0.138728,0.231741,True,True,True,True,True,True,2.146854,9.58699,4.361354,7.440136,True,True
74,69,1765,544,False,,True,0.304466,0.173645,3.785268,0.176204,0.496976,2000,2000,0.015602,0.018732,0.515708,0.550925,0.082536,0.108953,0.152133,0.202254,True,True,True,True,True,True,2.735731,6.619225,4.273474,3.883495,True,False
74,70,857,259,False,,True,0.290223,0.166316,3.535794,0.155193,0.482848,2000,2000,0.014323,0.018214,0.501062,0.545093,0.080242,0.118654,0.123022,0.191731,True,True,True,True,True,True,1.844465,6.573856,3.514194,4.72939,True,True
74,71,212,82,False,,True,0.385297,0.215237,5.420109,0.212264,0.489455,2000,2000,0.015927,0.019791,0.509245,0.547402,0.087195,0.145053,0.14117,0.298205,True,True,True,True,True,True,1.761099,14.002377,4.828664,12.241278,True,True
74,72,71,19,False,,True,0.216719,0.128494,2.392531,0.169014,0.496569,2000,2000,0.015019,0.01832,0.514889,0.561181,0.084319,0.116735,0.068678,0.320621,True,True,True,True,True,True,0.773651,17.083445,3.677485,16.309794,True,True
74,73,1473,325,False,,True,0.21637,0.128314,2.387603,0.129667,0.49556,2000,2000,0.014585,0.018616,0.514176,0.54526,0.078268,0.113473,0.106769,0.155286,True,True,True,True,True,True,1.570655,4.617008,2.715938,3.046353,True,True
74,74,326,37,False,,True,0.131589,0.084689,1.310301,0.08589,0.506253,2000,2000,0.016141,0.019149,0.525402,0.555606,0.086194,0.127096,0.048942,0.136874,True,True,True,True,True,True,0.40386,3.294416,1.293406,2.890557,True,True
74,75,1508,415,False,,True,0.302695,0.172733,3.753693,0.155836,0.486681,2000,2000,0.015843,0.018649,0.50533,0.538315,0.082338,0.130002,0.131219,0.182918,True,True,True,True,True,True,1.850531,5.775433,3.370756,3.924902,True,True
74,76,713,169,False,,True,0.221159,0.130779,2.455465,0.129032,0.496691,2000,2000,0.015842,0.019474,0.516165,0.554573,0.08313,0.111087,0.09688,0.166851,True,True,True,True,True,True,1.353314,4.76801,2.544285,3.414697,True,True
74,77,556,157,False,,True,0.291066,0.16675,3.550281,0.181655,0.49743,2000,2000,0.01564,0.018584,0.516014,0.557914,0.079227,0.123057,0.139279,0.230257,True,True,True,True,True,True,2.054562,8.728642,4.060794,6.67408,True,True
74,78,415,74,False,,True,0.193778,0.11669,2.078395,0.122892,0.500275,2000,2000,0.014181,0.018546,0.518821,0.5574,0.080271,0.117549,0.08269,0.173049,True,True,True,True,True,True,1.014365,5.26439,2.3927,4.250024,True,True
74,79,151,57,False,,True,0.348081,0.196088,4.617047,0.205298,0.497903,2000,2000,0.015699,0.019358,0.517261,0.552592,0.087077,0.128191,0.123839,0.308156,True,True,True,True,True,True,1.657275,14.663082,4.80645,13.005808,True,True
74,80,50,18,False,,True,0.27773,0.159888,3.325064,0.22,0.503052,2000,2000,0.014078,0.016874,0.519926,0.546777,0.090902,0.157268,0.08638,0.414579,False,True,True,True,False,False,0.80898,38.021004,4.795864,37.212024,True,True
74,81,451,65,False,,True,0.155751,0.097122,1.595277,0.093126,0.505559,2000,2000,0.015642,0.018634,0.524193,0.564238,0.075866,0.112898,0.059575,0.136593,True,True,True,True,True,True,0.637449,3.801121,1.696613,3.163671,True,True
74,82,66,11,False,,True,0.182775,0.111028,1.933984,0.106061,0.486306,2000,2000,0.014638,0.018551,0.504857,0.547341,0.083422,0.116815,0.029201,0.249223,True,True,True,True,True,True,0.155403,10.082534,1.934126,9.92713,True,True
74,83,1090,221,False,,True,0.193373,0.116481,2.073005,0.127523,0.490087,2000,2000,0.015242,0.018609,0.508696,0.543356,0.088588,0.15205,0.101315,0.157439,True,True,True,True,True,True,1.043427,4.16492,2.125507,3.121493,True,True
74,84,424,103,False,,True,0.213906,0.127046,2.35302,0.143868,0.50653,2000,2000,0.015529,0.018432,0.524962,0.552382,0.093757,0.161984,0.100803,0.196114,True,True,True,True,True,True,0.943671,5.307931,2.170258,4.36426,True,True
74,85,337,64,False,,True,0.193002,0.11629,2.068071,0.115727,0.48987,2000,2000,0.015037,0.019622,0.509492,0.549387,0.087271,0.12645,0.072968,0.171017,True,True,True,True,True,True,0.773547,4.819689,2.054432,4.046142,True,True
74,86,1030,323,False,,True,0.303974,0.173392,3.776493,0.193204,0.485807,2000,2000,0.015137,0.018477,0.504284,0.541952,0.082005,0.115733,0.160743,0.228888,True,True,True,True,True,True,2.851425,8.688542,5.086832,5.837117,True,False
74,87,955,176,False,,True,0.182638,0.110957,1.932205,0.113089,0.488391,2000,2000,0.016182,0.019611,0.508002,0.541514,0.079289,0.111261,0.086765,0.143819,True,True,True,True,True,True,1.179599,4.069783,2.269062,2.890184,True,True
74,88,679,126,False,,True,0.177381,0.108252,1.864603,0.108984,0.481457,2000,2000,0.015129,0.018257,0.499714,0.545533,0.070715,0.10479,0.078719,0.145536,True,True,True,True,True,True,1.106489,4.83853,2.385238,3.732041,True,True
74,89,404,114,False,,True,0.287524,0.164927,3.489635,0.193069,0.482008,2000,2000,0.015737,0.019006,0.501014,0.545135,0.078334,0.114022,0.142488,0.25193,True,True,True,True,True,True,2.382938,11.156908,5.147042,8.773971,True,True
74,90,1485,252,False,,True,0.166216,0.102507,1.723838,0.101684,0.47673,2000,2000,0.016024,0.019044,0.495775,0.544484,0.075803,0.106143,0.081361,0.124915,True,True,True,True,True,True,1.133145,3.579783,2.036306,2.446639,True,True
74,91,1215,277,False,,True,0.241521,0.141256,2.753527,0.139095,0.492848,2000,2000,0.015782,0.018158,0.511006,0.545401,0.079159,0.117222,0.11317,0.168237,True,True,True,True,True,True,1.655408,5.173982,2.917467,3.518574,True,True
74,92,414,83,False,,True,0.24041,0.140684,2.736853,0.135266,0.494539,2000,2000,0.015538,0.018545,0.513084,0.5465,0.08446,0.124554,0.093034,0.187137,True,True,True,True,True,True,1.154583,5.706806,2.565403,4.552223,True,True
74,93,1270,450,False,,True,0.360689,0.202575,4.878631,0.185827,0.495554,2000,2000,0.015771,0.018462,0.514017,0.547203,0.085547,0.115096,0.15696,0.217367,True,True,True,True,True,True,2.728628,7.264306,4.432224,4.535678,True,False
74,94,237,99,False,,True,0.451058,0.249075,7.105321,0.219409,0.500272,2000,2000,0.014882,0.01861,0.518883,0.553552,0.088974,0.109032,0.150812,0.300942,True,True,True,True,True,True,2.682389,13.439556,5.788121,10.757166,True,False
74,95,1324,252,False,,True,0.175464,0.107266,1.840163,0.094411,0.500514,2000,2000,0.015735,0.018396,0.518909,0.559708,0.067378,0.10954,0.073727,0.118422,True,True,True,True,True,True,0.925541,3.54905,1.864218,2.623509,True,True
74,96,186,28,False,,True,0.148288,0.093282,1.505535,0.091398,0.493736,2000,2000,0.015211,0.018515,0.51225,0.55082,0.084773,0.132723,0.043214,0.163988,True,True,True,True,True,True,0.317961,4.612095,1.375432,4.294135,True,True
74,97,259,59,False,,True,0.210017,0.125045,2.298869,0.11583,0.48032,2000,2000,0.016011,0.019056,0.499376,0.535814,0.08235,0.128219,0.067865,0.180142,True,True,True,True,True,True,0.709184,5.729174,2.136571,5.01999,True,True
74,98,291,88,False,,True,0.29315,0.167822,3.58625,0.161512,0.505358,2000,2000,0.015905,0.019212,0.524569,0.566447,0.09644,0.156792,0.107455,0.228309,True,True,True,True,True,True,1.033919,6.717236,2.686908,5.683317,True,True
74,99,136,27,False,,True,0.225216,0.132866,2.513602,0.117647,0.500891,2000,2000,0.015424,0.019002,0.519893,0.558064,0.072163,0.118866,0.054496,0.211951,True,True,True,True,True,True,0.522499,8.205611,2.302387,7.683112,True,True
74,100,178,34,False,,True,0.233287,0.137019,2.631077,0.129213,0.487633,2000,2000,0.015014,0.018796,0.50643,0.53776,0.086558,0.119169,0.069557,0.211864,True,True,True,True,True,True,0.801344,7.052235,2.512215,6.250891,True,True
74,101,201,50,False,,True,0.260976,0.151266,3.053643,0.124378,0.500956,2000,2000,0.016873,0.020154,0.52111,0.563067,0.084066,0.126579,0.068856,0.200521,True,True,True,True,True,True,0.679977,6.241427,2.196266,5.56145,True,True
74,102,1047,96,False,,True,0.096661,0.066717,0.925292,0.060172,0.506119,2000,2000,0.015703,0.019077,0.525197,0.552533,0.087244,0.123505,0.041872,0.083071,True,True,True,True,True,True,0.316785,1.594142,0.76921,1.277357,True,False
74,103,239,53,False,,True,0.179922,0.109559,1.897164,0.121339,0.483004,2000,2000,0.01431,0.018167,0.501171,0.541875,0.082898,0.138919,0.070441,0.189698,True,True,True,True,True,True,0.687301,6.229532,2.256853,5.542231,True,True
74,104,24,2,True,bbse-misspecified,True,0.12021,0.078834,1.181509,0.041667,0.501111,2000,2000,0.015145,0.017625,0.518736,0.549095,0.085574,0.133967,0.00013,0.287557,True,True,True,True,True,True,,,,,,
74,105,893,333,False,,True,0.385946,0.215571,5.434968,0.192609,0.484526,2000,2000,0.014377,0.018065,0.502591,0.543118,0.084147,0.130321,0.157893,0.231054,True,True,True,True,True,True,2.422277,8.684974,4.409103,6.262697,True,True
74,106,287,41,False,,True,0.134813,0.086348,1.347403,0.059233,0.478682,2000,2000,0.016383,0.019919,0.498601,0.538044,0.081003,0.14598,0.027782,0.107812,True,True,True,True,True,True,0.090145,2.654309,0.728101,2.564164,True,True
74,107,1895,492,False,,True,0.257362,0.149407,2.996701,0.155145,0.484187,2000,2000,0.014329,0.017652,0.501839,0.543792,0.091189,0.133481,0.133137,0.179117,True,True,True,True,True,True,1.825604,5.088934,3.029083,3.26333,True,True
74,108,259,84,False,,True,0.33779,0.190792,4.410913,0.166023,0.48609,2000,2000,0.015673,0.018891,0.504981,0.547732,0.081892,0.111937,0.108284,0.237894,True,True,True,True,True,True,1.613863,9.327895,3.854306,7.714032,True,True
74,109,494,46,False,,True,0.115441,0.07638,1.128527,0.07085,0.481244,2000,2000,0.01512,0.018634,0.499878,0.537971,0.087098,0.118269,0.043021,0.108259,True,True,True,True,True,True,0.367331,2.492768,1.064258,2.125437,True,False
74,110,1155,264,False,,True,0.22176,0.131088,2.464031,0.124675,0.486155,2000,2000,0.01437,0.017798,0.503952,0.54675,0.079609,0.120845,0.099445,0.153431,True,True,True,True,True,True,1.32794,4.58667,2.502552,3.258731,True,True
74,111,27,10,False,,True,0.209631,0.124846,2.293514,0.222222,0.489405,2000,2000,0.014502,0.0182,0.507604,0.548393,0.071433,0.109411,0.05543,0.498285,True,True,True,True,True,True,0.614753,674.840736,6.742506,674.225983,True,True
74,112,507,57,False,,True,0.112647,0.074942,1.097737,0.063116,0.487207,2000,2000,0.015646,0.019002,0.506209,0.538244,0.08353,0.15157,0.037295,0.098455,True,True,True,True,True,True,0.204407,2.228191,0.809307,2.023784,True,False
74,113,216,82,False,,True,0.373266,0.209046,5.150054,0.199074,0.506904,2000,2000,0.015467,0.019425,0.526329,0.560895,0.080666,0.111529,0.13067,0.282729,True,True,True,True,True,True,2.059873,12.503895,5.072635,10.444022,True,True
74,114,511,99,False,,True,0.197866,0.118793,2.133056,0.11546,0.499113,2000,2000,0.015736,0.019467,0.51858,0.564157,0.067665,0.102708,0.079997,0.159157,True,True,False,True,False,False,1.092216,5.498081,2.485003,4.405864,True,True
74,115,946,289,False,,True,0.310788,0.176898,3.899309,0.171247,0.489595,2000,2000,0.014538,0.018982,0.508578,0.549932,0.081694,0.120954,0.13916,0.207101,True,True,True,True,True,True,2.126239,7.179916,3.859619,5.053677,True,True
74,116,560,243,False,,True,0.407796,0.226814,5.954539,0.267857,0.498947,2000,2000,0.015905,0.019139,0.518086,0.547522,0.08836,0.129354,0.218217,0.321991,True,True,True,True,True,True,4.068987,16.104464,7.870662,12.035477,True,False
74,117,400,47,False,,True,0.121739,0.079621,1.198624,0.0775,0.491295,2000,2000,0.015338,0.019095,0.51039,0.549756,0.093176,0.129541,0.045495,0.121167,True,True,True,True,True,True,0.3518,2.6462,1.063519,2.2944,True,True
74,118,71,11,False,,True,0.209305,0.124679,2.289007,0.084507,0.489252,2000,2000,0.015796,0.018702,0.507954,0.543055,0.083964,0.138701,0.020139,0.214285,True,True,True,True,True,True,0.017061,7.373928,1.23921,7.356867,True,True
74,119,1265,302,False,,True,0.260966,0.151262,3.053495,0.13834,0.502853,2000,2000,0.01458,0.018952,0.521806,0.555688,0.091958,0.166345,0.112972,0.166805,True,True,True,True,True,True,1.064313,4.23423,2.088293,3.169916,True,True
74,120,454,94,False,,True,0.206704,0.123341,2.253158,0.103524,0.501447,2000,2000,0.015823,0.018946,0.520393,0.557157,0.086908,0.115183,0.068161,0.14847,True,True,True,True,True,True,0.773139,3.747127,1.780336,2.973989,True,True
74,121,1823,223,False,,True,0.122158,0.079837,1.203326,0.083379,0.499907,2000,2000,0.01438,0.017556,0.517463,0.543725,0.085991,0.128088,0.066638,0.102599,True,True,True,True,True,True,0.700305,2.26024,1.27363,1.559935,True,False
74,122,64,20,False,,True,0.271066,0.156459,3.215616,0.25,0.490441,2000,2000,0.015228,0.017869,0.50831,0.545111,0.074003,0.10876,0.120094,0.422508,True,True,True,True,True,True,1.970949,59.39527,8.470824,57.424322,True,True
74,123,562,71,False,,True,0.127472,0.082571,1.263322,0.090747,0.494577,2000,2000,0.015325,0.018357,0.512934,0.543759,0.075031,0.113446,0.060726,0.128754,True,True,True,True,True,True,0.685473,3.639824,1.667753,2.954351,True,True
74,124,634,124,False,,True,0.245088,0.143091,2.807385,0.119874,0.507553,2000,2000,0.015225,0.018452,0.526005,0.551147,0.088433,0.122308,0.087127,0.159163,True,True,True,True,True,True,1.062068,4.044564,2.124623,2.982496,True,True
74,125,2054,807,False,,True,0.389389,0.217343,5.514367,0.218111,0.489435,2000,2000,0.014201,0.018334,0.507769,0.54898,0.089475,0.138552,0.193711,0.243988,True,True,True,True,True,True,3.069256,8.864859,5.194709,5.795603,True,False
74,126,451,78,False,,True,0.206515,0.123243,2.250555,0.128603,0.495769,2000,2000,0.01512,0.018596,0.514365,0.56306,0.084039,0.111451,0.088988,0.177227,True,True,True,True,True,True,1.183806,5.24073,2.543319,4.056924,True,True
74,127,650,138,False,,True,0.230866,0.135773,2.595586,0.112308,0.489379,2000,2000,0.014773,0.017921,0.507299,0.544263,0.078461,0.110656,0.080965,0.150163,True,True,True,True,True,True,1.093649,4.452606,2.281656,3.358957,True,True
74,128,1525,439,False,,True,0.30637,0.174625,3.819408,0.16459,0.487634,2000,2000,0.015611,0.019643,0.507276,0.549489,0.09197,0.130729,0.139509,0.192048,True,True,True,True,True,True,1.944093,5.526042,3.206235,3.581949,True,True
74,129,291,85,False,,True,0.322473,0.182911,4.115707,0.168385,0.4864,2000,2000,0.015114,0.018331,0.50473,0.542656,0.094499,0.124087,0.113218,0.236026,True,True,True,True,True,True,1.559702,7.877788,3.492353,6.318086,True,True
74,130,97,17,False,,True,0.18137,0.110304,1.915817,0.113402,0.510728,2000,2000,0.015317,0.018496,0.529224,0.558903,0.090693,0.123255,0.043119,0.227945,True,True,True,True,True,True,0.33958,7.075992,1.917053,6.736413,True,True
74,131,1193,206,False,,True,0.157371,0.097955,1.614968,0.110645,0.494366,2000,2000,0.015658,0.018877,0.513243,0.554335,0.087078,0.122196,0.087177,0.137658,True,True,True,True,True,True,1.050255,3.405461,1.901619,2.355206,True,True
74,132,188,24,False,,True,0.141795,0.089941,1.428723,0.111702,0.500756,2000,2000,0.015718,0.019099,0.519855,0.563679,0.079229,0.112608,0.057897,0.188358,True,True,True,True,True,True,0.604497,6.052393,2.137615,5.447895,True,True
74,133,632,225,False,,True,0.333094,0.188376,4.318952,0.185127,0.489584,2000,2000,0.014305,0.017745,0.507329,0.548838,0.090355,0.179082,0.144898,0.230767,True,True,True,True,True,True,1.442981,7.879681,3.195006,6.4367,True,True
74,134,193,33,False,,True,0.159539,0.099071,1.641445,0.103627,0.494963,2000,2000,0.015029,0.017972,0.512935,0.552159,0.085287,0.127863,0.0526,0.177403,True,True,True,True,True,True,0.472806,5.190208,1.760898,4.717402,True,True
74,135,1015,227,False,,True,0.244919,0.143004,2.80482,0.130049,0.503799,2000,2000,0.015673,0.017871,0.52167,0.553354,0.082793,0.122366,0.102693,0.161362,True,True,True,True,True,True,1.349932,4.479479,2.454978,3.129547,True,True
74,136,39,9,False,,True,0.311368,0.177196,3.909877,0.128205,0.515137,2000,2000,0.014402,0.018981,0.534118,0.574329,0.082046,0.1212,0.025716,0.334953,True,False,True,True,False,False,0.089008,18.007251,2.364053,17.918243,True,True
74,137,512,118,False,,True,0.208518,0.124274,2.278131,0.121094,0.495043,2000,2000,0.015803,0.018784,0.513827,0.546543,0.088939,0.145059,0.084804,0.165476,True,True,True,True,True,True,0.842684,4.401288,1.912619,3.558604,True,True
74,138,531,77,False,,True,0.146794,0.092513,1.487751,0.105461,0.51654,2000,2000,0.015788,0.018976,0.535516,0.569081,0.082779,0.115167,0.072177,0.146882,True,False,True,True,False,False,0.82259,3.737603,1.813713,2.915012,True,True
74,139,425,187,False,,True,0.433561,0.240072,6.618713,0.282353,0.504759,2000,2000,0.015689,0.019637,0.524396,0.558215,0.088191,0.134319,0.224528,0.345738,True,True,True,True,True,True,3.957312,19.100126,8.210677,15.142813,True,False
74,140,1813,350,False,,True,0.180534,0.109874,1.905039,0.113072,0.492769,2000,2000,0.01567,0.01884,0.511609,0.54825,0.096129,0.147977,0.093621,0.134832,True,True,True,True,True,True,0.947091,2.973768,1.741026,2.026677,True,True
74,141,471,96,False,,True,0.230929,0.135806,2.596508,0.127389,0.489086,2000,2000,0.015067,0.01781,0.506896,0.541228,0.085846,0.13193,0.08873,0.1747,True,True,True,True,True,True,1.03124,5.117088,2.340327,4.085848,True,True
74,142,1026,172,False,,True,0.183992,0.111654,1.949762,0.111111,0.493723,2000,2000,0.015547,0.019079,0.512801,0.560934,0.076893,0.112048,0.085872,0.140471,True,True,True,True,True,True,1.114215,4.027943,2.084612,2.913728,True,True
74,143,30,5,True,bbse-misspecified,True,0.094813,0.065766,0.905742,0.1,0.497557,2000,2000,0.015514,0.018392,0.515949,0.556182,0.086964,0.127874,0.009789,0.33498,True,True,True,True,True,True,,,,,,
74,144,86,39,False,,True,0.481154,0.264561,8.019031,0.244186,0.497726,2000,2000,0.01575,0.01906,0.516786,0.552251,0.071568,0.1164,0.13084,0.390066,True,True,True,True,True,True,2.013537,38.319601,7.725331,36.306064,True,True
74,145,1640,527,False,,True,0.316185,0.179675,3.998339,0.180488,0.492541,2000,2000,0.014845,0.018826,0.511367,0.553081,0.098825,0.147555,0.155289,0.207789,True,True,True,True,True,True,1.981851,5.79566,3.329962,3.813809,True,True
74,146,2456,735,False,,True,0.310627,0.176815,3.896385,0.178746,0.492886,2000,2000,0.015323,0.018408,0.511294,0.547654,0.08339,0.14302,0.158119,0.200781,True,True,True,True,True,True,2.149107,6.565018,3.888913,4.415911,True,True
74,147,623,293,False,,True,0.431911,0.239223,6.574393,0.252006,0.492553,2000,2000,0.01513,0.018257,0.510811,0.556309,0.088445,0.112966,0.20594,0.302387,True,True,True,True,True,True,4.206198,14.204674,7.452345,9.998476,True,False
74,148,4398,512,False,,True,0.114779,0.07604,1.121215,0.084584,0.49522,2000,2000,0.015658,0.01926,0.514481,0.557484,0.087456,0.1239,0.073505,0.09668,True,True,True,True,True,True,0.792529,2.023482,1.281759,1.230954,True,False
74,149,37,6,False,,True,0.253459,0.147399,2.935828,0.108108,0.487758,2000,2000,0.015266,0.018097,0.505855,0.540945,0.089516,0.135852,0.016434,0.315823,True,True,True,True,True,True,0.000636,16.086893,1.76319,16.086257,True,True
74,150,34,7,False,,True,0.213145,0.126655,2.342387,0.117647,0.489049,2000,2000,0.01511,0.017808,0.506857,0.547669,0.084924,0.12377,0.017939,0.339881,True,True,True,True,True,True,0.001747,20.957987,2.166589,20.95624,True,True
74,151,277,95,False,,True,0.353848,0.199055,4.735433,0.176895,0.502423,2000,2000,0.015518,0.018711,0.521134,0.56002,0.091248,0.126244,0.119124,0.247432,True,True,True,True,True,True,1.576279,8.438584,3.610189,6.862306,True,True
74,152,384,80,False,,True,0.21417,0.127182,2.356709,0.138021,0.50486,2000,2000,0.016086,0.019015,0.523875,0.555324,0.078727,0.16786,0.093887,0.192474,True,True,True,True,True,True,0.804373,6.228472,2.264451,5.4241,True,True
74,153,93,9,False,,True,0.089314,0.062936,0.848058,0.075269,0.48579,2000,2000,0.01556,0.019398,0.505188,0.542722,0.082198,0.118749,0.020525,0.181241,True,True,True,True,True,True,0.016012,5.710642,1.160264,5.69463,True,True
74,154,5000,1228,False,,True,0.247169,0.144162,2.839048,0.1372,0.504259,2000,2000,0.015341,0.018674,0.522933,0.566233,0.075183,0.103149,0.124188,0.150992,True,True,False,True,False,False,2.075374,4.486251,3.036334,2.410877,True,True
74,155,32,12,False,,True,0.339108,0.19147,4.436949,0.28125,0.481585,2000,2000,0.016476,0.019744,0.501329,0.540768,0.081186,0.127296,0.099222,0.536261,True,True,True,True,True,True,1.234028,113161.938986,9.505587,113160.704958,True,True
74,156,220,55,False,,True,0.244272,0.142672,2.795029,0.140909,0.5026,2000,2000,0.015542,0.018809,0.521409,0.549465,0.08947,0.130938,0.083818,0.215958,True,True,True,True,True,True,0.926617,6.677357,2.524607,5.750741,True,True
74,157,615,225,False,,True,0.360311,0.20238,4.870627,0.22439,0.48587,2000,2000,0.01557,0.019398,0.505268,0.540203,0.087091,0.141249,0.18014,0.273502,True,True,True,True,True,True,2.714159,11.665671,5.534803,8.951512,True,False
74,158,301,64,False,,True,0.172911,0.105952,1.807792,0.129568,0.491026,2000,2000,0.015204,0.019212,0.510238,0.553312,0.089245,0.1227,0.081913,0.19074,True,True,True,True,True,True,0.951036,5.606816,2.360002,4.655781,True,True
74,159,966,200,False,,True,0.194795,0.117213,2.091934,0.119048,0.501264,2000,2000,0.014166,0.017782,0.519046,0.5573,0.081285,0.124862,0.092205,0.150177,True,True,True,True,True,True,1.121536,4.167503,2.213446,3.045967,True,True
74,160,235,11,True,bbse-misspecified,True,0.068911,0.052438,0.639994,0.025532,0.49684,2000,2000,0.015164,0.01874,0.51558,0.554756,0.088501,0.134863,0.005974,0.068166,True,True,True,True,True,True,,,,,,
74,161,2508,828,False,,True,0.333916,0.188799,4.334971,0.181021,0.479602,2000,2000,0.015062,0.018599,0.498201,0.533187,0.081488,0.121568,0.160495,0.202915,True,True,True,True,True,True,2.751108,7.170847,4.467735,4.419738,True,False
74,162,569,96,False,,True,0.173609,0.106311,1.816614,0.103691,0.499518,2000,2000,0.015861,0.019345,0.518863,0.553123,0.099439,0.164658,0.071706,0.143298,True,True,True,True,True,True,0.551786,3.073038,1.330893,2.521251,True,True
74,163,420,105,False,,True,0.230901,0.135791,2.596094,0.142857,0.495711,2000,2000,0.013628,0.017221,0.512933,0.550734,0.075482,0.113737,0.099755,0.195256,True,True,True,True,True,True,1.426049,7.002764,3.162755,5.576716,True,True
74,164,167,27,False,,True,0.197035,0.118365,2.1219,0.113772,0.494208,2000,2000,0.014291,0.018268,0.512476,0.551681,0.085339,0.115066,0.056713,0.196437,True,True,True,True,True,True,0.597351,6.177221,2.126465,5.57987,True,True
74,165,687,113,False,,True,0.157958,0.098257,1.622121,0.113537,0.493703,2000,2000,0.016503,0.020037,0.51374,0.551639,0.080167,0.112922,0.082814,0.150397,True,True,True,True,True,True,1.051913,4.228226,2.143546,3.176313,True,True
74,166,133,23,False,,True,0.216102,0.128177,2.383841,0.097744,0.494465,2000,2000,0.016033,0.019614,0.51408,0.550852,0.076327,0.136631,0.04065,0.188493,True,True,True,True,True,True,0.260529,6.410093,1.54344,6.149563,True,True
74,167,2445,204,False,,True,0.089604,0.063085,0.851083,0.058487,0.497685,2000,2000,0.01596,0.018715,0.516401,0.549251,0.07863,0.115857,0.046277,0.072656,True,True,True,True,True,True,0.418188,1.497124,0.806395,1.078935,True,False
74,168,182,63,False,,True,0.411994,0.228974,6.058782,0.21978,0.495243,2000,2000,0.015153,0.018558,0.5138,0.55601,0.074142,0.119819,0.142354,0.314056,True,True,True,True,True,True,2.198436,18.686817,6.025936,16.488381,True,True
74,169,907,71,False,,True,0.086381,0.061427,0.817577,0.059537,0.491286,2000,2000,0.01607,0.020004,0.51129,0.55459,0.089427,0.128644,0.040132,0.084268,True,True,True,True,True,True,0.265003,1.626207,0.715595,1.361204,True,False
74,170,318,94,False,,True,0.308652,0.175799,3.86055,0.160377,0.483333,2000,2000,0.014983,0.018572,0.501905,0.53912,0.084079,0.132436,0.108623,0.223821,True,True,True,True,True,True,1.370288,8.18092,3.310094,6.810632,True,True
74,171,309,47,False,,True,0.129545,0.083638,1.286919,0.100324,0.506321,2000,2000,0.01499,0.018384,0.524705,0.560437,0.08687,0.136521,0.059171,0.155739,True,True,True,True,True,True,0.514632,4.00982,1.538499,3.495189,True,True
74,172,4736,1562,False,,True,0.32788,0.185693,4.218371,0.186655,0.484342,2000,2000,0.015402,0.019607,0.503949,0.545542,0.080129,0.115744,0.171428,0.202592,True,True,True,True,True,True,3.100335,7.130891,4.661519,4.030555,True,False
74,173,398,157,False,,True,0.40549,0.225628,5.897899,0.183417,0.495392,2000,2000,0.014464,0.018323,0.513715,0.547136,0.079216,0.123696,0.133659,0.24185,True,True,True,True,True,True,1.976108,9.722059,4.409746,7.745951,True,True
74,174,1042,318,False,,True,0.311587,0.177309,3.91387,0.173704,0.483847,2000,2000,0.015287,0.018357,0.502204,0.544749,0.070982,0.104357,0.142871,0.207928,True,True,True,True,True,True,2.659131,8.56787,4.772042,5.908739,True,False
74,175,683,244,False,,True,0.333963,0.188823,4.335885,0.194729,0.491351,2000,2000,0.014861,0.018449,0.5098,0.556127,0.070472,0.105835,0.155087,0.239222,True,True,True,True,True,True,2.878528,10.937062,5.518728,8.058534,True,False
74,176,354,54,False,,True,0.165255,0.102012,1.711892,0.09887,0.489789,2000,2000,0.015162,0.018227,0.508015,0.546312,0.08256,0.115378,0.060365,0.149853,True,True,True,True,True,True,0.664861,4.178933,1.7758,3.514072,True,True
74,177,403,57,False,,True,0.155525,0.097006,1.592545,0.094293,0.488018,2000,2000,0.015456,0.018966,0.506984,0.540897,0.08158,0.165065,0.058811,0.140852,True,True,True,True,True,True,0.418069,3.855677,1.392046,3.437608,True,True
74,178,759,193,False,,True,0.274744,0.158351,3.275768,0.155468,0.485156,2000,2000,0.015469,0.018405,0.503561,0.540236,0.089121,0.128696,0.121371,0.194496,True,True,True,True,True,True,1.664256,5.920362,3.12468,4.256106,True,True
74,179,3990,508,False,,True,0.125686,0.081652,1.243076,0.083208,0.48565,2000,2000,0.016045,0.018826,0.504475,0.542913,0.06898,0.113621,0.071689,0.095853,True,True,True,True,True,True,0.87516,2.636104,1.477161,1.760945,True,True
74,180,318,57,False,,True,0.151128,0.094743,1.539501,0.106918,0.50581,2000,2000,0.015641,0.018489,0.524298,0.553182,0.091227,0.129911,0.064857,0.16259,True,True,True,True,True,True,0.635963,4.047028,1.676447,3.411065,True,True
74,181,707,178,False,,True,0.243119,0.142078,2.777594,0.141443,0.495349,2000,2000,0.016405,0.020226,0.515575,0.556195,0.084952,0.109023,0.107715,0.180689,True,True,True,True,True,True,1.594252,5.284074,2.916956,3.689822,True,True
74,182,427,92,False,,True,0.232415,0.13657,2.618265,0.135831,0.506249,2000,2000,0.014981,0.017709,0.523958,0.555432,0.078521,0.120992,0.094102,0.18689,True,True,True,True,True,True,1.203031,5.985174,2.719303,4.782143,True,True
74,183,183,33,False,,True,0.215417,0.127824,2.374199,0.120219,0.490096,2000,2000,0.015861,0.019751,0.509846,0.543279,0.083462,0.119783,0.06354,0.199831,True,True,True,True,True,True,0.670746,6.516679,2.228565,5.845933,True,True
74,184,231,57,False,,True,0.235433,0.138123,2.662737,0.134199,0.499063,2000,2000,0.015865,0.018897,0.51796,0.556903,0.079426,0.135894,0.079713,0.206113,True,True,True,True,True,True,0.81039,7.070958,2.490865,6.260568,True,True
74,185,744,163,False,,True,0.227503,0.134043,2.546633,0.135753,0.499016,2000,2000,0.015333,0.018764,0.517781,0.555771,0.077283,0.129837,0.103455,0.173378,True,True,True,True,True,True,1.254858,5.478968,2.642332,4.22411,True,True
74,186,217,34,False,,True,0.141858,0.089973,1.429459,0.119816,0.493041,2000,2000,0.01624,0.019589,0.51263,0.55141,0.07973,0.122244,0.067141,0.191822,True,True,True,True,True,True,0.705056,6.31721,2.238064,5.612154,True,True
74,187,101,21,False,,True,0.190317,0.114908,2.032542,0.089109,0.488555,2000,2000,0.014232,0.017634,0.506189,0.547146,0.076982,0.109646,0.029565,0.194085,True,True,True,True,True,True,0.187186,6.909358,1.668712,6.722172,True,True
74,188,294,42,False,,True,0.183753,0.111531,1.946659,0.119048,0.497406,2000,2000,0.015784,0.018781,0.516187,0.551372,0.090985,0.130528,0.072977,0.179373,True,True,True,True,True,True,0.754626,4.852508,2.012901,4.097882,True,True
74,189,1632,443,False,,True,0.271583,0.156725,3.224033,0.14277,0.487433,2000,2000,0.015474,0.018037,0.505469,0.54598,0.083773,0.125257,0.119983,0.167922,True,True,True,True,True,True,1.671251,4.939514,2.877151,3.268263,True,True
74,190,433,114,False,,True,0.245924,0.143521,2.820083,0.154734,0.503864,2000,2000,0.01585,0.018512,0.522375,0.55608,0.087003,0.148293,0.110551,0.207624,True,True,True,True,True,True,1.186499,6.393808,2.899743,5.207309,True,True
74,191,139,23,False,,True,0.156031,0.097266,1.598674,0.115108,0.497337,2000,2000,0.015846,0.018821,0.516158,0.556455,0.087093,0.12176,0.053285,0.207624,True,True,True,True,True,True,0.494036,6.515334,1.986911,6.021298,True,True
74,192,149,29,False,,True,0.25338,0.147358,2.934601,0.09396,0.502756,2000,2000,0.015391,0.019436,0.522192,0.564828,0.084323,0.12354,0.040561,0.177681,True,True,True,True,True,True,0.285873,5.115448,1.496109,4.829575,True,True
74,193,1149,385,False,,True,0.331513,0.187562,4.288293,0.201915,0.489484,2000,2000,0.015504,0.018195,0.507679,0.544226,0.088975,0.158211,0.170545,0.236089,True,True,True,True,True,True,2.169236,8.316121,4.089081,6.146885,True,True
74,194,1038,128,False,,True,0.138176,0.088079,1.38641,0.078998,0.500092,2000,2000,0.014009,0.016925,0.517017,0.546752,0.082267,0.125331,0.057829,0.104592,False,True,True,True,False,False,0.583855,2.45014,1.224631,1.866285,True,False
74,195,1441,313,False,,True,0.217759,0.129029,2.407197,0.131853,0.50205,2000,2000,0.01556,0.017899,0.519948,0.554416,0.088056,0.12281,0.108534,0.157937,True,True,True,True,True,True,1.451903,4.073119,2.41354,2.621216,True,True
74,196,155,41,False,,True,0.321111,0.18221,4.090099,0.174194,0.48828,2000,2000,0.015837,0.019285,0.507565,0.548446,0.072494,0.115764,0.100043,0.271448,True,True,True,True,True,True,1.375654,13.85047,4.418477,12.474816,True,True
74,197,1889,386,False,,True,0.205597,0.122771,2.237963,0.112229,0.473653,2000,2000,0.015905,0.019031,0.492683,0.532067,0.078319,0.112418,0.093222,0.133456,True,True,True,True,True,True,1.334796,3.850939,2.311535,2.516142,True,True
74,198,1180,158,False,,True,0.141682,0.089883,1.427387,0.09322,0.497234,2000,2000,0.013738,0.017054,0.514289,0.549329,0.092618,0.130316,0.071531,0.118659,True,True,True,True,True,True,0.76091,2.598154,1.415177,1.837244,True,False
74,199,106,32,False,,True,0.262544,0.152073,3.078526,0.188679,0.503814,2000,2000,0.015793,0.017871,0.521685,0.551362,0.080137,0.131674,0.097823,0.311811,True,True,True,True,True,True,1.162514,16.190131,4.239204,15.027617,True,True
74,200,799,224,False,,True,0.280841,0.161489,3.376862,0.18398,0.492201,2000,2000,0.015945,0.018905,0.511106,0.54754,0.094229,0.127664,0.148088,0.224161,True,True,True,True,True,True,2.209792,6.975093,3.964462,4.765302,True,True
74,201,290,104,False,,True,0.307101,0.175001,3.832549,0.189655,0.493278,2000,2000,0.015185,0.017923,0.511201,0.539708,0.086682,0.1275,0.131179,0.259828,True,True,True,True,True,True,1.897108,10.254328,4.354233,8.35722,True,True
74,202,601,179,False,,True,0.283087,0.162644,3.414521,0.183028,0.495874,2000,2000,0.014921,0.017221,0.513094,0.548911,0.071007,0.107496,0.142041,0.229748,True,True,True,True,True,True,2.547104,9.919325,5.035909,7.372221,True,True
74,203,265,68,False,,True,0.275778,0.158883,3.292789,0.177358,0.485643,2000,2000,0.015292,0.019256,0.504898,0.532791,0.077289,0.133939,0.118343,0.249703,True,True,True,True,True,True,1.545918,10.96602,4.118543,9.420103,True,True
74,204,133,16,False,,True,0.128757,0.083232,1.27793,0.067669,0.494053,2000,2000,0.016121,0.018374,0.512427,0.550338,0.072201,0.114504,0.022309,0.149518,True,True,True,True,True,True,0.057639,4.72349,1.044281,4.665851,True,True
74,205,818,260,False,,True,0.306215,0.174545,3.816616,0.190709,0.488702,2000,2000,0.015219,0.018547,0.507249,0.553504,0.077863,0.109952,0.154659,0.230858,True,True,True,True,True,True,2.762488,9.239906,5.102837,6.477418,True,False
74,206,1665,460,False,,True,0.268255,0.155012,3.170043,0.174775,0.488219,2000,2000,0.01524,0.018165,0.506384,0.544921,0.073505,0.113634,0.150101,0.201557,True,True,True,True,True,True,2.606573,7.704161,4.395047,5.097588,True,False
74,207,185,37,False,,True,0.224903,0.132705,2.50909,0.118919,0.496361,2000,2000,0.015077,0.01832,0.514681,0.546809,0.077773,0.126864,0.062834,0.19777,True,True,True,True,True,True,0.633018,6.835829,2.210403,6.20281,True,True
74,208,264,40,False,,True,0.17922,0.109198,1.888153,0.094697,0.495499,2000,2000,0.015735,0.018807,0.514305,0.550262,0.074914,0.114261,0.052075,0.154296,True,True,True,True,True,True,0.517659,4.752772,1.74839,4.235113,True,True
74,209,384,56,False,,True,0.151781,0.095079,1.547341,0.098958,0.493287,2000,2000,0.014506,0.017344,0.510632,0.545488,0.085146,0.126402,0.061776,0.14763,True,True,True,True,True,True,0.634843,3.940342,1.631188,3.305499,True,True
74,210,35,6,True,bbse-misspecified,True,0.191378,0.115454,2.046558,0.085714,0.499884,2000,2000,0.015989,0.019012,0.518896,0.553778,0.077827,0.11464,0.008354,0.293058,True,True,True,True,True,True,,,,,,
74,211,70,11,False,,True,0.242642,0.141833,2.770395,0.085714,0.49763,2000,2000,0.015001,0.018027,0.515657,0.557044,0.087742,0.139945,0.020434,0.217116,True,True,True,True,True,True,0.027562,7.038887,1.233952,7.011325,True,True
74,212,142,8,True,bbse-misspecified,True,0.077895,0.05706,0.730472,0.035211,0.48018,2000,2000,0.016168,0.019373,0.499553,0.539479,0.086051,0.116085,0.006856,0.100922,True,True,True,True,True,True,,,,,,
74,213,639,253,False,,True,0.401026,0.223331,5.789501,0.225352,0.500909,2000,2000,0.015362,0.018803,0.519711,0.562615,0.080945,0.12985,0.181829,0.273536,True,True,True,True,True,True,2.868993,11.907468,5.634383,9.038476,True,False
74,214,198,42,False,,True,0.206,0.122978,2.243485,0.156566,0.497622,2000,2000,0.015544,0.01873,0.516352,0.547038,0.082763,0.122444,0.093443,0.238755,True,True,True,True,True,True,1.180496,8.911359,3.345941,7.730863,True,True
74,215,1172,266,False,,True,0.236927,0.138892,2.684882,0.138225,0.478759,2000,2000,0.015978,0.019362,0.498121,0.54092,0.076024,0.127495,0.111929,0.167867,True,True,True,True,True,True,1.476664,5.589685,2.925934,4.113021,True,True
74,216,163,25,False,,True,0.105253,0.071138,1.01721,0.09816,0.496332,2000,2000,0.015423,0.018976,0.515308,0.553548,0.077285,0.113299,0.045239,0.178463,True,True,True,True,True,True,0.404355,5.778821,1.79227,5.374466,True,True
74,217,134,38,False,,True,0.274246,0.158095,3.267589,0.179104,0.48067,2000,2000,0.015557,0.019362,0.500031,0.537732,0.080077,0.1332,0.099032,0.285504,True,True,True,True,True,True,1.181802,14.455621,4.196942,13.273818,True,True
74,218,1345,203,False,,True,0.160696,0.099667,1.655631,0.090706,0.501981,2000,2000,0.01587,0.019938,0.521919,0.554646,0.074991,0.116358,0.070577,0.114143,True,True,True,True,True,True,0.794433,2.972679,1.554469,2.178246,True,True
74,219,1966,399,False,,True,0.209882,0.124976,2.296992,0.125636,0.48196,2000,2000,0.014371,0.01848,0.50044,0.551116,0.080708,0.134644,0.105979,0.147349,True,True,True,True,True,True,1.263334,4.289775,2.388922,3.026441,True,True
74,220,214,37,False,,True,0.206594,0.123284,2.251641,0.070093,0.490577,2000,2000,0.015951,0.018668,0.509245,0.542716,0.091545,0.134209,0.031109,0.131489,True,True,True,True,True,True,0.156878,3.035179,0.932417,2.878301,True,True
74,221,2290,242,False,,True,0.099324,0.068087,0.953589,0.070742,0.485481,2000,2000,0.016221,0.01934,0.504822,0.54638,0.094083,0.153058,0.056885,0.086632,True,True,True,True,True,True,0.424423,1.621226,0.863126,1.196803,True,False
74,222,898,244,False,,True,0.273374,0.157646,3.253286,0.141425,0.508169,2000,2000,0.015199,0.018401,0.526571,0.559183,0.09014,0.135817,0.111279,0.175907,True,True,True,True,True,True,1.319408,4.625979,2.509642,3.30657,True,True
74,223,670,188,False,,True,0.295654,0.169111,3.629732,0.140299,0.488718,2000,2000,0.015598,0.019542,0.508261,0.551948,0.080529,0.127872,0.105847,0.180595,True,True,True,True,True,True,1.319486,5.749545,2.756296,4.430059,True,True
74,224,660,118,False,,True,0.173903,0.106462,1.820337,0.118182,0.494983,2000,2000,0.014688,0.018126,0.513109,0.556217,0.082841,0.117471,0.08626,0.156415,True,True,True,True,True,True,1.089184,4.399024,2.243959,3.30984,True,True
74,225,1136,201,False,,True,0.184265,0.111794,1.953307,0.102993,0.500378,2000,2000,0.015866,0.018989,0.519367,0.554905,0.084039,0.126609,0.079803,0.129982,True,True,True,True,True,True,0.882989,3.194206,1.704577,2.311217,True,True
74,226,563,156,False,,True,0.276916,0.159469,3.311596,0.165187,0.507366,2000,2000,0.016511,0.019131,0.526497,0.564563,0.083256,0.131721,0.124845,0.212001,True,True,True,True,True,True,1.584762,6.84458,3.302956,5.259819,True,True
74,227,281,64,False,,True,0.19825,0.11899,2.138208,0.120996,0.488647,2000,2000,0.015578,0.018922,0.507569,0.545738,0.091644,0.145199,0.073606,0.183228,True,True,True,True,True,True,0.681866,5.123335,1.967989,4.441468,True,True
74,228,344,35,False,,True,0.130214,0.083982,1.29456,0.069767,0.490238,2000,2000,0.015624,0.018333,0.508571,0.548519,0.073371,0.131627,0.037615,0.115784,True,True,True,True,True,True,0.248985,3.220446,1.041752,2.971462,True,True
74,229,380,105,False,,True,0.288572,0.165467,3.507523,0.15,0.499894,2000,2000,0.014941,0.017842,0.517735,0.547754,0.090319,0.117967,0.103798,0.206275,True,True,True,True,True,True,1.447639,6.187289,2.994457,4.73965,True,True
74,230,1209,157,False,,True,0.14893,0.093612,1.513195,0.080232,0.49173,2000,2000,0.015898,0.018764,0.510494,0.543629,0.09866,0.141785,0.060341,0.103904,True,True,True,True,True,True,0.520735,1.97743,1.047044,1.456694,True,False
74,231,74,17,False,,True,0.255946,0.148678,2.974548,0.162162,0.487508,2000,2000,0.015458,0.01854,0.506047,0.536935,0.089508,0.131188,0.065761,0.308832,True,True,True,True,True,True,0.663722,15.132019,3.308918,14.468297,True,True
74,232,1177,288,False,,True,0.264525,0.153093,3.110105,0.152082,0.507922,2000,2000,0.01466,0.017239,0.525161,0.562435,0.070152,0.122283,0.124666,0.182698,True,True,True,True,True,True,1.761387,6.503771,3.374276,4.742385,True,True
74,233,599,146,False,,True,0.224092,0.132288,2.497429,0.15192,0.492151,2000,2000,0.01597,0.019056,0.511208,0.547265,0.076304,0.131791,0.11423,0.195938,True,True,True,True,True,True,1.447873,6.910228,3.142093,5.462355,True,True
74,234,3089,510,False,,True,0.163323,0.101018,1.687978,0.097443,0.514474,2000,2000,0.015008,0.017609,0.532084,0.565981,0.068477,0.110129,0.083395,0.112896,True,False,True,True,False,False,1.101491,3.176666,1.939581,2.075175,True,True
74,235,5000,1443,False,,True,0.287954,0.165149,3.496978,0.1688,0.491648,2000,2000,0.014969,0.017697,0.509345,0.542613,0.092895,0.150995,0.154575,0.183736,True,True,True,True,True,True,1.983374,5.061231,3.107372,3.077857,True,True
74,236,96,51,False,,True,0.481696,0.26484,8.036465,0.291667,0.493827,2000,2000,0.016147,0.019669,0.513496,0.548842,0.096312,0.168186,0.174198,0.432821,True,True,True,True,True,True,2.039995,48.461321,7.710922,46.421326,True,True
74,237,2374,610,False,,True,0.262981,0.152298,3.085481,0.148694,0.484567,2000,2000,0.016051,0.019709,0.504276,0.537446,0.081857,0.121296,0.129324,0.169659,True,True,True,True,True,True,1.945714,5.148975,3.210119,3.203261,True,True
74,238,473,120,False,,True,0.286027,0.164157,3.464202,0.147992,0.496745,2000,2000,0.014904,0.01906,0.515806,0.55638,0.097906,0.136849,0.106466,0.197641,True,True,True,True,True,True,1.225333,5.291988,2.554828,4.066655,True,True
74,239,1365,349,False,,True,0.263896,0.152769,3.100058,0.162637,0.486964,2000,2000,0.014875,0.018192,0.505156,0.53716,0.077748,0.124785,0.136321,0.191626,True,True,True,True,True,True,2.066987,6.687149,3.620813,4.620162,True,True
74,240,409,98,False,,True,0.264279,0.152966,3.106182,0.134474,0.48847,2000,2000,0.014287,0.017535,0.506004,0.544577,0.08541,0.117192,0.092134,0.186596,True,True,True,True,True,True,1.242049,5.776717,2.635276,4.534668,True,True
74,241,555,150,False,,True,0.289933,0.166167,3.530823,0.167568,0.495264,2000,2000,0.014189,0.017513,0.512778,0.544711,0.08391,0.125186,0.126686,0.214969,True,True,True,True,True,True,1.825046,7.360502,3.658963,5.535456,True,True
74,242,2185,550,False,,True,0.258162,0.149819,3.00926,0.154691,0.485042,2000,2000,0.015879,0.018617,0.50366,0.5563,0.076613,0.132898,0.134173,0.176913,True,True,True,True,True,True,1.786075,5.939987,3.200236,4.153912,True,True
74,243,2274,369,False,,True,0.15645,0.097482,1.603763,0.099824,0.492616,2000,2000,0.015407,0.018583,0.511199,0.552559,0.087868,0.122398,0.083369,0.118182,True,True,True,True,True,True,0.990044,2.714576,1.654051,1.724532,True,True
74,244,856,83,False,,True,0.114535,0.075914,1.118522,0.07243,0.489255,2000,2000,0.015266,0.018142,0.507397,0.541221,0.089124,0.142981,0.050338,0.09999,True,True,True,True,True,True,0.39313,2.125393,0.983353,1.732262,True,False
74,245,971,145,False,,True,0.145757,0.09198,1.475453,0.094748,0.494441,2000,2000,0.015248,0.018227,0.512668,0.561263,0.086968,0.117158,0.070813,0.12323,True,True,True,True,True,True,0.807957,2.910965,1.588741,2.103008,True,True
74,246,183,45,False,,True,0.225659,0.133094,2.519975,0.131148,0.50706,2000,2000,0.016315,0.01968,0.52674,0.562177,0.088375,0.137188,0.071701,0.212832,True,True,True,True,True,True,0.667046,6.457818,2.207062,5.790772,True,True
74,247,340,188,False,,True,0.517863,0.283451,9.287999,0.314706,0.490093,2000,2000,0.015221,0.018361,0.508454,0.546,0.089998,0.132875,0.247745,0.387587,True,True,True,True,True,True,5.018962,31.151104,11.221176,26.132142,True,False
74,248,94,23,False,,True,0.279069,0.160576,3.347298,0.191489,0.496379,2000,2000,0.01547,0.019296,0.515675,0.561818,0.080694,0.11493,0.095229,0.323804,True,True,True,True,True,True,1.253273,18.307624,4.726033,17.054351,True,True
74,249,70,10,False,,True,0.147694,0.092976,1.498458,0.085714,0.486123,2000,2000,0.015259,0.018363,0.504486,0.545401,0.084698,0.128837,0.020434,0.217116,True,True,True,True,True,True,0.026679,7.590862,1.328883,7.564183,True,True
74,250,591,112,False,,True,0.187978,0.113705,2.001776,0.121827,0.492455,2000,2000,0.015001,0.017831,0.510286,0.541405,0.093947,0.140526,0.087737,0.162904,True,True,True,True,True,True,0.94243,4.106194,1.982551,3.163764,True,True
74,251,2229,333,False,,True,0.148507,0.093395,1.508142,0.088829,0.485981,2000,2000,0.016724,0.02118,0.507161,0.561217,0.091716,0.136709,0.073126,0.106529,True,True,True,True,True,True,0.672065,2.21988,1.241624,1.547814,True,False
74,252,256,22,False,,True,0.084255,0.060333,0.79561,0.050781,0.501701,2000,2000,0.015253,0.017739,0.51944,0.556917,0.086673,0.168644,0.020852,0.100383,True,True,True,True,True,True,0.028622,2.14067,0.478605,2.112048,True,False
74,253,882,98,False,,True,0.099825,0.068345,0.958935,0.073696,0.495693,2000,2000,0.015304,0.018185,0.513878,0.544503,0.080544,0.114597,0.051702,0.100978,True,True,True,True,True,True,0.525484,2.368658,1.206004,1.843174,True,False
74,254,1444,333,False,,True,0.230189,0.135425,2.585698,0.133657,0.496143,2000,2000,0.013177,0.016348,0.512492,0.54205,0.092801,0.158921,0.110214,0.159845,False,True,True,True,False,False,1.150386,4.065779,2.214416,2.915394,True,True
74,255,49,16,False,,True,0.181418,0.110329,1.916442,0.142857,0.495583,2000,2000,0.015979,0.018928,0.514511,0.540814,0.086025,0.143396,0.039797,0.32595,True,True,True,True,True,True,0.248827,17.46526,2.532293,17.216434,True,True
74,256,3777,837,False,,True,0.22646,0.133506,2.531548,0.123378,0.479653,2000,2000,0.015302,0.018781,0.498434,0.541431,0.078727,0.127361,0.109153,0.138676,True,True,True,True,True,True,1.432415,4.013097,2.436255,2.580682,True,True
74,257,459,178,False,,True,0.398302,0.221929,5.72414,0.220044,0.496583,2000,2000,0.014661,0.017856,0.514439,0.544629,0.095212,0.134223,0.169597,0.277122,True,True,True,True,True,True,2.609852,10.509653,5.130123,7.899801,True,False
74,258,206,39,False,,True,0.176378,0.107736,1.851796,0.131068,0.483369,2000,2000,0.014743,0.018957,0.502326,0.54779,0.077995,0.116559,0.074547,0.207328,True,True,True,True,True,True,0.890311,7.717379,2.753424,6.827068,True,True
74,259,1545,318,False,,True,0.209298,0.124675,2.288914,0.121683,0.496824,2000,2000,0.015029,0.018704,0.515529,0.553506,0.081091,0.116502,0.099954,0.146063,True,True,True,True,True,True,1.358519,4.018928,2.319111,2.660409,True,True
74,260,1480,465,False,,True,0.301364,0.172049,3.73007,0.173649,0.503568,2000,2000,0.015963,0.018773,0.522341,0.548694,0.087136,0.132661,0.147603,0.202076,True,True,True,True,True,True,2.100004,6.08805,3.518869,3.988047,True,True
74,261,162,36,False,,True,0.243551,0.1423,2.784109,0.12963,0.493015,2000,2000,0.014922,0.018295,0.51131,0.551876,0.085422,0.120682,0.06748,0.217033,True,True,True,True,True,True,0.739844,7.353308,2.475114,6.613464,True,True
74,262,902,149,False,,True,0.15108,0.094719,1.538929,0.092018,0.485017,2000,2000,0.015107,0.018814,0.503831,0.541479,0.079858,0.114518,0.067618,0.121351,True,True,True,True,True,True,0.796362,3.200621,1.600034,2.404259,True,True
74,263,177,37,False,,True,0.220029,0.130197,2.439382,0.107345,0.492176,2000,2000,0.014553,0.018461,0.510638,0.554504,0.066142,0.117719,0.053424,0.185842,True,True,True,True,True,True,0.522941,7.446045,2.185974,6.923103,True,True
74,264,881,164,False,,True,0.199569,0.119669,2.155981,0.111237,0.502044,2000,2000,0.016281,0.019,0.521043,0.546999,0.087248,0.142549,0.084126,0.143153,True,True,True,True,True,True,0.846334,3.512336,1.757145,2.666002,True,True
74,265,1649,531,False,,True,0.310878,0.176944,3.900948,0.185567,0.511443,2000,2000,0.014629,0.017271,0.528713,0.557434,0.083297,0.109573,0.160139,0.213052,True,True,True,True,True,True,2.922239,6.917912,4.461776,3.995673,True,False
74,266,1234,412,False,,True,0.356333,0.200334,4.7871,0.183955,0.49863,2000,2000,0.015168,0.018643,0.517272,0.552769,0.08571,0.121134,0.154811,0.215866,True,True,True,True,True,True,2.482543,7.103008,4.149068,4.620466,True,True
74,267,217,37,False,,True,0.163018,0.100862,1.684214,0.138249,0.483645,2000,2000,0.015615,0.018705,0.50235,0.537136,0.091082,0.134242,0.081389,0.213458,True,True,True,True,True,True,0.887027,6.83403,2.502335,5.947002,True,True
74,268,412,110,False,,True,0.265267,0.153475,3.121992,0.152913,0.501161,2000,2000,0.01466,0.018442,0.519604,0.553904,0.082317,0.119244,0.107967,0.207063,True,True,True,True,True,True,1.482812,6.862907,3.195289,5.380095,True,True
74,269,514,87,False,,True,0.167548,0.103192,1.740428,0.11284,0.498179,2000,2000,0.014572,0.018071,0.51625,0.552525,0.079569,0.12193,0.07788,0.156045,True,True,True,True,True,True,0.907426,4.54326,2.114819,3.635834,True,True
74,270,1267,318,False,,True,0.226119,0.13333,2.526614,0.146803,0.504844,2000,2000,0.016433,0.019368,0.524212,0.565065,0.082202,0.139707,0.120755,0.175869,True,True,True,True,True,True,1.405163,5.11028,2.713352,3.705117,True,True
74,271,1413,309,False,,True,0.201543,0.120685,2.182693,0.136589,0.490566,2000,2000,0.014459,0.018306,0.508872,0.543579,0.077674,0.111657,0.112664,0.163297,True,True,True,True,True,True,1.742139,5.114242,2.962389,3.372103,True,True
74,272,1460,252,False,,True,0.167683,0.103262,1.742117,0.116438,0.490923,2000,2000,0.015633,0.019438,0.510361,0.549136,0.086998,0.132378,0.094576,0.141146,True,True,True,True,True,True,1.083395,3.567597,2.005397,2.484202,True,True
74,273,93,33,False,,True,0.361663,0.203076,4.899268,0.247312,0.503845,2000,2000,0.015839,0.018975,0.52282,0.56082,0.080477,0.11683,0.137033,0.387311,True,True,True,True,True,True,2.105902,31.321961,7.187056,29.216059,True,True
74,274,1065,213,False,,True,0.206794,0.123387,2.254385,0.110798,0.488533,2000,2000,0.015845,0.019576,0.50811,0.544251,0.091293,0.134094,0.08603,0.139538,True,True,True,True,True,True,0.936492,3.340485,1.750507,2.403993,True,True
74,275,209,35,False,,True,0.180839,0.110031,1.908971,0.100478,0.489174,2000,2000,0.016083,0.019431,0.508606,0.553263,0.086579,0.148579,0.05194,0.170187,True,True,True,True,True,True,0.371597,4.804182,1.494937,4.432585,True,True
74,276,1188,327,False,,True,0.289042,0.165708,3.515552,0.146465,0.492981,2000,2000,0.015109,0.018185,0.511166,0.545928,0.084943,0.121464,0.119633,0.17652,True,True,True,True,True,True,1.721254,5.196013,2.944209,3.47476,True,True
74,277,39,10,True,bbse-misspecified,True,0.23293,0.136835,2.625834,0.076923,0.490379,2000,2000,0.015062,0.018114,0.508492,0.546572,0.083831,0.12295,0.007478,0.266332,True,True,True,True,True,True,,,,,,
74,278,795,299,False,,True,0.388771,0.217025,5.500049,0.226415,0.490043,2000,2000,0.015967,0.018619,0.508662,0.546911,0.084025,0.123064,0.187152,0.269404,True,True,True,True,True,True,3.33818,11.547293,6.01105,8.209113,True,False
74,279,1608,178,False,,True,0.126866,0.082259,1.256437,0.073383,0.483476,2000,2000,0.015771,0.018699,0.502175,0.537454,0.078412,0.116412,0.056726,0.092924,True,True,True,True,True,True,0.60041,2.215733,1.197838,1.615323,True,False
74,280,1410,453,False,,True,0.314814,0.178969,3.973033,0.191489,0.492384,2000,2000,0.016157,0.019388,0.511772,0.546736,0.08334,0.122177,0.163695,0.221647,True,True,True,True,True,True,2.706802,7.790382,4.680717,5.08358,True,False
74,281,99,32,False,,True,0.261177,0.15137,3.056839,0.141414,0.487262,2000,2000,0.015304,0.018584,0.505846,0.550493,0.076883,0.127453,0.061843,0.261014,True,True,True,True,True,True,0.606053,12.049859,2.767509,11.443806,True,True
74,282,645,139,False,,True,0.206302,0.123134,2.247639,0.134884,0.509683,2000,2000,0.015339,0.018175,0.527858,0.558259,0.089537,0.125653,0.100473,0.175463,True,True,True,True,True,True,1.250933,4.620454,2.458133,3.369521,True,True
74,283,1454,379,False,,True,0.275314,0.158644,3.285151,0.150619,0.502047,2000,2000,0.015575,0.01856,0.520607,0.550733,0.080461,0.128233,0.125946,0.17789,True,True,True,True,True,True,1.718611,5.412624,3.052861,3.694013,True,True
74,284,1258,539,False,,True,0.42538,0.235862,6.401366,0.254372,0.491492,2000,2000,0.015289,0.018416,0.509908,0.543917,0.084008,0.118031,0.221502,0.289348,True,True,True,True,True,True,4.70676,13.548409,7.653694,8.841649,True,False
74,285,155,33,False,,True,0.19655,0.118116,2.115397,0.122581,0.492702,2000,2000,0.015083,0.018136,0.510837,0.54531,0.099559,0.16107,0.061237,0.210858,True,True,True,True,True,True,0.463764,5.902607,1.847157,5.438843,True,True
74,286,4705,950,False,,True,0.186618,0.113005,1.983973,0.122635,0.491646,2000,2000,0.014796,0.01885,0.510496,0.549167,0.074019,0.120956,0.109886,0.136247,True,True,True,True,True,True,1.50611,4.059733,2.421009,2.553623,True,True
74,287,95,18,False,,True,0.192477,0.11602,2.061114,0.147368,0.496091,2000,2000,0.014856,0.01769,0.513781,0.549743,0.078996,0.113607,0.064553,0.27117,True,True,True,True,True,True,0.753598,12.31735,3.258876,11.563751,True,True
74,288,304,48,False,,True,0.15521,0.096844,1.588726,0.098684,0.490628,2000,2000,0.015849,0.019082,0.50971,0.54795,0.083575,0.136687,0.057611,0.15432,True,True,True,True,True,True,0.49629,4.272446,1.571803,3.776155,True,True
74,289,2407,622,False,,True,0.251886,0.146589,2.91147,0.144163,0.501592,2000,2000,0.015005,0.01835,0.519942,0.548838,0.086761,0.132573,0.125184,0.164735,True,True,True,True,True,True,1.649971,4.436966,2.695097,2.786995,True,True
74,290,241,67,False,,True,0.248079,0.144631,2.85296,0.153527,0.491021,2000,2000,0.014924,0.019115,0.510135,0.549412,0.087592,0.128102,0.096193,0.226643,True,True,True,True,True,True,1.157541,7.779364,3.057683,6.621823,True,True
74,291,327,75,False,,True,0.243196,0.142118,2.778749,0.134557,0.494248,2000,2000,0.015509,0.018323,0.512571,0.552034,0.070506,0.099366,0.087724,0.193647,True,True,False,True,False,False,1.354784,7.363574,3.185213,6.00879,True,True
74,292,213,51,False,,True,0.276863,0.159441,3.31071,0.15493,0.48481,2000,2000,0.01681,0.019718,0.504528,0.55408,0.08142,0.111351,0.094116,0.233545,True,True,True,True,True,True,1.290838,9.023451,3.497575,7.732613,True,True
74,293,1144,163,False,,True,0.139128,0.088568,1.397502,0.081294,0.490686,2000,2000,0.015918,0.019052,0.509738,0.549449,0.089597,0.118018,0.060753,0.105823,True,True,True,True,True,True,0.637694,2.261689,1.251681,1.623995,True,False
74,294,125,26,False,,True,0.218465,0.129392,2.417194,0.104,0.494352,2000,2000,0.016046,0.018997,0.513349,0.554043,0.081805,0.11752,0.043326,0.19989,True,True,True,True,True,True,0.357713,6.583025,1.809143,6.225312,True,True
74,295,1114,367,False,,True,0.318727,0.180983,4.045533,0.184022,0.50745,2000,2000,0.015459,0.018478,0.525928,0.561384,0.074996,0.118294,0.153403,0.217708,True,True,True,True,True,True,2.465004,8.093405,4.413909,5.628401,True,True
74,296,78,11,False,,True,0.122779,0.080156,1.210303,0.076923,0.482373,2000,2000,0.015339,0.019146,0.501519,0.553886,0.085191,0.131676,0.018287,0.196358,True,True,True,True,True,True,0.00066,6.369911,1.135523,6.369251,True,True
74,297,1404,324,False,,True,0.236986,0.138922,2.685755,0.14245,0.490837,2000,2000,0.015059,0.017925,0.508762,0.545502,0.093902,0.125684,0.117986,0.16967,True,True,True,True,True,True,1.628173,4.399663,2.628139,2.771491,True,True
74,298,21,9,True,bbse-misspecified,True,0.306412,0.174646,3.82015,0.142857,0.502186,2000,2000,0.015927,0.018847,0.521033,0.553206,0.094362,0.139291,0.014169,0.450068,True,True,True,True,True,True,,,,,,
74,299,70,10,True,bbse-misspecified,True,0.138201,0.088092,1.386699,0.057143,0.506195,2000,2000,0.015436,0.018396,0.52459,0.557365,0.070879,0.127258,0.008547,0.177144,True,True,True,True,True,True,,,,,,
74,300,1286,190,False,,True,0.16607,0.102432,1.722022,0.099533,0.514196,2000,2000,0.014361,0.017837,0.532032,0.567199,0.082162,0.114393,0.078014,0.124435,True,False,True,True,False,False,0.952366,3.01682,1.728529,2.064454,True,True
74,301,252,40,False,,True,0.186864,0.113132,1.987195,0.103175,0.487769,2000,2000,0.015558,0.019081,0.506849,0.544992,0.082857,0.12812,0.057602,0.166142,True,True,True,True,True,True,0.537853,4.892213,1.738827,4.35436,True,True
74,302,256,54,False,,True,0.206927,0.123455,2.256216,0.1875,0.491955,2000,2000,0.015179,0.018732,0.510687,0.54517,0.089305,0.12264,0.125936,0.262421,True,True,True,False,True,False,1.829356,10.155472,4.208417,8.326116,True,True
74,303,1487,583,False,,True,0.419025,0.232592,6.236766,0.217216,0.498623,2000,2000,0.015297,0.018424,0.517047,0.548761,0.09679,0.158585,0.188699,0.247784,True,True,True,True,True,True,2.50912,8.057133,4.52016,5.548013,True,True
74,304,45,6,True,bbse-misspecified,True,0.182477,0.110874,1.930128,0.088889,0.501468,2000,2000,0.015573,0.018874,0.520342,0.552638,0.081931,0.11257,0.013429,0.265565,True,True,True,True,True,True,,,,,,
74,305,748,212,False,,True,0.277071,0.159549,3.314161,0.180481,0.48726,2000,2000,0.016,0.018592,0.505852,0.553589,0.087927,0.119024,0.143756,0.221842,True,True,True,True,True,True,2.260492,7.518054,4.066903,5.257562,True,True
74,306,284,52,False,,True,0.193675,0.116636,2.077021,0.119718,0.492126,2000,2000,0.015021,0.018768,0.510894,0.546753,0.090139,0.124085,0.07281,0.181362,True,True,True,True,True,True,0.804906,5.095196,2.117843,4.29029,True,True
74,307,789,173,False,,True,0.212107,0.126121,2.327904,0.129278,0.494009,2000,2000,0.014529,0.017415,0.511424,0.559116,0.073081,0.112556,0.098579,0.165089,True,True,True,True,True,True,1.389536,5.513776,2.742003,4.12424,True,True
74,308,126,21,False,,True,0.180399,0.109805,1.903305,0.087302,0.503309,2000,2000,0.015031,0.018536,0.521845,0.559701,0.082293,0.126701,0.032947,0.178211,True,True,True,True,True,True,0.188559,5.295564,1.352055,5.107005,True,True
74,309,116,35,False,,True,0.222813,0.13163,2.479089,0.206897,0.496839,2000,2000,0.015427,0.018555,0.515394,0.543959,0.088565,0.129493,0.11517,0.326345,True,True,True,True,True,True,1.514713,16.925296,4.895882,15.410583,True,True
74,310,398,90,False,,True,0.268578,0.155178,3.175254,0.115578,0.493457,2000,2000,0.015008,0.017859,0.511316,0.542624,0.072829,0.141203,0.075881,0.165871,True,True,True,True,True,True,0.756071,5.559824,2.050331,4.803753,True,True
74,311,886,125,False,,True,0.120896,0.079187,1.189189,0.082393,0.499973,2000,2000,0.016415,0.019481,0.519454,0.557415,0.089389,0.152279,0.059139,0.110796,True,True,True,True,True,True,0.443067,2.352749,1.099357,1.909682,True,False
74,312,2839,448,False,,True,0.154598,0.096529,1.581308,0.102853,0.502167,2000,2000,0.015196,0.018328,0.520495,0.55426,0.077687,0.105379,0.087845,0.119371,True,True,True,True,True,True,1.265324,3.083278,1.996619,1.817954,True,True
74,313,139,43,False,,True,0.332508,0.188074,4.30758,0.136691,0.489467,2000,2000,0.014625,0.018029,0.507496,0.552358,0.077462,0.110109,0.068528,0.233724,True,True,True,True,True,True,0.843541,9.531161,3.027403,8.68762,True,True
74,314,682,143,False,,True,0.208359,0.124192,2.275944,0.131965,0.500022,2000,2000,0.014698,0.018397,0.518419,0.553918,0.087024,0.126428,0.098784,0.171023,True,True,True,True,True,True,1.220401,4.720894,2.385918,3.500493,True,True
74,315,699,215,False,,True,0.344541,0.194266,4.545411,0.183119,0.494924,2000,2000,0.015786,0.019271,0.514195,0.555329,0.087504,0.117565,0.14495,0.226209,True,True,True,True,True,True,2.298691,7.619502,4.194855,5.320811,True,True
74,316,1200,249,False,,True,0.199588,0.119679,2.156245,0.119167,0.493968,2000,2000,0.016054,0.019102,0.513071,0.541773,0.09283,0.137628,0.094914,0.146862,True,True,True,True,True,True,1.063051,3.490694,1.917352,2.427643,True,True
74,317,912,199,False,,True,0.207169,0.12358,2.259541,0.144737,0.501325,2000,2000,0.015289,0.018448,0.519774,0.553992,0.093877,0.12336,0.114486,0.179216,True,True,True,True,True,True,1.552824,4.646105,2.726894,3.093281,True,True
74,318,24,6,False,,True,0.204251,0.122078,2.219552,0.25,0.496771,2000,2000,0.014898,0.018255,0.515027,0.552731,0.096737,0.138459,0.06297,0.546552,True,True,True,True,True,True,0.568096,93363.877209,6.189998,93363.309113,True,True
74,319,332,72,False,,True,0.191129,0.115326,2.043258,0.129518,0.511471,2000,2000,0.014769,0.017616,0.529087,0.56059,0.080598,0.141881,0.083897,0.187385,True,True,True,True,True,True,0.840953,5.762532,2.247579,4.921579,True,True
74,320,395,53,False,,True,0.138646,0.08832,1.391877,0.096203,0.48434,2000,2000,0.015214,0.018401,0.502741,0.545473,0.080269,0.114532,0.060024,0.143628,True,True,True,True,True,True,0.662881,4.097267,1.698889,3.434387,True,True
74,321,891,388,False,,True,0.437678,0.242191,6.730503,0.24018,0.490402,2000,2000,0.01552,0.018395,0.508796,0.546194,0.081484,0.136792,0.202142,0.281371,True,True,True,True,True,True,3.370149,13.176847,6.563313,9.806698,True,False
74,322,220,82,False,,True,0.347974,0.196032,4.614866,0.213636,0.482916,2000,2000,0.014425,0.01773,0.500646,0.542265,0.073809,0.116516,0.143522,0.297985,True,True,True,True,True,True,2.39207,17.557746,6.170152,15.165675,True,True
74,323,162,27,False,,True,0.206388,0.123178,2.248813,0.098765,0.490778,2000,2000,0.014178,0.018366,0.509144,0.549926,0.086413,0.123923,0.045525,0.179514,True,True,True,True,True,True,0.380662,5.302923,1.641467,4.922261,True,True
74,324,464,96,False,,True,0.211977,0.126054,2.326095,0.118534,0.499357,2000,2000,0.014495,0.017355,0.516713,0.547141,0.103404,0.153324,0.080996,0.165075,True,True,True,True,True,True,0.753907,3.713029,1.720462,2.959122,True,True
74,325,334,123,False,,True,0.398866,0.222219,5.737624,0.215569,0.499939,2000,2000,0.015816,0.01927,0.519209,0.547208,0.082637,0.144811,0.157508,0.282913,True,True,True,True,True,True,2.094887,12.548212,4.919659,10.453324,True,True
74,326,136,19,False,,True,0.220551,0.130465,2.446796,0.117647,0.494004,2000,2000,0.015132,0.018158,0.512162,0.548756,0.0882,0.139192,0.054496,0.211951,True,True,True,True,True,True,0.45467,6.77751,1.93054,6.32284,True,True
74,327,347,37,False,,True,0.116903,0.077133,1.144708,0.086455,0.491765,2000,2000,0.015403,0.019245,0.51101,0.543409,0.091064,0.136375,0.050344,0.135724,True,True,True,True,True,True,0.39942,3.200107,1.256621,2.800687,True,True
74,328,1595,485,False,,True,0.301016,0.171869,3.723906,0.177429,0.490645,2000,2000,0.015343,0.018686,0.509331,0.55271,0.080072,0.120891,0.152075,0.204967,True,True,True,True,True,True,2.421143,7.157757,4.11155,4.736614,True,True
74,329,221,55,False,,True,0.241056,0.141017,2.746537,0.18552,0.498166,2000,2000,0.016167,0.019329,0.517495,0.547251,0.083143,0.117544,0.120068,0.266563,True,True,True,True,True,True,1.770424,11.003867,4.362922,9.233444,True,True
74,330,72,12,False,,True,0.163601,0.101161,1.691412,0.125,0.491561,2000,2000,0.015867,0.019081,0.510642,0.552601,0.086197,0.115635,0.041926,0.265742,True,True,True,True,True,True,0.342129,10.816712,2.347289,10.474583,True,True
74,331,221,20,False,,True,0.102438,0.069689,0.986897,0.049774,0.487079,2000,2000,0.015161,0.018242,0.505321,0.543554,0.079578,0.117112,0.018586,0.103862,True,True,True,True,True,True,0.004946,2.555516,0.644801,2.55057,True,False
74,332,126,31,False,,True,0.253138,0.147233,2.930849,0.111111,0.490324,2000,2000,0.016306,0.019596,0.50992,0.543267,0.081507,0.114304,0.048188,0.208292,True,True,True,True,True,True,0.447506,7.172591,2.075484,6.725085,True,True
74,333,187,37,False,,True,0.238765,0.139838,2.71225,0.101604,0.504898,2000,2000,0.016274,0.018426,0.523325,0.55638,0.084516,0.125686,0.050495,0.176329,True,True,True,True,True,True,0.440975,4.996429,1.67529,4.555454,True,True
74,334,54,21,False,,True,0.361435,0.202959,4.894422,0.222222,0.494887,2000,2000,0.014055,0.017497,0.512384,0.549949,0.083616,0.124683,0.091754,0.408762,True,True,True,True,True,True,1.137743,41.745802,5.992353,40.608059,True,True
74,335,2907,508,False,,True,0.173425,0.106217,1.814294,0.098383,0.505367,2000,2000,0.014857,0.018101,0.523468,0.552077,0.082887,0.129108,0.083854,0.114404,True,True,True,True,True,True,0.947274,2.6926,1.630256,1.745326,True,True
74,336,1030,324,False,,True,0.326821,0.185148,4.198136,0.166019,0.488192,2000,2000,0.015979,0.018795,0.506988,0.549409,0.079678,0.127991,0.135629,0.199922,True,True,True,True,True,True,1.923706,6.919187,3.571857,4.99548,True,True
74,337,177,73,False,,True,0.441789,0.244306,6.843731,0.242938,0.502285,2000,2000,0.014328,0.01787,0.520155,0.557047,0.080927,0.128216,0.160851,0.3409,True,True,True,True,True,True,2.453782,20.690167,6.818591,18.236386,True,True
74,338,576,267,False,,True,0.450681,0.248881,7.094497,0.243056,0.491716,2000,2000,0.014017,0.017653,0.509369,0.543948,0.087117,0.123488,0.195893,0.295056,True,True,True,True,True,True,3.634889,13.74142,6.878837,10.106531,True,False
74,339,214,62,False,,True,0.251385,0.146331,2.90374,0.168224,0.501391,2000,2000,0.015182,0.018863,0.520254,0.551364,0.084597,0.113495,0.104952,0.24851,True,True,True,True,True,True,1.506303,9.291103,3.71088,7.7848,True,True
74,340,869,293,False,,True,0.336519,0.190138,4.385892,0.177215,0.493045,2000,2000,0.014737,0.018182,0.511227,0.552349,0.075512,0.107727,0.143293,0.215164,True,True,True,True,True,True,2.533274,8.288199,4.55454,5.754925,True,True
74,341,427,67,False,,True,0.175001,0.107028,1.83428,0.086651,0.496248,2000,2000,0.015118,0.017773,0.51402,0.549138,0.086451,0.125833,0.053585,0.130376,True,True,True,True,True,True,0.50204,3.174698,1.336188,2.672658,True,True
74,342,546,112,False,,True,0.211398,0.125756,2.318034,0.104396,0.494073,2000,2000,0.014857,0.019046,0.513119,0.548425,0.085571,0.116996,0.071697,0.145027,True,True,True,True,True,True,0.833547,3.779006,1.857586,2.945459,True,True
74,343,392,134,False,,True,0.317688,0.180448,4.026192,0.191327,0.487034,2000,2000,0.015507,0.018856,0.50589,0.53847,0.091693,0.139713,0.14024,0.250998,True,True,True,True,True,True,1.876873,9.151918,4.228252,7.275045,True,True
74,344,2157,527,False,,True,0.248504,0.144849,2.859453,0.145109,0.510515,2000,2000,0.014756,0.017957,0.528472,0.564931,0.068965,0.138426,0.125039,0.166954,True,True,True,True,True,True,1.515115,5.683493,3.068033,4.168378,True,True
74,345,1503,260,False,,True,0.171392,0.10517,1.788621,0.105788,0.494009,2000,2000,0.014875,0.018333,0.512342,0.550689,0.077108,0.113128,0.085191,0.129229,True,True,True,True,True,True,1.125969,3.572489,2.022004,2.44652,True,True
74,346,97,34,False,,True,0.335407,0.189566,4.364082,0.164948,0.499946,2000,2000,0.015855,0.018069,0.518015,0.547533,0.08266,0.114333,0.077377,0.290574,True,True,True,True,True,True,0.977174,13.404597,3.768394,12.427423,True,True
74,347,1231,332,False,,True,0.255974,0.148693,2.974984,0.167344,0.499256,2000,2000,0.015544,0.018997,0.518254,0.548264,0.085319,0.118394,0.13934,0.198271,True,True,True,True,True,True,2.191382,6.122105,3.65785,3.930723,True,True
74,348,672,123,False,,True,0.199813,0.119795,2.159287,0.125,0.502245,2000,2000,0.014416,0.017499,0.519744,0.555889,0.081865,0.110159,0.092459,0.163624,True,True,True,True,True,True,1.306577,4.698989,2.481923,3.392413,True,True
74,349,851,192,False,,True,0.232571,0.136651,2.620566,0.118684,0.494557,2000,2000,0.015472,0.019257,0.513815,0.554984,0.089789,0.125884,0.090247,0.151997,True,True,True,True,True,True,1.060688,3.825095,2.042073,2.764407,True,True
74,350,1941,293,False,,True,0.158223,0.098394,1.625364,0.091705,0.492815,2000,2000,0.014829,0.018768,0.511583,0.550524,0.090803,0.146318,0.074675,0.111014,True,True,True,True,True,True,0.685488,2.404296,1.291848,1.718808,True,False
74,351,1638,404,False,,True,0.248555,0.144875,2.860241,0.150183,0.49171,2000,2000,0.015186,0.018635,0.510345,0.543282,0.082769,0.115339,0.126912,0.175761,True,True,True,True,True,True,1.99462,5.318489,3.265824,3.32387,True,True
74,352,80,15,False,,True,0.179337,0.109258,1.889648,0.075,0.476329,2000,2000,0.014261,0.01805,0.494378,0.537398,0.078746,0.132068,0.017819,0.191773,True,True,True,True,True,True,0.000657,6.862765,1.166419,6.862107,True,True
74,353,296,36,False,,True,0.146215,0.092215,1.480887,0.067568,0.494802,2000,2000,0.014872,0.017876,0.512678,0.556364,0.080348,0.110763,0.034002,0.117372,True,True,True,True,True,True,0.247836,2.967816,1.050454,2.71998,True,True
74,354,395,90,False,,True,0.227998,0.134297,2.553814,0.141772,0.503903,2000,2000,0.01492,0.017504,0.521407,0.550737,0.088294,0.123145,0.097616,0.19585,True,True,True,True,True,True,1.258898,5.738651,2.773536,4.479753,True,True
74,355,43,16,False,,True,0.320786,0.182042,4.083992,0.162791,0.495708,2000,2000,0.014461,0.018057,0.513765,0.547952,0.075252,0.132988,0.045645,0.365511,True,True,True,True,True,True,0.358066,29.09805,3.743569,28.739984,True,True
74,356,453,140,False,,True,0.293381,0.167941,3.590247,0.192053,0.488588,2000,2000,0.014843,0.01756,0.506148,0.537552,0.084373,0.15239,0.144221,0.247287,True,True,True,True,True,True,1.791108,9.74473,4.165022,7.953622,True,True
74,357,550,94,False,,True,0.186291,0.112837,1.979701,0.101818,0.493487,2000,2000,0.016654,0.019538,0.513026,0.541218,0.077561,0.12041,0.069642,0.141923,True,True,True,True,True,True,0.776131,4.014624,1.848696,3.238493,True,True
74,358,129,20,False,,True,0.185374,0.112365,1.967739,0.062016,0.503602,2000,2000,0.015726,0.018565,0.522167,0.553778,0.096406,0.139183,0.018738,0.1435,True,True,True,True,True,True,0.002005,3.162669,0.716806,3.160664,True,True
74,359,35,8,True,bbse-misspecified,True,0.235988,0.138409,2.670954,0.057143,0.49648,2000,2000,0.015892,0.019713,0.516192,0.558141,0.069316,0.109995,0.002352,0.251786,True,True,True,True,True,True,,,,,,
74,360,665,126,False,,True,0.216784,0.128527,2.393441,0.136842,0.494849,2000,2000,0.014505,0.017452,0.5123,0.54837,0.090201,0.126011,0.10268,0.176952,True,True,True,True,True,True,1.326321,4.885987,2.505813,3.559666,True,True
74,361,103,27,False,,True,0.230845,0.135763,2.595279,0.135922,0.499403,2000,2000,0.015535,0.01869,0.518093,0.561856,0.074176,0.115955,0.059351,0.251588,True,True,True,True,True,True,0.616907,11.055297,2.830475,10.43839,True,True
74,362,230,38,False,,True,0.17918,0.109178,1.887644,0.121739,0.493719,2000,2000,0.015253,0.018866,0.512585,0.548277,0.088737,0.129936,0.069907,0.191702,True,True,True,True,True,True,0.714457,5.646908,2.052701,4.932451,True,True
74,363,3253,834,False,,True,0.25096,0.146113,2.897181,0.153089,0.49147,2000,2000,0.01526,0.018847,0.510317,0.554489,0.092589,0.125036,0.136253,0.171073,True,True,True,True,True,True,1.96438,4.501294,2.951743,2.536914,True,True
74,364,361,66,False,,True,0.176412,0.107754,1.852236,0.110803,0.507046,2000,2000,0.015934,0.019287,0.526333,0.55977,0.089299,0.126057,0.070252,0.163202,True,True,True,True,True,True,0.721802,4.135955,1.835832,3.414152,True,True
74,365,2831,825,False,,True,0.300874,0.171796,3.721391,0.175556,0.497115,2000,2000,0.014373,0.018197,0.515312,0.545076,0.07942,0.132588,0.156455,0.195891,True,True,True,True,True,True,2.327463,6.587002,3.899769,4.259538,True,True
74,366,217,44,False,,True,0.171367,0.105157,1.788306,0.110599,0.494393,2000,2000,0.015291,0.01803,0.512423,0.549559,0.088437,0.123382,0.060181,0.180846,True,True,True,True,True,True,0.611968,5.14649,1.865124,4.534522,True,True
74,367,392,88,False,,True,0.211281,0.125696,2.316413,0.137755,0.497746,2000,2000,0.015807,0.019119,0.516865,0.557937,0.084766,0.121811,0.094073,0.191552,True,True,True,True,True,True,1.164944,5.833011,2.579371,4.668067,True,True
74,368,122,37,False,,True,0.224905,0.132706,2.509114,0.188525,0.499932,2000,2000,0.015873,0.019904,0.519835,0.557906,0.088714,0.13077,0.102937,0.302163,True,True,True,True,True,True,1.213099,13.510357,4.072041,12.297258,True,True
74,369,2435,516,False,,True,0.220739,0.130563,2.449482,0.128131,0.496096,2000,2000,0.015589,0.018242,0.514338,0.552074,0.079983,0.144307,0.110236,0.147675,True,True,True,True,True,True,1.234598,4.143678,2.264995,2.90908,True,True
74,370,324,103,False,,True,0.329686,0.186622,4.253042,0.194444,0.489184,2000,2000,0.016069,0.019394,0.508578,0.541787,0.094704,0.154777,0.138228,0.260956,True,True,True,True,True,True,1.608044,9.453647,3.789454,7.845604,True,True
74,371,580,141,False,,True,0.274176,0.158059,3.266441,0.155172,0.507336,2000,2000,0.015775,0.018756,0.526092,0.558787,0.087725,0.117107,0.116529,0.20029,True,True,True,True,True,True,1.66674,5.889545,3.136989,4.222805,True,True
74,372,72,21,False,,True,0.290519,0.166469,3.540883,0.152778,0.492158,2000,2000,0.015671,0.019586,0.511744,0.551176,0.085963,0.123361,0.058768,0.299945,True,True,True,True,True,True,0.56547,14.271435,3.183114,13.705965,True,True
74,373,296,97,False,,True,0.285186,0.163724,3.449946,0.202703,0.507324,2000,2000,0.01519,0.018876,0.5262,0.560703,0.08017,0.117547,0.142966,0.273407,True,True,True,True,True,True,2.230049,11.719689,4.980795,9.48964,True,True
74,374,420,83,False,,True,0.22284,0.131643,2.479473,0.1,0.490316,2000,2000,0.015293,0.018768,0.509084,0.545656,0.086433,0.122261,0.064054,0.146411,True,True,True,True,True,True,0.675069,3.82127,1.658568,3.146201,True,True
74,375,765,267,False,,True,0.35707,0.200713,4.8025,0.19085,0.50707,2000,2000,0.016009,0.01906,0.52613,0.560465,0.078401,0.109736,0.153617,0.232465,True,True,True,True,True,True,2.683129,8.664473,4.880764,5.981344,True,False
74,376,155,38,False,,True,0.243177,0.142108,2.778465,0.16129,0.506064,2000,2000,0.0152,0.018647,0.52471,0.55628,0.091357,0.132724,0.090052,0.256578,True,True,True,True,True,True,1.000783,8.953671,3.018337,7.952888,True,True
74,377,610,152,False,,True,0.266012,0.153858,3.133938,0.142623,0.501024,2000,2000,0.01617,0.019658,0.520682,0.554377,0.085149,0.117188,0.106352,0.185277,True,True,True,True,True,True,1.457711,5.417046,2.852049,3.959335,True,True
74,378,304,100,False,,True,0.316052,0.179607,3.995882,0.200658,0.503975,2000,2000,0.01503,0.017735,0.52171,0.548983,0.098794,0.150752,0.141924,0.270143,True,True,True,True,True,True,1.718681,9.250627,3.929193,7.531945,True,True
74,379,902,235,False,,True,0.251636,0.146461,2.907617,0.148559,0.487872,2000,2000,0.013988,0.018329,0.506201,0.550383,0.079598,0.121287,0.117781,0.183565,True,True,True,True,True,True,1.665539,6.077621,3.110938,4.412082,True,True
74,380,58,16,False,,True,0.207609,0.123806,2.265605,0.137931,0.490539,2000,2000,0.015734,0.01888,0.50942,0.550474,0.075804,0.121911,0.042662,0.30201,True,True,True,True,True,True,0.337306,16.827915,2.86487,16.490608,True,True
74,381,320,72,False,,True,0.183829,0.11157,1.94764,0.11875,0.491812,2000,2000,0.014849,0.018587,0.510399,0.550996,0.08765,0.125778,0.074415,0.176181,True,True,True,True,True,True,0.81419,5.024625,2.064593,4.210435,True,True
74,382,94,39,False,,True,0.39714,0.221331,5.696444,0.276596,0.489715,2000,2000,0.016493,0.019612,0.509327,0.548387,0.089867,0.13069,0.160839,0.418308,True,True,True,True,True,True,2.423969,44.709711,8.338324,42.285741,True,True
74,383,385,141,False,,True,0.316056,0.179608,3.995948,0.205195,0.506436,2000,2000,0.01582,0.019321,0.525757,0.558974,0.087574,0.125215,0.152034,0.266698,True,True,True,True,True,True,2.278404,10.089917,4.799656,7.811513,True,True
74,384,888,264,False,,True,0.292956,0.167722,3.582885,0.167793,0.502168,2000,2000,0.014855,0.018061,0.52023,0.563235,0.088973,0.122455,0.135022,0.20462,True,True,True,True,True,True,1.957365,6.156602,3.493231,4.199237,True,True
74,385,186,76,False,,True,0.398387,0.221973,5.726188,0.274194,0.494443,2000,2000,0.016913,0.020492,0.514935,0.551039,0.0891,0.122774,0.189645,0.371991,True,True,True,True,True,True,3.344312,25.395193,8.385799,22.050881,True,False
74,386,178,26,False,,True,0.175595,0.107333,1.841831,0.106742,0.492707,2000,2000,0.015358,0.018272,0.510979,0.545518,0.100665,0.138812,0.053116,0.184845,True,True,True,True,True,True,0.43901,4.642841,1.585469,4.20383,True,True
74,387,529,95,False,,True,0.163928,0.10133,1.695453,0.10397,0.498511,2000,2000,0.015537,0.018748,0.517259,0.55659,0.072374,0.105072,0.070871,0.145268,True,True,True,True,True,True,0.913999,4.469902,2.065906,3.555903,True,True
74,388,55,15,False,,True,0.205476,0.122709,2.236305,0.145455,0.499292,2000,2000,0.014877,0.01773,0.517022,0.55419,0.092007,0.130158,0.045096,0.316724,True,True,True,True,True,True,0.35923,14.872096,2.726866,14.512866,True,True
74,389,758,133,False,,True,0.148989,0.093643,1.513895,0.114776,0.50609,2000,2000,0.015147,0.019153,0.525243,0.552786,0.087955,0.128417,0.085257,0.149833,True,True,True,True,True,True,0.959644,3.720253,1.914824,2.76061,True,True
74,390,80,35,False,,True,0.311146,0.177082,3.905834,0.3125,0.490589,2000,2000,0.01506,0.018517,0.509106,0.557453,0.079162,0.114584,0.181094,0.46944,True,True,True,False,True,False,3.337932,133.250624,12.474103,129.912692,True,False
74,391,391,48,False,,True,0.12376,0.080661,1.221335,0.089514,0.492091,2000,2000,0.015364,0.018437,0.510528,0.546587,0.079655,0.133353,0.054552,0.136041,True,True,True,True,True,True,0.477022,3.723311,1.43529,3.246289,True,True
74,392,290,66,False,,True,0.219893,0.130127,2.437442,0.137931,0.482206,2000,2000,0.015429,0.018618,0.500823,0.544091,0.086346,0.144611,0.087905,0.201662,True,True,True,True,True,True,0.898412,6.587076,2.339706,5.688664,True,True
74,393,1009,223,False,,True,0.213461,0.126818,2.3468,0.130823,0.497564,2000,2000,0.015933,0.018817,0.516381,0.561474,0.080185,0.11176,0.103313,0.162304,True,True,True,True,True,True,1.465756,4.742004,2.6637,3.276248,True,True
74,394,613,206,False,,True,0.321021,0.182164,4.088414,0.164763,0.507311,2000,2000,0.016139,0.018968,0.526279,0.55938,0.080236,0.127905,0.126044,0.209432,True,True,True,True,True,True,1.68479,6.993157,3.478833,5.308367,True,True
74,395,467,212,False,,True,0.457228,0.25225,7.284383,0.229122,0.51096,2000,2000,0.014828,0.017382,0.528342,0.559289,0.077901,0.116601,0.178229,0.286319,True,True,True,True,True,True,3.197968,13.277964,6.279112,10.079996,True,False
74,396,479,144,False,,True,0.334507,0.189103,4.346495,0.150313,0.482876,2000,2000,0.014669,0.018398,0.501273,0.532784,0.089457,0.12932,0.108718,0.199875,True,True,True,True,True,True,1.43399,6.254635,2.932363,4.820644,True,True
74,397,44,10,False,,True,0.246783,0.143964,2.833167,0.113636,0.496026,2000,2000,0.015817,0.019123,0.515149,0.559167,0.081889,0.126495,0.022685,0.301258,True,True,True,True,True,True,0.045847,14.962104,1.963197,14.916257,True,True
74,398,600,104,False,,True,0.172928,0.105961,1.807999,0.111667,0.506392,2000,2000,0.014093,0.017185,0.523577,0.555888,0.092868,0.137321,0.079249,0.151157,True,True,True,True,True,True,0.818015,3.594983,1.768565,2.776968,True,True
74,399,4327,590,False,,True,0.132273,0.085041,1.318152,0.091749,0.485678,2000,2000,0.014644,0.017726,0.503404,0.53731,0.091169,0.142999,0.080143,0.104373,True,True,True,True,True,True,0.818222,2.241625,1.375912,1.423403,True,False
